<?xml version="1.0" encoding="utf-8"?>
<COLLADA xmlns="http://www.collada.org/2005/11/COLLADASchema" version="1.4.1" xmlns:xsi="http://www.w3.org/2001/XMLSchema-instance">
  <asset>
    <contributor>
      <author>Blender User</author>
      <authoring_tool>Blender 3.6.20 commit date:2025-01-20, commit time:15:08, hash:46254438b9dd</authoring_tool>
    </contributor>
    <created>2025-09-04T11:55:21</created>
    <modified>2025-09-04T11:55:21</modified>
    <unit name="meter" meter="1"/>
    <up_axis>Z_UP</up_axis>
  </asset>
  <library_effects>
    <effect id="ID33-effect">
      <profile_COMMON>
        <technique sid="common">
          <lambert>
            <emission>
              <color sid="emission">0 0 0 1</color>
            </emission>
            <diffuse>
              <color sid="diffuse">0.913725 0.913725 0.913725 1</color>
            </diffuse>
            <index_of_refraction>
              <float sid="ior">1.45</float>
            </index_of_refraction>
          </lambert>
        </technique>
      </profile_COMMON>
    </effect>
    <effect id="ID87-effect">
      <profile_COMMON>
        <technique sid="common">
          <lambert>
            <emission>
              <color sid="emission">0 0 0 1</color>
            </emission>
            <diffuse>
              <color sid="diffuse">0.1900763 0.2184523 0.2330155 1</color>
            </diffuse>
            <reflectivity>
              <float sid="specular">0.5</float>
            </reflectivity>
          </lambert>
        </technique>
      </profile_COMMON>
    </effect>
    <effect id="ID72-effect">
      <profile_COMMON>
        <technique sid="common">
          <lambert>
            <emission>
              <color sid="emission">0 0 0 1</color>
            </emission>
            <diffuse>
              <color sid="diffuse">0.6373956 0.647059 0.6278169 1</color>
            </diffuse>
            <reflectivity>
              <float sid="specular">0.5</float>
            </reflectivity>
          </lambert>
        </technique>
      </profile_COMMON>
    </effect>
    <effect id="ID72_001-effect">
      <profile_COMMON>
        <technique sid="common">
          <lambert>
            <emission>
              <color sid="emission">0 0 0 1</color>
            </emission>
            <diffuse>
              <color sid="diffuse">0.6373956 0.647059 0.6278169 1</color>
            </diffuse>
            <reflectivity>
              <float sid="specular">0.5</float>
            </reflectivity>
          </lambert>
        </technique>
      </profile_COMMON>
    </effect>
    <effect id="ID64-effect">
      <profile_COMMON>
        <technique sid="common">
          <lambert>
            <emission>
              <color sid="emission">0 0 0 1</color>
            </emission>
            <diffuse>
              <color sid="diffuse">0.1842795 0.2176838 0.233 1</color>
            </diffuse>
            <reflectivity>
              <float sid="specular">0.5</float>
            </reflectivity>
          </lambert>
        </technique>
      </profile_COMMON>
    </effect>
    <effect id="ID56-effect">
      <profile_COMMON>
        <technique sid="common">
          <lambert>
            <emission>
              <color sid="emission">0 0 0 1</color>
            </emission>
            <diffuse>
              <color sid="diffuse">0.1846216 0.2191533 0.233 1</color>
            </diffuse>
            <reflectivity>
              <float sid="specular">0.5</float>
            </reflectivity>
          </lambert>
        </technique>
      </profile_COMMON>
    </effect>
    <effect id="ID48-effect">
      <profile_COMMON>
        <technique sid="common">
          <lambert>
            <emission>
              <color sid="emission">0 0 0 1</color>
            </emission>
            <diffuse>
              <color sid="diffuse">0.2296425 0.2263137 0.2329996 1</color>
            </diffuse>
            <reflectivity>
              <float sid="specular">0.5</float>
            </reflectivity>
          </lambert>
        </technique>
      </profile_COMMON>
    </effect>
    <effect id="ID18-effect">
      <profile_COMMON>
        <technique sid="common">
          <lambert>
            <emission>
              <color sid="emission">0 0 0 1</color>
            </emission>
            <diffuse>
              <color sid="diffuse">0.9254905 0.6415755 0 1</color>
            </diffuse>
            <reflectivity>
              <float sid="specular">0.5</float>
            </reflectivity>
          </lambert>
        </technique>
      </profile_COMMON>
    </effect>
  </library_effects>
  <library_images/>
  <library_materials>
    <material id="ID33-material" name="ID33">
      <instance_effect url="#ID33-effect"/>
    </material>
    <material id="ID87-material" name="ID87">
      <instance_effect url="#ID87-effect"/>
    </material>
    <material id="ID72-material" name="ID72">
      <instance_effect url="#ID72-effect"/>
    </material>
    <material id="ID72_001-material" name="ID72.001">
      <instance_effect url="#ID72_001-effect"/>
    </material>
    <material id="ID64-material" name="ID64">
      <instance_effect url="#ID64-effect"/>
    </material>
    <material id="ID56-material" name="ID56">
      <instance_effect url="#ID56-effect"/>
    </material>
    <material id="ID48-material" name="ID48">
      <instance_effect url="#ID48-effect"/>
    </material>
    <material id="ID18-material" name="ID18">
      <instance_effect url="#ID18-effect"/>
    </material>
  </library_materials>
  <library_geometries>
    <geometry id="ID89-mesh" name="ID89">
      <mesh>
        <source id="ID89-mesh-positions">
          <float_array id="ID89-mesh-positions-array" count="1458">-0.0625 0 -0.001999974 -0.06236356 -0.001645922 -0.001999974 -0.0625 0 0 -0.06236356 -0.001645922 0 -0.06195819 -0.003246963 -0.001999974 -0.06129467 -0.00475943 -0.001999974 -0.06195819 -0.003246963 0 -0.06039136 -0.006142079 -0.001999974 -0.06129467 -0.00475943 0 -0.06039136 -0.006142079 0 -0.05927276 -0.007357239 -0.001999974 -0.05796945 -0.008371651 -0.001999974 -0.05927276 -0.007357239 0 -0.056517 -0.009157717 -0.001999974 -0.05796945 -0.008371651 0 -0.056517 -0.009157717 0 -0.05495488 -0.00969398 -0.001999974 -0.05332577 -0.009965837 -0.001999974 -0.05495488 -0.00969398 0 -0.05332577 -0.009965837 0 -0.05167418 -0.009965837 -0.001999974 -0.05167418 -0.009965837 0 -0.05004507 -0.00969398 0 -0.05004507 -0.00969398 -0.001999974 -0.04848295 -0.009157717 -0.001999974 -0.04848295 -0.009157717 0 -0.04703044 -0.008371651 -0.001999974 -0.04703044 -0.008371651 0 -0.04572719 -0.007357239 0 -0.04572719 -0.007357239 -0.001999974 -0.04460859 -0.006142079 -0.001999974 -0.04460859 -0.006142079 0 -0.04370528 -0.00475943 -0.001999974 -0.04370528 -0.00475943 0 -0.04304176 -0.003246963 0 -0.04304176 -0.003246963 -0.001999974 -0.04263639 -0.001645922 -0.001999974 -0.04263639 -0.001645922 0 -0.04249995 0 -0.001999974 -0.04249995 0 0 -0.06236356 0.001645922 0 -0.06195819 0.003246963 0 -0.06236356 0.001645922 -0.001999974 -0.06129467 0.00475943 0 -0.06195819 0.003246963 -0.001999974 -0.06129467 0.00475943 -0.001999974 -0.06039136 0.006142079 0 -0.05927276 0.007357239 0 -0.06039136 0.006142079 -0.001999974 -0.05796945 0.008371651 0 -0.05927276 0.007357239 -0.001999974 -0.05796945 0.008371651 -0.001999974 -0.056517 0.009157717 0 -0.05495488 0.00969398 0 -0.056517 0.009157717 -0.001999974 -0.05332577 0.009965837 0 -0.05495488 0.00969398 -0.001999974 -0.05332577 0.009965837 -0.001999974 -0.05167418 0.009965837 -0.001999974 -0.05167418 0.009965837 0 -0.05004507 0.00969398 0 -0.05004507 0.00969398 -0.001999974 -0.04848295 0.009157717 0 -0.04848295 0.009157717 -0.001999974 -0.04703044 0.008371651 -0.001999974 -0.04703044 0.008371651 0 -0.04572719 0.007357239 0 -0.04572719 0.007357239 -0.001999974 -0.04460859 0.006142079 0 -0.04460859 0.006142079 -0.001999974 -0.04370528 0.00475943 -0.001999974 -0.04370528 0.00475943 0 -0.04304176 0.003246963 0 -0.04304176 0.003246963 -0.001999974 -0.04263639 0.001645922 0 -0.04263639 0.001645922 -0.001999974 -0.05927276 0.007357239 0 -0.056517 0.009157717 0 -0.05796945 0.008371651 0 -0.056517 -0.009157717 0 -0.04263639 0.001645922 0 -0.05796945 -0.008371651 0 -0.05495488 0.00969398 0 -0.06039136 0.006142079 0 -0.06129467 0.00475943 0 -0.05332577 0.009965837 0 -0.06195819 0.003246963 0 -0.05167418 0.009965837 0 -0.06236356 0.001645922 0 -0.0625 0 0 -0.05004507 0.00969398 0 -0.04848295 0.009157717 0 -0.06236356 -0.001645922 0 -0.04703044 0.008371651 0 -0.04370528 0.00475943 0 -0.04460859 0.006142079 0 -0.06039136 -0.006142079 0 -0.06129467 -0.00475943 0 -0.04572719 0.007357239 0 -0.06195819 -0.003246963 0 -0.04249995 0 0 -0.05927276 -0.007357239 0 -0.04304176 0.003246963 0 -0.04304176 -0.003246963 0 -0.05167418 -0.009965837 0 -0.04370528 -0.00475943 0 -0.04263639 -0.001645922 0 -0.05495488 -0.00969398 0 -0.05332577 -0.009965837 0 -0.04848295 -0.009157717 0 -0.04703044 -0.008371651 0 -0.04572719 -0.007357239 0 -0.04460859 -0.006142079 0 -0.05004507 -0.00969398 0 -0.06059014 0 -0.007877826 -0.06047379 0.001367211 -0.007877826 -0.05957108 0 -0.009071052 -0.06128185 0.001505792 -0.006539881 -0.04579716 0.004530251 -0.007877826 -0.0443809 0.003670036 -0.006539881 -0.04512798 0.003332316 -0.007877826 -0.06141006 0 -0.006539881 -0.06187379 0.001607239 -0.005090117 -0.06236356 -0.001645922 -0.001999974 -0.0625 0 -0.001999974 -0.06223475 -0.001669168 -0.003564298 -0.06201058 0 -0.005090117 -0.06223475 0.001669168 -0.003564298 -0.06236356 0.001645922 -0.001999974 -0.06237685 0 -0.003564298 -0.06195819 0.003246963 -0.001999974 -0.06181269 0.003290355 -0.003564298 -0.0594694 0.001195013 -0.009071052 -0.05837786 0 -0.01009017 -0.05829328 9.93362e-4 -0.01009017 -0.05703985 0 -0.01091009 -0.05559015 0 -0.01151055 -0.05697458 7.67248e-4 -0.01091009 -0.05365216 0.002867281 -0.01151055 -0.05419266 0.004212498 -0.01091009 -0.05345648 0.004437983 -0.01091009 -0.05406427 0 -0.01187688 -0.05554568 5.22241e-4 -0.01151055 -0.04968416 0.001272797 -0.01151055 -0.05120384 8.75994e-4 -0.01187688 -0.04993975 0.001730382 -0.01151055 -0.05916714 0.002355635 -0.009071052 -0.05804204 0.001958131 -0.01009017 -0.0540418 2.64376e-4 -0.01187688 -0.05249994 0 -0.01199996 -0.05541366 0.001029431 -0.01151055 -0.05373829 0.005745887 -0.01009017 -0.05269265 0.004535794 -0.01091009 -0.0517534 0.005830228 -0.01009017 -0.05192327 0.004503071 -0.01091009 -0.05646336 0.002214074 -0.01091009 -0.05707317 0.003692567 -0.01009017 -0.05603218 0.002852022 -0.01091009 -0.05549937 0.003407955 -0.01091009 -0.05558174 0.005005121 -0.01009017 -0.05488026 0.003865838 -0.01091009 -0.05274945 0.005872547 -0.01009017 -0.05678057 0.001512408 -0.01091009 -0.05763137 0.002866566 -0.01009017 -0.0510745 6.44356e-4 -0.01187688 -0.04950946 7.78655e-4 -0.01151055 -0.05066245 0.00248444 -0.01151055 -0.05179566 0.001396834 -0.01187688 -0.05110877 0.002759277 -0.01151055 -0.04836308 -0.001869976 -0.01091009 -0.04950946 -7.78655e-4 -0.01151055 -0.04810655 -0.001143932 -0.01091009 -0.04545438 -5.99668e-4 -0.009071052 -0.04565709 -0.001781702 -0.009071052 -0.04664325 -4.98477e-4 -0.01009017 -0.04980039 -0.003650069 -0.01091009 -0.04900479 -0.004725754 -0.01009017 -0.0498538 -0.005248486 -0.01009017 -0.04873859 -0.002542197 -0.01091009 -0.04922235 -0.003141283 -0.01091009 -0.04993975 -0.001730382 -0.01151055 -0.05160176 -0.007013797 -0.009071052 -0.0504294 -0.006761074 -0.009071052 -0.05147236 -0.008024632 -0.007877826 -0.05077874 -0.005620181 -0.01009017 -0.05437719 -0.008710026 -0.006539881 -0.0542044 -0.007908582 -0.007877826 -0.05284339 -0.008082866 -0.007877826 -0.05398964 -0.00691235 -0.009071052 -0.05280005 -0.0070647 -0.009071052 -0.05674165 -0.006888985 -0.007877826 -0.05717158 -0.007587134 -0.006539881 -0.05838668 -0.006688535 -0.006539881 -0.05551648 -0.007506728 -0.007877826 -0.06112265 -0.004816889 -0.003564298 -0.06129467 -0.00475943 -0.001999974 -0.06181269 -0.003290355 -0.003564298 -0.06018459 -0.006204843 -0.003564298 -0.06039136 -0.006142079 -0.001999974 -0.06187379 -0.001607239 -0.005090117 -0.06146728 -0.003168344 -0.005090117 -0.05026894 -0.002138197 -0.01151055 -0.0517534 -0.005830228 -0.01009017 -0.05274945 -0.005872547 -0.01009017 -0.04942095 2.62065e-4 -0.01151055 -0.05098605 3.94181e-4 -0.01187688 -0.04605656 -0.002912521 -0.009071052 -0.04681175 -0.001481056 -0.01009017 -0.0498538 0.005248486 -0.01009017 -0.05045604 0.004053771 -0.01091009 -0.05117058 0.004340887 -0.01091009 -0.05137056 0.00108242 -0.01187688 -0.05026894 0.002138197 -0.01151055 -0.05469155 0.005453944 -0.01009017 -0.05077874 0.005620181 -0.01009017 -0.05397498 5.21145e-4 -0.01187688 -0.05638325 0.004412293 -0.01009017 -0.06129467 0.00475943 -0.001999974 -0.06112265 0.004816889 -0.003564298 -0.06146728 0.003168344 -0.005090117 -0.0609011 0.002968251 -0.006539881 -0.06012797 0.002695143 -0.007877826 -0.05867308 0.003448486 -0.009071052 -0.04664325 4.98477e-4 -0.01009017 -0.04545438 5.99668e-4 -0.009071052 -0.04980039 0.003650069 -0.01091009 -0.04900479 0.004725754 -0.01009017 -0.06039136 0.006142079 -0.001999974 -0.06018459 0.006204843 -0.003564298 -0.06080287 0.004638195 -0.005090117 -0.06027859 0.004345357 -0.006539881 -0.0595628 0.003945529 -0.007877826 -0.05800145 0.004442155 -0.009071052 -0.05519777 0.001507043 -0.01151055 -0.05386567 7.62923e-4 -0.01187688 -0.05927276 0.007357239 -0.001999974 -0.05902534 0.007414281 -0.003564298 -0.05989956 0.005974709 -0.005090117 -0.05943238 0.005597472 -0.006539881 -0.05879437 0.005082368 -0.007877826 -0.0571717 0.005308032 -0.009071052 -0.05490428 0.001941263 -0.01151055 -0.05371707 9.82753e-4 -0.01187688 -0.05796945 0.008371651 -0.001999974 -0.05767846 0.008410394 -0.003564298 -0.05878335 0.007139265 -0.005090117 -0.05838668 0.006688535 -0.006539881 -0.05784499 0.006073057 -0.007877826 -0.05620735 0.006021201 -0.009071052 -0.05454158 0.002319693 -0.01151055 -0.05353349 0.001174271 -0.01187688 -0.056517 0.009157717 -0.001999974 -0.05618268 0.009164631 -0.003564298 -0.05748647 0.008098483 -0.005090117 -0.05717158 0.007587134 -0.006539881 -0.05674165 0.006888985 -0.007877826 -0.0551365 0.00656116 -0.009071052 -0.05412018 0.002631366 -0.01151055 -0.05332016 0.001332044 -0.01187688 -0.05495488 0.00969398 -0.001999974 -0.05458086 0.009655177 -0.003564298 -0.05604606 0.008824706 -0.005090117 -0.05582219 0.008267521 -0.006539881 -0.05551648 0.007506728 -0.007877826 -0.05398964 0.00691235 -0.009071052 -0.0530833 0.001451492 -0.01187688 -0.05332577 0.009965837 -0.001999974 -0.05291914 0.009867966 -0.003564298 -0.05450367 0.009297072 -0.005090117 -0.05437719 0.008710026 -0.006539881 -0.0542044 0.007908582 -0.007877826 -0.04714387 -0.002421081 -0.01009017 -0.05280005 0.0070647 -0.009071052 -0.05315095 0.003020763 -0.01151055 -0.05282956 0.001529216 -0.01187688 -0.05167418 0.009965837 -0.001999974 -0.05124545 0.009796857 -0.003564298 -0.05290359 0.009501993 -0.005090117 -0.0528782 0.008902013 -0.006539881 -0.05284339 0.008082866 -0.007877826 -0.05160176 0.007013797 -0.009071052 -0.05263119 0.003087341 -0.01151055 -0.05256634 0.001562893 -0.01187688 -0.05004507 0.00969398 -0.001999974 -0.04960775 0.009443938 -0.003564298 -0.051292 0.009433507 -0.005090117 -0.05136829 0.008837878 -0.006539881 -0.05147236 0.008024632 -0.007877826 -0.0504294 0.006761074 -0.009071052 -0.05210745 0.003065109 -0.01151055 -0.05230128 0.001551628 -0.01187688 -0.04848295 0.009157717 -0.001999974 -0.04805338 0.008819282 -0.003564298 -0.0497151 0.009093642 -0.005090117 -0.04989087 0.00851947 -0.006539881 -0.05013096 0.00773555 -0.007877826 -0.04931658 0.00631392 -0.009071052 -0.05159509 0.002954661 -0.01151055 -0.05204188 0.001495718 -0.01187688 -0.04703044 0.008371651 -0.001999974 -0.04662686 0.007940948 -0.003564298 -0.04821825 0.008492171 -0.005090117 -0.04848867 0.007956027 -0.006539881 -0.04885774 0.007223904 -0.007877826 -0.04829525 0.005685091 -0.009071052 -0.04572719 0.007357239 -0.001999974 -0.04536926 0.006834149 -0.003564298 -0.04684466 0.007646441 -0.005090117 -0.04720175 0.007163643 -0.006539881 -0.04768925 0.006504416 -0.007877826 -0.04739499 0.004892706 -0.009071052 -0.05156975 0.001257717 -0.01187688 -0.04460859 0.006142079 -0.001999974 -0.04431688 0.005530774 -0.003564298 -0.04563379 0.00658071 -0.005090117 -0.04606729 0.006165206 -0.006539881 -0.04665929 0.005597889 -0.007877826 -0.04825639 0.004067063 -0.01009017 -0.04922235 0.003141283 -0.01091009 -0.04664158 0.003959596 -0.009071052 -0.04370528 0.00475943 -0.001999974 -0.04349988 0.004068255 -0.003564298 -0.04462039 0.005325675 -0.005090117 -0.04511785 0.004989385 -0.006539881 -0.04763007 0.003291428 -0.01009017 -0.04873859 0.002542197 -0.01091009 -0.04605656 0.002912521 -0.009071052 -0.04304176 0.003246963 -0.001999974 -0.04294174 0.002488732 -0.003564298 -0.04383367 0.003917396 -0.005090117 -0.05927276 -0.007357239 -0.001999974 -0.05902534 -0.007414281 -0.003564298 -0.04714387 0.002421081 -0.01009017 -0.04836308 0.001869976 -0.01091009 -0.04565709 0.001781702 -0.009071052 -0.04263639 0.001645922 -0.001999974 -0.04265868 8.37618e-4 -0.003564298 -0.04329627 0.002396404 -0.005090117 -0.04387736 0.002245128 -0.006539881 -0.04467087 0.002038538 -0.007877826 -0.04681175 0.001481056 -0.01009017 -0.04810655 0.001143932 -0.01091009 -0.04249995 0 -0.001999974 -0.04265868 -8.37618e-4 -0.003564298 -0.0430237 8.06552e-4 -0.005090117 -0.04362195 7.55626e-4 -0.006539881 -0.04443895 6.86094e-4 -0.007877826 -0.04797649 3.85011e-4 -0.01091009 -0.04664158 -0.003959596 -0.009071052 -0.05094128 1.32666e-4 -0.01187688 -0.04263639 -0.001645922 -0.001999974 -0.04294174 -0.002488732 -0.003564298 -0.0430237 -8.06552e-4 -0.005090117 -0.04362195 -7.55626e-4 -0.006539881 -0.04443895 -6.86094e-4 -0.007877826 -0.04797649 -3.85011e-4 -0.01091009 -0.04942095 -2.62065e-4 -0.01151055 -0.05094128 -1.32666e-4 -0.01187688 -0.04304176 -0.003246963 -0.001999974 -0.04349988 -0.004068255 -0.003564298 -0.04329627 -0.002396404 -0.005090117 -0.04387736 -0.002245128 -0.006539881 -0.04467087 -0.002038538 -0.007877826 -0.04370528 -0.00475943 -0.001999974 -0.04431688 -0.005530774 -0.003564298 -0.04383367 -0.003917396 -0.005090117 -0.0443809 -0.003670036 -0.006539881 -0.04512798 -0.003332316 -0.007877826 -0.04931658 -0.00631392 -0.009071052 -0.05013096 -0.00773555 -0.007877826 -0.04968416 -0.001272797 -0.01151055 -0.05098605 -3.94181e-4 -0.01187688 -0.04460859 -0.006142079 -0.001999974 -0.04536926 -0.006834149 -0.003564298 -0.04462039 -0.005325675 -0.005090117 -0.04511785 -0.004989385 -0.006539881 -0.04579716 -0.004530251 -0.007877826 -0.04763007 -0.003291428 -0.01009017 -0.04739499 -0.004892706 -0.009071052 -0.0510745 -6.44356e-4 -0.01187688 -0.04572719 -0.007357239 -0.001999974 -0.04662686 -0.007940948 -0.003564298 -0.04563379 -0.00658071 -0.005090117 -0.04606729 -0.006165206 -0.006539881 -0.04665929 -0.005597889 -0.007877826 -0.04825639 -0.004067063 -0.01009017 -0.04829525 -0.005685091 -0.009071052 -0.05120384 -8.75994e-4 -0.01187688 -0.04703044 -0.008371651 -0.001999974 -0.04805338 -0.008819282 -0.003564298 -0.04684466 -0.007646441 -0.005090117 -0.04720175 -0.007163643 -0.006539881 -0.04768925 -0.006504416 -0.007877826 -0.05137056 -0.00108242 -0.01187688 -0.05066245 -0.00248444 -0.01151055 -0.04848295 -0.009157717 -0.001999974 -0.04960775 -0.009443938 -0.003564298 -0.04821825 -0.008492171 -0.005090117 -0.04848867 -0.007956027 -0.006539881 -0.04885774 -0.007223904 -0.007877826 -0.05045604 -0.004053771 -0.01091009 -0.05156975 -0.001257717 -0.01187688 -0.05110877 -0.002759277 -0.01151055 -0.05004507 -0.00969398 -0.001999974 -0.05124545 -0.009796857 -0.003564298 -0.0497151 -0.009093642 -0.005090117 -0.04989087 -0.00851947 -0.006539881 -0.05117058 -0.004340887 -0.01091009 -0.05159509 -0.002954661 -0.01151055 -0.05179566 -0.001396834 -0.01187688 -0.05167418 -0.009965837 -0.001999974 -0.05291914 -0.009867966 -0.003564298 -0.051292 -0.009433507 -0.005090117 -0.05136829 -0.008837878 -0.006539881 -0.05192327 -0.004503071 -0.01091009 -0.05210745 -0.003065109 -0.01151055 -0.05204188 -0.001495718 -0.01187688 -0.05332577 -0.009965837 -0.001999974 -0.05458086 -0.009655177 -0.003564298 -0.05290359 -0.009501993 -0.005090117 -0.0528782 -0.008902013 -0.006539881 -0.05269265 -0.004535794 -0.01091009 -0.05263119 -0.003087341 -0.01151055 -0.05345648 -0.004437983 -0.01091009 -0.05373829 -0.005745887 -0.01009017 -0.05469155 -0.005453944 -0.01009017 -0.05230128 -0.001551628 -0.01187688 -0.05495488 -0.00969398 -0.001999974 -0.05618268 -0.009164631 -0.003564298 -0.05450367 -0.009297072 -0.005090117 -0.05582219 -0.008267521 -0.006539881 -0.05315095 -0.003020763 -0.01151055 -0.0530833 -0.001451492 -0.01187688 -0.05282956 -0.001529216 -0.01187688 -0.05365216 -0.002867281 -0.01151055 -0.05256634 -0.001562893 -0.01187688 -0.056517 -0.009157717 -0.001999974 -0.05767846 -0.008410394 -0.003564298 -0.05604606 -0.008824706 -0.005090117 -0.0551365 -0.00656116 -0.009071052 -0.05419266 -0.004212498 -0.01091009 -0.05558174 -0.005005121 -0.01009017 -0.05796945 -0.008371651 -0.001999974 -0.05748647 -0.008098483 -0.005090117 -0.05620735 -0.006021201 -0.009071052 -0.05488026 -0.003865838 -0.01091009 -0.05412018 -0.002631366 -0.01151055 -0.05549937 -0.003407955 -0.01091009 -0.05638325 -0.004412293 -0.01009017 -0.05332016 -0.001332044 -0.01187688 -0.0595628 -0.003945529 -0.007877826 -0.06027859 -0.004345357 -0.006539881 -0.0609011 -0.002968251 -0.006539881 -0.05878335 -0.007139265 -0.005090117 -0.05784499 -0.006073057 -0.007877826 -0.0571717 -0.005308032 -0.009071052 -0.05454158 -0.002319693 -0.01151055 -0.05603218 -0.002852022 -0.01091009 -0.05490428 -0.001941263 -0.01151055 -0.05943238 -0.005597472 -0.006539881 -0.05989956 -0.005974709 -0.005090117 -0.05879437 -0.005082368 -0.007877826 -0.05800145 -0.004442155 -0.009071052 -0.05707317 -0.003692567 -0.01009017 -0.05353349 -0.001174271 -0.01187688 -0.05646336 -0.002214074 -0.01091009 -0.05519777 -0.001507043 -0.01151055 -0.06080287 -0.004638195 -0.005090117 -0.05867308 -0.003448486 -0.009071052 -0.05763137 -0.002866566 -0.01009017 -0.05371707 -9.82753e-4 -0.01187688 -0.05678057 -0.001512408 -0.01091009 -0.05541366 -0.001029431 -0.01151055 -0.06195819 -0.003246963 -0.001999974 -0.06012797 -0.002695143 -0.007877826 -0.05916714 -0.002355635 -0.009071052 -0.05804204 -0.001958131 -0.01009017 -0.05386567 -7.62923e-4 -0.01187688 -0.05397498 -5.21145e-4 -0.01187688 -0.06128185 -0.001505792 -0.006539881 -0.06047379 -0.001367211 -0.007877826 -0.0594694 -0.001195013 -0.009071052 -0.05829328 -9.93362e-4 -0.01009017 -0.05697458 -7.67248e-4 -0.01091009 -0.05554568 -5.22241e-4 -0.01151055 -0.0540418 -2.64376e-4 -0.01187688</float_array>
          <technique_common>
            <accessor source="#ID89-mesh-positions-array" count="486" stride="3">
              <param name="X" type="float"/>
              <param name="Y" type="float"/>
              <param name="Z" type="float"/>
            </accessor>
          </technique_common>
        </source>
        <source id="ID89-mesh-normals">
          <float_array id="ID89-mesh-normals-array" count="1332">-1 0 0 -0.9863628 -0.1645863 0 -0.9863628 -0.1645863 0 -0.9458141 -0.3247087 0 -0.879469 -0.4759562 0 -0.9458149 -0.3247065 0 -0.7891443 -0.6142079 0 -0.8794701 -0.4759542 0 -0.6772854 -0.7357204 0 -0.5469565 -0.837161 0 -0.6772848 -0.7357209 0 -0.4016979 -0.9157723 0 -0.5469554 -0.8371618 0 -0.401697 -0.9157726 0 -0.2454858 -0.9694002 0 -0.08257991 -0.9965845 0 -0.2454856 -0.9694002 0 -0.08258008 -0.9965844 0 0.08257973 -0.9965845 0 0.08257973 -0.9965845 0 0.2454857 -0.9694002 0 0.2454861 -0.9694001 0 0.4016972 -0.9157726 0 0.4016968 -0.9157728 0 0.5469562 -0.8371613 0 0.6772848 -0.735721 0 0.6772854 -0.7357204 0 0.789145 -0.614207 0 0.7891438 -0.6142085 0 0.8794696 -0.4759551 0 0.8794691 -0.475956 0 0.9458151 -0.3247058 0 0.9458155 -0.3247048 0 0.9863625 -0.1645873 0 0.9863626 -0.1645872 0 1 -1.23032e-6 0 1 1.23032e-6 0 -0.9863628 0.1645863 0 -0.9458141 0.3247087 0 -0.9863628 0.1645863 0 -0.879469 0.4759562 0 -0.9458149 0.3247065 0 -0.8794701 0.4759542 0 -0.7891443 0.6142079 0 -0.6772854 0.7357204 0 -0.5469565 0.837161 0 -0.6772848 0.7357209 0 -0.5469554 0.8371618 0 -0.4016979 0.9157723 0 -0.2454858 0.9694002 0 -0.401697 0.9157726 0 -0.08257991 0.9965845 0 -0.2454856 0.9694002 0 -0.08258008 0.9965844 0 0.08257973 0.9965845 0 0.08257973 0.9965845 0 0.2454861 0.9694001 0 0.2454857 0.9694002 0 0.4016972 0.9157726 0 0.4016968 0.9157728 0 0.5469562 0.8371613 0 0.6772854 0.7357204 0 0.6772848 0.735721 0 0.789145 0.614207 0 0.7891438 0.6142085 0 0.8794691 0.475956 0 0.8794696 0.4759551 0 0.9458155 0.3247048 0 0.9458151 0.3247058 0 0.9863625 0.1645873 0 0.9863626 0.1645872 0 0 0 1 -0.8090221 0 -0.5877783 -0.7973859 0.136726 -0.5877768 -0.7071229 1.4278e-7 -0.7070906 -0.8782024 0.1505951 -0.4539624 0.6703024 0.4530456 -0.5877453 0.8119475 0.3670273 -0.4539078 0.7372288 0.3332482 -0.5877408 -0.891023 0 -0.4539583 -0.937371 0.1607363 -0.3090301 -0.9863617 -0.1645922 1.35452e-5 -1 -3.10718e-6 -5.0962e-6 -0.9734876 -0.166965 -0.156348 -0.9510528 0 -0.3090288 -0.9734746 0.1668004 -0.1566047 -0.9863608 0.1645975 -4.99189e-7 -0.9877486 -2.93248e-4 -0.1560532 -0.9458184 0.3246964 5.7295e-6 -0.9312567 0.329038 -0.1565094 -0.6969556 0.1195053 -0.7070866 -0.58775 2.08733e-7 -0.8090426 -0.5793703 0.09934294 -0.8089878 -0.4540019 -1.54031e-6 -0.8910009 -0.3090476 -8.70342e-7 -0.9510466 -0.4474763 0.07672744 -0.8909983 -0.1152137 0.2867167 -0.9510622 -0.1692625 0.4212264 -0.8910211 -0.09565013 0.4438178 -0.8909977 -0.1564438 -2.66163e-7 -0.9876869 -0.3045945 0.05222821 -0.9510491 0.2816117 0.1272964 -0.9510471 0.1296231 0.08761018 -0.9876853 0.2560027 0.1730273 -0.9510648 -0.6667279 0.2355861 -0.7070879 -0.5542541 0.1958312 -0.8089826 -0.1541959 0.02641975 -0.9876871 -6.27311e-7 0 -1 -0.2913962 0.102957 -0.9510458 -0.1238374 0.5746029 -0.8090093 -0.01926833 0.4535949 -0.8909997 0.07465863 0.5830338 -0.8090103 0.05766648 0.4503282 -0.890999 -0.3963587 0.2214194 -0.8909957 -0.4573014 0.3692378 -0.8090358 -0.3532346 0.2852168 -0.8909976 -0.2999234 0.3407793 -0.8910194 -0.3081933 0.5005219 -0.8090086 -0.2380381 0.3865977 -0.8909995 -0.02494835 0.5872641 -0.8090108 -0.4280769 0.1512486 -0.8909962 -0.5131213 0.2866515 -0.809035 0.142562 0.06444203 -0.9876859 0.299039 0.07786345 -0.9510589 0.1837416 0.2484353 -0.9510621 0.07043361 0.1396958 -0.9876863 0.1391339 0.2759538 -0.9510474 0.4136989 -0.1870035 -0.8910011 0.2990814 -0.07787424 -0.9510447 0.4393563 -0.1143999 -0.8909987 0.7045808 -0.05996859 -0.7070854 0.6843103 -0.1781799 -0.7070865 0.5857117 -0.04985135 -0.8089849 0.2699669 -0.3650197 -0.8909986 0.3495221 -0.4725846 -0.8090106 0.2646277 -0.5248578 -0.8090097 0.3761422 -0.2542273 -0.8910027 0.3277676 -0.3141407 -0.8910018 0.2560482 -0.1730585 -0.9510468 0.08981698 -0.7013958 -0.7070904 0.2070619 -0.6761282 -0.7070899 0.1027641 -0.8024982 -0.5877384 0.17212 -0.5620302 -0.8090098 -0.1877235 -0.8710241 -0.4539571 -0.1704434 -0.7908606 -0.5877828 -0.03433686 -0.808321 -0.58774 -0.1489761 -0.6912494 -0.707093 -0.03001111 -0.706484 -0.7070925 -0.4241896 -0.6889292 -0.5877414 -0.4671693 -0.7587314 -0.45396 -0.5886783 -0.6688685 -0.4539526 -0.3016592 -0.7507084 -0.5877403 -0.8622717 -0.4816895 -0.1564064 -0.8794732 -0.4759483 1.23978e-5 -0.9312881 -0.3289877 -0.156428 -0.7684684 -0.6204835 -0.1563866 -0.7891382 -0.6142159 -1.03489e-5 -0.9373881 -0.1607314 -0.3089805 -0.896739 -0.3168382 -0.3089868 0.2231217 -0.2138442 -0.9510455 0.07465994 -0.5830323 -0.8090114 -0.02494692 -0.5872655 -0.8090099 0.3079335 0.02620893 -0.9510469 0.1514032 0.03942239 -0.9876857 0.6443828 -0.2912793 -0.7070553 0.5688256 -0.1481109 -0.8090121 0.2646258 0.52486 -0.8090088 0.204395 0.405394 -0.8909985 0.1329303 0.4340637 -0.891021 0.1129496 0.1082525 -0.9876861 0.223119 0.2138422 -0.9510466 -0.2191607 0.545408 -0.8090111 0.1721231 0.5620306 -0.8090087 -0.1475187 0.052105 -0.9876859 -0.3883587 0.4412757 -0.8089829 -0.8794733 0.4759483 1.23084e-5 -0.8622818 0.4816869 -0.156358 -0.896753 0.316843 -0.3089412 -0.8401215 0.2968366 -0.4539648 -0.7628106 0.2695185 -0.5877754 -0.6172925 0.3448399 -0.7071319 0.5856736 0.04984861 -0.8090127 0.7046167 0.0599718 -0.7070493 0.2699635 0.365015 -0.8910017 0.3495156 0.4725962 -0.8090066 -0.7891425 0.6142102 -1.02445e-5 -0.768468 0.6204836 -0.1563881 -0.8302925 0.4638285 -0.3089948 -0.7778755 0.4345372 -0.4539685 -0.7063094 0.394568 -0.5877442 -0.5501678 0.4442301 -0.7070891 -0.2697625 0.1506987 -0.9510616 -0.1365737 0.07630461 -0.9876868 -0.6772828 0.7357229 1.83657e-5 -0.6525453 0.7414298 -0.1564179 -0.7399642 0.5974796 -0.3089842 -0.6932694 0.5597633 -0.4539192 -0.629462 0.5082555 -0.5877535 -0.4671522 0.5307869 -0.707131 -0.2404508 0.194151 -0.9510462 -0.1217129 0.09828555 -0.9876872 -0.5469484 0.8371664 2.26572e-5 -0.517849 0.8410452 -0.1564466 -0.6283583 0.7139543 -0.3089259 -0.5886447 0.6688331 -0.4540482 -0.5345173 0.6073301 -0.5877428 -0.3707481 0.6021333 -0.7070937 -0.2041785 0.2319912 -0.9510475 -0.1033601 0.1174411 -0.9876863 -0.4016942 0.915774 -1.79708e-5 -0.3682535 0.9164612 -0.1564871 -0.4986691 0.8098886 -0.3088847 -0.4671618 0.7587344 -0.4539626 -0.4241904 0.6889286 -0.5877415 -0.2636539 0.6561286 -0.7070941 -0.1620104 0.2631222 -0.9510623 -0.08203184 0.1332188 -0.9876859 -0.2454839 0.9694008 -2.36109e-5 -0.2080824 0.9655189 -0.1564455 -0.3546114 0.8824834 -0.3089886 -0.3322207 0.8267486 -0.4540002 -0.3016481 0.7506809 -0.5877811 -0.148976 0.6912501 -0.7070924 -0.05833709 0.1451661 -0.987686 -0.08258169 0.9965843 -1.57207e-6 -0.04191273 0.9867939 -0.1564643 -0.2003701 0.92972 -0.3089866 -0.1877228 0.8710251 -0.4539552 -0.1704433 0.7908598 -0.587784 0.5356162 -0.242114 -0.8090093 -0.03001099 0.7064858 -0.7070907 -0.06510925 0.3021082 -0.9510475 -0.03297305 0.152982 -0.9876788 0.08257973 0.9965845 1.47298e-5 0.1254562 0.9796856 -0.1564509 -0.04036438 0.9502104 -0.3089838 -0.03781855 0.8902217 -0.4539551 -0.0343371 0.8083205 -0.5877405 0.08981662 0.701394 -0.7070923 -0.01311647 0.3087695 -0.9510464 -0.006639778 0.156308 -0.9876861 0.2454826 0.9694011 -1.22637e-5 0.2892209 0.9443891 -0.1564626 0.1207985 0.9433329 -0.3090807 0.1131662 0.883763 -0.4540445 0.1027644 0.8024985 -0.5877379 0.2070616 0.6761261 -0.7070919 0.03925424 0.3065437 -0.9510468 0.01987701 0.1552278 -0.9876788 0.401695 0.9157735 5.01424e-6 0.4446617 0.8819301 -0.1564463 0.2784941 0.9093792 -0.3089832 0.2609153 0.8519667 -0.4539559 0.2369177 0.7736157 -0.5876978 0.3183484 0.6314067 -0.7070926 0.0904954 0.2954997 -0.9510471 0.04580926 0.1495897 -0.9876864 0.5469502 0.8371652 -1.84551e-5 0.5873119 0.7940963 -0.1564481 0.4281738 0.8492323 -0.308985 0.4011556 0.7956355 -0.4539147 0.3642373 0.7224228 -0.5877384 0.4204794 0.5685266 -0.7070888 0.6772794 0.7357259 -1.18986e-5 0.7130681 0.6834194 -0.1564349 0.5655352 0.764654 -0.308989 0.5298398 0.716406 -0.4539077 0.4810879 0.6504737 -0.5877402 0.5105158 0.4892901 -0.7070848 0.09302711 0.1257802 -0.9876869 0.7891408 0.6142124 -2.68966e-6 0.8183084 0.5530779 -0.1564494 0.6866168 0.658069 -0.309035 0.6432772 0.6165364 -0.4539574 0.5840966 0.559811 -0.587744 0.4243358 0.4066927 -0.8090366 0.3277691 0.3141415 -0.8910009 0.5858595 0.3959721 -0.707089 0.8794725 0.4759498 1.169e-5 0.9000081 0.4068284 -0.1564489 0.7879822 0.5325831 -0.3089329 0.7382225 0.4989498 -0.4539566 0.4869991 0.3291541 -0.8090053 0.3761461 0.2542304 -0.891 0.6443884 0.2912816 -0.7070493 0.9458178 0.3246982 -2.11e-5 0.9558187 0.2488757 -0.1564345 0.8666394 0.3917454 -0.3089849 -0.6772828 -0.7357228 1.82763e-5 -0.6525333 -0.7414305 -0.1564646 0.5356141 0.2421121 -0.8090114 0.4136942 0.1870015 -0.8910037 0.6843436 0.1781885 -0.7070522 0.9863615 0.1645935 -1.82316e-5 0.984128 0.08376169 -0.1564487 0.920365 0.2396438 -0.3090295 0.8622716 0.2245234 -0.453957 0.7829377 0.2038614 -0.5877493 0.5688284 0.1481115 -0.8090102 0.4393513 0.1143987 -0.8910014 1 3.14784e-6 -6.40005e-6 0.9841279 -0.08376199 -0.1564489 0.9476437 0.08065617 -0.3089758 0.887813 0.07556331 -0.4539583 0.8061291 0.06861162 -0.5877485 0.4523617 0.0385015 -0.8910031 0.5858578 -0.395971 -0.7070909 0.1558836 0.01325547 -0.9876865 0.9863616 -0.1645932 -1.8239e-5 0.9558185 -0.2488759 -0.1564351 0.9476441 -0.08065629 -0.3089746 0.8878127 -0.07556247 -0.4539591 0.8060998 -0.06860953 -0.587789 0.4523622 -0.03850203 -0.8910028 0.3079367 -0.02620935 -0.9510458 0.1558839 -0.01325523 -0.9876865 0.9458175 -0.3246989 -2.11e-5 0.9000082 -0.4068283 -0.156449 0.9203811 -0.2396481 -0.3089779 0.8622676 -0.2245243 -0.4539642 0.7829688 -0.2038698 -0.5877048 0.8794725 -0.4759497 1.16602e-5 0.8183041 -0.5530705 -0.1564975 0.8666396 -0.3917453 -0.3089846 0.8119252 -0.3670163 -0.4539566 0.7372332 -0.3332499 -0.5877343 0.3183493 -0.631408 -0.707091 0.236911 -0.7735856 -0.5877403 0.2816064 -0.127294 -0.9510489 0.1514049 -0.03942257 -0.9876854 0.7891409 -0.6142122 -2.63751e-6 0.7130649 -0.6834111 -0.1564856 0.7879678 -0.5325738 -0.3089853 0.738227 -0.4989492 -0.4539501 0.6702995 -0.4530438 -0.5877499 0.4870031 -0.3291563 -0.8090021 0.5105189 -0.4892925 -0.7070809 0.1425613 -0.06444066 -0.987686 0.6772797 -0.7357257 -1.18837e-5 0.5873119 -0.7940957 -0.1564511 0.6866288 -0.6580803 -0.3089842 0.6432732 -0.6165388 -0.45396 0.5840956 -0.5598101 -0.5877457 0.4243641 -0.4067195 -0.8090084 0.4204586 -0.568498 -0.7071244 0.1296187 -0.08760809 -0.9876862 0.5469502 -0.8371651 -1.8619e-5 0.4446617 -0.8819301 -0.1564455 0.5655365 -0.7646558 -0.3089827 0.5298401 -0.7164013 -0.4539148 0.4810906 -0.6504772 -0.5877341 0.1129483 -0.1082522 -0.9876863 0.1837389 -0.2484313 -0.9510636 0.4016956 -0.9157732 4.85033e-6 0.2892208 -0.9443893 -0.1564616 0.4281803 -0.8492453 -0.3089404 0.4011419 -0.7956181 -0.4539571 0.3642244 -0.7223953 -0.5877802 0.2043945 -0.4053925 -0.8909993 0.09302759 -0.1257827 -0.9876865 0.1391345 -0.2759552 -0.951047 0.2454833 -0.9694008 -1.21593e-5 0.1254565 -0.9796854 -0.1564521 0.2784936 -0.9093782 -0.3089866 0.2609166 -0.8519679 -0.4539532 0.1329426 -0.434103 -0.891 0.09049636 -0.2955031 -0.9510459 0.07043898 -0.1396955 -0.9876859 0.08257985 -0.9965845 1.48788e-5 -0.04191261 -0.9867941 -0.1564638 0.1208025 -0.9433645 -0.3089825 0.1131666 -0.8837624 -0.4540458 0.05766689 -0.4503276 -0.8909992 0.03925442 -0.3065443 -0.9510468 0.04581147 -0.1495903 -0.9876862 -0.08258163 -0.9965843 -1.51992e-6 -0.2080824 -0.9655189 -0.1564452 -0.0403642 -0.9502107 -0.3089827 -0.03781867 -0.8902215 -0.4539553 -0.01926857 -0.4535954 -0.8909995 -0.01311671 -0.3087695 -0.9510464 -0.09564942 -0.4438163 -0.8909986 -0.1238363 -0.5746034 -0.8090091 -0.2191621 -0.5454077 -0.8090108 0.01987147 -0.1551796 -0.9876864 -0.2454836 -0.9694007 -2.34991e-5 -0.3682644 -0.9164648 -0.1564406 -0.20037 -0.9297201 -0.3089862 -0.3322347 -0.8267914 -0.4539121 -0.06510955 -0.3021093 -0.9510472 -0.0583325 -0.1451655 -0.9876864 -0.03295975 -0.152933 -0.9876868 -0.1152092 -0.2867203 -0.9510617 -0.00663948 -0.1563069 -0.9876863 -0.401694 -0.9157739 -1.78963e-5 -0.517836 -0.8410437 -0.1564973 -0.3546119 -0.8824848 -0.3089841 -0.2636404 -0.6560963 -0.707129 -0.1692615 -0.4212251 -0.891022 -0.3082059 -0.5005576 -0.8089818 -0.5469483 -0.8371664 2.26274e-5 -0.4986605 -0.8098751 -0.308934 -0.3707489 -0.6021352 -0.7070915 -0.23804 -0.3866003 -0.8909978 -0.1620358 -0.263163 -0.9510467 -0.2999218 -0.3407772 -0.8910208 -0.3883393 -0.4412425 -0.8090104 -0.08202415 -0.1332166 -0.9876869 -0.7063343 -0.3945813 -0.5877054 -0.7778704 -0.4345442 -0.4539706 -0.8401221 -0.2968345 -0.4539648 -0.628347 -0.7139415 -0.3089782 -0.5345161 -0.6073285 -0.5877455 -0.4671732 -0.5308129 -0.7070975 -0.2041797 -0.2319927 -0.9510468 -0.3532351 -0.2852161 -0.8909976 -0.2404143 -0.1941217 -0.9510614 -0.6932618 -0.559769 -0.4539238 -0.7399413 -0.5974597 -0.3090773 -0.6294856 -0.508274 -0.5877121 -0.5501661 -0.4442285 -0.7070915 -0.457299 -0.3692422 -0.8090353 -0.1033575 -0.1174385 -0.9876869 -0.3963564 -0.2214294 -0.8909942 -0.2698026 -0.1507208 -0.9510468 -0.8302923 -0.4638282 -0.3089953 -0.6172987 -0.3448435 -0.7071248 -0.5131532 -0.2866646 -0.80901 -0.1217572 -0.09831184 -0.9876791 -0.4280769 -0.1512483 -0.8909963 -0.2913944 -0.1029565 -0.9510465 -0.9458162 -0.3247027 1.90735e-5 -0.7628096 -0.2695178 -0.5877769 -0.6667367 -0.2355741 -0.7070835 -0.554254 -0.1958311 -0.8089825 -0.1366223 -0.07632154 -0.9876788 -0.1475116 -0.05211925 -0.9876862 -0.8782032 -0.1505832 -0.4539648 -0.7973908 -0.1367268 -0.5877703 -0.6969493 -0.1195042 -0.707093 -0.5793752 -0.09934395 -0.8089841 -0.4474726 -0.07672685 -0.8910002 -0.3045964 -0.05222845 -0.9510485 -0.1541892 -0.02643805 -0.9876876</float_array>
          <technique_common>
            <accessor source="#ID89-mesh-normals-array" count="444" stride="3">
              <param name="X" type="float"/>
              <param name="Y" type="float"/>
              <param name="Z" type="float"/>
            </accessor>
          </technique_common>
        </source>
        <vertices id="ID89-mesh-vertices">
          <input semantic="POSITION" source="#ID89-mesh-positions"/>
        </vertices>
        <triangles material="ID33-material" count="816">
          <input semantic="VERTEX" source="#ID89-mesh-vertices" offset="0"/>
          <input semantic="NORMAL" source="#ID89-mesh-normals" offset="1"/>
          <p>0 0 1 1 2 0 3 2 1 1 4 3 1 1 3 2 2 0 5 4 6 5 4 3 3 2 4 3 6 5 5 4 7 6 8 7 8 7 6 5 5 4 9 6 7 6 10 8 7 6 9 6 8 7 11 9 12 10 10 8 9 6 10 8 12 10 11 9 13 11 14 12 14 12 12 10 11 9 15 13 13 11 16 14 13 11 15 13 14 12 17 15 18 16 16 14 15 13 16 14 18 16 19 17 18 16 17 15 19 17 20 18 21 19 20 18 19 17 17 15 22 20 21 19 23 21 20 18 23 21 21 19 24 22 25 23 22 20 22 20 23 21 24 22 25 23 26 24 27 24 26 24 25 23 24 22 28 25 27 24 29 26 26 24 29 26 27 24 30 27 31 28 28 25 28 25 29 26 30 27 31 28 32 29 33 30 32 29 31 28 30 27 34 31 33 30 35 32 32 29 35 32 33 30 36 33 37 34 34 31 34 31 35 32 36 33 38 35 37 34 36 33 38 35 39 36 37 34 40 37 0 0 2 0 41 38 42 39 40 37 0 0 40 37 42 39 41 38 43 40 44 41 44 41 42 39 41 38 45 42 43 40 46 43 43 40 45 42 44 41 47 44 48 43 46 43 45 42 46 43 48 43 47 44 49 45 50 46 50 46 48 43 47 44 51 47 49 45 52 48 49 45 51 47 50 46 53 49 54 50 52 48 51 47 52 48 54 50 53 49 55 51 56 52 56 52 54 50 53 49 55 51 57 53 56 52 58 54 57 53 59 55 55 51 59 55 57 53 60 56 61 57 58 54 58 54 59 55 60 56 61 57 62 58 63 59 62 58 61 57 60 56 64 60 63 59 65 60 62 58 65 60 63 59 66 61 67 62 64 60 64 60 65 60 66 61 67 62 68 63 69 64 68 63 67 62 66 61 70 65 69 64 71 66 68 63 71 66 69 64 72 67 73 68 70 65 70 65 71 66 72 67 73 68 74 69 75 70 74 69 73 68 72 67 74 69 39 36 75 70 75 70 39 36 38 35 76 71 77 71 78 71 79 71 80 71 81 71 82 71 77 71 83 71 76 71 83 71 77 71 82 71 84 71 85 71 84 71 82 71 83 71 84 71 86 71 85 71 87 71 86 71 88 71 86 71 87 71 85 71 88 71 89 71 90 71 90 71 87 71 88 71 91 71 92 71 93 71 90 71 89 71 91 71 94 71 95 71 96 71 97 71 98 71 99 71 79 71 100 71 80 71 101 71 81 71 102 71 103 71 104 71 105 71 106 71 107 71 108 71 109 71 110 71 111 71 112 71 113 71 109 71 113 71 112 71 105 71 109 71 111 71 112 71 104 71 103 71 108 71 113 71 105 71 104 71 106 71 100 71 107 71 103 71 106 71 108 71 80 71 102 71 81 71 100 71 79 71 107 71 96 71 101 71 94 71 101 71 102 71 94 71 96 71 95 71 97 71 99 71 98 71 93 71 97 71 95 71 98 71 91 71 89 71 92 71 99 71 93 71 92 71 114 72 115 73 116 74 115 73 114 72 117 75 118 76 119 77 120 78 121 79 122 80 117 75 123 81 124 82 125 83 122 80 126 84 127 85 124 82 128 86 129 87 127 85 130 88 131 89 129 87 128 86 127 85 128 86 130 88 127 85 114 72 121 79 117 75 132 90 116 74 115 73 133 91 134 92 135 93 116 74 132 90 133 91 136 94 135 93 137 95 133 91 132 90 134 92 138 96 139 97 140 98 137 95 135 93 134 92 141 99 136 94 142 100 137 95 142 100 136 94 143 101 144 102 145 103 146 104 147 105 134 92 148 106 149 107 141 99 150 108 148 106 142 100 140 98 139 97 151 109 152 110 153 111 154 112 155 113 156 114 157 115 158 116 159 117 160 118 152 110 140 98 161 119 162 120 163 121 155 113 164 122 143 101 165 123 166 124 167 125 168 126 169 127 170 128 171 129 172 130 173 131 174 132 175 133 176 134 177 135 178 136 179 137 180 138 181 139 182 140 183 141 184 142 177 135 182 140 185 143 186 144 187 145 186 144 188 146 189 147 190 148 191 149 192 150 190 148 193 151 191 149 194 152 195 153 196 154 197 155 198 156 194 152 199 157 200 158 125 83 129 87 126 84 199 157 129 87 125 83 124 82 175 133 201 159 179 137 202 160 189 147 203 161 165 123 204 162 205 163 206 164 207 165 173 131 208 166 209 167 210 168 145 103 211 169 212 170 139 97 160 118 213 171 214 172 210 168 154 112 149 107 148 106 215 173 216 174 158 116 157 115 129 87 127 85 126 84 217 175 131 89 130 88 217 175 218 176 131 89 126 84 122 80 121 79 122 80 131 89 219 177 115 73 220 178 221 179 219 177 220 178 117 75 221 179 146 104 132 90 220 178 115 73 117 75 147 105 137 95 134 92 221 179 132 90 115 73 162 120 142 100 137 95 134 92 132 90 146 104 146 104 222 180 147 105 223 181 224 182 172 130 142 100 148 106 141 99 162 120 137 95 147 105 225 183 209 167 226 184 127 85 131 89 122 80 227 185 218 176 217 175 227 185 228 186 218 176 122 80 219 177 117 75 219 177 218 176 229 187 221 179 230 188 231 189 229 187 230 188 220 178 231 189 222 180 146 104 230 188 221 179 220 178 163 121 162 120 147 105 231 189 146 104 221 179 155 113 150 108 162 120 222 180 232 190 163 121 162 120 150 108 142 100 163 121 147 105 222 180 233 191 215 173 150 108 215 173 234 192 149 107 148 106 150 108 215 173 131 89 218 176 219 177 235 193 228 186 227 185 235 193 236 194 228 186 219 177 229 187 220 178 229 187 228 186 237 195 231 189 238 196 239 197 237 195 238 196 230 188 239 197 232 190 222 180 238 196 231 189 230 188 156 114 155 113 163 121 239 197 222 180 231 189 157 115 233 191 155 113 232 190 240 198 156 114 155 113 233 191 150 108 156 114 163 121 232 190 241 199 234 192 233 191 234 192 242 200 149 107 215 173 233 191 234 192 218 176 228 186 229 187 243 201 236 194 235 193 243 201 244 202 236 194 229 187 237 195 230 188 237 195 236 194 245 203 239 197 246 204 247 205 245 203 246 204 238 196 247 205 240 198 232 190 246 204 239 197 238 196 216 174 157 115 156 114 247 205 232 190 239 197 158 116 241 199 157 115 240 198 248 206 216 174 157 115 241 199 233 191 216 174 156 114 240 198 249 207 242 200 241 199 242 200 250 208 149 107 234 192 241 199 242 200 228 186 236 194 237 195 251 209 244 202 243 201 251 209 252 210 244 202 237 195 245 203 238 196 245 203 244 202 253 211 247 205 254 212 255 213 253 211 254 212 246 204 255 213 248 206 240 198 254 212 247 205 246 204 159 117 158 116 216 174 255 213 240 198 247 205 160 118 249 207 158 116 248 206 256 214 159 117 158 116 249 207 241 199 159 117 216 174 248 206 257 215 250 208 249 207 250 208 258 216 149 107 242 200 249 207 250 208 236 194 244 202 245 203 259 217 252 210 251 209 259 217 260 218 252 210 245 203 253 211 246 204 253 211 252 210 261 219 255 213 262 220 263 221 261 219 262 220 254 212 263 221 256 214 248 206 262 220 255 213 254 212 213 171 160 118 159 117 263 221 248 206 255 213 139 97 257 215 160 118 256 214 264 222 213 171 160 118 257 215 249 207 213 171 159 117 256 214 138 96 258 216 257 215 258 216 265 223 149 107 250 208 257 215 258 216 244 202 252 210 253 211 266 224 260 218 259 217 266 224 267 225 260 218 253 211 261 219 254 212 261 219 260 218 268 226 263 221 269 227 270 228 268 226 269 227 262 220 270 228 264 222 256 214 269 227 263 221 262 220 151 109 139 97 213 171 270 228 256 214 263 221 171 129 207 165 271 229 264 222 272 230 151 109 139 97 138 96 257 215 151 109 213 171 264 222 273 231 265 223 138 96 265 223 274 232 149 107 258 216 138 96 265 223 252 210 260 218 261 219 275 233 267 225 266 224 275 233 276 234 267 225 261 219 268 226 262 220 268 226 267 225 277 235 270 228 278 236 279 237 277 235 278 236 269 227 279 237 272 230 264 222 278 236 270 228 269 227 161 119 140 98 151 109 264 222 270 228 279 237 152 110 273 231 140 98 272 230 280 238 161 119 140 98 273 231 138 96 161 119 151 109 272 230 281 239 274 232 273 231 274 232 282 240 149 107 265 223 273 231 274 232 260 218 267 225 268 226 283 241 276 234 275 233 283 241 284 242 276 234 268 226 277 235 269 227 277 235 276 234 285 243 279 237 286 244 287 245 285 243 286 244 278 236 287 245 280 238 272 230 286 244 279 237 278 236 153 111 152 110 161 119 272 230 279 237 287 245 154 112 281 239 152 110 280 238 288 246 153 111 152 110 281 239 273 231 153 111 161 119 280 238 289 247 282 240 281 239 282 240 290 248 149 107 274 232 281 239 282 240 267 225 276 234 277 235 291 249 284 242 283 241 291 249 292 250 284 242 277 235 285 243 278 236 285 243 284 242 293 251 287 245 294 252 295 253 293 251 294 252 286 244 295 253 288 246 280 238 294 252 287 245 286 244 214 172 154 112 153 111 280 238 287 245 295 253 210 168 289 247 154 112 288 246 296 254 214 172 154 112 289 247 281 239 214 172 153 111 288 246 297 255 290 248 289 247 290 248 298 256 149 107 282 240 289 247 290 248 276 234 284 242 285 243 299 257 292 250 291 249 299 257 300 258 292 250 285 243 293 251 286 244 293 251 292 250 301 259 295 253 302 260 303 261 301 259 302 260 294 252 303 261 296 254 288 246 302 260 295 253 294 252 208 166 210 168 214 172 288 246 295 253 303 261 209 167 297 255 210 168 296 254 304 262 208 166 210 168 297 255 289 247 208 166 214 172 296 254 168 126 298 256 297 255 298 256 167 125 149 107 290 248 297 255 298 256 284 242 292 250 293 251 305 263 300 258 299 257 305 263 306 264 300 258 293 251 301 259 294 252 301 259 300 258 307 265 303 261 308 266 309 267 307 265 308 266 302 260 309 267 304 262 296 254 308 266 303 261 302 260 226 184 209 167 208 166 296 254 303 261 309 267 225 183 168 126 209 167 304 262 310 268 226 184 209 167 168 126 297 255 226 184 208 166 304 262 311 269 166 124 212 170 167 125 311 269 149 107 298 256 168 126 167 125 292 250 300 258 301 259 312 270 306 264 305 263 312 270 313 271 306 264 301 259 307 265 302 260 307 265 306 264 314 272 309 267 315 273 316 274 314 272 315 273 308 266 316 274 310 268 304 262 315 273 309 267 308 266 317 275 225 183 226 184 304 262 309 267 316 274 318 276 166 124 225 183 310 268 319 277 317 275 225 183 166 124 168 126 226 184 310 268 317 275 225 183 317 275 318 276 311 269 211 169 149 107 167 125 166 124 311 269 300 258 306 264 307 265 320 278 313 271 312 270 320 278 321 279 313 271 307 265 314 272 308 266 314 272 313 271 322 280 316 274 323 281 118 76 322 280 323 281 315 273 118 76 319 277 310 268 323 281 316 274 315 273 324 282 318 276 317 275 310 268 316 274 118 76 325 283 212 170 318 276 319 277 326 284 324 282 318 276 212 170 166 124 324 282 317 275 319 277 325 283 318 276 324 282 211 169 144 102 149 107 311 269 212 170 211 169 306 264 313 271 314 272 327 285 321 279 320 278 327 285 328 286 321 279 314 272 322 280 315 273 322 280 321 279 329 287 330 288 197 155 331 289 329 287 119 77 323 281 120 78 326 284 319 277 119 77 118 76 323 281 332 290 325 283 324 282 319 277 118 76 120 78 333 291 145 103 325 283 326 284 334 292 332 290 325 283 145 103 212 170 332 290 324 282 326 284 333 291 325 283 332 290 144 102 164 122 149 107 211 169 145 103 144 102 313 271 321 279 322 280 335 293 328 286 327 285 335 293 336 294 328 286 322 280 329 287 323 281 328 286 337 295 329 287 338 296 339 297 120 78 337 295 338 296 119 77 339 297 334 292 326 284 338 296 120 78 119 77 340 298 333 291 332 290 326 284 120 78 339 297 341 299 143 101 333 291 334 292 224 182 340 298 333 291 143 101 145 103 334 292 340 298 332 290 341 299 333 291 340 298 164 122 205 163 149 107 144 102 143 101 164 122 321 279 328 286 329 287 342 300 336 294 335 293 342 300 343 301 336 294 329 287 337 295 119 77 336 294 344 302 337 295 345 303 346 304 339 297 344 302 345 303 338 296 346 304 224 182 334 292 345 303 339 297 338 296 223 181 341 299 340 298 334 292 339 297 346 304 347 305 165 123 341 299 206 164 348 306 271 229 341 299 165 123 143 101 224 182 223 181 340 298 223 181 347 305 341 299 205 163 349 307 149 107 164 122 165 123 205 163 328 286 336 294 337 295 350 308 343 301 342 300 350 308 351 309 343 301 337 295 344 302 338 296 343 301 352 310 344 302 353 311 354 312 346 304 352 310 353 311 345 303 354 312 172 130 224 182 353 311 346 304 345 303 174 132 347 305 223 181 224 182 346 304 354 312 355 313 204 162 347 305 349 307 204 162 356 314 347 305 204 162 165 123 174 132 223 181 172 130 355 313 347 305 174 132 349 307 357 315 149 107 205 163 204 162 349 307 336 294 343 301 344 302 358 316 351 309 350 308 358 316 359 317 351 309 344 302 352 310 345 303 351 309 360 318 352 310 361 319 362 320 354 312 360 318 361 319 353 311 362 320 173 131 172 130 361 319 354 312 353 311 207 165 355 313 174 132 172 130 354 312 362 320 171 129 356 314 355 313 357 315 356 314 170 128 355 313 356 314 204 162 173 131 207 165 174 132 207 165 171 129 355 313 349 307 356 314 357 315 343 301 351 309 352 310 363 321 359 317 358 316 363 321 364 322 359 317 352 310 360 318 353 311 359 317 365 323 360 318 366 324 367 325 362 320 365 323 366 324 361 319 367 325 206 164 173 131 366 324 362 320 361 319 368 326 369 327 182 140 173 131 362 320 367 325 178 136 370 328 169 127 371 329 170 128 370 328 171 129 170 128 356 314 271 229 207 165 206 164 169 127 171 129 271 229 149 107 357 315 371 329 357 315 170 128 371 329 351 309 359 317 360 318 372 330 364 322 363 321 372 330 373 331 364 322 360 318 365 323 361 319 364 322 374 332 365 323 375 333 376 334 367 325 374 332 375 333 366 324 376 334 348 306 206 164 367 325 366 324 375 333 169 127 271 229 377 335 367 325 376 334 206 164 348 306 378 336 377 335 379 337 370 328 180 138 169 127 370 328 170 128 348 306 377 335 271 229 377 335 178 136 169 127 149 107 371 329 379 337 371 329 370 328 379 337 359 317 364 322 365 323 380 338 373 331 372 330 380 338 381 339 373 331 365 323 374 332 366 324 373 331 382 340 374 332 383 341 384 342 376 334 382 340 383 341 375 333 384 342 378 336 348 306 376 334 375 333 383 341 385 343 178 136 377 335 376 334 384 342 348 306 385 343 378 336 386 344 387 345 180 138 201 159 178 136 180 138 370 328 385 343 377 335 378 336 178 136 385 343 179 137 149 107 379 337 387 345 379 337 180 138 387 345 364 322 373 331 374 332 388 346 381 339 380 338 388 346 389 347 381 339 374 332 382 340 375 333 381 339 390 348 382 340 391 349 392 350 384 342 390 348 391 349 383 341 392 350 386 344 378 336 384 342 383 341 391 349 176 134 179 137 385 343 384 342 392 350 378 336 386 344 368 326 176 134 393 351 201 159 394 352 179 137 201 159 180 138 385 343 386 344 176 134 179 137 176 134 175 133 149 107 387 345 393 351 387 345 201 159 393 351 373 331 381 339 382 340 395 353 389 347 388 346 395 353 396 354 389 347 382 340 390 348 383 341 389 347 397 355 390 348 398 356 399 357 392 350 397 355 398 356 391 349 399 357 368 326 386 344 391 349 398 356 392 350 394 352 175 133 400 358 399 357 386 344 392 350 182 140 177 135 368 326 401 359 394 352 402 360 175 133 394 352 201 159 176 134 368 326 177 135 175 133 177 135 400 358 149 107 393 351 401 359 393 351 394 352 401 359 381 339 389 347 390 348 403 361 396 354 395 353 403 361 404 362 396 354 390 348 397 355 391 349 396 354 405 363 397 355 406 364 369 327 399 357 405 363 406 364 398 356 189 147 181 139 187 145 398 356 406 364 399 357 184 142 407 365 400 358 399 357 369 327 368 326 407 365 408 366 402 360 184 142 202 160 407 365 400 358 402 360 394 352 400 358 177 135 184 142 402 360 400 358 407 365 149 107 401 359 409 367 401 359 402 360 409 367 389 347 396 354 397 355 410 368 404 362 403 361 410 368 411 369 404 362 397 355 405 363 398 356 404 362 412 370 405 363 413 371 183 141 369 327 413 371 406 364 412 370 202 160 184 142 181 139 413 371 369 327 406 364 414 372 407 365 202 160 183 141 182 140 369 327 415 373 408 366 414 372 184 142 182 140 181 139 202 160 203 161 414 372 416 374 409 367 408 366 402 360 408 366 409 367 414 372 408 366 407 365 149 107 409 367 416 374 396 354 404 362 405 363 417 375 411 369 410 368 417 375 418 376 411 369 405 363 412 370 406 364 411 369 419 377 412 370 420 378 187 145 183 141 413 371 419 377 420 378 414 372 203 161 421 379 413 371 420 378 183 141 415 373 421 379 422 380 181 139 183 141 187 145 423 381 424 382 425 383 202 160 181 139 189 147 203 161 424 382 421 379 426 384 416 374 415 373 408 366 415 373 416 374 421 379 415 373 414 372 149 107 416 374 426 384 404 362 411 369 412 370 427 385 418 376 417 375 427 385 428 386 418 376 412 370 419 377 413 371 418 376 429 387 419 377 186 144 430 388 193 151 185 143 420 378 429 387 188 146 424 382 203 161 420 378 185 143 187 145 424 382 423 381 421 379 186 144 189 147 187 145 423 381 431 389 422 380 188 146 203 161 189 147 432 390 433 391 434 392 435 393 426 384 422 380 415 373 422 380 426 384 423 381 422 380 421 379 149 107 426 384 435 393 411 369 418 376 419 377 436 394 428 386 427 385 436 394 437 395 428 386 419 377 429 387 420 378 438 396 429 387 428 386 193 151 439 397 188 146 430 388 185 143 438 396 439 397 425 383 424 382 430 388 186 144 185 143 425 383 440 398 423 381 193 151 188 146 186 144 440 398 434 392 431 389 439 397 424 382 188 146 440 398 425 383 441 399 433 391 435 393 431 389 422 380 431 389 435 393 440 398 431 389 423 381 149 107 435 393 433 391 418 376 428 386 429 387 442 400 437 395 436 394 442 400 331 289 437 395 429 387 438 396 185 143 437 395 443 401 438 396 190 148 444 402 439 397 430 388 443 401 191 149 444 402 441 399 425 383 191 149 193 151 430 388 441 399 445 403 440 398 190 148 439 397 193 151 445 403 446 404 434 392 444 402 425 383 439 397 447 405 445 403 448 406 446 404 449 407 432 390 431 389 434 392 433 391 445 403 434 392 440 398 149 107 433 391 432 390 428 386 437 395 438 396 330 288 331 289 442 400 450 408 451 409 452 410 438 396 443 401 430 388 453 411 443 401 331 289 444 402 190 148 454 412 453 411 192 150 191 149 441 399 444 402 455 413 192 150 454 412 190 148 445 403 441 399 448 406 454 412 455 413 444 402 446 404 445 403 447 405 455 413 448 406 441 399 449 407 446 404 456 414 457 415 458 416 456 414 434 392 446 404 432 390 447 405 456 414 446 404 149 107 432 390 449 407 437 395 331 289 443 401 198 156 197 155 330 288 192 150 459 417 454 412 443 401 453 411 191 149 453 411 197 155 460 418 454 412 461 419 455 413 460 418 459 417 192 150 455 413 462 420 448 406 459 417 461 419 454 412 448 406 463 421 447 405 461 419 462 420 455 413 447 405 457 415 456 414 462 420 463 421 448 406 456 414 458 416 464 422 463 421 457 415 447 405 465 423 466 424 458 416 149 107 449 407 464 422 449 407 456 414 464 422 331 289 197 155 453 411 195 153 194 152 198 156 459 417 451 409 461 419 453 411 460 418 192 150 194 152 467 425 460 418 461 419 450 408 462 420 467 425 451 409 459 417 462 420 468 426 463 421 451 409 450 408 461 419 463 421 469 427 457 415 450 408 468 426 462 420 457 415 465 423 458 416 468 426 469 427 463 421 458 416 466 424 470 428 469 427 465 423 457 415 471 429 472 430 466 424 149 107 464 422 470 428 464 422 458 416 470 428 197 155 194 152 460 418 473 431 196 154 195 153 474 432 468 426 450 408 460 418 467 425 459 417 196 154 200 158 467 425 475 433 469 427 468 426 200 158 452 410 451 409 476 434 465 423 469 427 452 410 474 432 450 408 471 429 466 424 465 423 474 432 475 433 468 426 472 430 477 435 466 424 475 433 476 434 469 427 477 435 472 430 478 436 476 434 471 429 465 423 477 435 478 436 149 107 149 107 470 428 477 435 470 428 466 424 477 435 194 152 196 154 467 425 473 431 123 81 196 154 199 157 479 437 452 410 467 425 200 158 451 409 199 157 452 410 200 158 479 437 480 438 474 432 479 437 474 432 452 410 480 438 481 439 475 433 480 438 475 433 474 432 481 439 482 440 476 434 481 439 476 434 475 433 482 440 483 441 471 429 482 440 471 429 476 434 483 441 484 442 472 430 483 441 472 430 471 429 484 442 485 443 478 436 485 443 149 107 478 436 484 442 478 436 472 430 196 154 123 81 125 83 200 158 196 154 125 83 479 437 126 84 121 79 129 87 199 157 125 83 480 438 121 79 114 72 126 84 479 437 199 157 481 439 114 72 116 74 121 79 480 438 479 437 482 440 116 74 133 91 114 72 481 439 480 438 483 441 133 91 135 93 116 74 482 440 481 439 484 442 135 93 136 94 133 91 483 441 482 440 485 443 136 94 141 99 135 93 484 442 483 441 141 99 149 107 485 443 136 94 485 443 484 442</p>
        </triangles>
      </mesh>
    </geometry>
    <geometry id="ID81-mesh" name="ID81">
      <mesh>
        <source id="ID81-mesh-positions">
          <float_array id="ID81-mesh-positions-array" count="72">-0.06149995 -0.04299998 0.000999987 -0.06149995 -0.037 0.000999987 -0.06149995 -0.037 0.05099999 -0.06149995 -0.04299998 0.05099999 -0.06149995 -0.037 0.05099999 -0.06749999 -0.037 0.000999987 -0.06749999 -0.037 0.05099999 -0.06149995 -0.037 0.000999987 -0.06749999 -0.037 0.05099999 -0.06749999 -0.04299998 0.000999987 -0.06749999 -0.04299998 0.05099999 -0.06749999 -0.037 0.000999987 -0.06749999 -0.04299998 0.000999987 -0.06149995 -0.04299998 0.000999987 -0.06149995 -0.04299998 0.05099999 -0.06749999 -0.04299998 0.05099999 -0.06149995 -0.04299998 0.05099999 -0.06149995 -0.037 0.05099999 -0.06749999 -0.037 0.05099999 -0.06749999 -0.04299998 0.05099999 -0.06749999 -0.037 0.000999987 -0.06149995 -0.04299998 0.000999987 -0.06749999 -0.04299998 0.000999987 -0.06149995 -0.037 0.000999987</float_array>
          <technique_common>
            <accessor source="#ID81-mesh-positions-array" count="24" stride="3">
              <param name="X" type="float"/>
              <param name="Y" type="float"/>
              <param name="Z" type="float"/>
            </accessor>
          </technique_common>
        </source>
        <source id="ID81-mesh-normals">
          <float_array id="ID81-mesh-normals-array" count="18">1 0 0 0 1 0 -1 0 0 0 -1 0 0 0 1 0 0 -1</float_array>
          <technique_common>
            <accessor source="#ID81-mesh-normals-array" count="6" stride="3">
              <param name="X" type="float"/>
              <param name="Y" type="float"/>
              <param name="Z" type="float"/>
            </accessor>
          </technique_common>
        </source>
        <vertices id="ID81-mesh-vertices">
          <input semantic="POSITION" source="#ID81-mesh-positions"/>
        </vertices>
        <triangles material="ID87-material" count="12">
          <input semantic="VERTEX" source="#ID81-mesh-vertices" offset="0"/>
          <input semantic="NORMAL" source="#ID81-mesh-normals" offset="1"/>
          <p>0 0 1 0 2 0 0 0 2 0 3 0 4 1 5 1 6 1 4 1 7 1 5 1 8 2 9 2 10 2 8 2 11 2 9 2 12 3 13 3 14 3 12 3 14 3 15 3 16 4 17 4 18 4 16 4 18 4 19 4 20 5 21 5 22 5 20 5 23 5 21 5</p>
        </triangles>
      </mesh>
    </geometry>
    <geometry id="ID66-mesh" name="ID66">
      <mesh>
        <source id="ID66-mesh-positions">
          <float_array id="ID66-mesh-positions-array" count="1050">-0.0416733 -0.03138762 0.05182194 -0.0416733 0.03138762 0.05171084 -0.0416733 0.03138762 0.05182194 -0.0416733 -0.03138762 0.05171084 0.07249999 -0.02897912 0.05171084 0.07249999 0.02897912 0.05182194 0.07249999 0.03138762 0.05182194 0.07249999 -0.03138762 0.05171084 0.07249999 0.03138762 0.05171084 0.07249999 -0.03138762 0.05182194 0.07249999 -0.01020109 0.05182194 0.07249999 0.01020109 0.05171084 0.02700221 0.006371855 0.05182194 0.02700221 -0.006371855 0.05171084 0.02700221 0.006371855 0.05182194 0.02700221 -0.006371855 0.05171084 0.07249999 0.04499995 0.05182194 0.07249999 -0.04499995 0.05171084 0.07249999 0.04499995 0.05171084 0.07249999 -0.04499995 0.05182194 0.04024875 0.055 0.05182194 0.04024875 -0.055 0.05171084 -0.0625 0.055 0.05182194 -0.0625 -0.055 0.05171084 0.0625 -0.055 0.05171084 0.0625 0.055 0.05182194 -0.07249999 0.04499995 0.05182194 -0.07249999 -0.04499995 0.05171084 -0.07249999 -0.02897912 0.05182194 -0.07249999 0.02897912 0.05171084 -0.07249999 -0.04499995 0.05182194 -0.07249999 0.04499995 0.05171084 0.04024875 -0.055 0.05182194 0.04024875 0.055 0.05171084 0.0625 0.055 0.05171084 0.0625 -0.055 0.05182194 -0.0625 -0.055 0.05182194 -0.0625 0.055 0.05171084 -0.06859028 0.05290877 0.05182194 -0.06859028 -0.05290877 0.05171084 -0.06957107 -0.05207109 0.05171084 -0.06957107 0.05207109 0.05182194 -0.06727802 -0.0537641 0.05171084 -0.06727802 0.0537641 0.05182194 -0.06837785 0.05309015 0.05182194 -0.06837785 -0.05309015 0.05171084 -0.0670399 0.05391007 0.05182194 -0.0670399 -0.05391007 0.05171084 -0.0655902 0.05451059 0.05182194 -0.0655902 -0.05451059 0.05171084 -0.06406426 0.05487686 0.05182194 -0.06406426 -0.05487686 0.05171084 -0.06975251 -0.05185866 0.05171084 -0.06975251 0.05185866 0.05182194 -0.07073611 -0.05063968 0.05171084 -0.07073611 0.05063968 0.05182194 -0.07059019 -0.05087786 0.05171084 -0.07059019 0.05087786 0.05182194 -0.07151699 -0.04928183 0.05171084 -0.07151699 0.04928183 0.05182194 -0.07141005 0.04953986 0.05182194 -0.07141005 -0.04953986 0.05171084 -0.07201057 0.04809015 0.05182194 -0.07201057 -0.04809015 0.05171084 -0.07239878 0.0462858 0.05182194 -0.07239878 -0.0462858 0.05171084 -0.0723769 0.04656428 0.05182194 -0.0723769 -0.04656428 0.05171084 -0.06957107 0.05207109 0.05171084 -0.06957107 -0.05207109 0.05182194 -0.07059019 0.05087786 0.05171084 -0.07059019 -0.05087786 0.05182194 -0.07141005 0.04953986 0.05171084 -0.07141005 -0.04953986 0.05182194 -0.07231169 0.04683589 0.05171084 -0.07231169 -0.04683589 0.05182194 -0.07201057 -0.04809015 0.05182194 -0.07201057 0.04809015 0.05171084 -0.0723769 -0.04656428 0.05182194 -0.0723769 0.04656428 0.05171084 -0.06837785 -0.05309015 0.05182194 -0.06837785 0.05309015 0.05171084 -0.06678181 -0.05401694 0.05182194 -0.06678181 0.05401694 0.05171084 -0.0670399 0.05391007 0.05171084 -0.0670399 -0.05391007 0.05182194 -0.06531858 -0.0545758 0.05182194 -0.06531858 0.0545758 0.05171084 -0.0655902 -0.05451059 0.05182194 -0.0655902 0.05451059 0.05171084 -0.06378585 0.05489879 0.05171084 -0.06378585 -0.05489879 0.05182194 -0.06406426 0.05487686 0.05171084 -0.06406426 -0.05487686 0.05182194 0.06957107 0.05207109 0.05171084 0.06957107 -0.05207109 0.05182194 0.06859028 0.05290877 0.05171084 0.06859028 -0.05290877 0.05182194 0.06837785 -0.05309015 0.05182194 0.06837785 0.05309015 0.05171084 0.06727802 -0.0537641 0.05182194 0.06727802 0.0537641 0.05171084 0.0670399 0.05391007 0.05171084 0.0670399 -0.05391007 0.05182194 0.0655902 -0.05451059 0.05182194 0.0655902 0.05451059 0.05171084 0.06406426 -0.05487686 0.05182194 0.06406426 0.05487686 0.05171084 0.06975251 -0.05185866 0.05182194 0.06975251 0.05185866 0.05171084 0.07073611 -0.05063968 0.05182194 0.07073611 0.05063968 0.05171084 0.07059019 -0.05087786 0.05182194 0.07059019 0.05087786 0.05171084 0.07151699 -0.04928183 0.05182194 0.07151699 0.04928183 0.05171084 0.07141005 -0.04953986 0.05182194 0.07141005 0.04953986 0.05171084 0.07201057 -0.04809015 0.05182194 0.07201057 0.04809015 0.05171084 0.07239878 -0.0462858 0.05182194 0.07239878 0.0462858 0.05171084 0.0723769 0.04656428 0.05171084 0.0723769 -0.04656428 0.05182194 0.06957107 -0.05207109 0.05171084 0.06957107 0.05207109 0.05182194 0.07059019 -0.05087786 0.05171084 0.07059019 0.05087786 0.05182194 0.07141005 -0.04953986 0.05171084 0.07141005 0.04953986 0.05182194 0.07201057 -0.04809015 0.05171084 0.07201057 0.04809015 0.05182194 0.07231169 -0.04683589 0.05171084 0.07231169 0.04683589 0.05182194 0.0723769 -0.04656428 0.05171084 0.0723769 0.04656428 0.05182194 0.06837785 0.05309015 0.05182194 0.06837785 -0.05309015 0.05171084 0.06678181 0.05401694 0.05182194 0.06678181 -0.05401694 0.05171084 0.0670399 0.05391007 0.05182194 0.0670399 -0.05391007 0.05171084 0.06531858 -0.0545758 0.05171084 0.06531858 0.0545758 0.05182194 0.0655902 -0.05451059 0.05171084 0.0655902 0.05451059 0.05182194 0.06378585 0.05489879 0.05182194 0.06378585 -0.05489879 0.05171084 0.06406426 -0.05487686 0.05171084 0.06406426 0.05487686 0.05182194 0.02878415 -0.007257282 0.05171084 0.02878415 0.007257282 0.05182194 0.02869087 -0.007300317 0.05171084 0.02869087 0.007300317 0.05182194 0.02878415 -0.007257282 0.05171084 0.02878415 0.007257282 0.05182194 -0.06872284 0.05279552 0.05171084 -0.06742674 0.05367302 0.05171084 -0.0698657 0.0517261 0.05171084 -0.07082724 0.05049103 0.05171084 -0.07158368 0.04912072 0.05171084 -0.07241249 0.046112 0.05171084 -0.07227098 -0.04700547 0.05171084 -0.06662076 -0.0540837 0.05171084 -0.065149 -0.05461645 0.05171084 -0.06361198 -0.05491244 0.05171084 0.06872284 -0.05279552 0.05171084 0.06742674 -0.05367302 0.05171084 0.0698657 -0.0517261 0.05171084 0.07082724 -0.05049103 0.05171084 0.07158368 -0.04912072 0.05171084 0.07241249 -0.046112 0.05171084 0.07227098 0.04700547 0.05171084 0.06662076 0.0540837 0.05171084 0.065149 0.05461645 0.05171084 0.06361198 0.05491244 0.05171084 0.07249999 -0.01897913 0.05182194 -0.07241249 -0.046112 0.05182194 -0.07158368 -0.04912072 0.05182194 -0.07082724 -0.05049103 0.05182194 -0.0698657 -0.0517261 0.05182194 -0.06872284 -0.05279552 0.05182194 -0.06742674 -0.05367302 0.05182194 0.02635991 -0.055 0.05182194 0.06361198 -0.05491244 0.05182194 0.065149 -0.05461645 0.05182194 0.06662076 -0.0540837 0.05182194 0.07227098 -0.04700547 0.05182194 -0.07249999 0.01897913 0.05182194 -0.07227098 0.04700547 0.05182194 -0.06662076 0.0540837 0.05182194 -0.065149 0.05461645 0.05182194 -0.06361198 0.05491244 0.05182194 0.02635991 0.055 0.05182194 0.06742674 0.05367302 0.05182194 0.06872284 0.05279552 0.05182194 0.0698657 0.0517261 0.05182194 0.07082724 0.05049103 0.05182194 0.07158368 0.04912072 0.05182194 0.07241249 0.046112 0.05182194 0.07249999 0.01897913 0.05171084 0.02635991 0.055 0.05171084 -0.07249999 -0.01897913 0.05171084 0.02635991 -0.055 0.05171084 0.03330433 -0.055 0.05176639 0.04175263 -0.055 0.05176639 0.03330433 0.055 0.05176639 0.04175263 0.055 0.05176639 -0.0416733 0.03138762 0.05171084 -0.0416733 -0.03138768 0.05171084 0.07249999 0.04499995 0.05253285 0.07249999 -0.04499995 0.05253285 -0.0625 -0.055 0.05253285 0.0625 -0.055 0.05253285 -0.07249999 -0.04499995 0.05253285 -0.07249999 0.04499995 0.05253285 -0.0625 0.05499994 0.05253285 0.0625 0.05499994 0.05253285 -0.0655902 0.05451059 0.05253285 -0.06406426 0.05487686 0.05253285 0.0655902 -0.05451059 0.05253285 0.06406426 -0.05487686 0.05253285 -0.0670399 0.05391007 0.05253285 -0.06837785 0.05309015 0.05253285 -0.07059019 0.05087786 0.05253285 -0.06957107 0.05207109 0.05253285 -0.07141005 0.04953986 0.05253285 -0.07201057 0.04809015 0.05253285 -0.0723769 0.04656428 0.05253285 0.0655902 0.05451059 0.05253285 0.0670399 0.05391007 0.05253285 0.06406426 0.05487686 0.05253285 0.06837785 0.05309015 0.05253285 0.06957107 0.05207109 0.05253285 0.07059019 0.05087786 0.05253285 0.07141005 0.04953986 0.05253285 0.07201057 0.04809015 0.05253285 0.0723769 0.04656428 0.05253285 0.0670399 -0.05391007 0.05253285 0.06837785 -0.05309015 0.05253285 0.07059019 -0.05087786 0.05253285 0.06957107 -0.05207109 0.05253285 0.07141005 -0.04953986 0.05253285 0.07201057 -0.04809015 0.05253285 0.0723769 -0.04656428 0.05253285 -0.0723769 -0.04656428 0.05253285 -0.06406426 -0.05487686 0.05253285 -0.0655902 -0.05451059 0.05253285 -0.0670399 -0.05391007 0.05253285 -0.06837785 -0.05309015 0.05253285 -0.06957107 -0.05207109 0.05253285 -0.07141005 -0.04953986 0.05253285 -0.07059019 -0.05087786 0.05253285 -0.07201057 -0.04809015 0.05253285 0.07249999 -0.02897912 0.05171084 0.07249999 -0.03138768 0.05171084 0.07249999 0.03138762 0.05171084 0.07249999 0.01020109 0.05171084 0.02700221 -0.006371855 0.05171084 0.02700221 -0.006371855 0.05171084 0.07249999 -0.04499995 0.05171084 0.07249999 0.04499995 0.05171084 0.04024875 -0.055 0.05171084 -0.0625 -0.055 0.05171084 0.0625 -0.055 0.05171084 -0.07249999 -0.04499995 0.05171084 -0.07249999 0.02897912 0.05171084 -0.07249999 0.04499995 0.05171084 0.04024875 0.05499994 0.05171084 0.0625 0.05499994 0.05171084 -0.0625 0.05499994 0.05171084 -0.06859028 -0.05290877 0.05171084 -0.06957107 -0.05207109 0.05171084 -0.06727802 -0.0537641 0.05171084 -0.06837785 -0.05309015 0.05171084 -0.06584823 -0.05440366 0.05171084 -0.0670399 -0.05391007 0.05171084 -0.06433588 -0.05481165 0.05171084 -0.0655902 -0.05451059 0.05171084 -0.06277841 -0.05497807 0.05171084 -0.06406426 -0.05487686 0.05171084 -0.06975251 -0.05185866 0.05171084 -0.07073611 -0.05063968 0.05171084 -0.07059019 -0.05087786 0.05171084 -0.07151699 -0.04928183 0.05171084 -0.07141005 -0.04953986 0.05171084 -0.07207578 -0.04781854 0.05171084 -0.07201057 -0.04809015 0.05171084 -0.07239878 -0.0462858 0.05171084 -0.0723769 -0.04656428 0.05171084 -0.07040876 0.0510903 0.05171084 -0.06957107 0.05207109 0.05171084 -0.07126414 0.04977804 0.05171084 -0.07059019 0.05087786 0.05171084 -0.0719037 0.04834824 0.05171084 -0.07141005 0.04953986 0.05171084 -0.07231169 0.04683589 0.05171084 -0.07201057 0.04809015 0.05171084 -0.07247805 0.04527842 0.05171084 -0.0723769 0.04656428 0.05171084 -0.0693587 0.05225247 0.05171084 -0.06813973 0.05323612 0.05171084 -0.06837785 0.05309015 0.05171084 -0.06678181 0.05401694 0.05171084 -0.0670399 0.05391007 0.05171084 -0.06531858 0.0545758 0.05171084 -0.0655902 0.05451059 0.05171084 -0.06378585 0.05489879 0.05171084 -0.06406426 0.05487686 0.05171084 0.06957107 0.05207109 0.05171084 0.06859028 0.05290877 0.05171084 0.06837785 0.05309015 0.05171084 0.06727802 0.0537641 0.05171084 0.0670399 0.05391007 0.05171084 0.06584823 0.05440366 0.05171084 0.0655902 0.05451059 0.05171084 0.06433588 0.05481165 0.05171084 0.06406426 0.05487686 0.05171084 0.06277841 0.05497807 0.05171084 0.06975251 0.05185866 0.05171084 0.07073611 0.05063968 0.05171084 0.07059019 0.05087786 0.05171084 0.07151699 0.04928183 0.05171084 0.07141005 0.04953986 0.05171084 0.07207578 0.04781854 0.05171084 0.07201057 0.04809015 0.05171084 0.07239878 0.0462858 0.05171084 0.0723769 0.04656428 0.05171084 0.06957107 -0.05207109 0.05171084 0.07040876 -0.0510903 0.05171084 0.07059019 -0.05087786 0.05171084 0.07126414 -0.04977804 0.05171084 0.07141005 -0.04953986 0.05171084 0.0719037 -0.04834824 0.05171084 0.07201057 -0.04809015 0.05171084 0.07231169 -0.04683589 0.05171084 0.0723769 -0.04656428 0.05171084 0.07247805 -0.04527842 0.05171084 0.0693587 -0.05225247 0.05171084 0.06813973 -0.05323612 0.05171084 0.06837785 -0.05309015 0.05171084 0.06678181 -0.05401694 0.05171084 0.0670399 -0.05391007 0.05171084 0.06531858 -0.0545758 0.05171084 0.0655902 -0.05451059 0.05171084 0.06378585 -0.05489879 0.05171084 0.06406426 -0.05487686 0.05171084 0.02878415 -0.007257282 0.05171084 0.02869087 -0.007300317 0.05171084 0.02878415 -0.007257282 0.05171084</float_array>
          <technique_common>
            <accessor source="#ID66-mesh-positions-array" count="350" stride="3">
              <param name="X" type="float"/>
              <param name="Y" type="float"/>
              <param name="Z" type="float"/>
            </accessor>
          </technique_common>
        </source>
        <source id="ID66-mesh-normals">
          <float_array id="ID66-mesh-normals-array" count="1473">1 0 0 0 1 0 0 1 -7.54378e-5 0 1 7.54378e-5 0 1 -9.41742e-5 -1 0 0 0 -1 7.54378e-5 0 -1 0 0 -1 -7.54378e-5 -0.707106 0.7071076 -4.02329e-7 -0.6494568 0.7603986 -9.99872e-6 -0.7071085 0.7071052 0 -0.5877777 0.8090225 4.02312e-7 -0.5224769 0.8526535 9.99872e-6 -0.5877782 0.8090222 0 -0.649456 0.7603992 -2.29222e-6 -0.5224838 0.8526493 2.29211e-6 -0.4539893 0.8910071 0 -0.7604165 0.6494359 -9.16893e-6 -0.7604077 0.6494461 -3.99957e-5 -0.8526505 0.5224817 -6.87659e-6 -0.8090318 0.5877649 0 -0.8526405 0.522498 -2.99968e-5 -0.8090368 0.587758 -1.60936e-6 -0.9238679 0.3827116 -4.58466e-6 -0.8910086 0.4539867 0 -0.9238736 0.3826977 -1.99982e-5 -0.8910115 0.4539808 -1.20696e-6 -0.9510592 0.3090089 -8.04711e-7 -0.9510592 0.3090091 8.04631e-7 -0.9969179 0.07845222 1.31826e-5 -0.9876893 0.1564289 1.63583e-6 -0.9969187 0.07844227 1.86925e-5 -0.9969175 0.07845717 1.30363e-6 -0.9969175 0.07845836 0 -0.9510573 -0.3090145 -8.04551e-7 -0.9723781 -0.2334113 -1.9996e-5 -0.951057 -0.3090157 8.04729e-7 -0.9723784 -0.2334098 -4.58379e-6 -0.9876888 -0.156432 0 -0.3826972 -0.9238739 -5.04407e-5 -0.4539896 -0.8910071 -8.72459e-6 -0.3826922 -0.923876 -1.3035e-5 -0.2334098 -0.9723785 -9.16811e-6 -0.3090139 -0.9510576 0 -0.233429 -0.9723739 -3.9994e-5 -0.3090183 -0.9510561 0 -0.07845234 -0.9969179 5.73153e-5 -0.1564202 -0.9876906 8.72424e-6 -0.07845085 -0.996918 4.30314e-5 -0.1564203 -0.9876907 -1.60917e-6 -0.07845211 -0.996918 2.4067e-6 -0.07845222 -0.996918 0 0.707106 -0.7071076 -4.02329e-7 0.6494568 -0.7603986 -9.99872e-6 0.7071085 -0.7071052 0 0.5877777 -0.8090225 4.02312e-7 0.5224769 -0.8526535 9.99872e-6 0.5877782 -0.8090222 0 0.649456 -0.7603992 -2.29222e-6 0.5224838 -0.8526493 2.29211e-6 0.4539893 -0.8910071 0 0.7604165 -0.6494359 -9.16893e-6 0.7604077 -0.6494461 -3.99957e-5 0.8526505 -0.5224817 -6.87659e-6 0.8090318 -0.5877649 0 0.8526405 -0.522498 -2.99968e-5 0.8090368 -0.587758 -1.60936e-6 0.9238679 -0.3827116 -4.58466e-6 0.8910086 -0.4539867 0 0.9238736 -0.3826977 -1.99982e-5 0.8910115 -0.4539808 -1.20696e-6 0.9510592 -0.3090089 -8.04711e-7 0.9510592 -0.3090091 8.04631e-7 0.9969179 -0.07845222 1.31826e-5 0.9876893 -0.1564289 1.63583e-6 0.9969187 -0.07844227 1.86925e-5 0.9969175 -0.07845717 1.30363e-6 0.9969175 -0.07845836 0 0.9510573 0.3090145 -8.04551e-7 0.9723781 0.2334113 -1.9996e-5 0.951057 0.3090157 8.04729e-7 0.9723784 0.2334098 -4.58379e-6 0.9876888 0.156432 0 0.3826972 0.9238739 -5.04407e-5 0.4539896 0.8910071 -8.72459e-6 0.3826922 0.923876 -1.3035e-5 0.2334098 0.9723785 -9.16811e-6 0.3090139 0.9510576 0 0.233429 0.9723739 -3.9994e-5 0.3090183 0.9510561 0 0.07845234 0.9969179 5.73153e-5 0.1564202 0.9876906 8.72424e-6 0.07845085 0.996918 4.30314e-5 0.1564203 0.9876907 -1.60917e-6 0.07845211 0.996918 2.4067e-6 0.07845222 0.996918 0 0 0 1 -0.9301319 0 0.367226 5.70977e-6 0 1 -0.7071049 -0.7071087 4.02346e-7 -0.6494279 -0.7604233 9.99913e-6 -0.7071045 -0.7071092 0 -0.5877872 -0.8090156 -4.02311e-7 -0.5224729 -0.852656 -9.99872e-6 -0.5877882 -0.8090149 0 -0.6494494 -0.760405 2.29232e-6 -0.5224654 -0.8526605 -2.29211e-6 -0.4539861 -0.8910089 0 -0.760397 -0.6494585 9.16875e-6 -0.7604106 -0.6494426 3.99949e-5 -0.8526511 -0.5224808 6.8763e-6 -0.8090251 -0.5877743 0 -0.8526515 -0.5224802 2.99955e-5 -0.8090282 -0.5877699 1.60933e-6 -0.9238672 -0.3827132 4.58477e-6 -0.8910086 -0.4539867 0 -0.9238708 -0.3827048 1.99986e-5 -0.8910118 -0.45398 1.20691e-6 -0.9969182 -0.07844883 -1.31819e-5 -0.9876891 -0.1564299 -1.63572e-6 -0.9969187 -0.07844126 -1.86923e-5 -0.9969175 -0.07845717 -1.30363e-6 -0.9969175 -0.07845836 0 -0.9723731 0.2334321 1.99979e-5 -0.9723747 0.2334254 4.58425e-6 -0.9876888 0.1564317 0 -0.3826963 0.9238743 5.04407e-5 -0.4539896 0.8910071 8.72459e-6 -0.3826879 0.9238778 1.3035e-5 -0.2334201 0.9723761 9.16811e-6 -0.3090108 0.9510586 0 -0.2334321 0.9723731 3.9994e-5 -0.3090114 0.9510584 0 -0.07845008 0.9969181 -5.73154e-5 -0.1564196 0.9876907 -8.72424e-6 -0.07845377 0.9969178 -4.30314e-5 -0.1564203 0.9876907 1.60917e-6 -0.0784524 0.996918 -2.4067e-6 -0.07845222 0.996918 0 0.7071049 0.7071087 4.02346e-7 0.6494279 0.7604233 9.99913e-6 0.7071045 0.7071092 0 0.5877872 0.8090156 -4.02311e-7 0.5224729 0.852656 -9.99872e-6 0.5877882 0.8090149 0 0.6494494 0.760405 2.29232e-6 0.5224654 0.8526605 -2.29211e-6 0.4539861 0.8910089 0 0.760397 0.6494585 9.16875e-6 0.7604106 0.6494426 3.99949e-5 0.8526511 0.5224808 6.8763e-6 0.8090251 0.5877743 0 0.8526515 0.5224802 2.99955e-5 0.8090282 0.5877699 1.60933e-6 0.9238672 0.3827132 4.58477e-6 0.8910086 0.4539867 0 0.9238708 0.3827048 1.99986e-5 0.8910118 0.45398 1.20691e-6 0.9969182 0.07844883 -1.31819e-5 0.9876891 0.1564299 -1.63572e-6 0.9969187 0.07844126 -1.86923e-5 0.9969175 0.07845717 -1.30363e-6 0.9969175 0.07845836 0 0.9723731 -0.2334321 1.99979e-5 0.9723747 -0.2334254 4.58425e-6 0.9876888 -0.1564317 0 0.3826963 -0.9238743 5.04407e-5 0.4539896 -0.8910071 8.72459e-6 0.3826879 -0.9238778 1.3035e-5 0.2334201 -0.9723761 9.16811e-6 0.3090108 -0.9510586 0 0.2334321 -0.9723731 3.9994e-5 0.3090114 -0.9510584 0 0.07845008 -0.9969181 -5.73154e-5 0.1564196 -0.9876907 -8.72424e-6 0.07845377 -0.9969178 -4.30314e-5 0.1564203 -0.9876907 1.60917e-6 0.0784524 -0.996918 -2.4067e-6 0.07845222 -0.996918 0 0 0 -1 -0.8360841 0 -0.5486013 2.5694e-5 0 -1 7.47094e-6 0 -1 1 0 0 -1 0 0 -2.36143e-6 0 1 -2.36125e-6 0 1 3.92095e-6 0 1 -4.85828e-6 0 1 4.03881e-6 0 1 -7.84191e-6 0 1 4.85828e-6 0 1 -4.0388e-6 0 1 3.2138e-6 0 1 5.33772e-6 0 1 3.02913e-6 0 1 -4.03884e-6 0 1 -6.42756e-6 0 1 -1.95462e-6 0 1 0 0 1 -0.6494497 -0.7604047 0 -0.7071057 -0.7071079 -2.2392e-6 -0.7071068 -0.7071067 0 -0.5877729 -0.809026 0 -0.5224912 -0.8526447 2.38985e-6 -0.5877799 -0.8090209 1.02185e-6 -0.4539971 -0.8910033 0 -0.3826912 -0.9238764 0 -0.4539898 -0.8910069 2.23909e-6 -0.309009 -0.9510592 0 -0.2334214 -0.9723757 0 -0.3090124 -0.9510581 0 -0.1564154 -0.9876914 0 -0.07845073 -0.9969181 0 -0.1564203 -0.9876906 0 -0.07845109 -0.996918 0 -0.07844871 -0.9969182 0 -0.760404 -0.6494504 -2.38989e-6 -0.8090209 -0.58778 -1.02192e-6 -0.8526542 -0.5224757 0 -0.8090318 -0.587765 0 -0.8910066 -0.4539904 -2.23922e-6 -0.9238766 -0.3826906 -2.3899e-6 -0.8910098 -0.4539842 0 -0.9510587 -0.3090103 -4.62186e-7 -0.9723764 -0.2334189 5.97455e-7 -0.951061 -0.3090034 0 -0.9876911 -0.1564171 -3.04361e-7 -0.9969178 -0.07845431 -5.97481e-7 -0.9876902 -0.156423 0 -0.9969177 -0.0784555 0 -0.996918 -0.07845181 -5.09409e-7 -0.7071094 0.7071042 0 -0.7604061 0.6494479 2.3899e-6 -0.707106 0.7071076 1.02192e-6 -0.8090221 0.5877785 0 -0.8526453 0.5224904 2.38987e-6 -0.8090229 0.5877774 3.26107e-6 -0.8910036 0.4539962 0 -0.9238762 0.3826915 1.19495e-6 -0.8910068 0.4539899 2.75007e-6 -0.9510607 0.3090041 0 -0.9723737 0.2334296 -5.97463e-7 -0.9510587 0.3090104 8.64154e-7 -0.9876891 0.1564304 0 -0.996917 0.07846444 0 -0.9876906 0.1564201 -5.59764e-7 -0.996918 0.07845127 0 -0.9969145 0.07849568 0 -0.6494545 0.7604005 0 -0.5877822 0.8090192 -2.23911e-6 -0.5224859 0.8526479 -2.38986e-6 -0.5877767 0.8090233 0 -0.4539899 0.8910068 -5.50037e-6 -0.3826916 0.9238762 -4.77985e-6 -0.4539843 0.8910097 0 -0.3090106 0.9510586 -2.04391e-6 -0.2334228 0.9723754 0 -0.309008 0.9510596 0 -0.1564198 0.9876908 0 -0.07845032 0.9969181 0 -0.1564168 0.9876912 0 -0.07845258 0.9969179 0 -0.07845216 0.996918 0 0.7071062 0.7071075 -1.02193e-6 0.7071068 0.7071067 0 0.6494501 0.7604043 -2.38991e-6 0.5877814 0.8090199 -3.26106e-6 0.5877777 0.8090224 0 0.522495 0.8526424 -2.38984e-6 0.4539917 0.8910059 -2.23909e-6 0.4539986 0.8910025 0 0.3826912 0.9238764 0 0.3090113 0.9510584 2.04367e-6 0.3090074 0.9510597 0 0.2334208 0.9723758 4.77972e-6 0.1564204 0.9876906 2.43422e-6 0.1564154 0.9876914 0 0.07845103 0.9969181 -4.77982e-6 0.07845163 0.996918 -8.92941e-6 0.07844871 0.9969182 0 0.760405 0.6494492 0 0.8090213 0.5877795 0 0.8526542 0.5224757 0 0.8090318 0.587765 0 0.8910066 0.4539904 -1.11961e-6 0.9238762 0.3826915 -1.19495e-6 0.8910098 0.4539842 0 0.9510579 0.3090129 1.16832e-6 0.9723761 0.23342 1.79239e-6 0.9510601 0.3090059 0 0.9876911 0.1564176 4.86465e-7 0.9969178 0.07845437 -2.98741e-7 0.9876902 0.1564233 0 0.996918 0.07845109 -2.54705e-7 0.9969177 0.07845443 0 0.7071063 -0.7071073 0 0.7071073 -0.7071064 0 0.7604053 -0.6494491 0 0.809022 -0.5877786 1.02186e-6 0.8090221 -0.5877785 0 0.8526453 -0.5224904 2.38987e-6 0.8910077 -0.4539884 2.2391e-6 0.8910049 -0.4539938 0 0.9238766 -0.3826906 0 0.9510589 -0.30901 -2.55456e-7 0.9510607 -0.3090041 0 0.972374 -0.2334285 -5.97456e-7 0.9876908 -0.1564194 -4.32012e-7 0.9876889 -0.1564309 0 0.996917 -0.07846438 2.98741e-7 0.996918 -0.07845115 5.5809e-7 0.9969145 -0.07849508 0 0.6494541 -0.7604009 0 0.587781 -0.8090201 2.23912e-6 0.5224821 -0.8526503 2.38987e-6 0.5877754 -0.8090243 0 0.4539874 -0.8910081 1.02186e-6 0.3826916 -0.9238762 0 0.4539816 -0.8910111 0 0.3090106 -0.9510586 -4.47809e-6 0.2334234 -0.9723752 -4.77967e-6 0.309008 -0.9510596 0 0.1564205 -0.9876906 -6.52221e-6 0.07845002 -0.9969181 -4.77987e-6 0.1564185 -0.9876909 0 0.07845216 -0.996918 0 0.07845234 -0.996918 -4.07528e-6 -2.19639e-6 0 -1 2.56942e-5 0 -1 0 1 1.88348e-4 0 -1 9.41742e-5 -0.9980526 0 0.06237828 -1.35936e-7 0 1 0 0 1 5.82978e-7 0 1 -2.19639e-6 0 1 -4.59348e-5 0 1 2.41928e-5 0 1 -8.06712e-6 0 1 9.26904e-6 0 1 -1.1363e-5 0 1 -2.61967e-7 0 1 -7.10186e-7 0 1 9.06027e-6 0 1 2.29779e-5 0 1 -9.68117e-5 0 1 -3.22674e-5 0 1 -1.93633e-4 0 1 1.83514e-4 0 1 1.11664e-5 0 1 1.45132e-7 0 1 -3.93722e-7 0 1 3.79125e-5 0 1 5.09165e-5 0 1 -2.07091e-5 0 1 -5.46123e-6 0 1 -2.0934e-6 0 1 -6.46329e-5 0 1 6.46339e-5 0 1 -9.18949e-5 0 1 4.59348e-5 0 1 -2.41928e-5 0 1 8.06712e-6 0 1 -7.24417e-6 0 1 -9.06027e-6 0 1 -7.53721e-6 0 1 1.2761e-5 0 1 -9.26904e-6 0 1 7.26429e-6 0 1 -2.29779e-5 0 1 9.68117e-5 0 1 3.22674e-5 0 1 1.93633e-4 0 1 6.65242e-7 0 1 6.06958e-6 0 1 -1.89556e-5 0 1 -3.79125e-5 0 1 0.992278 0 -0.1240347 -1.35936e-7 0 -1 -2.91489e-7 0 -1 4.83855e-5 0 -1 -2.42014e-5 0 -1 -2.07082e-5 0 -1 9.06027e-6 0 -1 -9.19118e-5 0 -1 9.18949e-5 0 -1 9.19118e-5 0 -1 1.83507e-4 0 -1 6.59639e-6 0 -1 -5.0596e-6 0 -1 -9.67015e-6 0 -1 2.59757e-6 0 -1 -1.07023e-5 0 -1 3.22706e-5 0 -1 -5.09165e-5 0 -1 -1.20316e-7 0 -1 -1.29091e-4 0 -1 6.45349e-5 0 -1 -1.29088e-4 0 -1 -3.2317e-5 0 -1 -9.17568e-5 0 -1 -1.45132e-7 0 -1 -2.35721e-7 0 -1 -5.6815e-6 0 -1 1.96861e-7 0 -1 3.79125e-5 0 -1 8.9338e-6 0 -1 -1.83507e-4 0 -1 -9.18949e-5 0 -1 -4.83855e-5 0 -1 2.42014e-5 0 -1 7.24417e-6 0 -1 2.07082e-5 0 -1 -9.06027e-6 0 -1 1.2761e-5 0 -1 3.2317e-5 0 -1 -1.21072e-6 0 -1 -3.22706e-5 0 -1 1.29091e-4 0 -1 -6.45349e-5 0 -1 1.29088e-4 0 -1 -1.33048e-6 0 -1 9.49235e-6 0 -1 5.09165e-5 0 -1 -3.14007e-6 0 -1 1 0 0 1 -1.71701e-7 0 0.9701426 0 -0.2425356 -1.35936e-7 0 -1 0 0 -1 0 -1.54658e-7 -1 0 0 -1 0 0 -1 1.2077e-7 -1.75833e-7 -1 3.22737e-5 0 -1 3.22664e-5 0 -1 -3.22805e-5 0 -1 3.22716e-5 0 -1 6.45432e-5 0 -1 1.61384e-5 0 -1 -4.03343e-5 0 -1 -4.0346e-5 0 -1 -4.53762e-5 0 -1 8.55221e-7 0 -1 8.06972e-6 0 -1 -1.61327e-5 0 -1 -6.45286e-5 0 -1 9.6821e-5 0 -1 3.22633e-5 0 -1 -3.2281e-5 0 -1 -3.22664e-5 0 -1 6.45518e-5 0 -1 -1.89556e-5 0 -1 1.8953e-5 0 -1 -2.61967e-7 0 -1 -2.54848e-5 0 -1 -2.54836e-5 0 -1 3.79176e-5 0 -1 -1.01313e-5 0 -1 0 0 -1 1.29103e-4 0 -1 -3.22659e-5 0 -1 -3.22763e-5 0 -1 -9.67867e-5 0 -1 9.68304e-5 0 -1 -1.29066e-4 0 -1 -4.84152e-5 0 -1 -1.61316e-5 0 -1 8.06894e-6 0 -1 4.53782e-5 0 -1 -2.01769e-5 0 -1 5.64644e-5 0 -1 1.61394e-5 0 -1 -8.06868e-5 0 -1 3.22695e-5 0 -1 -1.61397e-4 0 -1 3.22669e-5 0 -1 3.22742e-5 0 -1 1.29022e-5 0 -1 -1.27419e-5 0 -1 9.47867e-6 0 -1 9.75186e-6 0 -1 -1.89545e-5 0 -1 3.79086e-5 0 -1 1.50395e-7 0 -1 1.30094e-6 0 -1 -1.30097e-6 0 -1 9.65586e-6 0 -1 3.32723e-6 0 -1</float_array>
          <technique_common>
            <accessor source="#ID66-mesh-normals-array" count="491" stride="3">
              <param name="X" type="float"/>
              <param name="Y" type="float"/>
              <param name="Z" type="float"/>
            </accessor>
          </technique_common>
        </source>
        <source id="ID66-mesh-map-0">
          <float_array id="ID66-mesh-map-0-array" count="4152">0 0 0 0 0 0 0 0 0 0 0 0 0 0 0 0 0 0 0 0 0 0 0 0 0 0 0 0 0 0 0 0 0 0 0 0 0 0 0 0 0 0 0 0 0 0 0 0 0 0 0 0 0 0 0 0 0 0 0 0 0 0 0 0 0 0 0 0 0 0 0 0 0 0 0 0 0 0 0 0 0 0 0 0 0 0 0 0 0 0 0 0 0 0 0 0 0 0 0 0 0 0 0 0 0 0 0 0 0 0 0 0 0 0 0 0 0 0 0 0 0 0 0 0 0 0 0 0 0 0 0 0 0 0 0 0 0 0 0 0 0 0 0 0 0 0 0 0 0 0 0 0 0 0 0 0 0 0 0 0 0 0 0 0 0 0 0 0 0 0 0 0 0 0 0 0 0 0 0 0 0 0 0 0 0 0 0 0 0 0 0 0 0 0 0 0 0 0 0 0 0 0 0 0 0 0 0 0 0 0 0 0 0 0 0 0 0 0 0 0 0 0 0 0 0 0 0 0 0 0 0 0 0 0 0 0 0 0 0 0 0 0 0 0 0 0 0 0 0 0 0 0 0 0 0 0 0 0 0 0 0 0 0 0 0 0 0 0 0 0 0 0 0 0 0 0 0 0 0 0 0 0 0 0 0 0 0 0 0 0 0 0 0 0 0 0 0 0 0 0 0 0 0 0 0 0 0 0 0 0 0 0 0 0 0 0 0 0 0 0 0 0 0 0 0 0 0 0 0 0 0 0 0 0 0 0 0.2272091 0.5960982 0.2906255 0.6656255 0.2272091 0.5960982 0.2246242 0.5996242 0.2272091 0.5960982 0.2272091 0.5960982 0.125 0.5 0.2246242 0.5996242 0.2246242 0.5996242 0.2246242 0.5996242 0.2272091 0.5960982 0.2270739 0.5959267 0.270409 0.7292619 0.2726256 0.7255666 0.2742062 0.7205695 0 0 0 0 0 0 0 0 0 0 0 0 0 0 0 0 0 0 0 0 0 0 0 0 0 0 0 0 0 0 0 0 0 0 0 0 0 0 0 0 0 0 0 0 0 0 0 0 0 0 0 0 0 0 0 0 0 0 0 0 0 0 0 0 0 0 0 0 0 0 0 0 0 0 0 0 0 0 0 0 0 0 0 0 0 0 0 0 0 0 0 0 0 0 0 0 0 0 0 0 0 0 0 0 0 0 0 0 0 0 0 0 0 0 0 0 0 0 0 0 0 0 0 0 0 0 0 0 0 0 0 0 0 0 0 0 0 0 0 0 0 0 0 0 0 0 0 0 0 0 0 0 0 0 0 0 0 0 0 0 0 0 0 0 0 0 0 0 0 0 0 0 0 0 0 0 0 0 0 0 0 0 0 0 0 0 0 0 0 0 0 0 0 0 0 0 0 0 0 0 0 0 0 0 0 0 0 0 0 0 0 0 0 0 0 0 0 0 0 0 0 0 0 0 0 0 0 0 0 0 0 0 0 0 0 0 0 0 0 0 0.2272091 0.5960982 0.2906255 0.6656255 0.2272091 0.5960982 0.2246242 0.5996242 0.2272091 0.5960982 0.2272091 0.5960982 0.125 0.5 0.2246242 0.5996242 0.2246242 0.5996242 0.2246242 0.5996242 0.2272091 0.5960982 0.2270739 0.5959267 0.2698202 0.7298815 0.2715845 0.727603 0.2735067 0.7232028 0 0 0 0 0 0 0 0 0 0 0 0 0 0 0 0 0 0 0 0 0 0 0 0 0 0 0 0 0 0 0 0 0 0 0 0 0 0 0 0 0 0 0 0 0 0 0 0 0 0 0 0 0 0 0 0 0 0 0 0 0 0 0 0 0 0 0 0 0 0 0 0 0 0 0 0 0 0 0 0 0 0 0 0 0 0 0 0 0 0 0 0 0 0 0 0 0 0 0 0 0 0 0 0 0 0 0 0 0 0 0 0 0 0 0 0 0 0 0 0 0 0 0 0 0 0 0 0 0 0 0 0 0 0 0 0 0 0 0 0 0 0 0 0 0 0 0 0 0 0 0 0 0 0 0 0 0 0 0 0 0 0 0 0 0 0 0 0 0 0 0 0 0 0 0 0 0 0 0 0 0 0 0 0 0 0 0 0 0 0 0 0 0 0 0 0 0 0 0 0 0 0 0 0 0 0 0 0 0 0 0 0 0 0 0 0 0 0 0 0 0 0 0 0 0 0 0 0 0 0 0 0 0 0 0 0 0 0 0 0 0 0 0 0 0 0 0 0 0 0 0 0 0 0 0 0 0 0 0 0 0 0 0 0 0 0 0 0 0 0 0 0 0 0 0 0 0 0 0 0 0 0 0 0 0 0 0 0 0 0 0 0 0 0 0 0 0 0 0 0 0 0 0 0 0 0 0 0 0 0 0 0 0 0 0 0 0 0 0 0 0 0 0 0 0 0 0 0 0 0 0 0 0 0 0 0 0 0 0 0 0 0 0 0 0 0 0 0 0 0 0 0 0 0 0 0 0 0 0 0 0 0 0 0 0 0 0 0 0 0 0 0 0 0 0 0 0 0 0 0 0 0 0 0 0 0 0 0 0 0 0 0 0 0 0 0 0 0 0 0 0 0 0 0 0 0 0 0 0 0 0 0 0 0 0 0 0 0 0 0 0 0 0 0 0 0 0 0 0 0 0 0 0 0 0 0 0 0 0 0 0 0 0 0 0 0 0 0 0 0 0 0 0 0 0 0 0 0 0 0 0 0 0 0 0 0 0 0 0 0 0 0 0 0 0 0 0 0 0 0 0 0 0 0 0 0 0 0 0 0 0 0 0 0 0 0 0 0 0 0 0 0 0 0 0 0 0 0 0 0 0 0 0 0 0 0 0 0 0 0 0 0 0 0 0 0 0 0 0 0 0 0 0 0 0 0 0 0 0 0 0 0 0 0 0 0 0 0 0 0 0 0 0 0 0 0 0 0 0 0 0 0 0 0 0 0 0 0 0 0 0 0 0 0 0 0 0 0 0 0 0 0 0 0 0 0 0 0 0 0 0 0 0 0 0 0 0 0 0 0 0 0 0 0 0 0 0 0 0 0 0 0 0 0 0 0 0 0 0 0 0 0 0 0 0 0 0 0 0 0 0 0 0 0 0 0 0 0 0 0 0 0 0 0 0 0 0 0 0 0 0 0 0 0 0 0 0 0 0 0 0 0 0 0 0 0 0 0 0 0 0 0 0 0 0 0 0 0 0 0 0 0 0 0 0 0 0 0 0 0 0 0 0 0 0 0 0 0 0 0 0 0 0 0 0 0 0 0 0 0 0 0 0 0 0 0 0 0 0 0 0 0 0 0 0 0 0 0 0 0 0 0 0 0 0 0 0 0 0 0 0 0 0 0 0 0 0 0 0 0 0 0 0 0 0 0 0 0 0 0 0 0 0 0 0 0 0 0 0 0 0 0 0 0 0 0 0 0 0 0 0.2906255 0.5095919 0.2272091 0.5960982 0.2272091 0.5960982 0.2246242 0.5996242 0.2272091 0.5960982 0.2272091 0.5960982 0.2246242 0.5996242 0.2270739 0.5959267 0.125 0.5 0.2246242 0.5996242 0.2272091 0.5960982 0.2270739 0.5959267 0.2745526 0.5312409 0.2686536 0.5191642 0.2750671 0.537194 0 0 0 0 0 0 0 0 0 0 0 0 0 0 0 0 0 0 0 0 0 0 0 0 0 0 0 0 0 0 0 0 0 0 0 0 0 0 0 0 0 0 0 0 0 0 0 0 0 0 0 0 0 0 0 0 0 0 0 0 0 0 0 0 0 0 0 0 0 0 0 0 0 0 0 0 0 0 0 0 0 0 0 0 0 0 0 0 0 0 0 0 0 0 0 0 0 0 0 0 0 0 0 0 0 0 0 0 0 0 0 0 0 0 0 0 0 0 0 0 0 0 0 0 0 0 0 0 0 0 0 0 0 0 0 0 0 0 0 0 0 0 0 0 0 0 0 0 0 0 0 0 0 0 0 0 0 0 0 0 0 0 0 0 0 0 0 0 0 0 0 0 0 0 0 0 0 0 0 0 0 0 0 0 0 0 0 0 0 0 0 0 0 0 0 0 0 0 0 0 0 0 0 0 0 0 0 0 0 0 0 0 0 0 0 0 0 0 0 0 0 0 0 0 0 0 0 0 0 0 0 0 0 0 0 0 0 0 0 0 0 0 0 0 0 0 0 0 0 0 0 0 0 0 0 0 0 0 0 0 0 0 0 0 0 0 0 0 0 0 0 0 0 0 0 0 0 0 0 0 0 0 0 0 0 0 0 0 0 0 0 0 0 0 0 0 0 0 0 0 0 0 0 0 0 0 0 0 0 0 0 0 0 0 0 0 0 0 0 0 0 0 0 0 0 0 0 0 0 0 0 0 0 0 0 0 0 0 0 0 0 0 0 0 0 0 0 0 0 0 0 0 0 0 0 0 0 0 0 0 0 0 0 0 0 0 0 0 0 0 0 0 0.2272091 0.5960982 0.2246242 0.5996242 0.2906255 0.6656255 0.2246242 0.5996242 0.2246242 0.5996242 0.2906255 0.6656255 0.2906255 0.6656255 0.2906255 0.5095919 0.2272091 0.5960982 0.2270739 0.5959267 0.2272091 0.5960982 0.2906255 0.5095919 0.2906255 0.5095919 0.2906255 0.5 0.2270739 0.5959267 0.2906255 0.5 0.125 0.5 0.2270739 0.5959267 0.125 0.5 0.125 0.75 0.2246242 0.5996242 0.125 0.75 0.2906255 0.75 0.2246242 0.5996242 0.2906255 0.7005837 0.2906255 0.6656255 0.2246242 0.5996242 0.2906255 0.75 0.2906255 0.7005837 0.2246242 0.5996242 0.2246242 0.5996242 0.2270739 0.5959267 0.125 0.5 0.272727 0.5246904 0.272463 0.5240214 0.2717033 0.5226166 0.2717033 0.5226166 0.2713942 0.5220452 0.2705422 0.5209149 0.2705422 0.5209149 0.2701956 0.5204552 0.2699645 0.5202479 0.2699645 0.5202479 0.268897 0.5192906 0.2686536 0.5191642 0.2686536 0.5191642 0.2675301 0.5185803 0.2672806 0.5185378 0.2672806 0.5185378 0.2661288 0.5183416 0.2749181 0.5341737 0.2661288 0.5183416 0.2461963 0.5183416 0.2750868 0.5641316 0.2749181 0.5341737 0.2661288 0.5183416 0.2750084 0.5355775 0.2337548 0.5183416 0.1541545 0.5183416 0.1728109 0.5641316 0.1541545 0.5183416 0.1531583 0.5185113 0.1451966 0.537734 0.1728109 0.5641316 0.1541545 0.5183416 0.1451966 0.537734 0.2461963 0.5183416 0.2337548 0.5183416 0.2750868 0.5641316 0.2661288 0.5183416 0.2750868 0.5377341 0.2750084 0.5355775 0.2699645 0.5202479 0.2686536 0.5191642 0.2705422 0.5209149 0.2686536 0.5191642 0.2672806 0.5185378 0.2705422 0.5209149 0.2717033 0.5226166 0.2705422 0.5209149 0.2672806 0.5185378 0.273376 0.5263354 0.272727 0.5246904 0.2735883 0.5270856 0.272727 0.5246904 0.2717033 0.5226166 0.2735883 0.5270856 0.274266 0.5297429 0.2741104 0.5289301 0.2735883 0.5270856 0.2750868 0.5377341 0.2661288 0.5183416 0.2750868 0.5641316 0.1531583 0.5185113 0.1527532 0.5185803 0.1517815 0.5190853 0.1517815 0.5190853 0.1513863 0.5192907 0.1504631 0.5201185 0.1504631 0.5201185 0.1500877 0.5204552 0.1498743 0.5207383 0.1498743 0.5207383 0.1488891 0.5220451 0.1486988 0.522397 0.1486988 0.522397 0.1478202 0.5240215 0.1476578 0.5244334 0.1476578 0.5244334 0.1469073 0.5263354 0.1467766 0.5267972 0.1467766 0.5267972 0.1461728 0.52893 0.1460772 0.5294305 0.1460772 0.5294305 0.145635 0.5317414 0.1454017 0.533845 0.1454017 0.533845 0.1453068 0.5347005 0.1452872 0.5352405 0.1452872 0.5352405 0.1451966 0.537734 0.1531583 0.5185113 0.1451966 0.537734 0.1451966 0.5881948 0.1728109 0.5641316 0.1451966 0.6811977 0.1451966 0.712266 0.1728109 0.6858683 0.1451966 0.712266 0.1452749 0.7144225 0.1541545 0.7316583 0.1728109 0.6858683 0.1451966 0.712266 0.1541545 0.7316583 0.1451966 0.5881948 0.1451966 0.6811977 0.1728109 0.6858683 0.1460772 0.5294305 0.1454017 0.533845 0.1476578 0.5244334 0.1454017 0.533845 0.1452872 0.5352405 0.1517815 0.5190853 0.1476578 0.5244334 0.1454017 0.533845 0.1504631 0.5201185 0.1476578 0.5244334 0.1467766 0.5267972 0.1460772 0.5294305 0.1498743 0.5207383 0.1486988 0.522397 0.1504631 0.5201185 0.1486988 0.522397 0.1476578 0.5244334 0.1504631 0.5201185 0.1517815 0.5190853 0.1504631 0.5201185 0.1454017 0.533845 0.2337548 0.5183416 0.1728109 0.5641316 0.2750868 0.5641316 0.1531583 0.5185113 0.1517815 0.5190853 0.1452872 0.5352405 0.2735883 0.5270856 0.2717033 0.5226166 0.2672806 0.5185378 0.2746484 0.5317413 0.274266 0.5297429 0.2749181 0.5341737 0.274266 0.5297429 0.2735883 0.5270856 0.2749181 0.5341737 0.2750084 0.5355775 0.2749765 0.5347005 0.2749181 0.5341737 0.2735883 0.5270856 0.2672806 0.5185378 0.2749181 0.5341737 0.1451966 0.5881948 0.1728109 0.6858683 0.1728109 0.5641316 0.1452749 0.7144225 0.1453068 0.7152996 0.1453652 0.7158263 0.1453652 0.7158263 0.145635 0.7182587 0.1460173 0.7202572 0.1460173 0.7202572 0.1461729 0.7210699 0.146695 0.7229145 0.146695 0.7229145 0.1469073 0.7236647 0.1475563 0.7253096 0.1475563 0.7253096 0.1478202 0.7259786 0.1485801 0.7273835 0.1485801 0.7273835 0.1488891 0.7279549 0.1497411 0.7290852 0.1497411 0.7290852 0.1500877 0.7295449 0.1503189 0.7297522 0.1503189 0.7297522 0.1513863 0.7307094 0.1516296 0.7308358 0.1516296 0.7308358 0.1527532 0.7314198 0.1530026 0.7314622 0.1530026 0.7314622 0.1541545 0.7316583 0.1453652 0.7158263 0.1541545 0.7316583 0.2337548 0.7316583 0.1728109 0.6858683 0.2461963 0.7316583 0.2661288 0.7316584 0.2750868 0.6858684 0.2661288 0.7316584 0.267125 0.7314887 0.2748816 0.7161551 0.2337548 0.7316583 0.2461963 0.7316583 0.2750868 0.6858684 0.1728109 0.6858683 0.2337548 0.7316583 0.2750868 0.6858684 0.1503189 0.7297522 0.1516296 0.7308358 0.1497411 0.7290852 0.1516296 0.7308358 0.1530026 0.7314622 0.1497411 0.7290852 0.1485801 0.7273835 0.1497411 0.7290852 0.1530026 0.7314622 0.146695 0.7229145 0.1475563 0.7253096 0.1485801 0.7273835 0.1453652 0.7158263 0.1460173 0.7202572 0.1485801 0.7273835 0.1460173 0.7202572 0.146695 0.7229145 0.1485801 0.7273835 0.1452749 0.7144225 0.1453652 0.7158263 0.1541545 0.7316583 0.2750868 0.712266 0.2750868 0.6858684 0.2661288 0.7316584 0.2749961 0.7147596 0.2750868 0.712266 0.2661288 0.7316584 0.2749765 0.7152996 0.2749961 0.7147596 0.2748816 0.7161551 0.2661288 0.7316584 0.2748816 0.7161551 0.2749961 0.7147596 0.267125 0.7314887 0.2675301 0.7314197 0.2685018 0.7309147 0.2685018 0.7309147 0.268897 0.7307093 0.2698202 0.7298815 0.2698202 0.7298815 0.2701956 0.7295449 0.270409 0.7292619 0.270409 0.7292619 0.2713942 0.7279549 0.2715845 0.727603 0.2715845 0.727603 0.272463 0.7259786 0.2726256 0.7255666 0.2726256 0.7255666 0.2733759 0.7236647 0.2735067 0.7232028 0.2735067 0.7232028 0.2741104 0.7210699 0.2742062 0.7205695 0.2742062 0.7205695 0.2746483 0.7182586 0.2748816 0.7161551 0.1453652 0.7158263 0.1485801 0.7273835 0.1530026 0.7314622 0.267125 0.7314887 0.2685018 0.7309147 0.2748816 0.7161551 0.2685018 0.7309147 0.2698202 0.7298815 0.2748816 0.7161551 0.2698202 0.7298815 0.270409 0.7292619 0.2748816 0.7161551 0.270409 0.7292619 0.2715845 0.727603 0.2726256 0.7255666 0.2726256 0.7255666 0.2735067 0.7232028 0.2742062 0.7205695 0.2742062 0.7205695 0.2748816 0.7161551 0.270409 0.7292619 0 0 0 0 0 0 0 0 0 0 0 0 0 0 0 0 0 0 0 0 0 0 0 0 0 0 0 0 0 0 0 0 0 0 0 0 0 0 0 0 0 0 0 0 0 0 0 0 0 0 0 0 0 0 0 0 0 0 0 0 0 0 0 0 0 0 0 0 0 0 0 0 0 0 0 0 0 0 0 0 0 0 0 0 0 0 0 0 0 0 0 0 0 0 0 0 0 0 0 0 0 0 0 0 0 0 0 0 0 0 0 0 0 0 0 0 0 0 0 0 0 0 0 0 0 0 0 0 0 0 0 0 0 0 0 0 0 0 0 0 0 0 0 0 0 0 0 0 0 0 0 0 0 0 0 0 0 0 0 0 0 0 0 0 0 0 0 0 0 0 0 0 0 0 0 0 0 0 0 0 0 0 0 0 0 0 0 0 0 0 0 0 0 0 0 0 0 0 0 0 0 0 0 0 0 0 0 0 0 0 0 0 0 0 0 0 0 0 0 0 0 0 0 0 0 0 0 0 0 0 0 0 0 0 0 0 0 0 0 0 0.2272091 0.5960982 0.2246242 0.5996242 0.2906255 0.6656255 0.2246242 0.5996242 0.2246242 0.5996242 0.2906255 0.6656255 0.2906255 0.6656255 0.2906255 0.5095919 0.2272091 0.5960982 0.2270739 0.5959267 0.2272091 0.5960982 0.2906255 0.5095919 0.2906255 0.5095919 0.2906255 0.5 0.2270739 0.5959267 0.2906255 0.5 0.125 0.5 0.2270739 0.5959267 0.125 0.5 0.125 0.75 0.2246242 0.5996242 0.125 0.75 0.2906255 0.75 0.2246242 0.5996242 0.2906255 0.7005837 0.2906255 0.6656255 0.2246242 0.5996242 0.2906255 0.75 0.2906255 0.7005837 0.2246242 0.5996242 0.2246242 0.5996242 0.2270739 0.5959267 0.125 0.5 0.2717033 0.5226166 0.2713942 0.5220452 0.2705422 0.5209149 0.2705422 0.5209149 0.2701956 0.5204552 0.2699645 0.5202479 0.2699645 0.5202479 0.268897 0.5192906 0.2686536 0.5191642 0.2686536 0.5191642 0.2675301 0.5185803 0.2672806 0.5185378 0.2672806 0.5185378 0.2661288 0.5183416 0.2750868 0.5377341 0.2661288 0.5183416 0.2461963 0.5183416 0.2750868 0.5641316 0.2337548 0.5183416 0.1541545 0.5183416 0.1728109 0.5641316 0.1541545 0.5183416 0.1531583 0.5185113 0.1451966 0.537734 0.1728109 0.5641316 0.1541545 0.5183416 0.1451966 0.537734 0.2661288 0.5183416 0.2750868 0.5641316 0.2750868 0.5377341 0.2461963 0.5183416 0.2337548 0.5183416 0.2750868 0.5641316 0.2699645 0.5202479 0.2686536 0.5191642 0.2705422 0.5209149 0.2686536 0.5191642 0.2672806 0.5185378 0.2705422 0.5209149 0.2717033 0.5226166 0.2705422 0.5209149 0.2672806 0.5185378 0.272727 0.5246904 0.272463 0.5240214 0.2717033 0.5226166 0.2735883 0.5270856 0.273376 0.5263354 0.272727 0.5246904 0.274266 0.5297429 0.2741104 0.5289301 0.2735883 0.5270856 0.2749181 0.5341737 0.2746484 0.5317413 0.274266 0.5297429 0.2750084 0.5355775 0.2749765 0.5347005 0.2749181 0.5341737 0.2750868 0.5377341 0.2750084 0.5355775 0.2672806 0.5185378 0.1728109 0.5641316 0.2750868 0.5641316 0.2337548 0.5183416 0.2750084 0.5355775 0.2749181 0.5341737 0.274266 0.5297429 0.274266 0.5297429 0.2735883 0.5270856 0.272727 0.5246904 0.272727 0.5246904 0.2717033 0.5226166 0.2672806 0.5185378 0.1531583 0.5185113 0.1527532 0.5185803 0.1517815 0.5190853 0.1517815 0.5190853 0.1513863 0.5192907 0.1504631 0.5201185 0.2672806 0.5185378 0.2750084 0.5355775 0.272727 0.5246904 0.2750084 0.5355775 0.274266 0.5297429 0.272727 0.5246904 0.1451966 0.537734 0.1531583 0.5185113 0.1517815 0.5190853 0.1517815 0.5190853 0.1504631 0.5201185 0.1486988 0.522397 0.1504631 0.5201185 0.1500877 0.5204552 0.1498743 0.5207383 0.1498743 0.5207383 0.1488891 0.5220451 0.1486988 0.522397 0.1504631 0.5201185 0.1498743 0.5207383 0.1486988 0.522397 0.2750868 0.712266 0.2750868 0.6858684 0.2661288 0.7316584 0.2750868 0.6858684 0.1728109 0.6858683 0.2337548 0.7316583 0.1728109 0.6858683 0.1728109 0.5641316 0.1451966 0.5881948 0.1452872 0.5352405 0.1517815 0.5190853 0.1454017 0.533845 0.1486988 0.522397 0.1478202 0.5240215 0.1476578 0.5244334 0.1476578 0.5244334 0.1469073 0.5263354 0.1467766 0.5267972 0.1467766 0.5267972 0.1461728 0.52893 0.1460772 0.5294305 0.1460772 0.5294305 0.145635 0.5317414 0.1454017 0.533845 0.1454017 0.533845 0.1453068 0.5347005 0.1452872 0.5352405 0.1452872 0.5352405 0.1451966 0.537734 0.1517815 0.5190853 0.1451966 0.537734 0.1451966 0.5881948 0.1728109 0.5641316 0.1451966 0.6811977 0.1451966 0.712266 0.1728109 0.6858683 0.1451966 0.712266 0.1452749 0.7144225 0.1541545 0.7316583 0.1728109 0.6858683 0.1451966 0.712266 0.1541545 0.7316583 0.1451966 0.5881948 0.1451966 0.6811977 0.1728109 0.6858683 0.1460772 0.5294305 0.1454017 0.533845 0.1476578 0.5244334 0.1476578 0.5244334 0.1454017 0.533845 0.1517815 0.5190853 0.1476578 0.5244334 0.1467766 0.5267972 0.1460772 0.5294305 0.1517815 0.5190853 0.1486988 0.522397 0.1476578 0.5244334 0.2749961 0.7147596 0.2750868 0.712266 0.2661288 0.7316584 0.2750868 0.6858684 0.2337548 0.7316583 0.2461963 0.7316583 0.1452749 0.7144225 0.1453068 0.7152996 0.1453652 0.7158263 0.1453652 0.7158263 0.145635 0.7182587 0.1460173 0.7202572 0.1460173 0.7202572 0.1461729 0.7210699 0.146695 0.7229145 0.146695 0.7229145 0.1469073 0.7236647 0.1475563 0.7253096 0.1475563 0.7253096 0.1478202 0.7259786 0.1485801 0.7273835 0.1485801 0.7273835 0.1488891 0.7279549 0.1497411 0.7290852 0.1497411 0.7290852 0.1500877 0.7295449 0.1503189 0.7297522 0.1503189 0.7297522 0.1513863 0.7307094 0.1516296 0.7308358 0.1516296 0.7308358 0.1527532 0.7314198 0.1530026 0.7314622 0.1530026 0.7314622 0.1541545 0.7316583 0.1453652 0.7158263 0.1541545 0.7316583 0.2337548 0.7316583 0.1728109 0.6858683 0.2461963 0.7316583 0.2661288 0.7316584 0.2750868 0.6858684 0.2661288 0.7316584 0.267125 0.7314887 0.2748816 0.7161551 0.1503189 0.7297522 0.1516296 0.7308358 0.1497411 0.7290852 0.1516296 0.7308358 0.1530026 0.7314622 0.1497411 0.7290852 0.1485801 0.7273835 0.1497411 0.7290852 0.1530026 0.7314622 0.146695 0.7229145 0.1475563 0.7253096 0.1485801 0.7273835 0.1453652 0.7158263 0.1460173 0.7202572 0.1485801 0.7273835 0.1460173 0.7202572 0.146695 0.7229145 0.1485801 0.7273835 0.1452749 0.7144225 0.1453652 0.7158263 0.1541545 0.7316583 0.2749765 0.7152996 0.2749961 0.7147596 0.2748816 0.7161551 0.2742062 0.7205695 0.2746483 0.7182586 0.2748816 0.7161551 0.2661288 0.7316584 0.2748816 0.7161551 0.2749961 0.7147596 0.267125 0.7314887 0.2675301 0.7314197 0.2685018 0.7309147 0.2685018 0.7309147 0.268897 0.7307093 0.2698202 0.7298815 0.2698202 0.7298815 0.2701956 0.7295449 0.270409 0.7292619 0.270409 0.7292619 0.2713942 0.7279549 0.2715845 0.727603 0.2715845 0.727603 0.272463 0.7259786 0.2726256 0.7255666 0.2726256 0.7255666 0.2733759 0.7236647 0.2735067 0.7232028 0.2735067 0.7232028 0.2741104 0.7210699 0.2742062 0.7205695 0.2742062 0.7205695 0.2748816 0.7161551 0.267125 0.7314887 0.1453652 0.7158263 0.1485801 0.7273835 0.1530026 0.7314622 0.267125 0.7314887 0.2685018 0.7309147 0.2698202 0.7298815 0.2698202 0.7298815 0.270409 0.7292619 0.2715845 0.727603 0.2715845 0.727603 0.2726256 0.7255666 0.2735067 0.7232028 0.2735067 0.7232028 0.2742062 0.7205695 0.267125 0.7314887 0.2735067 0.7232028 0.267125 0.7314887 0.2698202 0.7298815 0 0 0 0 0 0 0 0 0 0 0 0 0 0 0 0 0 0 0 0 0 0 0 0 0 0 0 0 0 0 0 0 0 0 0 0 0 0 0 0 0 0 0 0 0 0 0 0 0 0 0 0 0 0 0 0 0 0 0 0 0 0 0 0 0 0 0 0 0 0 0 0 0 0 0 0 0 0 0 0 0 0 0 0 0 0 0 0 0 0 0 0 0 0 0 0 0 0 0 0 0 0 0 0 0 0 0 0 0 0 0 0 0 0 0 0 0 0 0 0 0 0 0 0 0 0 0 0 0 0 0 0 0 0 0 0 0 0 0 0 0 0 0 0 0 0 0 0 0 0 0 0 0 0 0 0 0 0 0 0 0 0 0 0 0 0 0 0 0 0 0 0 0 0 0 0 0 0 0 0 0 0 0 0 0 0 0 0 0 0 0 0 0 0 0 0 0 0 0 0 0 0 0 0 0 0 0 0 0 0 0 0 0 0 0 0 0 0 0 0 0 0 0 0 0 0 0 0 0 0 0 0 0 0 0 0 0 0 0 0 0 0 0 0 0 0 0 0 0 0 0 0 0 0 0 0 0 0 0 0 0 0 0 0 0 0 0 0 0 0 0 0 0 0 0 0 0 0 0 0 0 0 0.2272091 0.5960982 0.2246242 0.5996242 0.2906255 0.6656255 0.2246242 0.5996242 0.2246242 0.5996242 0.2906255 0.6656255 0.2906255 0.6656255 0.2906255 0.5095919 0.2272091 0.5960982 0.2270739 0.5959267 0.2272091 0.5960982 0.2906255 0.5095919 0.2906255 0.5095919 0.2906255 0.5 0.2270739 0.5959267 0.2906255 0.5 0.125 0.5 0.2270739 0.5959267 0.125 0.5 0.125 0.75 0.2246242 0.5996242 0.125 0.75 0.2906255 0.75 0.2246242 0.5996242 0.2906255 0.75 0.2906255 0.6656255 0.2246242 0.5996242 0.125 0.5 0.2246242 0.5996242 0.2246242 0.5996242 0.1452162 0.7128059 0.1453068 0.7152996 0.1453652 0.7158263 0.1453652 0.7158263 0.145635 0.7182587 0.1457307 0.7187591 0.1457307 0.7187591 0.1461729 0.7210699 0.1463036 0.7215319 0.1463036 0.7215319 0.1469073 0.7236647 0.1470698 0.7240766 0.1470698 0.7240766 0.1478202 0.7259786 0.1480105 0.7263304 0.1480105 0.7263304 0.1488891 0.7279549 0.1491025 0.7282379 0.1491025 0.7282379 0.1500877 0.7295449 0.1503189 0.7297522 0.1503189 0.7297522 0.1513863 0.7307094 0.1516296 0.7308358 0.1516296 0.7308358 0.1527532 0.7314198 0.1530026 0.7314622 0.1530026 0.7314622 0.1541545 0.7316583 0.1452162 0.7128059 0.1541545 0.7316583 0.2461963 0.7316583 0.1728109 0.6858683 0.2461963 0.7316583 0.2661288 0.7316584 0.2750868 0.6858684 0.2661288 0.7316584 0.2663782 0.731616 0.2750868 0.712266 0.2750868 0.6858684 0.2661288 0.7316584 0.2750868 0.712266 0.2663782 0.731616 0.2675301 0.7314197 0.2677734 0.7312932 0.2677734 0.7312932 0.268897 0.7307093 0.2691282 0.730502 0.2691282 0.730502 0.2701956 0.7295449 0.270409 0.7292619 0.270409 0.7292619 0.2713942 0.7279549 0.2715845 0.727603 0.2715845 0.727603 0.272463 0.7259786 0.2726256 0.7255666 0.2726256 0.7255666 0.2733759 0.7236647 0.2735067 0.7232028 0.2735067 0.7232028 0.2741104 0.7210699 0.2742062 0.7205695 0.2742062 0.7205695 0.2746483 0.7182586 0.2747068 0.717732 0.2747068 0.717732 0.2749765 0.7152996 0.2749961 0.7147596 0.2749961 0.7147596 0.2750868 0.712266 0.2677734 0.7312932 0.2677734 0.7312932 0.2750868 0.712266 0.2663782 0.731616 0.2750868 0.6858684 0.1728109 0.6858683 0.2461963 0.7316583 0.2742062 0.7205695 0.2747068 0.717732 0.2749961 0.7147596 0.2726256 0.7255666 0.2735067 0.7232028 0.2742062 0.7205695 0.270409 0.7292619 0.2715845 0.727603 0.2726256 0.7255666 0.2677734 0.7312932 0.2691282 0.730502 0.270409 0.7292619 0.1516296 0.7308358 0.1530026 0.7314622 0.1452162 0.7128059 0.1541545 0.7316583 0.1728109 0.6858683 0.1451966 0.712266 0.1452162 0.7128059 0.1541545 0.7316583 0.1451966 0.712266 0.1491025 0.7282379 0.1503189 0.7297522 0.1470698 0.7240766 0.1503189 0.7297522 0.1516296 0.7308358 0.1470698 0.7240766 0.1470698 0.7240766 0.1480105 0.7263304 0.1491025 0.7282379 0.1457307 0.7187591 0.1463036 0.7215319 0.1452162 0.7128059 0.1463036 0.7215319 0.1470698 0.7240766 0.1452162 0.7128059 0.1452162 0.7128059 0.1453652 0.7158263 0.1457307 0.7187591 0.1451966 0.6811977 0.1451966 0.712266 0.1728109 0.6858683 0.1452872 0.5352405 0.1451966 0.537734 0.153905 0.5183841 0.1451966 0.537734 0.1451966 0.6811977 0.1728109 0.5641316 0.1455765 0.5322681 0.1453068 0.5347005 0.1452872 0.5352405 0.1460772 0.5294305 0.145635 0.5317414 0.1455765 0.5322681 0.1467766 0.5267972 0.1461728 0.52893 0.1460772 0.5294305 0.1476578 0.5244334 0.1469073 0.5263354 0.1467766 0.5267972 0.1486988 0.522397 0.1478202 0.5240215 0.1476578 0.5244334 0.1498743 0.5207383 0.1488891 0.5220451 0.1486988 0.522397 0.1511551 0.519498 0.1500877 0.5204552 0.1498743 0.5207383 0.1525099 0.5187067 0.1513863 0.5192907 0.1511551 0.519498 0.153905 0.5183841 0.1527532 0.5185803 0.1525099 0.5187067 0.2461963 0.5183416 0.1541545 0.5183416 0.1728109 0.5641316 0.1541545 0.5183416 0.153905 0.5183841 0.1451966 0.537734 0.1728109 0.5641316 0.1541545 0.5183416 0.1451966 0.537734 0.2672806 0.5185378 0.2661288 0.5183416 0.2750671 0.537194 0.2661288 0.5183416 0.2461963 0.5183416 0.2750868 0.5641316 0.2750671 0.537194 0.2661288 0.5183416 0.2750868 0.5377341 0.2686536 0.5191642 0.2675301 0.5185803 0.2672806 0.5185378 0.2699645 0.5202479 0.268897 0.5192906 0.2686536 0.5191642 0.2711808 0.5217621 0.2701956 0.5204552 0.2699645 0.5202479 0.2722728 0.5236697 0.2713942 0.5220452 0.2711808 0.5217621 0.2732135 0.5259234 0.272463 0.5240214 0.2722728 0.5236697 0.2739797 0.5284681 0.273376 0.5263354 0.2732135 0.5259234 0.2745526 0.5312409 0.2741104 0.5289301 0.2739797 0.5284681 0.2749181 0.5341737 0.2746484 0.5317413 0.2745526 0.5312409 0.2750671 0.537194 0.2749765 0.5347005 0.2749181 0.5341737 0.2750868 0.5641316 0.2750868 0.5377341 0.2661288 0.5183416 0.1728109 0.5641316 0.2750868 0.5641316 0.2461963 0.5183416 0.2750671 0.537194 0.2749181 0.5341737 0.2745526 0.5312409 0.2745526 0.5312409 0.2739797 0.5284681 0.2711808 0.5217621 0.2739797 0.5284681 0.2732135 0.5259234 0.2711808 0.5217621 0.2732135 0.5259234 0.2722728 0.5236697 0.2711808 0.5217621 0.2711808 0.5217621 0.2699645 0.5202479 0.2686536 0.5191642 0.2686536 0.5191642 0.2672806 0.5185378 0.2750671 0.537194 0.153905 0.5183841 0.1525099 0.5187067 0.1452872 0.5352405 0.1525099 0.5187067 0.1511551 0.519498 0.1498743 0.5207383 0.1498743 0.5207383 0.1486988 0.522397 0.1476578 0.5244334 0.1476578 0.5244334 0.1467766 0.5267972 0.1460772 0.5294305 0.1460772 0.5294305 0.1455765 0.5322681 0.1452872 0.5352405 0.1728109 0.5641316 0.1451966 0.6811977 0.1728109 0.6858683 0.2749961 0.7147596 0.2677734 0.7312932 0.2726256 0.7255666 0.2677734 0.7312932 0.270409 0.7292619 0.2726256 0.7255666 0.2726256 0.7255666 0.2742062 0.7205695 0.2749961 0.7147596 0.1452162 0.7128059 0.1470698 0.7240766 0.1516296 0.7308358 0.1460772 0.5294305 0.1452872 0.5352405 0.1525099 0.5187067 0.1498743 0.5207383 0.1476578 0.5244334 0.1460772 0.5294305 0.1525099 0.5187067 0.1498743 0.5207383 0.1460772 0.5294305 0.2711808 0.5217621 0.2686536 0.5191642 0.2745526 0.5312409</float_array>
          <technique_common>
            <accessor source="#ID66-mesh-map-0-array" count="2076" stride="2">
              <param name="S" type="float"/>
              <param name="T" type="float"/>
            </accessor>
          </technique_common>
        </source>
        <vertices id="ID66-mesh-vertices">
          <input semantic="POSITION" source="#ID66-mesh-positions"/>
        </vertices>
        <triangles material="ID72-material" count="515">
          <input semantic="VERTEX" source="#ID66-mesh-vertices" offset="0"/>
          <input semantic="NORMAL" source="#ID66-mesh-normals" offset="1"/>
          <input semantic="TEXCOORD" source="#ID66-mesh-map-0" offset="2" set="0"/>
          <p>8 0 0 16 0 1 6 0 2 10 0 3 11 0 4 5 0 5 9 0 6 17 0 7 7 0 8 193 1 9 201 1 10 37 1 11 20 2 12 206 2 13 193 2 14 201 3 15 206 3 16 33 3 17 33 1 18 20 1 19 207 1 20 34 4 21 33 4 22 207 4 23 188 5 24 202 5 25 28 5 26 29 5 27 26 5 28 31 5 29 28 5 30 27 5 31 30 5 32 203 6 33 21 6 34 204 6 35 32 7 36 21 7 37 205 7 38 205 7 39 24 7 40 35 7 41 32 8 42 183 8 43 204 8 44 36 7 45 23 7 46 203 7 47 41 9 48 156 10 49 68 11 50 44 12 51 157 13 52 81 14 53 38 15 54 81 14 55 156 10 56 43 16 57 84 17 58 157 13 59 53 18 60 68 11 61 158 19 62 55 20 63 70 21 64 159 22 65 57 23 66 158 19 67 70 21 68 59 24 69 72 25 70 160 26 71 60 27 72 159 22 73 72 25 74 62 28 75 160 26 76 77 29 77 64 30 78 79 31 79 161 32 80 26 33 81 161 32 82 31 34 83 76 35 84 162 36 85 63 37 86 75 38 87 67 39 88 162 36 89 82 40 90 47 41 91 163 42 92 86 43 93 49 44 94 164 45 95 88 46 96 163 42 97 49 44 98 91 47 99 51 48 100 165 49 101 93 50 102 164 45 103 51 48 104 36 51 105 165 49 106 23 52 107 95 53 108 166 54 109 124 55 110 98 56 111 167 57 112 137 58 113 97 59 114 137 58 115 166 54 116 100 60 117 141 61 118 167 57 119 108 62 120 124 55 121 168 63 122 110 64 123 126 65 124 169 66 125 112 67 126 168 63 127 126 65 128 114 68 129 128 69 130 170 70 131 116 71 132 169 66 133 128 69 134 118 72 135 170 70 136 130 73 137 120 74 138 134 75 139 171 76 140 19 77 141 171 76 142 17 78 143 131 79 144 172 80 145 119 81 146 133 82 147 122 83 148 172 80 149 138 84 150 102 85 151 173 86 152 143 87 153 105 88 154 174 89 155 145 90 156 173 86 157 105 88 158 146 91 159 107 92 160 175 93 161 149 94 162 174 89 163 107 92 164 25 95 165 175 93 166 34 96 167 151 97 168 10 97 169 155 97 170 14 98 171 151 98 172 155 98 173 2 5 174 12 5 175 14 5 176 14 99 177 155 99 178 153 99 179 100 97 180 108 97 181 114 97 182 40 100 183 181 101 184 69 102 185 45 103 186 182 104 187 80 105 188 39 106 189 80 105 190 181 101 191 42 107 192 85 108 193 182 104 194 52 109 195 69 102 196 180 110 197 54 111 198 71 112 199 179 113 200 56 114 201 180 110 202 71 112 203 58 115 204 73 116 205 178 117 206 61 118 207 179 113 208 73 116 209 63 37 210 178 117 211 76 35 212 65 119 213 78 120 214 177 121 215 27 122 216 177 121 217 30 123 218 77 29 219 189 124 220 62 28 221 74 125 222 66 126 223 189 124 224 83 127 225 46 128 226 190 129 227 87 130 228 48 131 229 191 132 230 89 133 231 190 129 232 48 131 233 90 134 234 50 135 235 192 136 236 92 137 237 191 132 238 50 135 239 37 138 240 192 136 241 22 139 242 94 140 243 195 141 244 125 142 245 99 143 246 194 144 247 136 145 248 96 146 249 136 145 250 195 141 251 101 147 252 140 148 253 194 144 254 109 149 255 125 142 256 196 150 257 111 151 258 127 152 259 197 153 260 113 154 261 196 150 262 127 152 263 115 155 264 129 156 265 198 157 266 117 158 267 197 153 268 129 156 269 119 81 270 198 157 271 131 79 272 121 159 273 135 160 274 199 161 275 18 162 276 199 161 277 16 163 278 130 73 279 187 164 280 118 72 281 132 165 282 123 166 283 187 164 284 139 167 285 103 168 286 186 169 287 142 170 288 104 171 289 185 172 290 144 173 291 186 169 292 104 171 293 147 174 294 106 175 295 184 176 296 148 177 297 185 172 298 106 175 299 24 178 300 184 176 301 35 179 302 150 180 303 11 180 304 154 180 305 15 181 306 150 181 307 154 181 308 3 0 309 13 0 310 15 0 311 15 182 312 154 182 313 152 182 314 173 183 315 96 183 316 111 183 317 254 0 708 349 0 709 347 0 710 259 181 711 347 181 712 349 181 713 259 329 714 348 329 715 209 329 716 259 330 717 349 330 718 348 330 719 333 180 720 343 180 721 337 180 722 8 0 723 18 0 724 16 0 725 6 0 726 5 0 727 8 0 728 5 0 729 200 0 730 8 0 731 10 0 732 176 0 733 4 0 734 11 0 735 200 0 736 5 0 737 10 0 738 4 0 739 11 0 740 9 0 741 19 0 742 17 0 743 7 0 744 4 0 745 9 0 746 4 0 747 176 0 748 9 0 749 37 1 750 22 1 751 193 1 752 193 1 753 206 1 754 201 1 755 33 1 756 206 1 757 20 1 758 20 331 759 25 331 760 207 331 761 25 1 762 34 1 763 207 1 764 188 5 765 29 5 766 202 5 767 29 5 768 188 5 769 26 5 770 28 5 771 202 5 772 27 5 773 32 7 774 204 7 775 21 7 776 35 332 777 32 332 778 205 332 779 205 7 780 21 7 781 24 7 782 204 7 783 183 7 784 203 7 785 183 7 786 36 7 787 203 7 788 41 9 789 38 15 790 156 10 791 44 12 792 43 16 793 157 13 794 38 15 795 44 12 796 81 14 797 43 16 798 46 128 799 84 17 800 53 18 801 41 9 802 68 11 803 55 20 804 57 23 805 70 21 806 57 23 807 53 18 808 158 19 809 59 24 810 60 27 811 72 25 812 60 27 813 55 20 814 159 22 815 62 28 816 59 24 817 160 26 818 64 30 819 66 126 820 79 31 821 26 33 822 64 30 823 161 32 824 76 35 825 75 38 826 162 36 827 75 38 828 78 120 829 67 39 830 82 40 831 85 108 832 47 41 833 86 43 834 88 46 835 49 44 836 88 46 837 82 40 838 163 42 839 91 47 840 93 50 841 51 48 842 93 50 843 86 43 844 164 45 845 36 51 846 91 47 847 165 49 848 95 53 849 97 59 850 166 54 851 98 56 852 100 60 853 167 57 854 97 59 855 98 56 856 137 58 857 100 60 858 103 168 859 141 61 860 108 62 861 95 53 862 124 55 863 110 64 864 112 67 865 126 65 866 112 67 867 108 62 868 168 63 869 114 68 870 116 71 871 128 69 872 116 71 873 110 64 874 169 66 875 118 72 876 114 68 877 170 70 878 120 74 879 123 166 880 134 75 881 19 77 882 120 74 883 171 76 884 131 79 885 133 82 886 172 80 887 133 82 888 135 160 889 122 83 890 138 84 891 140 148 892 102 85 893 143 87 894 145 90 895 105 88 896 145 90 897 138 84 898 173 86 899 146 91 900 149 94 901 107 92 902 149 94 903 143 87 904 174 89 905 25 95 906 146 91 907 175 93 908 151 97 909 14 97 910 10 97 911 14 333 912 12 333 913 10 333 914 10 334 915 5 334 916 155 334 917 153 97 918 155 97 919 5 97 920 5 97 921 6 97 922 153 97 923 6 97 924 2 97 925 153 97 926 2 335 927 0 335 928 12 335 929 0 97 930 9 97 931 12 97 932 176 336 933 10 336 934 12 336 935 9 97 936 176 97 937 12 97 938 14 337 939 153 337 940 2 337 941 196 97 942 125 97 943 195 97 944 195 338 945 136 338 946 194 338 947 194 97 948 140 97 949 138 97 950 138 339 951 145 339 952 143 339 953 143 340 954 149 340 955 146 340 956 146 97 957 25 97 958 133 97 959 25 97 960 20 97 961 6 97 962 133 341 963 25 341 964 199 341 965 193 97 966 22 97 967 2 97 968 22 342 969 192 342 970 26 342 971 2 343 972 22 343 973 26 343 974 20 97 975 193 97 976 6 97 977 25 344 978 16 344 979 199 344 980 138 97 981 143 97 982 194 97 983 143 97 984 146 97 985 194 97 986 195 345 987 194 345 988 146 345 989 127 97 990 196 97 991 197 97 992 196 97 993 195 97 994 197 97 995 198 97 996 129 97 997 197 97 998 16 97 999 25 97 1000 6 97 1001 192 346 1002 50 346 1003 191 346 1004 191 97 1005 48 97 1006 190 97 1007 190 97 1008 46 97 1009 43 97 1010 43 347 1011 44 347 1012 38 347 1013 38 97 1014 41 97 1015 53 97 1016 53 348 1017 57 348 1018 55 348 1019 55 349 1020 60 349 1021 59 349 1022 59 97 1023 62 97 1024 189 97 1025 189 350 1026 66 350 1027 64 350 1028 64 351 1029 26 351 1030 192 351 1031 26 352 1032 188 352 1033 2 352 1034 28 97 1035 30 97 1036 0 97 1037 30 97 1038 177 97 1039 36 97 1040 0 343 1041 30 343 1042 36 343 1043 188 353 1044 28 353 1045 0 353 1046 59 97 1047 189 97 1048 53 97 1049 189 97 1050 64 97 1051 191 97 1052 53 97 1053 189 97 1054 190 97 1055 53 354 1056 55 354 1057 59 354 1058 43 355 1059 38 355 1060 190 355 1061 38 356 1062 53 356 1063 190 356 1064 191 97 1065 190 97 1066 189 97 1067 193 97 1068 2 97 1069 6 97 1070 192 357 1071 191 357 1072 64 357 1073 197 358 1074 195 358 1075 146 358 1076 131 359 1077 198 359 1078 133 359 1079 198 97 1080 197 97 1081 133 97 1082 199 97 1083 135 97 1084 133 97 1085 197 97 1086 146 97 1087 133 97 1088 188 97 1089 0 97 1090 2 97 1091 177 97 1092 78 97 1093 75 97 1094 75 360 1095 76 360 1096 178 360 1097 178 97 1098 73 97 1099 179 97 1100 179 361 1101 71 361 1102 180 361 1103 180 97 1104 69 97 1105 181 97 1106 181 362 1107 80 362 1108 182 362 1109 182 97 1110 85 97 1111 82 97 1112 82 363 1113 88 363 1114 86 363 1115 86 364 1116 93 364 1117 91 364 1118 91 97 1119 36 97 1120 75 97 1121 36 97 1122 183 97 1123 0 97 1124 32 97 1125 35 97 1126 9 97 1127 35 365 1128 184 365 1129 187 365 1130 183 97 1131 32 97 1132 9 97 1133 0 97 1134 183 97 1135 9 97 1136 82 97 1137 86 97 1138 182 97 1139 86 97 1140 91 97 1141 182 97 1142 181 366 1143 182 366 1144 91 366 1145 179 97 1146 180 97 1147 181 97 1148 75 367 1149 178 367 1150 181 367 1151 178 368 1152 179 368 1153 181 368 1154 177 369 1155 75 369 1156 36 369 1157 19 97 1158 9 97 1159 35 97 1160 120 97 1161 19 97 1162 35 97 1163 123 97 1164 120 97 1165 187 97 1166 35 370 1167 187 370 1168 120 370 1169 184 371 1170 106 371 1171 185 371 1172 185 97 1173 104 97 1174 186 97 1175 186 97 1176 103 97 1177 100 97 1178 100 372 1179 98 372 1180 97 372 1181 97 97 1182 95 97 1183 108 97 1184 108 373 1185 112 373 1186 110 373 1187 110 374 1188 116 374 1189 114 374 1190 114 97 1191 118 97 1192 187 97 1193 75 375 1194 181 375 1195 91 375 1196 184 376 1197 185 376 1198 187 376 1199 185 97 1200 186 97 1201 187 97 1202 186 97 1203 100 97 1204 187 97 1205 100 377 1206 97 377 1207 108 377 1208 108 378 1209 110 378 1210 114 378 1211 114 97 1212 187 97 1213 100 97 1214 40 100 1215 39 106 1216 181 101 1217 45 103 1218 42 107 1219 182 104 1220 39 106 1221 45 103 1222 80 105 1223 42 107 1224 47 41 1225 85 108 1226 52 109 1227 40 100 1228 69 102 1229 54 111 1230 56 114 1231 71 112 1232 56 114 1233 52 109 1234 180 110 1235 58 115 1236 61 118 1237 73 116 1238 61 118 1239 54 111 1240 179 113 1241 63 37 1242 58 115 1243 178 117 1244 65 119 1245 67 39 1246 78 120 1247 27 122 1248 65 119 1249 177 121 1250 77 29 1251 74 125 1252 189 124 1253 74 125 1254 79 31 1255 66 126 1256 83 127 1257 84 17 1258 46 128 1259 87 130 1260 89 133 1261 48 131 1262 89 133 1263 83 127 1264 190 129 1265 90 134 1266 92 137 1267 50 135 1268 92 137 1269 87 130 1270 191 132 1271 37 138 1272 90 134 1273 192 136 1274 94 140 1275 96 146 1276 195 141 1277 99 143 1278 101 147 1279 194 144 1280 96 146 1281 99 143 1282 136 145 1283 101 147 1284 102 85 1285 140 148 1286 109 149 1287 94 140 1288 125 142 1289 111 151 1290 113 154 1291 127 152 1292 113 154 1293 109 149 1294 196 150 1295 115 155 1296 117 158 1297 129 156 1298 117 158 1299 111 151 1300 197 153 1301 119 81 1302 115 155 1303 198 157 1304 121 159 1305 122 83 1306 135 160 1307 18 162 1308 121 159 1309 199 161 1310 130 73 1311 132 165 1312 187 164 1313 132 165 1314 134 75 1315 123 166 1316 139 167 1317 141 61 1318 103 168 1319 142 170 1320 144 173 1321 104 171 1322 144 173 1323 139 167 1324 186 169 1325 147 174 1326 148 177 1327 106 175 1328 148 177 1329 142 170 1330 185 172 1331 24 178 1332 147 174 1333 184 176 1334 150 180 1335 15 180 1336 11 180 1337 15 379 1338 13 379 1339 11 379 1340 11 380 1341 4 380 1342 154 380 1343 152 180 1344 154 180 1345 4 180 1346 4 180 1347 7 180 1348 152 180 1349 7 180 1350 3 180 1351 152 180 1352 3 180 1353 1 180 1354 13 180 1355 1 180 1356 8 180 1357 13 180 1358 200 381 1359 11 381 1360 13 381 1361 8 180 1362 200 180 1363 13 180 1364 15 180 1365 152 180 1366 3 180 1367 166 180 1368 137 180 1369 167 180 1370 167 180 1371 141 180 1372 139 180 1373 139 382 1374 144 382 1375 142 382 1376 142 383 1377 148 383 1378 147 383 1379 147 180 1380 24 180 1381 17 180 1382 24 180 1383 21 180 1384 7 180 1385 203 180 1386 23 180 1387 3 180 1388 23 180 1389 165 180 1390 27 180 1391 3 180 1392 23 180 1393 27 180 1394 24 180 1395 7 180 1396 17 180 1397 21 180 1398 203 180 1399 7 180 1400 139 180 1401 142 180 1402 167 180 1403 142 384 1404 147 384 1405 167 384 1406 166 385 1407 167 385 1408 147 385 1409 168 386 1410 124 386 1411 166 386 1412 169 387 1413 126 387 1414 168 387 1415 170 388 1416 128 388 1417 169 388 1418 132 180 1419 130 180 1420 170 180 1421 171 389 1422 134 389 1423 132 389 1424 17 390 1425 171 390 1426 147 390 1427 3 180 1428 7 180 1429 203 180 1430 171 180 1431 132 180 1432 170 180 1433 170 180 1434 169 180 1435 168 180 1436 168 391 1437 166 391 1438 147 391 1439 165 180 1440 51 180 1441 164 180 1442 164 180 1443 49 180 1444 163 180 1445 147 180 1446 171 180 1447 168 180 1448 171 392 1449 170 392 1450 168 392 1451 27 393 1452 165 393 1453 164 393 1454 164 394 1455 163 394 1456 39 394 1457 163 180 1458 47 180 1459 42 180 1460 42 395 1461 45 395 1462 39 395 1463 163 396 1464 42 396 1465 39 396 1466 18 180 1467 8 180 1468 34 180 1469 8 180 1470 1 180 1471 201 180 1472 1 397 1473 3 397 1474 202 397 1475 65 180 1476 164 180 1477 162 180 1478 39 398 1479 40 398 1480 52 398 1481 52 399 1482 56 399 1483 54 399 1484 54 400 1485 61 400 1486 58 400 1487 58 401 1488 63 401 1489 162 401 1490 162 402 1491 67 402 1492 65 402 1493 65 180 1494 27 180 1495 164 180 1496 27 403 1497 202 403 1498 3 403 1499 29 404 1500 31 404 1501 1 404 1502 31 405 1503 161 405 1504 37 405 1505 1 180 1506 31 180 1507 37 180 1508 202 406 1509 29 406 1510 1 406 1511 58 180 1512 162 180 1513 52 180 1514 52 180 1515 162 180 1516 164 180 1517 52 407 1518 54 407 1519 58 407 1520 164 408 1521 39 408 1522 52 408 1523 121 180 1524 18 180 1525 34 180 1526 8 180 1527 201 180 1528 33 180 1529 161 409 1530 79 409 1531 74 409 1532 74 180 1533 77 180 1534 160 180 1535 160 386 1536 72 386 1537 159 386 1538 159 410 1539 70 410 1540 158 410 1541 158 388 1542 68 388 1543 156 388 1544 156 180 1545 81 180 1546 157 180 1547 157 180 1548 84 180 1549 83 180 1550 83 411 1551 89 411 1552 87 411 1553 87 412 1554 92 412 1555 90 412 1556 90 180 1557 37 180 1558 74 180 1559 37 180 1560 201 180 1561 1 180 1562 33 180 1563 34 180 1564 8 180 1565 34 413 1566 175 413 1567 172 413 1568 83 180 1569 87 180 1570 157 180 1571 87 414 1572 90 414 1573 157 414 1574 156 415 1575 157 415 1576 90 415 1577 159 180 1578 158 180 1579 156 180 1580 74 180 1581 160 180 1582 156 180 1583 160 416 1584 159 416 1585 156 416 1586 161 180 1587 74 180 1588 37 180 1589 122 180 1590 121 180 1591 172 180 1592 115 417 1593 119 417 1594 172 417 1595 34 418 1596 172 418 1597 121 418 1598 175 180 1599 107 180 1600 174 180 1601 174 180 1602 105 180 1603 173 180 1604 173 180 1605 102 180 1606 101 180 1607 101 419 1608 99 419 1609 96 419 1610 96 420 1611 94 420 1612 109 420 1613 109 421 1614 113 421 1615 111 421 1616 111 422 1617 117 422 1618 115 422 1619 115 180 1620 172 180 1621 175 180 1622 74 423 1623 156 423 1624 90 423 1625 175 424 1626 174 424 1627 173 424 1628 173 425 1629 101 425 1630 96 425 1631 96 180 1632 109 180 1633 111 180 1634 111 180 1635 115 180 1636 175 180 1637 111 426 1638 175 426 1639 173 426 1640 347 180 1782 259 180 1783 257 180 1784 259 429 1785 258 429 1786 257 429 1787 257 430 1788 254 430 1789 347 430 1790 348 431 1791 349 431 1792 254 431 1793 254 180 1794 255 180 1795 348 180 1796 255 432 1797 209 432 1798 348 432 1799 209 433 1800 208 433 1801 258 433 1802 208 434 1803 256 434 1804 258 434 1805 256 435 1806 257 435 1807 258 435 1808 209 0 1809 258 0 1810 259 0 1811 298 436 1812 299 436 1813 296 436 1814 296 437 1815 297 437 1816 294 437 1817 294 438 1818 295 438 1819 292 438 1820 292 439 1821 293 439 1822 290 439 1823 290 440 1824 291 440 1825 300 440 1826 300 180 1827 302 180 1828 301 180 1829 301 441 1830 304 441 1831 303 441 1832 303 442 1833 306 442 1834 305 442 1835 305 443 1836 308 443 1837 307 443 1838 307 180 1839 270 180 1840 298 180 1841 270 180 1842 268 180 1843 208 180 1844 268 180 1845 269 180 1846 256 180 1847 269 444 1848 318 444 1849 261 444 1850 256 445 1851 269 445 1852 261 445 1853 318 446 1854 317 446 1855 316 446 1856 316 447 1857 315 447 1858 314 447 1859 314 180 1860 313 180 1861 312 180 1862 312 448 1863 311 448 1864 310 448 1865 310 449 1866 309 449 1867 319 449 1868 319 450 1869 321 450 1870 320 450 1871 320 451 1872 323 451 1873 322 451 1874 322 452 1875 325 452 1876 324 452 1877 324 453 1878 327 453 1879 326 453 1880 326 180 1881 261 180 1882 316 180 1883 316 180 1884 261 180 1885 318 180 1886 256 180 1887 208 180 1888 268 180 1889 322 180 1890 324 180 1891 326 180 1892 319 180 1893 320 180 1894 322 180 1895 312 454 1896 310 454 1897 319 454 1898 316 455 1899 314 455 1900 312 455 1901 305 180 1902 307 180 1903 298 180 1904 270 456 1905 208 456 1906 267 456 1907 298 180 1908 270 180 1909 267 180 1910 301 457 1911 303 457 1912 290 457 1913 303 180 1914 305 180 1915 290 180 1916 290 180 1917 300 180 1918 301 180 1919 294 458 1920 292 458 1921 298 458 1922 292 180 1923 290 180 1924 298 180 1925 298 459 1926 296 459 1927 294 459 1928 266 180 1929 267 180 1930 208 180 1931 288 460 1932 265 460 1933 279 460 1934 265 461 1935 266 461 1936 209 461 1937 286 462 1938 289 462 1939 288 462 1940 284 463 1941 287 463 1942 286 463 1943 282 464 1944 285 464 1945 284 464 1946 281 465 1947 283 465 1948 282 465 1949 271 466 1950 272 466 1951 281 466 1952 273 467 1953 274 467 1954 271 467 1955 275 468 1956 276 468 1957 273 468 1958 277 469 1959 278 469 1960 275 469 1961 279 470 1962 280 470 1963 277 470 1964 262 180 1965 263 180 1966 209 180 1967 263 471 1968 279 471 1969 265 471 1970 209 180 1971 263 180 1972 265 180 1973 345 180 1974 264 180 1975 337 180 1976 264 180 1977 262 180 1978 255 180 1979 337 180 1980 264 180 1981 260 180 1982 343 472 1983 346 472 1984 345 472 1985 341 473 1986 344 473 1987 343 473 1988 339 474 1989 342 474 1990 341 474 1991 338 475 1992 340 475 1993 339 475 1994 329 180 1995 328 180 1996 338 180 1997 331 476 1998 330 476 1999 329 476 2000 333 477 2001 332 477 2002 331 477 2003 335 478 2004 334 478 2005 333 478 2006 337 479 2007 336 479 2008 335 479 2009 255 180 2010 260 180 2011 264 180 2012 209 180 2013 255 180 2014 262 180 2015 337 180 2016 335 180 2017 333 180 2018 333 480 2019 331 480 2020 339 480 2021 331 481 2022 329 481 2023 339 481 2024 329 180 2025 338 180 2026 339 180 2027 339 482 2028 341 482 2029 343 482 2030 343 483 2031 345 483 2032 337 483 2033 279 180 2034 277 180 2035 288 180 2036 277 180 2037 275 180 2038 273 180 2039 273 484 2040 271 484 2041 281 484 2042 281 180 2043 282 180 2044 284 180 2045 284 485 2046 286 485 2047 288 485 2048 209 486 2049 266 486 2050 208 486 2051 326 487 2052 316 487 2053 319 487 2054 316 180 2055 312 180 2056 319 180 2057 319 180 2058 322 180 2059 326 180 2060 298 488 2061 290 488 2062 305 488 2063 284 180 2064 288 180 2065 277 180 2066 273 489 2067 281 489 2068 284 489 2069 277 490 2070 273 490 2071 284 490 2072 339 180 2073 343 180 2074 333 180 2075</p>
        </triangles>
        <triangles material="ID72_001-material" count="177">
          <input semantic="VERTEX" source="#ID66-mesh-vertices" offset="0"/>
          <input semantic="NORMAL" source="#ID66-mesh-normals" offset="1"/>
          <input semantic="TEXCOORD" source="#ID66-mesh-map-0" offset="2" set="0"/>
          <p>211 0 318 260 0 319 255 0 320 210 184 321 257 184 322 256 184 323 263 7 324 262 7 325 212 7 326 213 7 327 262 7 328 264 7 329 214 185 330 266 185 331 265 185 332 215 5 333 266 5 334 214 5 335 268 1 336 217 1 337 269 1 338 270 1 339 216 1 340 268 1 341 218 186 342 216 186 343 219 186 344 220 187 345 213 187 346 221 187 347 216 97 348 222 97 349 223 97 350 218 97 351 222 97 352 216 97 353 224 97 354 216 97 355 225 97 356 216 188 357 223 188 358 225 188 359 226 97 360 227 97 361 216 97 362 226 97 363 216 97 364 224 97 365 228 189 366 216 189 367 227 189 368 216 190 369 228 190 370 215 190 371 216 97 372 215 97 373 217 97 374 229 97 375 217 97 376 230 97 377 231 97 378 217 97 379 229 97 380 232 191 381 217 191 382 233 191 383 232 97 384 230 97 385 217 97 386 234 97 387 217 97 388 235 97 389 234 97 390 233 97 391 217 97 392 236 192 393 217 192 394 237 192 395 236 97 396 235 97 397 217 97 398 217 97 399 215 97 400 210 97 401 210 193 402 237 193 403 217 193 404 214 97 405 212 97 406 211 97 407 213 194 408 238 194 409 239 194 410 220 97 411 238 97 412 213 97 413 240 195 414 213 195 415 241 195 416 213 97 417 239 97 418 241 97 419 242 97 420 243 97 421 213 97 422 242 97 423 213 97 424 240 97 425 213 196 426 244 196 427 211 196 428 243 97 429 244 97 430 213 97 431 212 97 432 213 97 433 211 97 434 214 197 435 245 197 436 212 197 437 246 97 438 212 97 439 247 97 440 248 198 441 212 198 442 249 198 443 248 97 444 247 97 445 212 97 446 250 97 447 249 97 448 212 97 449 212 199 450 251 199 451 252 199 452 250 97 453 212 97 454 252 97 455 212 97 456 245 97 457 253 97 458 251 97 459 212 97 460 253 97 461 211 200 462 210 200 463 214 200 464 210 200 465 215 200 466 214 200 467 271 201 468 250 202 469 272 203 470 274 204 471 273 205 472 249 206 473 249 206 474 271 201 475 274 204 476 276 207 477 275 208 478 248 209 479 248 209 480 273 205 481 276 207 482 278 210 483 277 211 484 247 212 485 247 212 486 275 208 487 278 210 488 280 213 489 279 214 490 246 215 491 246 215 492 277 211 493 280 213 494 212 216 495 279 214 496 263 217 497 250 202 498 281 218 499 272 203 500 252 219 501 282 220 502 283 221 503 283 221 504 281 218 505 252 219 506 251 222 507 284 223 508 285 224 509 285 224 510 282 220 511 251 222 512 253 225 513 286 226 514 287 227 515 287 227 516 284 223 517 253 225 518 245 228 519 288 229 520 289 230 521 289 230 522 286 226 523 245 228 524 265 231 525 288 229 526 214 232 527 291 233 528 290 234 529 225 235 530 293 236 531 292 237 532 224 238 533 224 238 534 290 234 535 293 236 536 295 239 537 294 240 538 226 241 539 226 241 540 292 237 541 295 239 542 297 242 543 296 243 544 227 244 545 227 244 546 294 240 547 297 242 548 299 245 549 298 246 550 228 247 551 228 247 552 296 243 553 299 245 554 215 248 555 298 246 556 267 249 557 225 235 558 300 250 559 291 233 560 223 251 561 301 252 562 302 253 563 223 251 564 302 253 565 300 250 566 222 254 567 303 255 568 304 256 569 222 254 570 304 256 571 301 252 572 218 257 573 305 258 574 306 259 575 218 257 576 306 259 577 303 255 578 219 260 579 307 261 580 308 262 581 219 260 582 308 262 583 305 258 584 216 263 585 270 264 586 307 261 587 233 265 588 309 266 589 310 267 590 232 268 591 311 269 592 312 270 593 232 268 594 310 267 595 311 269 596 230 271 597 313 272 598 314 273 599 230 271 600 312 270 601 313 272 602 229 274 603 315 275 604 316 276 605 229 274 606 314 273 607 315 275 608 231 277 609 317 278 610 318 279 611 231 277 612 316 276 613 317 278 614 217 280 615 318 279 616 269 281 617 233 265 618 319 282 619 309 266 620 234 283 621 320 284 622 321 285 623 234 283 624 321 285 625 319 282 626 235 286 627 322 287 628 323 288 629 235 286 630 323 288 631 320 284 632 236 289 633 324 290 634 325 291 635 236 289 636 325 291 637 322 287 638 237 292 639 326 293 640 327 294 641 237 292 642 327 294 643 324 290 644 210 295 645 261 296 646 326 293 647 241 297 648 328 298 649 329 299 650 240 300 651 330 301 652 331 302 653 240 300 654 329 299 655 330 301 656 242 303 657 332 304 658 333 305 659 242 303 660 331 302 661 332 304 662 243 306 663 334 307 664 335 308 665 243 306 666 333 305 667 334 307 668 244 309 669 336 310 670 337 311 671 244 309 672 335 308 673 336 310 674 211 312 675 337 311 676 260 313 677 241 297 678 338 314 679 328 298 680 239 315 681 339 316 682 340 317 683 340 317 684 338 314 685 239 315 686 238 318 687 341 319 688 342 320 689 342 320 690 339 316 691 238 318 692 220 321 693 343 322 694 344 323 695 344 323 696 341 319 697 220 321 698 221 324 699 345 325 700 346 326 701 346 326 702 343 322 703 221 324 704 264 327 705 345 325 706 213 328 707 255 0 1641 254 0 1642 211 0 1643 254 427 1644 210 427 1645 211 427 1646 256 0 1647 261 0 1648 210 0 1649 210 428 1650 254 428 1651 257 428 1652 213 7 1653 212 7 1654 262 7 1655 215 5 1656 267 5 1657 266 5 1658 268 1 1659 216 1 1660 217 1 1661 249 206 1662 250 202 1663 271 201 1664 248 209 1665 249 206 1666 273 205 1667 247 212 1668 248 209 1669 275 208 1670 246 215 1671 247 212 1672 277 211 1673 212 216 1674 246 215 1675 279 214 1676 250 202 1677 252 219 1678 281 218 1679 252 219 1680 251 222 1681 282 220 1682 251 222 1683 253 225 1684 284 223 1685 253 225 1686 245 228 1687 286 226 1688 245 228 1689 214 232 1690 288 229 1691 224 238 1692 225 235 1693 290 234 1694 226 241 1695 224 238 1696 292 237 1697 227 244 1698 226 241 1699 294 240 1700 228 247 1701 227 244 1702 296 243 1703 215 248 1704 228 247 1705 298 246 1706 225 235 1707 223 251 1708 300 250 1709 223 251 1710 222 254 1711 301 252 1712 222 254 1713 218 257 1714 303 255 1715 218 257 1716 219 260 1717 305 258 1718 219 260 1719 216 263 1720 307 261 1721 232 268 1722 233 265 1723 310 267 1724 230 271 1725 232 268 1726 312 270 1727 229 274 1728 230 271 1729 314 273 1730 231 277 1731 229 274 1732 316 276 1733 217 280 1734 231 277 1735 318 279 1736 233 265 1737 234 283 1738 319 282 1739 234 283 1740 235 286 1741 320 284 1742 235 286 1743 236 289 1744 322 287 1745 236 289 1746 237 292 1747 324 290 1748 237 292 1749 210 295 1750 326 293 1751 240 300 1752 241 297 1753 329 299 1754 242 303 1755 240 300 1756 331 302 1757 243 306 1758 242 303 1759 333 305 1760 244 309 1761 243 306 1762 335 308 1763 211 312 1764 244 309 1765 337 311 1766 241 297 1767 239 315 1768 338 314 1769 239 315 1770 238 318 1771 339 316 1772 238 318 1773 220 321 1774 341 319 1775 220 321 1776 221 324 1777 343 322 1778 221 324 1779 213 328 1780 345 325 1781</p>
        </triangles>
      </mesh>
    </geometry>
    <geometry id="ID58-mesh" name="ID58">
      <mesh>
        <source id="ID58-mesh-positions">
          <float_array id="ID58-mesh-positions-array" count="72">0.06749999 -0.037 0.000999987 0.06149995 -0.037 0.05099999 0.06749999 -0.037 0.05099999 0.06149995 -0.037 0.000999987 0.06149995 -0.037 0.05099999 0.06149995 -0.04299998 0.000999987 0.06149995 -0.04299998 0.05099999 0.06149995 -0.037 0.000999987 0.06749999 -0.04299998 0.000999987 0.06749999 -0.04299998 0.05099999 0.06149995 -0.04299998 0.05099999 0.06149995 -0.04299998 0.000999987 0.06749999 -0.04299998 0.000999987 0.06749999 -0.037 0.000999987 0.06749999 -0.037 0.05099999 0.06749999 -0.04299998 0.05099999 0.06149995 -0.037 0.05099999 0.06149995 -0.04299998 0.05099999 0.06749999 -0.04299998 0.05099999 0.06749999 -0.037 0.05099999 0.06149995 -0.037 0.000999987 0.06749999 -0.037 0.000999987 0.06749999 -0.04299998 0.000999987 0.06149995 -0.04299998 0.000999987</float_array>
          <technique_common>
            <accessor source="#ID58-mesh-positions-array" count="24" stride="3">
              <param name="X" type="float"/>
              <param name="Y" type="float"/>
              <param name="Z" type="float"/>
            </accessor>
          </technique_common>
        </source>
        <source id="ID58-mesh-normals">
          <float_array id="ID58-mesh-normals-array" count="18">0 1 0 -1 0 0 0 -1 0 1 0 0 0 0 1 0 0 -1</float_array>
          <technique_common>
            <accessor source="#ID58-mesh-normals-array" count="6" stride="3">
              <param name="X" type="float"/>
              <param name="Y" type="float"/>
              <param name="Z" type="float"/>
            </accessor>
          </technique_common>
        </source>
        <vertices id="ID58-mesh-vertices">
          <input semantic="POSITION" source="#ID58-mesh-positions"/>
        </vertices>
        <triangles material="ID64-material" count="12">
          <input semantic="VERTEX" source="#ID58-mesh-vertices" offset="0"/>
          <input semantic="NORMAL" source="#ID58-mesh-normals" offset="1"/>
          <p>0 0 1 0 2 0 1 0 0 0 3 0 4 1 5 1 6 1 4 1 7 1 5 1 8 2 9 2 10 2 10 2 11 2 8 2 12 3 13 3 14 3 12 3 14 3 15 3 16 4 17 4 18 4 16 4 18 4 19 4 20 5 21 5 22 5 22 5 23 5 20 5</p>
        </triangles>
      </mesh>
    </geometry>
    <geometry id="ID50-mesh" name="ID50">
      <mesh>
        <source id="ID50-mesh-positions">
          <float_array id="ID50-mesh-positions-array" count="72">-0.06749999 0.037 0.000999987 -0.06149995 0.037 0.000999987 -0.06149995 0.037 0.05099999 -0.06749999 0.037 0.05099999 -0.06149995 0.04299998 0.000999987 -0.06149995 0.04299998 0.05099999 -0.06149995 0.037 0.05099999 -0.06149995 0.037 0.000999987 -0.06149995 0.04299998 0.05099999 -0.06749999 0.04299998 0.000999987 -0.06749999 0.04299998 0.05099999 -0.06149995 0.04299998 0.000999987 -0.06749999 0.04299998 0.000999987 -0.06749999 0.037 0.05099999 -0.06749999 0.04299998 0.05099999 -0.06749999 0.037 0.000999987 -0.06749999 0.04299998 0.05099999 -0.06149995 0.037 0.05099999 -0.06149995 0.04299998 0.05099999 -0.06749999 0.037 0.05099999 -0.06149995 0.037 0.000999987 -0.06749999 0.04299998 0.000999987 -0.06149995 0.04299998 0.000999987 -0.06749999 0.037 0.000999987</float_array>
          <technique_common>
            <accessor source="#ID50-mesh-positions-array" count="24" stride="3">
              <param name="X" type="float"/>
              <param name="Y" type="float"/>
              <param name="Z" type="float"/>
            </accessor>
          </technique_common>
        </source>
        <source id="ID50-mesh-normals">
          <float_array id="ID50-mesh-normals-array" count="18">0 -1 0 1 0 0 0 1 0 -1 0 0 0 0 1 0 0 -1</float_array>
          <technique_common>
            <accessor source="#ID50-mesh-normals-array" count="6" stride="3">
              <param name="X" type="float"/>
              <param name="Y" type="float"/>
              <param name="Z" type="float"/>
            </accessor>
          </technique_common>
        </source>
        <vertices id="ID50-mesh-vertices">
          <input semantic="POSITION" source="#ID50-mesh-positions"/>
        </vertices>
        <triangles material="ID56-material" count="12">
          <input semantic="VERTEX" source="#ID50-mesh-vertices" offset="0"/>
          <input semantic="NORMAL" source="#ID50-mesh-normals" offset="1"/>
          <p>0 0 1 0 2 0 0 0 2 0 3 0 4 1 5 1 6 1 6 1 7 1 4 1 8 2 9 2 10 2 8 2 11 2 9 2 12 3 13 3 14 3 13 3 12 3 15 3 16 4 17 4 18 4 17 4 16 4 19 4 20 5 21 5 22 5 20 5 23 5 21 5</p>
        </triangles>
      </mesh>
    </geometry>
    <geometry id="ID42-mesh" name="ID42">
      <mesh>
        <source id="ID42-mesh-positions">
          <float_array id="ID42-mesh-positions-array" count="72">0.06749999 0.037 0.000999987 0.06149995 0.037 0.05099999 0.06749999 0.037 0.05099999 0.06149995 0.037 0.000999987 0.06749999 0.04299998 0.000999987 0.06749999 0.037 0.05099999 0.06749999 0.04299998 0.05099999 0.06749999 0.037 0.000999987 0.06749999 0.04299998 0.000999987 0.06749999 0.04299998 0.05099999 0.06149995 0.04299998 0.05099999 0.06149995 0.04299998 0.000999987 0.06149995 0.04299998 0.000999987 0.06149995 0.04299998 0.05099999 0.06149995 0.037 0.05099999 0.06149995 0.037 0.000999987 0.06149995 0.04299998 0.05099999 0.06749999 0.04299998 0.05099999 0.06749999 0.037 0.05099999 0.06149995 0.037 0.05099999 0.06749999 0.037 0.000999987 0.06749999 0.04299998 0.000999987 0.06149995 0.04299998 0.000999987 0.06149995 0.037 0.000999987</float_array>
          <technique_common>
            <accessor source="#ID42-mesh-positions-array" count="24" stride="3">
              <param name="X" type="float"/>
              <param name="Y" type="float"/>
              <param name="Z" type="float"/>
            </accessor>
          </technique_common>
        </source>
        <source id="ID42-mesh-normals">
          <float_array id="ID42-mesh-normals-array" count="18">0 -1 0 1 0 0 0 1 0 -1 0 0 0 0 1 0 0 -1</float_array>
          <technique_common>
            <accessor source="#ID42-mesh-normals-array" count="6" stride="3">
              <param name="X" type="float"/>
              <param name="Y" type="float"/>
              <param name="Z" type="float"/>
            </accessor>
          </technique_common>
        </source>
        <vertices id="ID42-mesh-vertices">
          <input semantic="POSITION" source="#ID42-mesh-positions"/>
        </vertices>
        <triangles material="ID48-material" count="12">
          <input semantic="VERTEX" source="#ID42-mesh-vertices" offset="0"/>
          <input semantic="NORMAL" source="#ID42-mesh-normals" offset="1"/>
          <p>0 0 2 0 1 0 1 0 3 0 0 0 4 1 6 1 5 1 5 1 7 1 4 1 8 2 10 2 9 2 10 2 8 2 11 2 12 3 14 3 13 3 14 3 12 3 15 3 16 4 18 4 17 4 18 4 16 4 19 4 20 5 22 5 21 5 20 5 23 5 22 5</p>
        </triangles>
      </mesh>
    </geometry>
    <geometry id="ID12-mesh" name="ID12">
      <mesh>
        <source id="ID12-mesh-positions">
          <float_array id="ID12-mesh-positions-array" count="2268">0.0625 0.06499999 0.000999987 0.05749994 0.06499999 0.000999987 0.05749994 0.04499995 0.000999987 0.0625 -0.06499999 0.000999987 0.06837785 -0.0630902 0.000999987 0.06957107 -0.06207108 0.000999987 0.01749998 0.06499999 0.000999987 -0.0625 0.06499999 0.000999987 0.01749998 0.04499995 0.000999987 -0.06406426 -0.06487685 0.000999987 -0.0625 -0.06499999 0.000999987 -0.0655902 -0.06451058 0.000999987 0.06406426 -0.06487685 0.000999987 0.0655902 -0.06451058 0.000999987 -0.06406426 0.06487685 0.000999987 -0.0655902 0.06451058 0.000999987 -0.0670399 0.06391006 0.000999987 -0.06957107 0.06207108 0.000999987 -0.06837785 0.0630902 0.000999987 -0.07059019 0.06087785 0.000999987 -0.07141005 0.05953985 0.000999987 -0.07201057 0.05809015 0.000999987 -0.0723769 0.05656427 0.000999987 -0.07249999 0.055 0.000999987 -0.07249999 -0.055 0.000999987 0.01749998 -0.04499995 0.000999987 -0.06837785 -0.0630902 0.000999987 -0.0670399 -0.06391006 0.000999987 -0.06957107 -0.06207108 0.000999987 -0.07059019 -0.06087785 0.000999987 -0.07201057 -0.05809015 0.000999987 -0.07141005 -0.05953985 0.000999987 -0.0723769 -0.05656427 0.000999987 0.01749998 -0.06499999 0.000999987 0.05749994 -0.04499995 0.000999987 0.05749994 -0.06499999 0.000999987 0.0670399 -0.06391006 0.000999987 0.07059019 -0.06087785 0.000999987 0.07141005 -0.05953985 0.000999987 0.07201057 -0.05809015 0.000999987 0.0723769 -0.05656427 0.000999987 0.07249999 -0.055 0.000999987 0.07249999 0.055 0.000999987 0.07201057 0.05809015 0.000999987 0.0723769 0.05656427 0.000999987 0.07059019 0.06087785 0.000999987 0.07141005 0.05953985 0.000999987 0.06837785 0.0630902 0.000999987 0.06957107 0.06207108 0.000999987 0.0655902 0.06451058 0.000999987 0.0670399 0.06391006 0.000999987 0.06406426 0.06487685 0.000999987 0.01749998 -0.06499999 0.000999987 -0.0625 -0.06499999 0 0.0625 -0.06499999 0 0.03973668 -0.06499999 0.05087447 0.03749436 -0.06499999 0.05099958 0.0352568 -0.06499999 0.05087339 0.05749994 -0.06499999 0.000999987 0.03304749 -0.06499999 0.05049806 0.04194694 -0.06499999 0.05049896 0.04409998 -0.06499999 0.04987919 0.03088939 -0.06499999 0.04987555 0.02881848 -0.06499999 0.04901695 0.04617488 -0.06499999 0.04902058 0.02685797 -0.06499999 0.04793357 0.0481382 -0.06499999 0.04793566 0.04996496 -0.06499999 0.04663985 0.02502626 -0.06499999 0.04663306 0.02335464 -0.06499999 0.04513829 0.05163955 -0.06499999 0.04514455 0.02186268 -0.06499999 0.04346895 0.05313527 -0.06499999 0.04347115 0.05443108 -0.06499999 0.04164528 0.02056306 -0.06499999 0.04163628 0.05551749 -0.06499999 0.03968119 0.01947879 -0.06499999 0.03967267 0.05637717 -0.06499999 0.03760647 0.05699688 -0.06499999 0.03545576 0.01862215 -0.06499999 0.03760504 0.0180006 -0.06499999 0.03544574 0.05737358 -0.06499999 0.03324359 0.0176264 -0.06499999 0.03324359 0.03569507 -0.06499999 0.0237298 0.03601336 -0.06499999 0.02401 0.01749998 -0.06499999 0.03099995 0.03843206 -0.06499999 0.01968026 0.03881078 -0.06499999 0.01987117 -0.0625 -0.06499999 0.000999987 0.03601336 -0.06499999 0.01998996 0.03569507 -0.06499999 0.02027016 0.0625 -0.06499999 0.000999987 0.05749994 -0.06499999 0.03099995 0.03999996 -0.06499999 0.02199995 0.03996396 -0.06499999 0.02157747 0.03985714 -0.06499999 0.02116709 0.03968244 -0.06499999 0.0207808 0.0394451 -0.06499999 0.02042937 0.03915166 -0.06499999 0.0201233 0.03802669 -0.06499999 0.0195561 0.03760606 -0.06499999 0.01950228 0.03718245 -0.06499999 0.01952016 0.03637444 -0.06499999 0.0197677 0.03676789 -0.06499999 0.01960957 0.0354287 -0.06499999 0.02060008 0.03508067 -0.06499999 0.02137005 0.03522187 -0.06499999 0.02097016 0.03500896 -0.06499999 0.02221196 0.03500896 -0.06499999 0.021788 0.03760606 -0.06499999 0.02449768 0.03522187 -0.06499999 0.0230298 0.03508067 -0.06499999 0.02262985 0.0354287 -0.06499999 0.02339988 0.03637444 -0.06499999 0.02423226 0.03718245 -0.06499999 0.0244798 0.03676789 -0.06499999 0.02439039 0.03802669 -0.06499999 0.02444386 0.03881078 -0.06499999 0.02412879 0.03843206 -0.06499999 0.02431964 0.0394451 -0.06499999 0.02357059 0.03915166 -0.06499999 0.02387666 0.03985714 -0.06499999 0.02283275 0.03968244 -0.06499999 0.02321916 0.03996396 -0.06499999 0.02242249 0.07249999 -0.055 0 0.07249999 0.055 0.000999987 0.07249999 -0.055 0.000999987 0.07249999 0.055 0 0.03999996 0.06499999 0.02199995 0.03996467 0.06499999 0.02241879 0.05749994 0.06499999 0.03099995 0.01749998 0.06499999 0.000999987 0.0625 0.06499999 0 -0.0625 0.06499999 0 0.05164527 0.06499999 0.04513829 0.0531373 0.06499999 0.04346895 0.02186465 0.06499999 0.04347115 -0.0625 0.06499999 0.000999987 0.05749994 0.06499999 0.000999987 0.0625 0.06499999 0.000999987 0.02686178 0.06499999 0.04793566 0.04618149 0.06499999 0.04901695 0.04814195 0.06499999 0.04793357 0.02503496 0.06499999 0.04663985 0.04997366 0.06499999 0.04663306 0.04195249 0.06499999 0.05049806 0.03305298 0.06499999 0.05049896 0.03974318 0.06499999 0.05087339 0.04411059 0.06499999 0.04987555 0.0288251 0.06499999 0.04902058 0.0309 0.06499999 0.04987919 0.03526329 0.06499999 0.05087447 0.03750556 0.06499999 0.05099958 0.02336037 0.06499999 0.04514455 0.02056884 0.06499999 0.04164528 0.05443686 0.06499999 0.04163628 0.01948249 0.06499999 0.03968119 0.05552119 0.06499999 0.03967267 0.05637776 0.06499999 0.03760504 0.01862275 0.06499999 0.03760647 0.05699938 0.06499999 0.03544574 0.0180031 0.06499999 0.03545576 0.0176264 0.06499999 0.03324359 0.05737358 0.06499999 0.03324359 0.03641527 0.06499999 0.02425235 0.03605329 0.06499999 0.02403885 0.01749998 0.06499999 0.03099995 0.03563588 0.06499999 0.02033406 0.0359413 0.06499999 0.02004539 0.03708118 0.06499999 0.0195353 0.03749996 0.06499999 0.01949995 0.03764015 0.06499999 0.02449607 0.0362907 0.06499999 0.01981186 0.03667426 0.06499999 0.01964026 0.03538316 0.06499999 0.02066987 0.03506267 0.06499999 0.02144366 0.03519028 0.06499999 0.0210433 0.0350157 0.06499999 0.02227985 0.0350039 0.06499999 0.02185976 0.03524756 0.06499999 0.0230847 0.03509765 0.06499999 0.02269208 0.03573215 0.06499999 0.02376776 0.03546106 0.06499999 0.02344667 0.03722006 0.06499999 0.02448427 0.03680789 0.06499999 0.02440226 0.03805625 0.06499999 0.02443724 0.0388301 0.06499999 0.02411675 0.03845667 0.06499999 0.02430969 0.03945457 0.06499999 0.02355867 0.03916585 0.06499999 0.02386409 0.03985965 0.06499999 0.02282565 0.03968805 0.06499999 0.02320927 0.03996187 0.06499999 0.02156555 0.03966468 0.06499999 0.02074944 0.03984898 0.06499999 0.02114444 0.0394147 0.06499999 0.02039259 0.03874957 0.06499999 0.01983469 0.03910648 0.06499999 0.0200845 0.03793388 0.06499999 0.01953798 0.03835469 0.06499999 0.01965069 -0.07249999 0.055 0.000999987 -0.07249999 0.055 0 -0.07249999 -0.055 0 -0.07249999 -0.055 0.000999987 -0.0655902 -0.06451058 0 -0.0625 -0.06499999 0 -0.06406426 -0.06487685 0 0.0655902 0.06451058 0 0.0625 0.06499999 0 0.06406426 0.06487685 0 -0.0670399 -0.06391006 0 -0.06837785 -0.0630902 0 -0.07059019 -0.06087785 0 -0.06957107 -0.06207108 0 -0.07141005 -0.05953985 0 -0.07201057 -0.05809015 0 -0.0723769 -0.05656427 0 -0.07249999 -0.055 0 0.0625 -0.06499999 0 0.0655902 -0.06451058 0 0.0670399 -0.06391006 0 0.06406426 -0.06487685 0 0.06837785 -0.0630902 0 0.06957107 -0.06207108 0 0.07059019 -0.06087785 0 0.07141005 -0.05953985 0 0.07201057 -0.05809015 0 0.0723769 -0.05656427 0 0.07249999 -0.055 0 -0.0625 0.06499999 0 0.07249999 0.055 0 -0.07249999 0.055 0 0.0670399 0.06391006 0 0.06837785 0.0630902 0 0.07059019 0.06087785 0 0.06957107 0.06207108 0 0.07141005 0.05953985 0 0.07201057 0.05809015 0 0.0723769 0.05656427 0 -0.06406426 0.06487685 0 -0.0655902 0.06451058 0 -0.0670399 0.06391006 0 -0.06837785 0.0630902 0 -0.06957107 0.06207108 0 -0.07141005 0.05953985 0 -0.07059019 0.06087785 0 -0.0723769 0.05656427 0 -0.07201057 0.05809015 0 -0.06957107 0.06207108 0 -0.06957107 0.06207108 0.000999987 -0.06837785 0.0630902 0.000999987 -0.0670399 0.06391006 0.000999987 -0.06837785 0.0630902 0 -0.0655902 0.06451058 0.000999987 -0.0670399 0.06391006 0 -0.0655902 0.06451058 0 -0.06406426 0.06487685 0.000999987 -0.0625 0.06499999 0.000999987 -0.06406426 0.06487685 0 -0.0625 0.06499999 0 -0.07059019 0.06087785 0 -0.07059019 0.06087785 0.000999987 -0.07141005 0.05953985 0 -0.07201057 0.05809015 0 -0.07141005 0.05953985 0.000999987 -0.0723769 0.05656427 0 -0.07201057 0.05809015 0.000999987 -0.0723769 0.05656427 0.000999987 -0.07249999 0.055 0 -0.07249999 0.055 0.000999987 0.07059019 0.06087785 0.000999987 0.06957107 0.06207108 0 0.06957107 0.06207108 0.000999987 0.07141005 0.05953985 0.000999987 0.07059019 0.06087785 0 0.07141005 0.05953985 0 0.07201057 0.05809015 0.000999987 0.0723769 0.05656427 0.000999987 0.07201057 0.05809015 0 0.07249999 0.055 0.000999987 0.0723769 0.05656427 0 0.07249999 0.055 0 0.06837785 0.0630902 0 0.06837785 0.0630902 0.000999987 0.0670399 0.06391006 0 0.0655902 0.06451058 0 0.0670399 0.06391006 0.000999987 0.06406426 0.06487685 0 0.0655902 0.06451058 0.000999987 0.06406426 0.06487685 0.000999987 0.0625 0.06499999 0 0.0625 0.06499999 0.000999987 0.06957107 -0.06207108 0 0.06957107 -0.06207108 0.000999987 0.06837785 -0.0630902 0.000999987 0.0670399 -0.06391006 0.000999987 0.06837785 -0.0630902 0 0.0655902 -0.06451058 0.000999987 0.0670399 -0.06391006 0 0.0655902 -0.06451058 0 0.06406426 -0.06487685 0.000999987 0.0625 -0.06499999 0.000999987 0.06406426 -0.06487685 0 0.0625 -0.06499999 0 0.07059019 -0.06087785 0 0.07059019 -0.06087785 0.000999987 0.07141005 -0.05953985 0 0.07201057 -0.05809015 0 0.07141005 -0.05953985 0.000999987 0.0723769 -0.05656427 0 0.07201057 -0.05809015 0.000999987 0.0723769 -0.05656427 0.000999987 0.07249999 -0.055 0 0.07249999 -0.055 0.000999987 -0.07059019 -0.06087785 0.000999987 -0.06957107 -0.06207108 0 -0.06957107 -0.06207108 0.000999987 -0.07141005 -0.05953985 0.000999987 -0.07059019 -0.06087785 0 -0.07141005 -0.05953985 0 -0.07201057 -0.05809015 0.000999987 -0.0723769 -0.05656427 0.000999987 -0.07201057 -0.05809015 0 -0.07249999 -0.055 0.000999987 -0.0723769 -0.05656427 0 -0.07249999 -0.055 0 -0.06837785 -0.0630902 0 -0.06837785 -0.0630902 0.000999987 -0.0670399 -0.06391006 0 -0.0655902 -0.06451058 0 -0.0670399 -0.06391006 0.000999987 -0.06406426 -0.06487685 0 -0.0655902 -0.06451058 0.000999987 -0.06406426 -0.06487685 0.000999987 -0.0625 -0.06499999 0 -0.0625 -0.06499999 0.000999987 0.01749998 -0.06499999 0.000999987 0.01749998 -0.06499999 0.03099995 0.01749998 -0.04499995 0.03099995 0.01749998 -0.04499995 0.000999987 0.05749994 -0.04499995 0.000999987 0.05749994 -0.04499995 0.03099995 0.05749994 -0.06499999 0.03099995 0.05749994 -0.06499999 0.000999987 0.05637776 -0.04499995 0.03760504 0.03947287 -0.04499995 0.02353549 0.05552119 -0.04499995 0.03967267 0.02056884 -0.04499995 0.04164528 0.03580677 -0.04499995 0.02383929 0.03552705 -0.04499995 0.02353549 0.01948249 -0.04499995 0.03968119 0.02503496 -0.04499995 0.04663985 0.02336037 -0.04499995 0.04514455 0.02186465 -0.04499995 0.04347115 0.0288251 -0.04499995 0.04902058 0.03613257 -0.04499995 0.02409285 0.02686178 -0.04499995 0.04793566 0.03305298 -0.04499995 0.05049896 0.03688627 -0.04499995 0.02442348 0.0309 -0.04499995 0.04987919 0.0364958 -0.04499995 0.02428936 0.03770637 -0.04499995 0.02449148 0.03729355 -0.04499995 0.02449148 0.03750556 -0.04499995 0.05099958 0.03526329 -0.04499995 0.05087447 0.03811365 -0.04499995 0.02442348 0.04411059 -0.04499995 0.04987555 0.03850418 -0.04499995 0.02428936 0.04195249 -0.04499995 0.05049806 0.05164527 -0.04499995 0.04513829 0.03919315 -0.04499995 0.02383929 0.03886735 -0.04499995 0.02409285 0.04814195 -0.04499995 0.04793357 0.04618149 -0.04499995 0.04901695 0.03996586 -0.04499995 0.0215885 0.05749994 -0.04499995 0.03099995 0.03986448 -0.04499995 0.02118825 0.05737358 -0.04499995 0.03324359 0.03969866 -0.04499995 0.0231899 0.05749994 -0.04499995 0.000999987 0.03947287 -0.04499995 0.02046447 0.03969866 -0.04499995 0.02081006 0.03919315 -0.04499995 0.02016067 0.03999996 -0.04499995 0.02199995 0.03996586 -0.04499995 0.02241146 0.03986448 -0.04499995 0.02281165 0.05699938 -0.04499995 0.03544574 0.0531373 -0.04499995 0.04346895 0.05443686 -0.04499995 0.04163628 0.04997366 -0.04499995 0.04663306 0.01749998 -0.04499995 0.000999987 0.03613257 -0.04499995 0.01990705 0.0364958 -0.04499995 0.0197106 0.01749998 -0.04499995 0.03099995 0.03499996 -0.04499995 0.02199995 0.03503406 -0.04499995 0.0215885 0.01862275 -0.04499995 0.03760647 0.03513544 -0.04499995 0.02118825 0.03552705 -0.04499995 0.02046447 0.03530126 -0.04499995 0.02081006 0.03580677 -0.04499995 0.02016067 0.03688627 -0.04499995 0.01957648 0.03729355 -0.04499995 0.01950848 0.03770637 -0.04499995 0.01950848 0.03850418 -0.04499995 0.0197106 0.03811365 -0.04499995 0.01957648 0.03886735 -0.04499995 0.01990705 0.03974318 -0.04499995 0.05087339 0.0180031 -0.04499995 0.03545576 0.0176264 -0.04499995 0.03324359 0.03513544 -0.04499995 0.02281165 0.03530126 -0.04499995 0.0231899 0.03503406 -0.04499995 0.02241146 0.01749998 0.04499995 0.03099995 0.01749998 0.06499999 0.03099995 0.01749998 0.06499999 0.000999987 0.01749998 0.04499995 0.000999987 0.03850418 0.04499995 0.02428936 0.03886735 0.04499995 0.02409285 0.0481382 0.04499995 0.04793566 0.03503406 0.04499995 0.0215885 0.03499996 0.04499995 0.02199995 0.01749998 0.04499995 0.03099995 0.02056306 0.04499995 0.04163628 0.01947879 0.04499995 0.03967267 0.03552705 0.04499995 0.02353549 0.02335464 0.04499995 0.04513829 0.02186268 0.04499995 0.04346895 0.03580677 0.04499995 0.02383929 0.02685797 0.04499995 0.04793357 0.02502626 0.04499995 0.04663306 0.03613257 0.04499995 0.02409285 0.03088939 0.04499995 0.04987555 0.02881848 0.04499995 0.04901695 0.0364958 0.04499995 0.02428936 0.03729355 0.04499995 0.02449148 0.0352568 0.04499995 0.05087339 0.03688627 0.04499995 0.02442348 0.03304749 0.04499995 0.05049806 0.03770637 0.04499995 0.02449148 0.03811365 0.04499995 0.02442348 0.04194694 0.04499995 0.05049896 0.03749436 0.04499995 0.05099958 0.04617488 0.04499995 0.04902058 0.04409998 0.04499995 0.04987919 0.03919315 0.04499995 0.02383929 0.05163955 0.04499995 0.04514455 0.04996496 0.04499995 0.04663985 0.05443108 0.04499995 0.04164528 0.03947287 0.04499995 0.02353549 0.05699688 0.04499995 0.03545576 0.05637717 0.04499995 0.03760647 0.05551749 0.04499995 0.03968119 0.05737358 0.04499995 0.03324359 0.03969866 0.04499995 0.0231899 0.05749994 0.04499995 0.03099995 0.03999996 0.04499995 0.02199995 0.03996586 0.04499995 0.02241146 0.03986448 0.04499995 0.02281165 0.03986448 0.04499995 0.02118825 0.05749994 0.04499995 0.000999987 0.03996586 0.04499995 0.0215885 0.03947287 0.04499995 0.02046447 0.03919315 0.04499995 0.02016067 0.03969866 0.04499995 0.02081006 0.01862215 0.04499995 0.03760504 0.01749998 0.04499995 0.000999987 0.0364958 0.04499995 0.0197106 0.03613257 0.04499995 0.01990705 0.03513544 0.04499995 0.02118825 0.03552705 0.04499995 0.02046447 0.03530126 0.04499995 0.02081006 0.03580677 0.04499995 0.02016067 0.03729355 0.04499995 0.01950848 0.03688627 0.04499995 0.01957648 0.03770637 0.04499995 0.01950848 0.03850418 0.04499995 0.0197106 0.03811365 0.04499995 0.01957648 0.03886735 0.04499995 0.01990705 0.05313527 0.04499995 0.04347115 0.03973668 0.04499995 0.05087447 0.0180006 0.04499995 0.03544574 0.0176264 0.04499995 0.03324359 0.03513544 0.04499995 0.02281165 0.03530126 0.04499995 0.0231899 0.03503406 0.04499995 0.02241146 0.05749994 0.06499999 0.000999987 0.05749994 0.06499999 0.03099995 0.05749994 0.04499995 0.03099995 0.05749994 0.04499995 0.000999987 0.05737358 0.06499999 0.03324359 0.05749994 0.04499995 0.03099995 0.05749994 0.06499999 0.03099995 0.05552119 0.06499999 0.03967267 0.05637717 0.04499995 0.03760647 0.05637776 0.06499999 0.03760504 0.05699938 0.06499999 0.03544574 0.05699688 0.04499995 0.03545576 0.05737358 0.04499995 0.03324359 0.05313527 0.04499995 0.04347115 0.0531373 0.06499999 0.04346895 0.05164527 0.06499999 0.04513829 0.05551749 0.04499995 0.03968119 0.05443686 0.06499999 0.04163628 0.05443108 0.04499995 0.04164528 0.04814195 0.06499999 0.04793357 0.04618149 0.06499999 0.04901695 0.0481382 0.04499995 0.04793566 0.04997366 0.06499999 0.04663306 0.04996496 0.04499995 0.04663985 0.05163955 0.04499995 0.04514455 0.03974318 0.06499999 0.05087339 0.04194694 0.04499995 0.05049896 0.04195249 0.06499999 0.05049806 0.04409998 0.04499995 0.04987919 0.04617488 0.04499995 0.04902058 0.04411059 0.06499999 0.04987555 0.0352568 0.04499995 0.05087339 0.03526329 0.06499999 0.05087447 0.03305298 0.06499999 0.05049896 0.03973668 0.04499995 0.05087447 0.03750556 0.06499999 0.05099958 0.03749436 0.04499995 0.05099958 0.0288251 0.06499999 0.04902058 0.02686178 0.06499999 0.04793566 0.02881848 0.04499995 0.04901695 0.0309 0.06499999 0.04987919 0.03088939 0.04499995 0.04987555 0.03304749 0.04499995 0.05049806 0.02186465 0.06499999 0.04347115 0.02335464 0.04499995 0.04513829 0.02336037 0.06499999 0.04514455 0.02502626 0.04499995 0.04663306 0.02685797 0.04499995 0.04793357 0.02503496 0.06499999 0.04663985 0.02056884 0.06499999 0.04164528 0.02186268 0.04499995 0.04346895 0.02056306 0.04499995 0.04163628 0.01948249 0.06499999 0.03968119 0.01862275 0.06499999 0.03760647 0.01947879 0.04499995 0.03967267 0.0180031 0.06499999 0.03545576 0.01862215 0.04499995 0.03760504 0.0180006 0.04499995 0.03544574 0.0176264 0.06499999 0.03324359 0.01749998 0.06499999 0.03099995 0.0176264 0.04499995 0.03324359 0.01749998 0.04499995 0.03099995 0.0176264 -0.06499999 0.03324359 0.01749998 -0.04499995 0.03099995 0.01749998 -0.06499999 0.03099995 0.01947879 -0.06499999 0.03967267 0.01862275 -0.04499995 0.03760647 0.01862215 -0.06499999 0.03760504 0.0180006 -0.06499999 0.03544574 0.0180031 -0.04499995 0.03545576 0.0176264 -0.04499995 0.03324359 0.02186465 -0.04499995 0.04347115 0.02186268 -0.06499999 0.04346895 0.02335464 -0.06499999 0.04513829 0.01948249 -0.04499995 0.03968119 0.02056306 -0.06499999 0.04163628 0.02056884 -0.04499995 0.04164528 0.02685797 -0.06499999 0.04793357 0.02881848 -0.06499999 0.04901695 0.02686178 -0.04499995 0.04793566 0.02502626 -0.06499999 0.04663306 0.02503496 -0.04499995 0.04663985 0.02336037 -0.04499995 0.04514455 0.0352568 -0.06499999 0.05087339 0.03305298 -0.04499995 0.05049896 0.03304749 -0.06499999 0.05049806 0.0309 -0.04499995 0.04987919 0.0288251 -0.04499995 0.04902058 0.03088939 -0.06499999 0.04987555 0.03974318 -0.04499995 0.05087339 0.03973668 -0.06499999 0.05087447 0.04194694 -0.06499999 0.05049896 0.03526329 -0.04499995 0.05087447 0.03749436 -0.06499999 0.05099958 0.03750556 -0.04499995 0.05099958 0.04617488 -0.06499999 0.04902058 0.0481382 -0.06499999 0.04793566 0.04618149 -0.04499995 0.04901695 0.04409998 -0.06499999 0.04987919 0.04411059 -0.04499995 0.04987555 0.04195249 -0.04499995 0.05049806 0.05313527 -0.06499999 0.04347115 0.05164527 -0.04499995 0.04513829 0.05163955 -0.06499999 0.04514455 0.04997366 -0.04499995 0.04663306 0.04814195 -0.04499995 0.04793357 0.04996496 -0.06499999 0.04663985 0.05443108 -0.06499999 0.04164528 0.0531373 -0.04499995 0.04346895 0.05443686 -0.04499995 0.04163628 0.05551749 -0.06499999 0.03968119 0.05637717 -0.06499999 0.03760647 0.05552119 -0.04499995 0.03967267 0.05699688 -0.06499999 0.03545576 0.05637776 -0.04499995 0.03760504 0.05699938 -0.04499995 0.03544574 0.05737358 -0.06499999 0.03324359 0.05749994 -0.06499999 0.03099995 0.05737358 -0.04499995 0.03324359 0.05749994 -0.04499995 0.03099995 0.03729355 0.04499995 0.02449148 0.03764015 0.06499999 0.02449607 0.03770637 0.04499995 0.02449148 0.0350039 0.06499999 0.02185976 0.0350157 0.06499999 0.02227985 0.03499996 0.04499995 0.02199995 0.03805625 0.06499999 0.02443724 0.03811365 0.04499995 0.02442348 0.03850418 0.04499995 0.02428936 0.03845667 0.06499999 0.02430969 0.0388301 0.06499999 0.02411675 0.03886735 0.04499995 0.02409285 0.03916585 0.06499999 0.02386409 0.03919315 0.04499995 0.02383929 0.03947287 0.04499995 0.02353549 0.03945457 0.06499999 0.02355867 0.03968805 0.06499999 0.02320927 0.03969866 0.04499995 0.0231899 0.03985965 0.06499999 0.02282565 0.03986448 0.04499995 0.02281165 0.03996586 0.04499995 0.02241146 0.03996467 0.06499999 0.02241879 0.03999996 0.06499999 0.02199995 0.03999996 0.04499995 0.02199995 0.03722006 0.06499999 0.02448427 0.03688627 0.04499995 0.02442348 0.03680789 0.06499999 0.02440226 0.0364958 0.04499995 0.02428936 0.03641527 0.06499999 0.02425235 0.03605329 0.06499999 0.02403885 0.03613257 0.04499995 0.02409285 0.03580677 0.04499995 0.02383929 0.03573215 0.06499999 0.02376776 0.03552705 0.04499995 0.02353549 0.03546106 0.06499999 0.02344667 0.03524756 0.06499999 0.0230847 0.03530126 0.04499995 0.0231899 0.03513544 0.04499995 0.02281165 0.03509765 0.06499999 0.02269208 0.03503406 0.04499995 0.02241146 0.03519028 0.06499999 0.0210433 0.03513544 0.04499995 0.02118825 0.03530126 0.04499995 0.02081006 0.03503406 0.04499995 0.0215885 0.03506267 0.06499999 0.02144366 0.03613257 0.04499995 0.01990705 0.0359413 0.06499999 0.02004539 0.03580677 0.04499995 0.02016067 0.03552705 0.04499995 0.02046447 0.03563588 0.06499999 0.02033406 0.03538316 0.06499999 0.02066987 0.03688627 0.04499995 0.01957648 0.03729355 0.04499995 0.01950848 0.03708118 0.06499999 0.0195353 0.0362907 0.06499999 0.01981186 0.0364958 0.04499995 0.0197106 0.03667426 0.06499999 0.01964026 0.03835469 0.06499999 0.01965069 0.03811365 0.04499995 0.01957648 0.03850418 0.04499995 0.0197106 0.03793388 0.06499999 0.01953798 0.03749996 0.06499999 0.01949995 0.03770637 0.04499995 0.01950848 0.03886735 0.04499995 0.01990705 0.03910648 0.06499999 0.0200845 0.03874957 0.06499999 0.01983469 0.03966468 0.06499999 0.02074944 0.0394147 0.06499999 0.02039259 0.03947287 0.04499995 0.02046447 0.03919315 0.04499995 0.02016067 0.03969866 0.04499995 0.02081006 0.03984898 0.06499999 0.02114444 0.03986448 0.04499995 0.02118825 0.03996187 0.06499999 0.02156555 0.03996586 0.04499995 0.0215885 0.03760606 -0.06499999 0.01950228 0.03770637 -0.04499995 0.01950848 0.03729355 -0.04499995 0.01950848 0.03500896 -0.06499999 0.02221196 0.03500896 -0.06499999 0.021788 0.03499996 -0.04499995 0.02199995 0.03811365 -0.04499995 0.01957648 0.03802669 -0.06499999 0.0195561 0.03843206 -0.06499999 0.01968026 0.03850418 -0.04499995 0.0197106 0.03881078 -0.06499999 0.01987117 0.03886735 -0.04499995 0.01990705 0.03919315 -0.04499995 0.02016067 0.03915166 -0.06499999 0.0201233 0.0394451 -0.06499999 0.02042937 0.03947287 -0.04499995 0.02046447 0.03968244 -0.06499999 0.0207808 0.03969866 -0.04499995 0.02081006 0.03986448 -0.04499995 0.02118825 0.03985714 -0.06499999 0.02116709 0.03996396 -0.06499999 0.02157747 0.03996586 -0.04499995 0.0215885 0.03999996 -0.06499999 0.02199995 0.03999996 -0.04499995 0.02199995 0.03718245 -0.06499999 0.01952016 0.03688627 -0.04499995 0.01957648 0.03676789 -0.06499999 0.01960957 0.0364958 -0.04499995 0.0197106 0.03637444 -0.06499999 0.0197677 0.03601336 -0.06499999 0.01998996 0.03613257 -0.04499995 0.01990705 0.03580677 -0.04499995 0.02016067 0.03569507 -0.06499999 0.02027016 0.03552705 -0.04499995 0.02046447 0.0354287 -0.06499999 0.02060008 0.03522187 -0.06499999 0.02097016 0.03530126 -0.04499995 0.02081006 0.03513544 -0.04499995 0.02118825 0.03508067 -0.06499999 0.02137005 0.03503406 -0.04499995 0.0215885 0.0354287 -0.06499999 0.02339988 0.03522187 -0.06499999 0.0230298 0.03530126 -0.04499995 0.0231899 0.03508067 -0.06499999 0.02262985 0.03503406 -0.04499995 0.02241146 0.03513544 -0.04499995 0.02281165 0.03613257 -0.04499995 0.02409285 0.03637444 -0.06499999 0.02423226 0.03601336 -0.06499999 0.02401 0.03552705 -0.04499995 0.02353549 0.03580677 -0.04499995 0.02383929 0.03569507 -0.06499999 0.0237298 0.03718245 -0.06499999 0.0244798 0.03729355 -0.04499995 0.02449148 0.03760606 -0.06499999 0.02449768 0.03676789 -0.06499999 0.02439039 0.0364958 -0.04499995 0.02428936 0.03688627 -0.04499995 0.02442348 0.03881078 -0.06499999 0.02412879 0.03843206 -0.06499999 0.02431964 0.03850418 -0.04499995 0.02428936 0.03811365 -0.04499995 0.02442348 0.03802669 -0.06499999 0.02444386 0.03770637 -0.04499995 0.02449148 0.03947287 -0.04499995 0.02353549 0.0394451 -0.06499999 0.02357059 0.03919315 -0.04499995 0.02383929 0.03886735 -0.04499995 0.02409285 0.03915166 -0.06499999 0.02387666 0.03968244 -0.06499999 0.02321916 0.03969866 -0.04499995 0.0231899 0.03986448 -0.04499995 0.02281165 0.03985714 -0.06499999 0.02283275 0.03996586 -0.04499995 0.02241146 0.03996396 -0.06499999 0.02242249</float_array>
          <technique_common>
            <accessor source="#ID12-mesh-positions-array" count="756" stride="3">
              <param name="X" type="float"/>
              <param name="Y" type="float"/>
              <param name="Z" type="float"/>
            </accessor>
          </technique_common>
        </source>
        <source id="ID12-mesh-normals">
          <float_array id="ID12-mesh-normals-array" count="1569">0 0 1 -1.98377e-7 0 1 0 0 1 0 0 1 0 0 1 0 0 1 1.98377e-7 0 1 0 0 1 0 0 1 0 -1 0 0 -1 3.45519e-5 0 -1 3.54241e-6 0 -1 5.2745e-6 0 -1 1.56317e-5 0 -1 1.01007e-5 0 -1 -1.23603e-5 0 -1 3.59081e-6 0 -1 -2.63825e-6 0 -1 5.5082e-6 0 -1 -6.24173e-6 0 -1 4.68976e-6 0 -1 -4.58701e-6 0 -1 1.05423e-6 0 -1 6.04901e-7 0 -1 -9.39304e-6 0 -1 -1.35077e-6 0 -1 1.42735e-5 0 -1 3.91709e-6 0 -1 -1.52298e-5 0 -1 -9.04118e-6 0 -1 6.29194e-7 0 -1 -1.11782e-5 0 -1 8.95166e-6 0 -1 4.10585e-5 0 -1 1.62237e-6 0 -1 -2.66431e-5 0 -1 6.69775e-7 0 -1 -2.8351e-5 0 -1 2.23165e-5 0 -1 -8.86545e-7 0 -1 -1.40179e-5 0 -1 -2.25731e-6 0 -1 -6.44975e-6 0 -1 3.02129e-5 0 -1 -6.18877e-6 0 -1 2.69206e-6 0 -1 -1.36798e-5 1 0 0 0 1 0 0 1 -2.91038e-6 0 1 5.05037e-6 0 1 3.59082e-6 0 1 -1.7438e-5 0 1 -5.12838e-6 0 1 3.45518e-5 0 1 5.2745e-6 0 1 -7.72518e-6 0 1 1.56317e-5 0 1 3.09836e-6 0 1 -6.24173e-6 0 1 -8.15468e-6 0 1 -1.09364e-6 0 1 4.92425e-6 0 1 -6.58119e-6 0 1 5.53052e-6 0 1 1.66248e-7 0 1 -1.56025e-6 0 1 2.08995e-5 0 1 3.14636e-7 0 1 -2.27419e-6 0 1 -7.96593e-6 0 1 -2.12132e-5 0 1 2.13548e-5 0 1 -3.12053e-5 0 1 9.57235e-6 0 1 -2.85536e-5 0 1 2.59035e-5 0 1 2.97927e-5 0 1 -3.13829e-6 0 1 5.16626e-6 0 1 -1.50227e-5 0 1 5.13074e-6 0 1 2.63478e-5 0 1 7.24565e-6 0 1 -1.94506e-5 0 1 3.20744e-5 0 1 -3.39529e-6 0 1 1.05841e-5 0 1 -3.68395e-5 0 1 -1.16553e-5 0 1 1.23629e-5 -1 0 0 0 0 -1 -0.7071052 0.7071084 0 -0.7071053 0.7071083 0 -0.5877811 0.8090201 0 -0.4539895 0.8910071 0 -0.5877827 0.8090189 0 -0.309009 0.9510592 0 -0.4539897 0.891007 0 -0.3090084 0.9510594 0 -0.1564209 0.9876905 0 -1.2368e-5 1 -3.76505e-6 -0.1564212 0.9876905 0 -1.2897e-5 1 2.63207e-5 -0.8090215 0.5877791 0 -0.8090223 0.587778 0 -0.8910062 0.4539911 0 -0.9510581 0.3090122 0 -0.891007 0.4539898 0 -0.9876911 0.1564178 0 -0.9510586 0.3090108 0 -1 5.0813e-6 3.76505e-6 -1 5.0962e-6 -3.74728e-6 0.8090215 0.5877791 0 0.7071053 0.7071083 0 0.7071052 0.7071084 0 0.8910062 0.4539911 0 0.8090223 0.587778 0 0.891007 0.4539898 0 0.9510581 0.3090122 0 0.9876911 0.1564178 0 0.9510586 0.3090108 0 1 5.0813e-6 -3.76505e-6 1 5.0962e-6 3.74728e-6 0.5877811 0.8090201 0 0.5877827 0.8090189 0 0.4539895 0.8910071 0 0.309009 0.9510592 0 0.4539897 0.891007 0 0.1564209 0.9876905 0 0.3090084 0.9510594 0 0.1564212 0.9876905 0 1.2368e-5 1 3.76505e-6 1.2897e-5 1 -2.63207e-5 0.7071052 -0.7071084 0 0.7071053 -0.7071083 0 0.5877811 -0.8090201 0 0.4539895 -0.8910071 0 0.5877827 -0.8090189 0 0.309009 -0.9510592 0 0.4539897 -0.891007 0 0.3090084 -0.9510594 0 0.1564209 -0.9876905 0 1.2368e-5 -1 -3.76505e-6 0.1564212 -0.9876905 0 1.2897e-5 -1 2.63207e-5 0.8090215 -0.5877791 0 0.8090223 -0.587778 0 0.8910062 -0.4539911 0 0.9510581 -0.3090122 0 0.891007 -0.4539898 0 0.9876911 -0.1564178 0 0.9510586 -0.3090108 0 1 -5.0813e-6 3.76505e-6 1 -5.0962e-6 -3.74728e-6 -0.8090215 -0.5877791 0 -0.7071053 -0.7071083 0 -0.7071052 -0.7071084 0 -0.8910062 -0.4539911 0 -0.8090223 -0.587778 0 -0.891007 -0.4539898 0 -0.9510581 -0.3090122 0 -0.9876911 -0.1564178 0 -0.9510586 -0.3090108 0 -1 -5.0813e-6 -3.76505e-6 -1 -5.0962e-6 3.74728e-6 -0.5877811 -0.8090201 0 -0.5877827 -0.8090189 0 -0.4539895 -0.8910071 0 -0.309009 -0.9510592 0 -0.4539897 -0.891007 0 -0.1564209 -0.9876905 0 -0.3090084 -0.9510594 0 -0.1564212 -0.9876905 0 -1.2368e-5 -1 3.76505e-6 -1.2897e-5 -1 -2.63207e-5 0 1 -2.08217e-6 0 1 -5.52318e-7 0 1 -1.02355e-6 0 1 5.23741e-7 0 1 7.53975e-7 0 1 6.68674e-7 0 1 -1.98164e-6 0 1 1.92014e-5 0 1 4.96469e-6 0 1 2.99812e-6 0 1 5.57223e-6 0 1 -1.47585e-5 0 1 2.41201e-6 0 1 1.38945e-5 0 1 1.42481e-7 0 1 1.21156e-5 0 1 -5.52865e-6 0 1 8.80562e-6 0 1 1.90667e-6 0 1 3.17503e-6 0 1 1.83218e-6 0 1 -8.18946e-7 0 1 -4.71737e-7 0 1 1.52372e-5 0 1 -8.18938e-7 0 1 -8.85652e-6 0 1 6.91089e-6 0 1 -1.16217e-5 0 1 -6.06821e-6 0 1 1.45022e-5 0 1 -2.70396e-6 0 1 -1.78151e-6 0 1 -1.3842e-6 0 1 7.83335e-7 0 1 5.03527e-7 0 1 2.48067e-7 0 1 -2.46434e-7 0 1 2.1476e-7 0 1 -1.35452e-6 0 1 -5.72902e-6 0 1 -1.0492e-6 0 1 4.20507e-7 0 1 6.43432e-6 0 1 -1.55051e-5 0 1 4.03557e-6 0 -1 1.68857e-5 0 -1 -1.07361e-6 0 -1 1.00705e-6 0 -1 -2.56251e-7 0 -1 1.33701e-6 0 -1 -1.35451e-6 0 -1 -3.40717e-6 0 -1 3.22832e-7 0 -1 1.38945e-5 0 -1 -1.47585e-5 0 -1 1.15509e-5 0 -1 -5.52865e-6 0 -1 1.90667e-6 0 -1 3.17503e-6 0 -1 1.83218e-6 0 -1 -8.18946e-7 0 -1 -4.71737e-7 0 -1 1.52372e-5 0 -1 -8.18938e-7 0 -1 -8.85652e-6 0 -1 6.91089e-6 0 -1 -1.16217e-5 0 -1 -6.06821e-6 0 -1 1.45022e-5 0 -1 -1.03828e-6 0 -1 2.76158e-7 0 -1 2.28732e-6 0 -1 -5.2374e-7 0 -1 -2.51326e-7 0 -1 2.48682e-7 0 -1 -2.46322e-7 0 -1 0 0 -1 -1.35452e-6 0 -1 2.2797e-6 0 -1 9.64802e-7 0 -1 -8.44985e-7 0 -1 6.43432e-6 0 -1 -1.55051e-5 0 -1 4.03557e-6 0.9937016 0 0.1120592 1 2.69986e-6 -3.20375e-6 1 -2.68712e-6 -3.04729e-6 0.900892 -2.33431e-5 0.4340434 0.9438542 -8.65937e-6 0.3303624 0.9439036 7.87997e-6 0.3302212 0.9749507 7.71943e-6 0.2224212 0.9749887 3.02943e-5 0.2222546 0.9936833 -1.84068e-5 0.1122217 0.7817729 -9.93298e-6 0.6235634 0.7818913 9.7182e-6 0.6234149 0.7072042 2.17355e-5 0.7070094 0.9010162 9.14224e-6 0.4337853 0.8468934 3.09364e-5 0.5317627 0.846605 -2.53348e-5 0.5322217 0.532134 1.09818e-5 0.8466601 0.4340246 1.99596e-5 0.9009011 0.5319363 -1.30879e-5 0.8467844 0.6237293 3.22002e-5 0.7816406 0.623275 -2.82936e-5 0.7820029 0.7069414 -1.62203e-5 0.7072722 0.1120759 1.7536e-5 0.9936997 0.2224063 -1.66867e-5 0.9749541 0.222652 9.97031e-6 0.974898 0.3300186 -3.26171e-5 0.9439746 0.4340094 1.14604e-5 0.9009084 0.3302651 -1.39606e-6 0.9438883 -0.1120759 -1.7557e-5 0.9936997 -0.111784 1.32236e-5 0.9937325 -0.2224063 1.65462e-5 0.9749541 0.111784 -1.33021e-5 0.9937326 -3.93502e-5 -4.12334e-6 1 3.93445e-5 4.15032e-6 1 -0.4340099 -1.14471e-5 0.9009081 -0.5319366 1.30976e-5 0.8467842 -0.433588 4.18167e-5 0.9011113 -0.3300185 3.25373e-5 0.9439746 -0.3305864 -3.02985e-5 0.9437757 -0.222652 -1.00686e-5 0.974898 -0.7817727 1.00735e-5 0.6235636 -0.7072043 -2.17984e-5 0.7070093 -0.7069419 1.64742e-5 0.7072717 -0.6233494 1.89996e-5 0.7819435 -0.5321338 -1.09675e-5 0.8466603 -0.6236549 -2.18171e-5 0.7816999 -0.8466051 2.54105e-5 0.5322218 -0.781891 -9.80094e-6 0.6234152 -0.8467124 2.1608e-6 0.5320511 -0.9010167 -9.23386e-6 0.4337847 -0.9438542 8.52485e-6 0.3303626 -0.9008293 4.19082e-5 0.4341737 -0.9749564 -1.40638e-5 0.2223966 -0.9439035 -7.70705e-6 0.3302214 -0.9749507 -7.59349e-6 0.2224213 -0.9936831 1.83314e-5 0.1122226 -1 -2.69986e-6 -7.22706e-7 -0.9937015 0 0.1120601 -1 2.68712e-6 -5.84871e-7 -0.9937014 0 0.1120601 -0.9008923 2.29103e-5 0.4340427 -0.9438542 8.50723e-6 0.3303626 -0.9439036 -7.73018e-6 0.3302212 -0.9749507 -7.62801e-6 0.2224212 -0.9749564 -1.40662e-5 0.2223966 -0.7817727 1.01092e-5 0.6235636 -0.7818911 -9.79841e-6 0.6234151 -0.7072045 -2.17984e-5 0.7070091 -0.9010165 -9.24857e-6 0.4337847 -0.8468934 -3.07785e-5 0.5317628 -0.846605 2.54475e-5 0.5322217 -0.532134 -1.09701e-5 0.8466601 -0.433719 2.33146e-5 0.9010483 -0.5319366 1.30618e-5 0.8467842 -0.6237293 -3.22755e-5 0.7816406 -0.623275 2.84445e-5 0.7820029 -0.7069417 1.64742e-5 0.7072719 -0.112076 -1.7554e-5 0.9936997 -0.2224063 1.65462e-5 0.9749541 -0.222652 -1.00653e-5 0.974898 -0.3300186 3.25376e-5 0.9439744 -0.4337027 1.64842e-5 0.9010561 -0.3305863 -3.02903e-5 0.9437758 0.1120758 1.7533e-5 0.9936997 0.111784 -1.33024e-5 0.9937325 0.2224063 -1.66867e-5 0.9749541 -0.111784 1.32238e-5 0.9937326 3.93502e-5 4.12051e-6 1 -3.93445e-5 -4.15875e-6 1 0.4341411 2.35382e-5 0.900845 0.5319365 -1.314e-5 0.8467844 0.4340244 1.99812e-5 0.9009011 0.3300185 -3.26157e-5 0.9439746 0.3305864 3.02957e-5 0.9437757 0.2223196 -1.53609e-5 0.9749739 0.7817729 -9.99479e-6 0.6235633 0.7072041 2.17355e-5 0.7070095 0.7069416 -1.62203e-5 0.707272 0.6233494 -1.89352e-5 0.7819435 0.5321338 1.09781e-5 0.8466603 0.6236549 2.172e-5 0.7816999 0.846605 -2.53238e-5 0.5322218 0.7818912 9.71381e-6 0.6234149 0.8467125 -2.15887e-6 0.5320509 0.9010797 2.12688e-5 0.4336537 0.9438543 -8.65159e-6 0.3303622 0.9010391 2.13083e-5 0.433738 0.9749564 1.41734e-5 0.2223966 0.9439035 7.77661e-6 0.3302214 0.9749507 7.66877e-6 0.2224213 0.9936833 -1.84068e-5 0.1122217 1 2.69986e-6 -3.1814e-6 0.9937016 0 0.1120592 1 2.15734e-5 -3.06591e-6 0.08261066 2.37616e-4 -0.9965819 -0.056131 -2.43716e-4 -0.9984234 -0.08262401 2.16757e-4 -0.9965808 0.9984264 -6.91718e-5 0.05607849 0.9937092 -3.83056e-4 -0.1119911 1 4.84738e-5 -4.90532e-7 -0.2224991 9.51418e-5 -0.974933 -0.2455727 1.96276e-4 -0.9693782 -0.4017022 -2.921e-4 -0.9157704 -0.3826701 -1.99239e-4 -0.9238851 -0.5320286 -1.75673e-4 -0.8467264 -0.5469189 1.50339e-4 -0.8371856 -0.6663616 -1.51974e-4 -0.7456287 -0.6772813 1.25041e-4 -0.7357242 -0.7891253 9.88651e-5 -0.6142323 -0.781827 -1.27119e-4 -0.6234954 -0.8752346 -1.01062e-4 -0.4836989 -0.8795255 7.3596e-5 -0.4758518 -0.943888 -7.17826e-5 -0.3302659 -0.9458336 4.59229e-5 -0.324652 -0.9863519 1.54936e-5 -0.1646513 -0.9858703 -4.28583e-5 -0.1675109 -1 -1.30703e-6 3.61757e-5 -1 0 -2.90326e-7 0.1119859 -2.63237e-4 -0.9937099 0.2455636 2.57765e-4 -0.9693805 0.2768808 -2.81029e-4 -0.9609043 0.4017021 -1.89691e-4 -0.9157705 0.4338957 3.06606e-4 -0.9009631 0.5785956 -3.15369e-4 -0.8156145 0.5469183 2.93469e-4 -0.837186 0.6772727 3.10551e-4 -0.735732 0.7071027 -3.30953e-4 -0.7071108 0.7891402 7.45931e-7 -0.6142132 0.8156036 -3.48047e-4 -0.578611 0.9009684 -3.36856e-5 -0.4338847 0.8795185 3.37085e-4 -0.4758646 0.9458289 3.51621e-4 -0.3246656 0.960902 -3.70834e-4 -0.2768883 0.9863496 3.64659e-4 -0.1646648 0.9238786 5.42772e-5 0.382686 0.9458312 3.92872e-4 0.3246586 0.8795202 3.99671e-4 0.4758613 0.9863595 6.2218e-5 0.1646054 0.9749294 6.17048e-5 0.2225148 0.5469417 9.17921e-5 0.8371708 0.6234894 3.77555e-5 0.7818319 0.6772756 4.12036e-4 0.7357293 0.7891549 -2.91783e-4 0.6141943 0.745643 4.20587e-5 0.6663457 0.8467232 4.64499e-5 0.5320339 0.2454789 -3.41312e-5 0.9694019 0.0825895 9.68194e-5 0.9965837 0.1675235 -4.37587e-4 0.985868 0.4837141 -1.05165e-4 0.8752261 0.401696 -4.55186e-5 0.915773 0.3302765 -1.07528e-4 0.9438843 -0.341832 -4.50328e-4 0.9397611 -0.2455742 4.06945e-4 0.9693777 -0.4016968 -7.79374e-5 0.9157729 -0.1736444 -1.41551e-4 0.9848085 -6.64173e-6 -1.9217e-6 1 -0.08258974 9.2225e-5 0.9965837 -0.5469225 3.58454e-4 0.8371833 -0.6426652 -3.8765e-4 0.7661471 -0.4998006 -4.23344e-4 0.8661404 -0.8659349 -2.87853e-4 0.5001568 -0.766068 8.20976e-5 0.6427596 -0.7891279 2.61114e-4 0.614229 -0.6772831 3.1532e-4 0.7357225 -0.8795292 1.99631e-4 0.475845 -0.9396373 -2.18493e-4 0.3421722 -0.9458381 1.2697e-4 0.3246388 -0.9848229 7.74284e-5 0.1735621 -0.9863549 4.30912e-5 0.1646335 -0.04248851 3.36335e-4 0.9990969 -0.08262687 -2.96687e-4 0.9965806 0.08261168 -3.20441e-4 0.9965818 0.9963977 -1.76085e-5 -0.08480387 0.9963964 1.21547e-4 0.08482021 1 -9.58011e-5 0 -0.2455753 -2.73011e-4 0.9693775 -0.2106756 3.11039e-4 0.9775561 -0.3728538 -4.34827e-5 0.9278902 -0.4016949 -2.44524e-4 0.9157736 -0.5242567 2.52386e-4 0.8515603 -0.5469259 -2.14411e-4 0.8371811 -0.6772832 -1.81575e-4 0.7357225 -0.6606448 2.19549e-4 0.7506985 -0.7780935 1.84903e-4 0.6281486 -0.7891562 1.80194e-4 0.6141926 -0.873026 1.50493e-4 0.4876737 -0.8795256 -1.06101e-4 0.4758517 -0.9458355 -6.64681e-5 0.3246462 -0.9428748 1.09385e-4 0.3331476 -0.9856221 6.67258e-5 0.1689654 -0.9863525 -2.12853e-5 0.1646473 -1 4.75853e-5 -2.95142e-7 0.1269551 3.56623e-4 0.9919085 0.2454919 -2.58887e-5 0.9693987 0.2928918 3.75142e-4 0.9561455 0.4017005 1.03527e-4 0.9157712 0.4502073 -7.28963e-5 0.8929241 0.5946318 -5.76253e-5 0.8039982 0.5469112 -3.78478e-4 0.8371906 0.6772707 -3.9105e-4 0.7357339 0.7219752 4.21486e-4 0.6919189 0.7891442 6.291e-5 0.6142079 0.8284987 1.09995e-4 0.5599911 0.9112272 -2.57379e-5 0.4119042 0.8795174 -4.1196e-4 0.4758666 0.9458295 -4.18327e-4 0.3246637 0.9677459 4.42348e-4 0.2519284 0.9863623 3.99634e-5 0.1645886 0.8284662 4.3132e-4 -0.5600389 0.9112344 1.13116e-4 -0.4118883 0.8794841 -9.34408e-5 -0.4759284 0.9677457 4.42191e-4 -0.2519289 0.9863624 3.99117e-5 -0.1645885 0.9458292 -4.18163e-4 -0.3246645 0.5469113 -3.78561e-4 -0.8371906 0.4502074 -7.2934e-5 -0.8929241 0.5946323 -5.78041e-5 -0.8039978 0.7891185 -4.01246e-4 -0.6142409 0.6772741 -3.91158e-4 -0.7357307 0.7219588 9.53777e-5 -0.691936 0.1270118 3.5278e-5 -0.9919013 0.08260822 -3.2051e-4 -0.9965821 -0.04249185 3.36244e-4 -0.9990968 0.292892 3.75169e-4 -0.9561455 0.4016939 -3.59522e-5 -0.915774 0.2455669 -3.43958e-4 -0.9693796 -0.5242567 2.52307e-4 -0.8515603 -0.3728747 2.81848e-4 -0.9278817 -0.4016932 8.1995e-5 -0.9157744 -0.2455815 -2.73024e-4 -0.9693759 -0.2106723 3.11005e-4 -0.9775567 -0.08262348 -2.96678e-4 -0.9965809 -0.7891246 -1.43091e-4 -0.6142332 -0.7780947 1.84862e-4 -0.6281472 -0.6772817 -1.81617e-4 -0.7357239 -0.5469256 -2.14397e-4 -0.8371812 -0.6606448 2.19508e-4 -0.7506985 -0.8730524 1.5072e-4 -0.4876264 -0.8795246 -1.05178e-4 -0.4758536 -0.9458338 -6.5573e-5 -0.3246513 -0.9428822 1.10289e-4 -0.3331264 -0.9863522 -2.13304e-5 -0.1646493 -0.9856171 6.73861e-5 -0.1689944</float_array>
          <technique_common>
            <accessor source="#ID12-mesh-normals-array" count="523" stride="3">
              <param name="X" type="float"/>
              <param name="Y" type="float"/>
              <param name="Z" type="float"/>
            </accessor>
          </technique_common>
        </source>
        <vertices id="ID12-mesh-vertices">
          <input semantic="POSITION" source="#ID12-mesh-positions"/>
        </vertices>
        <triangles material="ID18-material" count="728">
          <input semantic="VERTEX" source="#ID12-mesh-vertices" offset="0"/>
          <input semantic="NORMAL" source="#ID12-mesh-normals" offset="1"/>
          <p>0 0 1 0 2 0 3 0 4 0 5 0 6 0 7 0 8 0 9 0 10 0 11 0 12 0 13 0 3 0 14 0 15 0 7 0 15 1 16 1 7 1 17 0 7 0 18 0 7 0 16 0 18 0 7 2 17 2 19 2 20 0 21 0 7 0 20 0 7 0 19 0 22 0 23 0 7 0 22 3 7 3 21 3 23 0 8 0 7 0 24 0 25 0 23 0 26 0 27 0 10 0 27 4 11 4 10 4 28 0 10 0 29 0 28 0 26 0 10 0 10 0 30 0 31 0 29 0 10 0 31 0 30 0 10 0 32 0 33 0 25 0 10 0 24 0 32 0 10 0 24 0 10 0 25 0 8 0 25 0 34 0 25 5 8 5 23 5 35 0 3 0 34 0 34 0 2 0 8 0 4 0 3 0 36 0 13 6 36 6 3 6 5 0 37 0 3 0 3 0 38 0 39 0 37 0 38 0 3 0 3 7 40 7 41 7 39 0 40 0 3 0 41 0 2 0 34 0 3 0 41 0 34 0 42 0 2 0 41 0 42 0 0 0 2 0 43 0 0 0 44 0 0 7 42 7 44 7 45 0 0 0 46 0 0 0 43 0 46 0 47 0 0 0 48 0 0 8 45 8 48 8 49 6 0 6 50 6 0 0 47 0 50 0 0 0 49 0 51 0 52 9 53 9 54 9 55 9 56 9 57 9 54 9 58 9 52 9 57 9 59 9 60 9 60 10 55 10 57 10 61 11 59 11 62 11 59 12 61 12 60 12 63 13 64 13 62 13 61 9 62 9 64 9 63 14 65 14 66 14 66 15 64 15 63 15 67 16 65 16 68 16 65 17 67 17 66 17 69 18 70 18 68 18 67 19 68 19 70 19 69 9 71 9 72 9 72 9 70 9 69 9 73 20 71 20 74 20 71 21 73 21 72 21 75 9 73 9 74 9 75 9 76 9 77 9 76 9 75 9 74 9 78 9 77 9 79 9 76 9 79 9 77 9 80 22 81 22 78 22 78 23 79 23 80 23 82 9 81 9 80 9 83 9 84 9 85 9 86 9 58 9 87 9 88 9 53 9 52 9 52 24 89 24 90 24 58 9 54 9 91 9 92 25 93 25 94 25 92 26 95 26 96 26 94 9 95 9 92 9 97 9 58 9 96 9 92 9 96 9 58 9 58 27 98 27 87 27 58 28 97 28 98 28 58 29 99 29 100 29 86 9 99 9 58 9 101 9 52 9 100 9 58 30 100 30 52 30 102 9 52 9 103 9 52 31 101 31 103 31 52 32 102 32 89 32 85 9 52 9 104 9 90 9 104 9 52 9 105 33 85 33 106 33 85 34 104 34 106 34 107 9 85 9 108 9 85 35 105 35 108 35 81 36 82 36 109 36 110 37 85 37 111 37 85 38 107 38 111 38 83 9 85 9 112 9 85 39 110 39 112 39 84 9 113 9 85 9 85 40 114 40 109 40 115 9 114 9 85 9 113 9 115 9 85 9 109 41 82 41 85 41 116 9 92 9 109 9 81 9 109 9 92 9 117 9 92 9 118 9 92 42 116 42 118 42 119 43 92 43 120 43 92 44 117 44 120 44 121 9 92 9 122 9 92 45 119 45 122 45 93 9 92 9 123 9 92 46 121 46 123 46 124 47 125 47 126 47 124 47 127 47 125 47 128 48 129 48 130 48 131 48 132 48 133 48 134 48 135 48 136 48 133 48 137 48 131 48 131 49 138 49 132 49 132 48 138 48 139 48 140 50 141 50 142 50 143 51 142 51 144 51 145 52 146 52 147 52 148 53 149 53 150 53 151 54 147 54 146 54 152 48 147 48 151 48 145 48 148 48 150 48 145 55 150 55 146 55 141 56 140 56 149 56 141 57 149 57 148 57 140 48 142 48 143 48 153 58 144 58 134 58 143 59 144 59 153 59 154 60 136 60 135 60 136 48 153 48 134 48 155 61 156 61 154 61 154 62 135 62 155 62 157 63 156 63 155 63 157 48 158 48 159 48 159 48 156 48 157 48 160 64 161 64 158 64 159 48 158 48 161 48 162 65 160 65 163 65 160 66 162 66 161 66 164 48 165 48 166 48 167 67 168 67 131 67 169 48 170 48 131 48 138 68 131 68 170 68 163 48 171 48 162 48 172 48 173 48 131 48 131 69 173 69 169 69 131 70 168 70 172 70 166 48 174 48 131 48 167 71 131 71 174 71 175 48 176 48 166 48 166 72 176 72 174 72 177 73 178 73 166 73 166 74 178 74 175 74 179 75 180 75 166 75 166 76 180 76 177 76 181 77 182 77 166 77 166 78 182 78 179 78 166 79 162 79 183 79 164 48 166 48 184 48 166 80 165 80 181 80 184 48 166 48 183 48 183 48 162 48 171 48 185 48 171 48 130 48 163 81 130 81 171 81 186 48 187 48 130 48 130 82 187 82 185 82 188 48 189 48 130 48 130 83 189 83 186 83 190 48 191 48 130 48 130 84 191 84 188 84 128 85 130 85 192 85 130 86 129 86 190 86 130 87 193 87 194 87 192 88 130 88 194 88 195 48 193 48 138 48 130 48 138 48 193 48 196 48 197 48 138 48 138 89 197 89 195 89 198 48 199 48 138 48 138 90 199 90 196 90 170 48 198 48 138 48 200 91 201 91 202 91 200 91 202 91 203 91 204 92 205 92 206 92 207 92 208 92 209 92 205 92 210 92 211 92 204 92 210 92 205 92 212 92 205 92 213 92 205 92 211 92 213 92 214 92 205 92 212 92 205 92 215 92 216 92 214 92 215 92 205 92 205 92 216 92 217 92 205 92 217 92 218 92 219 92 218 92 220 92 221 92 218 92 219 92 222 92 218 92 223 92 222 92 220 92 218 92 224 92 218 92 225 92 224 92 223 92 218 92 226 92 218 92 227 92 226 92 225 92 218 92 218 92 217 92 228 92 228 92 227 92 218 92 229 92 230 92 231 92 208 92 232 92 233 92 207 92 232 92 208 92 234 92 208 92 235 92 208 92 233 92 235 92 236 92 237 92 208 92 236 92 208 92 234 92 208 92 238 92 230 92 237 92 238 92 208 92 229 92 208 92 230 92 230 92 228 92 231 92 239 92 229 92 240 92 241 92 229 92 242 92 241 92 240 92 229 92 243 92 242 92 229 92 229 92 244 92 245 92 243 92 229 92 245 92 229 92 246 92 247 92 244 92 229 92 247 92 246 92 229 92 231 92 231 92 228 92 217 92 248 93 249 94 250 95 251 96 252 97 250 95 248 93 250 95 252 97 251 96 253 98 254 99 254 99 252 97 251 96 255 100 253 98 256 101 253 98 255 100 254 99 257 102 258 103 256 101 255 100 256 101 258 103 259 104 258 103 257 102 260 105 249 94 248 93 261 106 260 105 262 107 260 105 261 106 249 94 263 108 264 109 262 107 261 106 262 107 264 109 263 108 265 110 266 111 266 111 264 109 263 108 267 110 265 110 268 112 265 110 267 110 266 111 267 110 268 112 269 113 270 114 271 115 272 116 270 114 273 117 274 118 274 118 271 115 270 114 275 119 273 117 276 120 273 117 275 119 274 118 277 121 278 122 276 120 275 119 276 120 278 122 277 121 279 123 280 121 280 121 278 122 277 121 279 123 281 124 280 121 282 125 272 116 271 115 283 126 282 125 284 127 282 125 283 126 272 116 285 128 286 129 284 127 283 126 284 127 286 129 285 128 287 130 288 131 288 131 286 129 285 128 289 132 287 130 290 133 287 130 289 132 288 131 289 132 290 133 291 134 292 135 293 136 294 137 295 138 296 139 294 137 292 135 294 137 296 139 295 138 297 140 298 141 298 141 296 139 295 138 299 142 297 140 300 143 297 140 299 142 298 141 301 144 302 145 300 143 299 142 300 143 302 145 303 146 302 145 301 144 304 147 293 136 292 135 305 148 304 147 306 149 304 147 305 148 293 136 307 150 308 151 306 149 305 148 306 149 308 151 307 150 309 152 310 153 310 153 308 151 307 150 311 152 309 152 312 154 309 152 311 152 310 153 311 152 312 154 313 155 314 156 315 157 316 158 314 156 317 159 318 160 318 160 315 157 314 156 319 161 317 159 320 162 317 159 319 161 318 160 321 163 322 164 320 162 319 161 320 162 322 164 321 163 323 165 324 163 324 163 322 164 321 163 323 165 325 166 324 163 326 167 316 158 315 157 327 168 326 167 328 169 326 167 327 168 316 158 329 170 330 171 328 169 327 168 328 169 330 171 329 170 331 172 332 173 332 173 330 171 329 170 333 174 331 172 334 175 331 172 333 174 332 173 333 174 334 175 335 176 336 91 337 91 338 91 336 91 338 91 339 91 340 47 341 47 342 47 342 47 343 47 340 47 344 48 345 48 346 48 347 177 348 177 349 177 347 48 349 48 350 48 351 48 348 48 352 48 348 178 353 178 352 178 354 179 355 179 356 179 355 180 351 180 356 180 357 48 358 48 359 48 360 181 354 181 359 181 361 48 362 48 363 48 358 48 364 48 362 48 365 48 366 48 367 48 368 182 365 182 361 182 369 183 370 183 371 183 372 48 367 48 373 48 374 184 375 184 376 184 377 48 375 48 378 48 379 185 380 185 381 185 379 186 382 186 380 186 375 187 383 187 384 187 375 48 379 48 376 48 384 188 385 188 375 188 345 189 344 189 386 189 378 190 345 190 377 190 370 191 387 191 388 191 345 192 370 192 388 192 369 48 371 48 389 48 371 48 367 48 372 48 390 193 391 193 392 193 393 194 394 194 395 194 396 48 350 48 349 48 390 48 393 48 397 48 395 48 397 48 393 48 398 48 390 48 399 48 390 195 397 195 399 195 390 196 400 196 391 196 390 197 398 197 400 197 390 198 401 198 402 198 392 48 401 48 390 48 379 199 390 199 403 199 402 200 403 200 390 200 404 48 379 48 405 48 379 201 403 201 405 201 379 202 406 202 382 202 379 203 404 203 406 203 376 204 379 204 381 204 375 205 374 205 383 205 378 206 375 206 385 206 386 207 377 207 345 207 345 208 388 208 346 208 370 209 369 209 387 209 371 210 372 210 389 210 367 211 366 211 373 211 365 212 368 212 366 212 361 213 407 213 368 213 363 48 362 48 364 48 407 214 361 214 363 214 364 48 358 48 357 48 359 215 358 215 360 215 354 48 360 48 355 48 355 216 348 216 351 216 353 48 348 48 347 48 349 217 408 217 396 217 393 48 409 48 349 48 349 218 409 218 408 218 410 48 393 48 411 48 393 219 349 219 411 219 394 220 393 220 412 220 393 221 410 221 412 221 413 91 414 91 415 91 415 91 416 91 413 91 417 9 418 9 419 9 420 222 421 222 422 222 423 9 424 9 425 9 426 9 427 9 428 9 428 9 423 9 425 9 429 9 430 9 431 9 428 223 430 223 426 223 432 224 433 224 434 224 431 225 433 225 429 225 435 226 436 226 437 226 437 9 438 9 432 9 439 9 440 9 441 9 435 9 439 9 442 9 443 9 417 9 419 9 444 227 440 227 417 227 445 9 446 9 418 9 446 9 447 9 418 9 448 228 445 228 449 228 449 229 450 229 451 229 451 9 452 9 449 9 453 9 454 9 455 9 449 230 454 230 453 230 456 9 455 9 457 9 458 231 457 231 455 231 455 9 459 9 460 9 455 232 461 232 459 232 462 9 463 9 460 9 462 9 460 9 464 9 465 9 425 9 424 9 466 233 467 233 468 233 466 9 469 9 422 9 420 9 422 9 469 9 470 9 471 9 466 9 466 234 471 234 469 234 466 235 468 235 472 235 466 236 472 236 470 236 466 237 473 237 474 237 467 9 466 9 474 9 460 238 475 238 466 238 473 239 466 239 475 239 476 9 477 9 460 9 460 240 477 240 475 240 460 241 463 241 478 241 460 242 478 242 476 242 459 243 464 243 460 243 455 244 456 244 461 244 454 245 458 245 455 245 450 9 449 9 453 9 449 246 452 246 448 246 445 247 479 247 446 247 479 248 445 248 448 248 418 249 447 249 419 249 417 250 443 250 444 250 440 251 444 251 441 251 439 252 441 252 480 252 442 9 436 9 435 9 480 253 442 253 439 253 436 9 438 9 437 9 432 254 434 254 437 254 433 9 431 9 434 9 431 9 430 9 428 9 427 255 423 255 428 255 425 256 465 256 481 256 422 9 425 9 482 9 425 257 481 257 482 257 483 9 484 9 422 9 422 258 484 258 425 258 421 259 485 259 422 259 422 260 485 260 483 260 486 47 487 47 488 47 486 47 488 47 489 47 490 261 491 262 492 263 493 264 494 265 495 266 496 267 497 268 498 269 499 270 500 271 501 272 502 273 503 274 504 275 505 276 506 277 507 278 508 279 509 280 510 281 511 282 512 283 513 284 514 285 515 286 516 287 517 288 518 289 519 290 520 291 521 292 522 293 523 294 524 295 525 296 526 297 527 298 528 299 529 300 530 301 531 302 532 303 533 304 534 305 529 300 535 306 536 307 536 307 530 301 529 300 537 308 535 306 538 309 535 306 537 308 536 307 539 310 540 311 538 309 537 308 538 309 540 311 539 310 541 312 542 313 542 313 540 311 539 310 543 314 541 312 544 315 541 312 543 314 542 313 545 316 546 317 544 315 543 314 544 315 546 317 547 318 546 317 545 316 534 305 531 302 532 303 530 301 532 303 531 302 524 295 533 304 525 296 534 305 533 304 524 295 526 297 523 294 527 298 523 294 525 296 527 298 517 288 519 290 528 299 519 290 526 297 528 299 522 293 521 292 518 289 522 293 518 289 517 288 520 291 512 283 511 282 520 291 511 282 521 292 513 284 514 285 516 287 512 283 514 285 513 284 506 277 515 286 507 278 516 287 515 286 506 277 508 279 505 276 509 280 505 276 507 278 509 280 499 270 501 272 510 281 501 272 508 279 510 281 504 275 503 274 500 271 504 275 500 271 499 270 502 273 494 265 493 264 502 273 493 264 503 274 495 266 497 268 496 267 494 265 497 268 495 266 490 261 498 269 491 262 496 267 498 269 490 261 548 319 549 316 550 318 551 320 552 321 553 322 554 323 555 324 556 315 557 325 558 326 559 327 560 328 561 329 562 330 563 331 564 332 565 333 566 334 567 335 568 336 569 337 570 338 571 339 572 340 573 341 574 342 575 343 576 344 577 345 578 346 579 347 580 348 581 349 582 350 583 351 584 352 585 353 586 354 587 355 588 356 589 357 590 358 591 359 592 360 587 355 593 361 594 362 594 362 588 356 587 355 595 363 593 361 596 364 593 361 595 363 594 362 597 365 598 366 596 364 595 363 596 364 598 366 597 365 599 367 600 368 600 368 598 366 597 365 601 369 599 367 602 370 599 367 601 369 600 368 603 371 604 372 602 370 601 369 602 370 604 372 605 373 604 372 603 371 592 360 589 357 590 358 588 356 590 358 589 357 582 350 591 359 583 351 592 360 591 359 582 350 584 352 581 349 585 353 581 349 583 351 585 353 575 343 577 345 586 354 577 345 584 352 586 354 580 348 579 347 576 344 580 348 576 344 575 343 578 346 570 338 569 337 578 346 569 337 579 347 571 339 572 340 574 342 570 338 572 340 571 339 564 332 573 341 565 333 574 342 573 341 564 332 566 334 563 331 567 335 563 331 565 333 567 335 557 325 559 327 568 336 559 327 566 334 568 336 562 330 561 329 558 326 562 330 558 326 557 325 560 328 552 321 551 320 560 328 551 320 561 329 553 322 555 324 554 323 552 321 555 324 553 322 548 319 556 315 549 316 554 323 556 315 548 319 606 374 607 375 608 376 609 377 610 378 611 379 612 380 613 381 608 376 608 376 607 375 612 380 614 382 613 381 615 383 612 380 615 383 613 381 614 382 616 384 617 385 616 384 614 382 615 383 618 386 619 387 617 385 617 385 616 384 618 386 620 388 619 387 621 389 618 386 621 389 619 387 620 388 622 390 623 391 622 390 620 388 621 389 624 392 625 393 623 391 623 391 622 390 624 392 626 394 625 393 627 395 624 392 627 395 625 393 626 394 628 396 629 397 628 396 626 394 627 395 606 374 630 398 607 375 630 398 631 399 632 400 631 399 630 398 606 374 633 401 634 402 632 400 632 400 631 399 633 401 635 403 634 402 636 404 633 401 636 404 634 402 635 403 637 405 638 406 637 405 635 403 636 404 639 407 640 408 638 406 638 406 637 405 639 407 641 409 640 408 642 410 639 407 642 410 640 408 641 409 643 411 644 412 643 411 641 409 642 410 645 413 610 378 644 412 644 412 643 411 645 413 645 413 611 379 610 378 646 414 647 415 648 416 609 377 649 417 650 418 651 419 652 420 653 421 654 422 655 423 656 424 657 425 658 426 659 427 660 428 661 429 662 430 663 431 664 432 665 433 666 434 667 435 668 436 669 437 670 438 671 439 672 440 673 441 674 442 675 443 674 442 673 441 672 440 676 444 677 445 676 444 672 440 674 442 678 446 679 447 677 445 677 445 676 444 678 446 628 396 679 447 680 448 678 446 680 448 679 447 629 397 628 396 680 448 675 443 670 438 669 437 675 443 673 441 670 438 671 439 663 431 665 433 669 437 671 439 665 433 666 434 668 436 664 432 663 431 666 434 664 432 659 427 658 426 667 435 667 435 658 426 668 436 661 429 657 425 662 430 662 430 657 425 659 427 651 419 660 428 652 420 651 419 661 429 660 428 653 421 655 423 654 422 653 421 652 420 655 423 656 424 646 414 648 416 654 422 656 424 648 416 650 418 649 417 647 415 646 414 650 418 647 415 609 377 611 379 649 417 681 449 682 450 683 451 684 452 685 453 686 454 687 455 682 450 688 456 681 449 688 456 682 450 687 455 689 457 690 458 689 457 687 455 688 456 691 459 692 460 690 458 690 458 689 457 691 459 693 461 692 460 694 462 691 459 694 462 692 460 693 461 695 463 696 464 695 463 693 461 694 462 697 465 698 466 696 464 696 464 695 463 697 465 699 467 698 466 700 468 697 465 700 468 698 466 699 467 701 469 702 470 701 469 699 467 700 468 702 470 701 469 703 471 702 470 703 471 704 397 683 451 705 472 681 449 705 472 706 473 707 474 706 473 705 472 683 451 708 475 709 476 707 474 707 474 706 473 708 475 710 477 709 476 711 478 708 475 711 478 709 476 710 477 712 479 713 480 712 479 710 477 711 478 714 481 715 482 713 480 713 480 712 479 714 481 716 483 715 482 717 484 714 481 717 484 715 482 716 483 718 485 719 486 718 485 716 483 717 484 720 487 685 453 719 486 719 486 718 485 720 487 720 487 686 454 685 453 721 488 722 489 723 490 724 491 725 492 726 493 727 494 728 495 729 496 730 497 731 498 732 499 733 500 734 501 735 502 736 503 737 504 738 505 739 506 740 507 741 508 742 509 743 510 744 511 745 512 746 513 747 514 748 515 747 514 749 516 750 517 745 512 751 518 745 512 750 517 746 513 751 518 752 519 753 520 753 520 750 517 751 518 754 521 755 522 752 519 753 520 752 519 755 522 703 471 754 521 704 397 754 521 703 471 755 522 748 515 749 516 739 506 747 514 746 513 749 516 741 508 740 507 742 509 748 515 739 506 741 508 743 510 735 502 744 511 740 507 743 510 742 509 733 500 738 505 734 501 735 502 734 501 744 511 728 495 737 504 736 503 736 503 738 505 733 500 731 498 727 494 729 496 727 494 737 504 728 495 730 497 732 499 721 488 731 498 729 496 732 499 723 490 722 489 726 493 730 497 721 488 723 490 724 491 684 452 725 492 722 489 724 491 726 493 686 454 725 492 684 452</p>
        </triangles>
      </mesh>
    </geometry>
  </library_geometries>
  <library_visual_scenes>
    <visual_scene id="Scene" name="Scene">
      <node id="base_link" name="base_link" type="NODE">
        <matrix sid="transform">1 0 0 0 0 1 0 0 0 0 1 0 0 0 0 1</matrix>
        <node id="bottom_base" name="bottom_base" type="NODE">
          <matrix sid="transform">1 0 0 -0.0375 0 1 0 0 0 0 1 -0.022 0 0 0 1</matrix>
          <instance_geometry url="#ID12-mesh" name="bottom_base">
            <bind_material>
              <technique_common>
                <instance_material symbol="ID18-material" target="#ID18-material"/>
              </technique_common>
            </bind_material>
          </instance_geometry>
        </node>
        <node id="poles1" name="poles1" type="NODE">
          <matrix sid="transform">1 0 0 -0.0375 0 1 0 0 0 0 1 -0.022 0 0 0 1</matrix>
          <instance_geometry url="#ID42-mesh" name="poles1">
            <bind_material>
              <technique_common>
                <instance_material symbol="ID48-material" target="#ID48-material"/>
              </technique_common>
            </bind_material>
          </instance_geometry>
        </node>
        <node id="poles2" name="poles2" type="NODE">
          <matrix sid="transform">1 0 0 -0.0375 0 1 0 0 0 0 1 -0.022 0 0 0 1</matrix>
          <instance_geometry url="#ID50-mesh" name="poles2">
            <bind_material>
              <technique_common>
                <instance_material symbol="ID56-material" target="#ID56-material"/>
              </technique_common>
            </bind_material>
          </instance_geometry>
        </node>
        <node id="poles3" name="poles3" type="NODE">
          <matrix sid="transform">1 0 0 -0.0375 0 1 0 0 0 0 1 -0.022 0 0 0 1</matrix>
          <instance_geometry url="#ID58-mesh" name="poles3">
            <bind_material>
              <technique_common>
                <instance_material symbol="ID64-material" target="#ID64-material"/>
              </technique_common>
            </bind_material>
          </instance_geometry>
        </node>
        <node id="top_base" name="top_base" type="NODE">
          <matrix sid="transform">1 0 0 -0.0375 0 1 0 0 0 0 1 -0.022 0 0 0 1</matrix>
          <instance_geometry url="#ID66-mesh" name="top_base">
            <bind_material>
              <technique_common>
                <instance_material symbol="ID72-material" target="#ID72-material">
                  <bind_vertex_input semantic="UVMap" input_semantic="TEXCOORD" input_set="0"/>
                </instance_material>
                <instance_material symbol="ID72_001-material" target="#ID72_001-material">
                  <bind_vertex_input semantic="UVMap" input_semantic="TEXCOORD" input_set="0"/>
                </instance_material>
              </technique_common>
            </bind_material>
          </instance_geometry>
        </node>
        <node id="poles4" name="poles4" type="NODE">
          <matrix sid="transform">1 0 0 -0.0375 0 1 0 0 0 0 1 -0.022 0 0 0 1</matrix>
          <instance_geometry url="#ID81-mesh" name="poles4">
            <bind_material>
              <technique_common>
                <instance_material symbol="ID87-material" target="#ID87-material"/>
              </technique_common>
            </bind_material>
          </instance_geometry>
        </node>
        <node id="castle_wheel" name="castle_wheel" type="NODE">
          <matrix sid="transform">1 0 0 -0.0375 0 1 0 0 0 0 1 -0.022 0 0 0 1</matrix>
          <instance_geometry url="#ID89-mesh" name="castle_wheel">
            <bind_material>
              <technique_common>
                <instance_material symbol="ID33-material" target="#ID33-material"/>
              </technique_common>
            </bind_material>
          </instance_geometry>
        </node>
      </node>
    </visual_scene>
  </library_visual_scenes>
  <scene>
    <instance_visual_scene url="#Scene"/>
  </scene>
</COLLADA>