<?xml version="1.0" encoding="utf-8"?>
<COLLADA xmlns="http://www.collada.org/2005/11/COLLADASchema" version="1.4.1" xmlns:xsi="http://www.w3.org/2001/XMLSchema-instance">
  <asset>
    <contributor>
      <author>Blender User</author>
      <authoring_tool>Blender 3.6.20 commit date:2025-01-20, commit time:15:08, hash:46254438b9dd</authoring_tool>
    </contributor>
    <created>2025-10-22T11:55:27</created>
    <modified>2025-10-22T11:55:27</modified>
    <unit name="meter" meter="1"/>
    <up_axis>Z_UP</up_axis>
  </asset>
  <library_effects>
    <effect id="Material_004-effect">
      <profile_COMMON>
        <technique sid="common">
          <lambert>
            <emission>
              <color sid="emission">0 0 0 1</color>
            </emission>
            <diffuse>
              <color sid="diffuse">0.4653951 0.5070699 0.4756187 1</color>
            </diffuse>
            <reflectivity>
              <float sid="specular">0.5</float>
            </reflectivity>
          </lambert>
        </technique>
      </profile_COMMON>
    </effect>
    <effect id="Material_001-effect">
      <profile_COMMON>
        <technique sid="common">
          <lambert>
            <emission>
              <color sid="emission">0 0 0 1</color>
            </emission>
            <diffuse>
              <color sid="diffuse">0.06372056 0.06372056 0.06372056 1</color>
            </diffuse>
            <reflectivity>
              <float sid="specular">0.5</float>
            </reflectivity>
          </lambert>
        </technique>
      </profile_COMMON>
    </effect>
    <effect id="Material_002-effect">
      <profile_COMMON>
        <technique sid="common">
          <lambert>
            <emission>
              <color sid="emission">0 0 0 1</color>
            </emission>
            <diffuse>
              <color sid="diffuse">0.1042163 0.8878633 1 1</color>
            </diffuse>
            <reflectivity>
              <float sid="specular">0.5</float>
            </reflectivity>
            <index_of_refraction>
              <float sid="ior">1.45</float>
            </index_of_refraction>
          </lambert>
        </technique>
      </profile_COMMON>
    </effect>
    <effect id="Material_003-effect">
      <profile_COMMON>
        <technique sid="common">
          <lambert>
            <emission>
              <color sid="emission">0 0 0 1</color>
            </emission>
            <diffuse>
              <color sid="diffuse">0 0.3651291 0.01375826 1</color>
            </diffuse>
            <reflectivity>
              <float sid="specular">0.5</float>
            </reflectivity>
            <index_of_refraction>
              <float sid="ior">1.45</float>
            </index_of_refraction>
          </lambert>
        </technique>
      </profile_COMMON>
    </effect>
  </library_effects>
  <library_images/>
  <library_materials>
    <material id="Material_004-material" name="Material_004">
      <instance_effect url="#Material_004-effect"/>
    </material>
    <material id="Material_001-material" name="Material_001">
      <instance_effect url="#Material_001-effect"/>
    </material>
    <material id="Material_002-material" name="Material_002">
      <instance_effect url="#Material_002-effect"/>
    </material>
    <material id="Material_003-material" name="Material_003">
      <instance_effect url="#Material_003-effect"/>
    </material>
  </library_materials>
  <library_geometries>
    <geometry id="ID17-mesh" name="ID17">
      <mesh>
        <source id="ID17-mesh-positions">
          <float_array id="ID17-mesh-positions-array" count="7218">-0.01135647 0.02232629 0.002999961 -0.01299995 0.02249991 0.002999961 -0.01142555 0.02249991 0.002999961 -0.0112667 0.02216327 0.002999961 -0.008266031 0.01951849 0.002999961 -0.009761214 0.01951098 0.002999961 -0.008304595 0.01974242 0.002999961 -0.01115715 0.02201205 0.002999961 -0.01102948 0.02187556 0.002999961 -0.00981599 0.01886785 0.002999961 -0.008341431 0.01861518 0.002999961 -0.008416473 0.01840049 0.002999961 -0.01056057 0.02157515 0.002999961 -0.01059949 0.02002716 0.002999961 -0.01072937 0.0199992 0.002999961 -0.009727716 0.01938229 0.002999961 -0.00981599 0.0196321 0.002999961 -0.008448779 0.02017456 0.002999961 -0.00836569 0.01996225 0.002999961 -0.008676946 0.02056872 0.002999961 -0.009982347 0.01983815 0.002999961 -0.01008909 0.01991719 0.002999961 -0.00855273 0.02037703 0.002999961 -0.01020789 0.01852291 0.002999961 -0.009090662 0.01749598 0.002999961 -0.009275496 0.01736235 0.002999961 -0.009890377 0.01974219 0.002999961 0.009850859 0.01968866 0.002999961 0.008448958 0.02017503 0.002999961 0.009934306 0.01979202 0.002999961 -0.01020789 0.01997697 0.002999961 -0.008979499 0.02090847 0.002999961 0.008366048 0.0199632 0.002999961 -0.008250355 0.01929038 0.002999961 0.008341073 0.01861631 0.002999961 0.009850859 0.01881128 0.002999961 0.008416414 0.0184006 0.002999961 -0.01008909 0.01858276 0.002999961 -0.009982347 0.01866173 0.002999961 -0.008766412 0.01781558 0.002999961 -0.009761214 0.0189889 0.002999961 -0.009727716 0.01911759 0.002999961 -0.008288204 0.01883709 0.002999961 0.01003408 0.01862007 0.002999961 0.008766055 0.01781618 0.002999961 0.008629858 0.01799899 0.002999961 0.01014727 0.01994955 0.002999961 0.009155571 0.02105408 0.002999961 0.01027053 0.0199992 0.002999961 -0.01046669 0.01846712 0.002999961 -0.009896874 0.01708239 0.002999961 -0.01011908 0.0170325 0.002999961 -0.01033478 0.01848405 0.002999961 -0.009472906 0.01724815 0.002999961 -0.009680211 0.01715469 0.002999961 0.01184326 0.01677381 0.002999961 0.01168638 0.01686716 0.002999961 0.01118391 0.01886785 0.002999961 0.0123257 0.01623517 0.002999961 0.01299995 0.02249991 0.002999961 0.0124011 0.01606905 0.002999961 -0.01096588 0.01862007 0.002999961 -0.01085269 0.01855039 0.002999961 -0.01134389 0.01699346 0.002999961 -0.0108 0.0170201 0.002999961 -0.01098239 0.01703333 0.002999961 -0.01059949 0.01847279 0.002999961 -0.01151859 0.01694089 0.002999961 -0.01072937 0.0185008 0.002999961 -0.01116389 0.01702439 0.002999961 0.008334577 0.007361114 0.002999961 0.009786009 0.007072687 0.002999961 0.009741723 0.006947398 0.002999961 -0.01057225 0.01700115 0.002999961 -0.01034528 0.01700526 0.002999961 -0.01106566 0.01870787 0.002999961 -0.01168555 0.01686751 0.002999961 -0.00926429 0.008630216 0.002999961 -0.01033478 0.007515907 0.002999961 -0.009462475 0.008746445 0.002999961 -0.008920729 0.01764738 0.002999961 -0.009716451 0.01924997 0.002999961 -0.008257806 0.01906281 0.002999961 -0.009890377 0.01875776 0.002999961 -0.008513331 0.01819378 0.002999961 -0.01249992 0.01046639 0.002999961 -0.01299995 0.002999961 0.002999961 -0.0118426 0.01677435 0.002999961 -0.01121383 0.01892727 0.002999961 -0.01114898 0.01881128 0.002999961 -0.009344398 0.02118045 0.002999961 -0.01033478 0.02001589 0.002999961 -0.01198732 0.01666253 0.002999961 -0.01125818 0.01905256 0.002999961 -0.009545922 0.02128762 0.002999961 -0.01046669 0.02003276 0.002999961 -0.009975373 0.021438 0.002999961 -0.009756743 0.02137362 0.002999961 -0.01072907 0.02165561 0.002999961 -0.01038318 0.02151626 0.002999961 -0.01088607 0.02175629 0.002999961 -0.01096588 0.01987981 0.002999961 -0.0123254 0.01623553 0.002999961 -0.01223021 0.01639157 0.002999961 -0.01128059 0.01931637 0.002999961 -0.01125818 0.01944738 0.002999961 -0.01245558 0.0158956 0.002999961 -0.0124008 0.01606947 0.002999961 -0.01249992 0.01553338 0.002999961 -0.01248878 0.01571589 0.002999961 -0.01245576 0.01010525 0.002999961 -0.01248878 0.01028388 0.002999961 -0.0123257 0.00976479 0.002999961 -0.0124011 0.009930849 0.002999961 -0.0121175 0.009465873 0.002999961 -0.01198732 0.009337306 0.002999961 -0.01125818 0.006947398 0.002999961 -0.01223075 0.009609103 0.002999961 -0.01096588 0.007379889 0.002999961 -0.01151907 0.00905919 0.002999961 -0.01134449 0.009006619 0.002999961 -0.01114898 0.007188737 0.002999961 -0.01184326 0.009226024 0.002999961 -0.01168638 0.009132802 0.002999961 -0.0105704 0.00899887 0.002999961 -0.01046669 0.007532775 0.002999961 -0.0108 0.008979856 0.002999961 -0.01098239 0.008966624 0.002999961 -0.01072937 0.007499158 0.002999961 -0.01116478 0.008975625 0.002999961 -0.009888827 0.008915364 0.002999961 -0.009671747 0.008841931 0.002999961 -0.0103408 0.008994281 0.002999961 -0.01128059 0.006816387 0.002999961 -0.01020789 0.007476985 0.002999961 -0.008908569 0.008340477 0.002999961 -0.009079337 0.008494734 0.002999961 -0.008619129 0.007984817 0.002999961 -0.009982347 0.007338047 0.002999961 -0.008754909 0.008170187 0.002999961 -0.01008909 0.007417142 0.002999961 -0.00850296 0.007786393 0.002999961 -0.009890377 0.007242143 0.002999961 -0.00840789 0.007577896 0.002999961 -0.00981599 0.007132053 0.002999961 -0.008334219 0.007359862 0.002999961 -0.008283376 0.007135987 0.002999961 -0.009761214 0.007010996 0.002999961 -0.009727716 0.006882309 0.002999961 -0.008255541 0.006908059 0.002999961 -0.00825113 0.006679356 0.002999961 -0.009716451 0.006749927 0.002999961 -0.009761214 0.006488919 0.002999961 -0.008283317 0.006267607 0.002999961 -0.00981599 0.006367862 0.002999961 -0.008270084 0.006449997 0.002999961 -0.009727716 0.006617546 0.002999961 -0.01011312 0.008966445 0.002999961 -0.008243501 0.005905926 0.002999961 -0.009982347 0.006161749 0.002999961 -0.009890377 0.006257772 0.002999961 -0.008024334 0.005407214 0.002999961 -0.007912635 0.005262494 0.002999961 -0.01033478 0.005984008 0.002999961 -0.01020789 0.00602293 0.002999961 -0.01128059 0.006683528 0.002999961 -0.007784605 0.005132973 0.002999961 -0.01046669 0.00596714 0.002999961 -0.01114898 0.006311178 0.002999961 -0.01106566 0.006207764 0.002999961 -0.007485508 0.004924476 0.002999961 -0.007641494 0.005019724 0.002999961 -0.007145524 0.004794359 0.002999961 -0.00731945 0.004849076 0.002999961 -0.006965935 0.004761159 0.002999961 -0.006783366 0.004749894 0.002999961 0.01299995 0.002999961 0.002999961 0.006783366 0.004749894 0.002999961 0.007144629 0.004794061 0.002999961 0.006965935 0.004761159 0.002999961 0.007485151 0.004924178 0.002999961 0.007319033 0.004848778 0.002999961 0.007784008 0.005132496 0.002999961 0.007640779 0.005019128 0.002999961 0.01003408 0.006120026 0.002999961 0.01014727 0.006050348 0.002999961 0.008190751 0.005730867 0.002999961 0.008023917 0.005406618 0.002999961 0.01027053 0.006000757 0.002999961 0.007912635 0.005262494 0.002999961 0.009850859 0.006311178 0.002999961 0.008274316 0.006085157 0.002999961 0.009786009 0.006427228 0.002999961 0.009934306 0.006207764 0.002999961 0.008243322 0.005905449 0.002999961 0.00825113 0.006679356 0.002999961 0.009719312 0.006683528 0.002999961 0.008270084 0.006449997 0.002999961 0.009741723 0.006552577 0.002999961 0.008283317 0.006267607 0.002999961 0.01110959 0.007242143 0.002999961 0.01101756 0.007338047 0.002999961 0.01151859 0.009059071 0.002999961 0.01134389 0.0090065 0.002999961 0.01098239 0.008966624 0.002999961 0.01116389 0.008975505 0.002999961 0.01079201 0.007476985 0.002999961 0.01091068 0.007417142 0.002999961 0.01066499 0.007515907 0.002999961 0.0105704 0.00899887 0.002999961 0.0108 0.008979856 0.002999961 0.01053327 0.007532775 0.002999961 0.009890079 0.008915722 0.002999961 0.01011389 0.008966565 0.002999961 0.01040047 0.007527053 0.002999961 0.01034176 0.0089944 0.002999961 0.01027053 0.007499158 0.002999961 0.009463548 0.008746981 0.002999961 0.009671986 0.00884211 0.002999961 0.009079754 0.008495032 0.002999961 0.01014727 0.007449567 0.002999961 0.009265124 0.008630812 0.002999961 0.008755207 0.008170604 0.002999961 0.008909463 0.008341372 0.002999961 0.01003408 0.007379889 0.002999961 0.009934306 0.007292032 0.002999961 0.008503496 0.007787466 0.002999961 0.008619725 0.007985651 0.002999961 0.00825566 0.006908953 0.002999961 0.008283495 0.007136762 0.002999961 0.00840801 0.007578194 0.002999961 0.009850859 0.007188737 0.002999961 0.009719312 0.006816387 0.002999961 0.0118426 0.009225606 0.002999961 0.01118391 0.007132053 0.002999961 0.01168555 0.009132385 0.002999961 0.01198732 0.009337306 0.002999961 0.01127219 0.006882309 0.002999961 0.01123869 0.007010996 0.002999961 0.01211678 0.009465336 0.002999961 0.01128339 0.006749927 0.002999961 0.01223021 0.009608387 0.002999961 0.0124008 0.009930431 0.002999961 0.0123254 0.009764373 0.002999961 0.01248878 0.01028388 0.002999961 0.01245558 0.01010429 0.002999961 0.01249992 0.01046639 0.002999961 0.01249992 0.01553338 0.002999961 0.01245576 0.01589465 0.002999961 0.01248878 0.01571589 0.002999961 0.01027053 0.0185008 0.002999961 0.009274601 0.01736295 0.002999961 0.009090304 0.01749622 0.002999961 0.01128339 0.01924997 0.002999961 0.01223075 0.01639086 0.002999961 0.0121175 0.01653409 0.002999961 0.01014727 0.01855039 0.002999961 0.01123869 0.0189889 0.002999961 0.01127219 0.01911759 0.002999961 0.01198732 0.01666253 0.002999961 0.01091068 0.01858276 0.002999961 0.01101756 0.01866173 0.002999961 0.01134449 0.0169934 0.002999961 0.01110959 0.01875776 0.002999961 0.01151907 0.01694077 0.002999961 0.008919835 0.01764822 0.002999961 0.008677244 0.02056908 0.002999961 0.008820176 0.02074682 0.002999961 0.01003408 0.01987981 0.002999961 0.009786009 0.01892727 0.002999961 0.008288085 0.0188378 0.002999961 0.009741723 0.01905256 0.002999961 0.008512794 0.01819479 0.002999961 0.009934306 0.01870787 0.002999961 0.009679913 0.01715475 0.002999961 0.009471893 0.01724857 0.002999961 0.008250415 0.01929169 0.002999961 0.009719312 0.01931637 0.002999961 0.009719312 0.01918357 0.002999961 0.008257687 0.01906359 0.002999961 0.008304834 0.01974356 0.002999961 0.009786009 0.01957267 0.002999961 0.009741723 0.01944738 0.002999961 0.008266091 0.01951855 0.002999961 0.01040047 0.01847279 0.002999961 0.009546577 0.02128791 0.002999961 0.009757578 0.02137392 0.002999961 0.01040047 0.02002716 0.002999961 0.008553326 0.02037817 0.002999961 0.01091068 0.01991719 0.002999961 0.01079201 0.01997697 0.002999961 0.01072841 0.02165526 0.002999961 0.01053327 0.02003276 0.002999961 0.01019996 0.0214799 0.002999961 0.01038318 0.02151626 0.002999961 0.01055979 0.02157497 0.002999961 0.01066499 0.02001589 0.002999961 0.009975373 0.021438 0.002999961 0.01088589 0.02175605 0.002999961 0.01101756 0.01983815 0.002999961 0.009345412 0.02118116 0.002999961 0.008980333 0.02090919 0.002999961 0.01127219 0.01938229 0.002999961 0.01118391 0.0196321 0.002999961 0.01110959 0.01974219 0.002999961 0.01034438 0.01700538 0.002999961 0.0101183 0.01703256 0.002999961 0.0110293 0.02187538 0.002999961 0.0108 0.0170201 0.002999961 0.01053327 0.01846712 0.002999961 0.01066499 0.01848405 0.002999961 0.01079201 0.01852291 0.002999961 0.01116478 0.01702433 0.002999961 0.01098239 0.01703333 0.002999961 0.01126635 0.02216267 0.002999961 0.01115661 0.02201151 0.002999961 0.01135647 0.02232629 0.002999961 0.01142555 0.02249991 0.002999961 0.008117139 0.005563557 0.002999961 0.01040047 0.005972743 0.002999961 0.01053327 0.00596714 0.002999961 0.01079201 0.00602293 0.002999961 0.01066499 0.005984008 0.002999961 0.01101756 0.006161749 0.002999961 0.01091068 0.006082773 0.002999961 0.01118391 0.006367862 0.002999961 0.01110959 0.006257772 0.002999961 0.01127219 0.006617546 0.002999961 0.01123869 0.006488919 0.002999961 -0.009155333 0.02105391 0.002999961 -0.00881946 0.02074605 0.002999961 -0.01019996 0.0214799 0.002999961 -0.01211678 0.01653468 0.002999961 -0.01128059 0.01918357 0.002999961 -0.01085269 0.01994955 0.002999961 -0.01106566 0.01979202 0.002999961 -0.01121383 0.01957267 0.002999961 -0.01114898 0.01968866 0.002999961 -0.008630394 0.01799809 0.002999961 -0.01008909 0.006082773 0.002999961 -0.008117556 0.005564332 0.002999961 -0.01059949 0.007527053 0.002999961 -0.01085269 0.007449567 0.002999961 -0.01106566 0.007292032 0.002999961 -0.01121383 0.007072687 0.002999961 -0.00819087 0.005731225 0.002999961 -0.01121383 0.006427228 0.002999961 -0.01125818 0.006552577 0.002999961 -0.01085269 0.006050348 0.002999961 -0.01096588 0.006120026 0.002999961 -0.01059949 0.005972743 0.002999961 -0.01072937 0.006000757 0.002999961 -0.008274435 0.006086051 0.002999961 0.01123869 0.01951098 0.002999961 0.009895682 0.01708269 0.002999961 0.01057225 0.01700115 0.002999961 0.01128339 0.01924997 0.002999961 0.01127219 0.01938229 0.005999982 0.01127219 0.01938229 0.002999961 0.01118391 0.0196321 0.005999982 0.01123869 0.01951098 0.002999961 0.01123869 0.01951098 0.005999982 0.01091068 0.01991719 0.005999982 0.01101756 0.01983815 0.002999961 0.01101756 0.01983815 0.005999982 0.01110959 0.01974219 0.005999982 0.01110959 0.01974219 0.002999961 0.01118391 0.0196321 0.002999961 0.01066499 0.02001589 0.005999982 0.01053327 0.02003276 0.005999982 0.01066499 0.02001589 0.002999961 0.01091068 0.01991719 0.002999961 0.01079201 0.01997697 0.005999982 0.01079201 0.01997697 0.002999961 0.01027053 0.0199992 0.002999961 0.01027053 0.0199992 0.005999982 0.01014727 0.01994955 0.005999982 0.01040047 0.02002716 0.002999961 0.01053327 0.02003276 0.002999961 0.01040047 0.02002716 0.005999982 0.009850859 0.01968866 0.005999982 0.009934306 0.01979202 0.002999961 0.009934306 0.01979202 0.005999982 0.01003408 0.01987981 0.005999982 0.01003408 0.01987981 0.002999961 0.01014727 0.01994955 0.002999961 0.009741723 0.01944738 0.005999982 0.009719312 0.01931637 0.005999982 0.009741723 0.01944738 0.002999961 0.009850859 0.01968866 0.002999961 0.009786009 0.01957267 0.005999982 0.009786009 0.01957267 0.002999961 0.009741723 0.01905256 0.002999961 0.009741723 0.01905256 0.005999982 0.009786009 0.01892727 0.005999982 0.009719312 0.01918357 0.002999961 0.009719312 0.01931637 0.002999961 0.009719312 0.01918357 0.005999982 0.01003408 0.01862007 0.005999982 0.009934306 0.01870787 0.002999961 0.009934306 0.01870787 0.005999982 0.009850859 0.01881128 0.005999982 0.009850859 0.01881128 0.002999961 0.009786009 0.01892727 0.002999961 0.01027053 0.0185008 0.005999982 0.01040047 0.01847279 0.005999982 0.01027053 0.0185008 0.002999961 0.01003408 0.01862007 0.002999961 0.01014727 0.01855039 0.005999982 0.01014727 0.01855039 0.002999961 0.01053327 0.01846712 0.005999982 0.01066499 0.01848405 0.005999982 0.01053327 0.01846712 0.002999961 0.01040047 0.01847279 0.002999961 0.01079201 0.01852291 0.005999982 0.01066499 0.01848405 0.002999961 0.01079201 0.01852291 0.002999961 0.01091068 0.01858276 0.005999982 0.01101756 0.01866173 0.005999982 0.01091068 0.01858276 0.002999961 0.01110959 0.01875776 0.005999982 0.01101756 0.01866173 0.002999961 0.01110959 0.01875776 0.002999961 0.01118391 0.01886785 0.005999982 0.01123869 0.0189889 0.005999982 0.01118391 0.01886785 0.002999961 0.01127219 0.01911759 0.005999982 0.01123869 0.0189889 0.002999961 0.01127219 0.01911759 0.002999961 0.01128339 0.01924997 0.005999982 -0.009727716 0.006882309 0.002999961 -0.009716451 0.006749927 0.002999961 -0.009716451 0.006749927 0.005999982 -0.009890377 0.007242143 0.002999961 -0.00981599 0.007132053 0.002999961 -0.00981599 0.007132053 0.005999982 -0.009761214 0.007010996 0.002999961 -0.009727716 0.006882309 0.005999982 -0.009761214 0.007010996 0.005999982 -0.01008909 0.007417142 0.005999982 -0.01020789 0.007476985 0.002999961 -0.01008909 0.007417142 0.002999961 -0.009890377 0.007242143 0.005999982 -0.009982347 0.007338047 0.005999982 -0.009982347 0.007338047 0.002999961 -0.01046669 0.007532775 0.002999961 -0.01046669 0.007532775 0.005999982 -0.01059949 0.007527053 0.002999961 -0.01033478 0.007515907 0.002999961 -0.01020789 0.007476985 0.005999982 -0.01033478 0.007515907 0.005999982 -0.01096588 0.007379889 0.002999961 -0.01085269 0.007449567 0.002999961 -0.01085269 0.007449567 0.005999982 -0.01072937 0.007499158 0.005999982 -0.01072937 0.007499158 0.002999961 -0.01059949 0.007527053 0.005999982 -0.01114898 0.007188737 0.005999982 -0.01121383 0.007072687 0.002999961 -0.01114898 0.007188737 0.002999961 -0.01096588 0.007379889 0.005999982 -0.01106566 0.007292032 0.005999982 -0.01106566 0.007292032 0.002999961 -0.01128059 0.006816387 0.002999961 -0.01128059 0.006816387 0.005999982 -0.01128059 0.006683528 0.002999961 -0.01125818 0.006947398 0.002999961 -0.01121383 0.007072687 0.005999982 -0.01125818 0.006947398 0.005999982 -0.01114898 0.006311178 0.002999961 -0.01121383 0.006427228 0.002999961 -0.01121383 0.006427228 0.005999982 -0.01125818 0.006552577 0.005999982 -0.01125818 0.006552577 0.002999961 -0.01128059 0.006683528 0.005999982 -0.01096588 0.006120026 0.005999982 -0.01085269 0.006050348 0.002999961 -0.01096588 0.006120026 0.002999961 -0.01114898 0.006311178 0.005999982 -0.01106566 0.006207764 0.005999982 -0.01106566 0.006207764 0.002999961 -0.01059949 0.005972743 0.002999961 -0.01059949 0.005972743 0.005999982 -0.01046669 0.00596714 0.002999961 -0.01072937 0.006000757 0.002999961 -0.01085269 0.006050348 0.005999982 -0.01072937 0.006000757 0.005999982 -0.01046669 0.00596714 0.005999982 -0.01033478 0.005984008 0.005999982 -0.01033478 0.005984008 0.002999961 -0.01020789 0.00602293 0.005999982 -0.01020789 0.00602293 0.002999961 -0.01008909 0.006082773 0.002999961 -0.01008909 0.006082773 0.005999982 -0.009982347 0.006161749 0.005999982 -0.009982347 0.006161749 0.002999961 -0.009890377 0.006257772 0.005999982 -0.009890377 0.006257772 0.002999961 -0.00981599 0.006367862 0.002999961 -0.00981599 0.006367862 0.005999982 -0.009761214 0.006488919 0.005999982 -0.009761214 0.006488919 0.002999961 -0.009727716 0.006617546 0.005999982 -0.009727716 0.006617546 0.002999961 -0.009716451 0.01924997 0.002999961 -0.009727716 0.01938229 0.005999982 -0.009727716 0.01938229 0.002999961 -0.00981599 0.0196321 0.005999982 -0.009761214 0.01951098 0.002999961 -0.009761214 0.01951098 0.005999982 -0.01008909 0.01991719 0.005999982 -0.009982347 0.01983815 0.002999961 -0.009982347 0.01983815 0.005999982 -0.009890377 0.01974219 0.005999982 -0.009890377 0.01974219 0.002999961 -0.00981599 0.0196321 0.002999961 -0.01033478 0.02001589 0.005999982 -0.01046669 0.02003276 0.005999982 -0.01033478 0.02001589 0.002999961 -0.01008909 0.01991719 0.002999961 -0.01020789 0.01997697 0.005999982 -0.01020789 0.01997697 0.002999961 -0.01072937 0.0199992 0.002999961 -0.01072937 0.0199992 0.005999982 -0.01085269 0.01994955 0.005999982 -0.01059949 0.02002716 0.002999961 -0.01046669 0.02003276 0.002999961 -0.01059949 0.02002716 0.005999982 -0.01114898 0.01968866 0.005999982 -0.01106566 0.01979202 0.002999961 -0.01106566 0.01979202 0.005999982 -0.01096588 0.01987981 0.005999982 -0.01096588 0.01987981 0.002999961 -0.01085269 0.01994955 0.002999961 -0.01125818 0.01944738 0.005999982 -0.01128059 0.01931637 0.005999982 -0.01125818 0.01944738 0.002999961 -0.01114898 0.01968866 0.002999961 -0.01121383 0.01957267 0.005999982 -0.01121383 0.01957267 0.002999961 -0.01125818 0.01905256 0.002999961 -0.01125818 0.01905256 0.005999982 -0.01121383 0.01892727 0.005999982 -0.01128059 0.01918357 0.002999961 -0.01128059 0.01931637 0.002999961 -0.01128059 0.01918357 0.005999982 -0.01096588 0.01862007 0.005999982 -0.01106566 0.01870787 0.002999961 -0.01106566 0.01870787 0.005999982 -0.01114898 0.01881128 0.005999982 -0.01114898 0.01881128 0.002999961 -0.01121383 0.01892727 0.002999961 -0.01072937 0.0185008 0.005999982 -0.01059949 0.01847279 0.005999982 -0.01072937 0.0185008 0.002999961 -0.01096588 0.01862007 0.002999961 -0.01085269 0.01855039 0.005999982 -0.01085269 0.01855039 0.002999961 -0.01046669 0.01846712 0.005999982 -0.01033478 0.01848405 0.005999982 -0.01046669 0.01846712 0.002999961 -0.01059949 0.01847279 0.002999961 -0.01020789 0.01852291 0.005999982 -0.01033478 0.01848405 0.002999961 -0.01020789 0.01852291 0.002999961 -0.01008909 0.01858276 0.005999982 -0.009982347 0.01866173 0.005999982 -0.01008909 0.01858276 0.002999961 -0.009890377 0.01875776 0.005999982 -0.009982347 0.01866173 0.002999961 -0.009890377 0.01875776 0.002999961 -0.00981599 0.01886785 0.005999982 -0.009761214 0.0189889 0.005999982 -0.00981599 0.01886785 0.002999961 -0.009727716 0.01911759 0.005999982 -0.009761214 0.0189889 0.002999961 -0.009727716 0.01911759 0.002999961 -0.009716451 0.01924997 0.005999982 0.01127219 0.006882309 0.002999961 0.01128339 0.006749927 0.002999961 0.01128339 0.006749927 0.005999982 0.01110959 0.007242143 0.002999961 0.01118391 0.007132053 0.002999961 0.01118391 0.007132053 0.005999982 0.01123869 0.007010996 0.002999961 0.01127219 0.006882309 0.005999982 0.01123869 0.007010996 0.005999982 0.01091068 0.007417142 0.005999982 0.01079201 0.007476985 0.002999961 0.01091068 0.007417142 0.002999961 0.01110959 0.007242143 0.005999982 0.01101756 0.007338047 0.005999982 0.01101756 0.007338047 0.002999961 0.01053327 0.007532775 0.002999961 0.01053327 0.007532775 0.005999982 0.01040047 0.007527053 0.002999961 0.01066499 0.007515907 0.002999961 0.01079201 0.007476985 0.005999982 0.01066499 0.007515907 0.005999982 0.01003408 0.007379889 0.002999961 0.01014727 0.007449567 0.002999961 0.01014727 0.007449567 0.005999982 0.01027053 0.007499158 0.005999982 0.01027053 0.007499158 0.002999961 0.01040047 0.007527053 0.005999982 0.009850859 0.007188737 0.005999982 0.009786009 0.007072687 0.002999961 0.009850859 0.007188737 0.002999961 0.01003408 0.007379889 0.005999982 0.009934306 0.007292032 0.005999982 0.009934306 0.007292032 0.002999961 0.009719312 0.006816387 0.002999961 0.009719312 0.006816387 0.005999982 0.009719312 0.006683528 0.002999961 0.009741723 0.006947398 0.002999961 0.009786009 0.007072687 0.005999982 0.009741723 0.006947398 0.005999982 0.009850859 0.006311178 0.002999961 0.009786009 0.006427228 0.002999961 0.009786009 0.006427228 0.005999982 0.009741723 0.006552577 0.005999982 0.009741723 0.006552577 0.002999961 0.009719312 0.006683528 0.005999982 0.01003408 0.006120026 0.005999982 0.01014727 0.006050348 0.002999961 0.01003408 0.006120026 0.002999961 0.009850859 0.006311178 0.005999982 0.009934306 0.006207764 0.005999982 0.009934306 0.006207764 0.002999961 0.01040047 0.005972743 0.002999961 0.01040047 0.005972743 0.005999982 0.01053327 0.00596714 0.002999961 0.01027053 0.006000757 0.002999961 0.01014727 0.006050348 0.005999982 0.01027053 0.006000757 0.005999982 0.01053327 0.00596714 0.005999982 0.01066499 0.005984008 0.005999982 0.01066499 0.005984008 0.002999961 0.01079201 0.00602293 0.005999982 0.01079201 0.00602293 0.002999961 0.01091068 0.006082773 0.002999961 0.01091068 0.006082773 0.005999982 0.01101756 0.006161749 0.005999982 0.01101756 0.006161749 0.002999961 0.01110959 0.006257772 0.005999982 0.01110959 0.006257772 0.002999961 0.01118391 0.006367862 0.002999961 0.01118391 0.006367862 0.005999982 0.01123869 0.006488919 0.005999982 0.01123869 0.006488919 0.002999961 0.01127219 0.006617546 0.005999982 0.01127219 0.006617546 0.002999961 -0.01249992 0.01046639 0.002999961 -0.01249992 0.01553338 0.002999961 -0.01249992 0.01553338 0.005999982 -0.01249992 0.01046639 0.005999982 -0.01116389 0.01702439 0.002999961 -0.01098239 0.01703333 0.005999982 -0.01116478 0.01702433 0.005999982 -0.0108 0.0170201 0.005999982 -0.01098239 0.01703333 0.002999961 -0.0108 0.0170201 0.002999961 -0.01151907 0.01694077 0.005999982 -0.01168638 0.01686716 0.005999982 -0.01168555 0.01686751 0.002999961 -0.01151859 0.01694089 0.002999961 -0.01134389 0.01699346 0.002999961 -0.01134449 0.0169934 0.005999982 -0.01211678 0.01653468 0.002999961 -0.01198732 0.01666253 0.005999982 -0.0121175 0.01653409 0.005999982 -0.01198732 0.01666253 0.002999961 -0.0118426 0.01677435 0.002999961 -0.01184326 0.01677381 0.005999982 -0.0124011 0.01606905 0.005999982 -0.0124008 0.01606947 0.002999961 -0.0123257 0.01623517 0.005999982 -0.01223075 0.01639086 0.005999982 -0.0123254 0.01623553 0.002999961 -0.01223021 0.01639157 0.002999961 -0.01245558 0.0158956 0.002999961 -0.01245576 0.01589465 0.005999982 -0.01248878 0.01571589 0.005999982 -0.01248878 0.01571589 0.002999961 -0.01249992 0.01553338 0.005999982 -0.01249992 0.01553338 0.002999961 -0.008255541 0.006908059 0.002999961 -0.008255541 0.006908059 0.005999982 -0.00825113 0.006679356 0.005999982 -0.008270084 0.006449997 0.005999982 -0.008270084 0.006449997 0.002999961 -0.00825113 0.006679356 0.002999961 -0.008334219 0.007359862 0.005999982 -0.00840789 0.007577896 0.002999961 -0.00840789 0.007577896 0.005999982 -0.008334219 0.007359862 0.002999961 -0.008283376 0.007135987 0.005999982 -0.008283376 0.007135987 0.002999961 -0.008754909 0.008170187 0.002999961 -0.008754909 0.008170187 0.005999982 -0.008619129 0.007984817 0.005999982 -0.008619129 0.007984817 0.002999961 -0.00850296 0.007786393 0.005999982 -0.00850296 0.007786393 0.002999961 -0.00926429 0.008630216 0.005999982 -0.009079337 0.008494734 0.005999982 -0.00926429 0.008630216 0.002999961 -0.008908569 0.008340477 0.005999982 -0.008908569 0.008340477 0.002999961 -0.009079337 0.008494734 0.002999961 -0.009671747 0.008841931 0.005999982 -0.009888827 0.008915364 0.002999961 -0.009888827 0.008915364 0.005999982 -0.009462475 0.008746445 0.002999961 -0.009671747 0.008841931 0.002999961 -0.009462475 0.008746445 0.005999982 -0.01011312 0.008966445 0.005999982 -0.01011312 0.008966445 0.002999961 -0.0103408 0.008994281 0.002999961 -0.0103408 0.008994281 0.005999982 -0.0105704 0.00899887 0.002999961 -0.0105704 0.00899887 0.005999982 -0.0108 0.008979856 0.005999982 -0.0108 0.008979856 0.002999961 -0.01245576 0.01010525 0.002999961 -0.01248878 0.01028388 0.005999982 -0.01245558 0.01010429 0.005999982 -0.01249992 0.01046639 0.005999982 -0.01248878 0.01028388 0.002999961 -0.01249992 0.01046639 0.002999961 -0.0123254 0.009764373 0.005999982 -0.01223021 0.009608387 0.005999982 -0.01223075 0.009609103 0.002999961 -0.0123257 0.00976479 0.002999961 -0.0124011 0.009930849 0.002999961 -0.0124008 0.009930431 0.005999982 -0.01184326 0.009226024 0.002999961 -0.01198732 0.009337306 0.005999982 -0.0118426 0.009225606 0.005999982 -0.01198732 0.009337306 0.002999961 -0.0121175 0.009465873 0.002999961 -0.01211678 0.009465336 0.005999982 -0.01134389 0.0090065 0.005999982 -0.01134449 0.009006619 0.002999961 -0.01151859 0.009059071 0.005999982 -0.01168555 0.009132385 0.005999982 -0.01151907 0.00905919 0.002999961 -0.01168638 0.009132802 0.002999961 -0.01116478 0.008975625 0.002999961 -0.01116389 0.008975505 0.005999982 -0.01098239 0.008966624 0.005999982 -0.01098239 0.008966624 0.002999961 -0.0108 0.008979856 0.005999982 -0.0108 0.008979856 0.002999961 0.006783366 0.004749894 0.002999961 -0.006783366 0.004749894 0.002999961 -0.006783366 0.004749894 0.005999982 0.006783366 0.004749894 0.005999982 -0.008274435 0.006086051 0.002999961 -0.008283317 0.006267607 0.005999982 -0.008274316 0.006085157 0.005999982 -0.008270084 0.006449997 0.005999982 -0.008283317 0.006267607 0.002999961 -0.008270084 0.006449997 0.002999961 -0.008190751 0.005730867 0.005999982 -0.008117139 0.005563557 0.005999982 -0.008117556 0.005564332 0.002999961 -0.00819087 0.005731225 0.002999961 -0.008243501 0.005905926 0.002999961 -0.008243322 0.005905449 0.005999982 -0.007784605 0.005132973 0.002999961 -0.007912635 0.005262494 0.005999982 -0.007784008 0.005132496 0.005999982 -0.007912635 0.005262494 0.002999961 -0.008024334 0.005407214 0.002999961 -0.008023917 0.005406618 0.005999982 -0.007319033 0.004848778 0.005999982 -0.00731945 0.004849076 0.002999961 -0.007485151 0.004924178 0.005999982 -0.007640779 0.005019128 0.005999982 -0.007485508 0.004924476 0.002999961 -0.007641494 0.005019724 0.002999961 -0.007145524 0.004794359 0.002999961 -0.007144629 0.004794061 0.005999982 -0.006965935 0.004761159 0.005999982 -0.006965935 0.004761159 0.002999961 -0.006783366 0.004749894 0.005999982 -0.006783366 0.004749894 0.002999961 0.01034176 0.0089944 0.002999961 0.01034176 0.0089944 0.005999982 0.0105704 0.00899887 0.005999982 0.0108 0.008979856 0.005999982 0.0108 0.008979856 0.002999961 0.0105704 0.00899887 0.002999961 0.009890079 0.008915722 0.005999982 0.009671986 0.00884211 0.002999961 0.009671986 0.00884211 0.005999982 0.009890079 0.008915722 0.002999961 0.01011389 0.008966565 0.005999982 0.01011389 0.008966565 0.002999961 0.009079754 0.008495032 0.002999961 0.009079754 0.008495032 0.005999982 0.009265124 0.008630812 0.005999982 0.009265124 0.008630812 0.002999961 0.009463548 0.008746981 0.005999982 0.009463548 0.008746981 0.002999961 0.008619725 0.007985651 0.005999982 0.008755207 0.008170604 0.005999982 0.008619725 0.007985651 0.002999961 0.008909463 0.008341372 0.005999982 0.008909463 0.008341372 0.002999961 0.008755207 0.008170604 0.002999961 0.00840801 0.007578194 0.005999982 0.008334577 0.007361114 0.002999961 0.008334577 0.007361114 0.005999982 0.008503496 0.007787466 0.002999961 0.00840801 0.007578194 0.002999961 0.008503496 0.007787466 0.005999982 0.008283495 0.007136762 0.005999982 0.008283495 0.007136762 0.002999961 0.00825566 0.006908953 0.002999961 0.00825566 0.006908953 0.005999982 0.00825113 0.006679356 0.002999961 0.00825113 0.006679356 0.005999982 0.008270084 0.006449997 0.005999982 0.008270084 0.006449997 0.002999961 0.007144629 0.004794061 0.002999961 0.006965935 0.004761159 0.005999982 0.007145524 0.004794359 0.005999982 0.006783366 0.004749894 0.005999982 0.006965935 0.004761159 0.002999961 0.006783366 0.004749894 0.002999961 0.007485508 0.004924476 0.005999982 0.007641494 0.005019724 0.005999982 0.007640779 0.005019128 0.002999961 0.007485151 0.004924178 0.002999961 0.007319033 0.004848778 0.002999961 0.00731945 0.004849076 0.005999982 0.008023917 0.005406618 0.002999961 0.007912635 0.005262494 0.005999982 0.008024334 0.005407214 0.005999982 0.007912635 0.005262494 0.002999961 0.007784008 0.005132496 0.002999961 0.007784605 0.005132973 0.005999982 0.008243501 0.005905926 0.005999982 0.008243322 0.005905449 0.002999961 0.00819087 0.005731225 0.005999982 0.008117556 0.005564332 0.005999982 0.008190751 0.005730867 0.002999961 0.008117139 0.005563557 0.002999961 0.008274316 0.006085157 0.002999961 0.008274435 0.006086051 0.005999982 0.008283317 0.006267607 0.005999982 0.008283317 0.006267607 0.002999961 0.008270084 0.006449997 0.005999982 0.008270084 0.006449997 0.002999961 0.01249992 0.01553338 0.002999961 0.01249992 0.01046639 0.002999961 0.01249992 0.01046639 0.005999982 0.01249992 0.01553338 0.005999982 0.01116389 0.008975505 0.002999961 0.01098239 0.008966624 0.005999982 0.01116478 0.008975625 0.005999982 0.0108 0.008979856 0.005999982 0.01098239 0.008966624 0.002999961 0.0108 0.008979856 0.002999961 0.01151907 0.00905919 0.005999982 0.01168638 0.009132802 0.005999982 0.01168555 0.009132385 0.002999961 0.01151859 0.009059071 0.002999961 0.01134389 0.0090065 0.002999961 0.01134449 0.009006619 0.005999982 0.01211678 0.009465336 0.002999961 0.01198732 0.009337306 0.005999982 0.0121175 0.009465873 0.005999982 0.01198732 0.009337306 0.002999961 0.0118426 0.009225606 0.002999961 0.01184326 0.009226024 0.005999982 0.0124011 0.009930849 0.005999982 0.0124008 0.009930431 0.002999961 0.0123257 0.00976479 0.005999982 0.01223075 0.009609103 0.005999982 0.0123254 0.009764373 0.002999961 0.01223021 0.009608387 0.002999961 0.01245558 0.01010429 0.002999961 0.01245576 0.01010525 0.005999982 0.01248878 0.01028388 0.005999982 0.01248878 0.01028388 0.002999961 0.01249992 0.01046639 0.005999982 0.01249992 0.01046639 0.002999961 0.009757578 0.02137392 0.002999961 0.009757578 0.02137392 0.005999982 0.009975373 0.021438 0.005999982 0.01019996 0.0214799 0.005999982 0.01019996 0.0214799 0.002999961 0.009975373 0.021438 0.002999961 0.009345412 0.02118116 0.005999982 0.009155571 0.02105408 0.002999961 0.009155571 0.02105408 0.005999982 0.009345412 0.02118116 0.002999961 0.009546577 0.02128791 0.005999982 0.009546577 0.02128791 0.002999961 0.008677244 0.02056908 0.002999961 0.008677244 0.02056908 0.005999982 0.008820176 0.02074682 0.005999982 0.008820176 0.02074682 0.002999961 0.008980333 0.02090919 0.005999982 0.008980333 0.02090919 0.002999961 0.008366048 0.0199632 0.005999982 0.008448958 0.02017503 0.005999982 0.008366048 0.0199632 0.002999961 0.008553326 0.02037817 0.005999982 0.008553326 0.02037817 0.002999961 0.008448958 0.02017503 0.002999961 0.008266091 0.01951855 0.005999982 0.008250415 0.01929169 0.002999961 0.008250415 0.01929169 0.005999982 0.008304834 0.01974356 0.002999961 0.008266091 0.01951855 0.002999961 0.008304834 0.01974356 0.005999982 0.008341073 0.01861631 0.002999961 0.008341073 0.01861631 0.005999982 0.008288085 0.0188378 0.005999982 0.008288085 0.0188378 0.002999961 0.008257687 0.01906359 0.005999982 0.008257687 0.01906359 0.002999961 0.008629858 0.01799899 0.005999982 0.008512794 0.01819479 0.005999982 0.008629858 0.01799899 0.002999961 0.008416414 0.0184006 0.005999982 0.008416414 0.0184006 0.002999961 0.008512794 0.01819479 0.002999961 0.008919835 0.01764822 0.005999982 0.009090304 0.01749622 0.002999961 0.009090304 0.01749622 0.005999982 0.008766055 0.01781618 0.002999961 0.008919835 0.01764822 0.002999961 0.008766055 0.01781618 0.005999982 0.009274601 0.01736295 0.005999982 0.009274601 0.01736295 0.002999961 0.009471893 0.01724857 0.002999961 0.009679913 0.01715475 0.002999961 0.009471893 0.01724857 0.005999982 0.009895682 0.01708269 0.002999961 0.009679913 0.01715475 0.005999982 0.009895682 0.01708269 0.005999982 0.0101183 0.01703256 0.002999961 0.01034438 0.01700538 0.002999961 0.0101183 0.01703256 0.005999982 0.01057225 0.01700115 0.002999961 0.01034438 0.01700538 0.005999982 0.01057225 0.01700115 0.005999982 0.0108 0.0170201 0.002999961 0.0108 0.0170201 0.005999982 0.01245576 0.01589465 0.002999961 0.01248878 0.01571589 0.005999982 0.01245558 0.0158956 0.005999982 0.01249992 0.01553338 0.005999982 0.01248878 0.01571589 0.002999961 0.01249992 0.01553338 0.002999961 0.0123254 0.01623553 0.005999982 0.01223021 0.01639157 0.005999982 0.01223075 0.01639086 0.002999961 0.0123257 0.01623517 0.002999961 0.0124011 0.01606905 0.002999961 0.0124008 0.01606947 0.005999982 0.01184326 0.01677381 0.002999961 0.01198732 0.01666253 0.005999982 0.0118426 0.01677435 0.005999982 0.01198732 0.01666253 0.002999961 0.0121175 0.01653409 0.002999961 0.01211678 0.01653468 0.005999982 0.01134389 0.01699346 0.005999982 0.01134449 0.0169934 0.002999961 0.01151859 0.01694089 0.005999982 0.01168555 0.01686751 0.005999982 0.01151907 0.01694077 0.002999961 0.01168638 0.01686716 0.002999961 0.01116478 0.01702433 0.002999961 0.01116389 0.01702439 0.005999982 0.01098239 0.01703333 0.005999982 0.01098239 0.01703333 0.002999961 0.0108 0.0170201 0.005999982 0.0108 0.0170201 0.002999961 -0.009975373 0.021438 0.005999982 -0.01019996 0.0214799 0.002999961 -0.01019996 0.0214799 0.005999982 -0.009344398 0.02118045 0.005999982 -0.009545922 0.02128762 0.002999961 -0.009545922 0.02128762 0.005999982 -0.009756743 0.02137362 0.005999982 -0.009756743 0.02137362 0.002999961 -0.009975373 0.021438 0.002999961 -0.008979499 0.02090847 0.002999961 -0.008979499 0.02090847 0.005999982 -0.00881946 0.02074605 0.005999982 -0.009344398 0.02118045 0.002999961 -0.009155333 0.02105391 0.005999982 -0.009155333 0.02105391 0.002999961 -0.00855273 0.02037703 0.005999982 -0.008448779 0.02017456 0.005999982 -0.00855273 0.02037703 0.002999961 -0.008676946 0.02056872 0.005999982 -0.008676946 0.02056872 0.002999961 -0.00881946 0.02074605 0.002999961 -0.008266031 0.01951849 0.005999982 -0.008304595 0.01974242 0.002999961 -0.008304595 0.01974242 0.005999982 -0.00836569 0.01996225 0.002999961 -0.008448779 0.02017456 0.002999961 -0.00836569 0.01996225 0.005999982 -0.008257806 0.01906281 0.002999961 -0.008257806 0.01906281 0.005999982 -0.008288204 0.01883709 0.005999982 -0.008266031 0.01951849 0.002999961 -0.008250355 0.01929038 0.005999982 -0.008250355 0.01929038 0.002999961 -0.008416473 0.01840049 0.005999982 -0.008513331 0.01819378 0.005999982 -0.008416473 0.01840049 0.002999961 -0.008341431 0.01861518 0.005999982 -0.008341431 0.01861518 0.002999961 -0.008288204 0.01883709 0.002999961 -0.008920729 0.01764738 0.005999982 -0.008766412 0.01781558 0.002999961 -0.008766412 0.01781558 0.005999982 -0.008630394 0.01799809 0.002999961 -0.008513331 0.01819378 0.002999961 -0.008630394 0.01799809 0.005999982 -0.009275496 0.01736235 0.002999961 -0.009090662 0.01749598 0.002999961 -0.009275496 0.01736235 0.005999982 -0.008920729 0.01764738 0.002999961 -0.009090662 0.01749598 0.005999982 -0.009472906 0.01724815 0.005999982 -0.009472906 0.01724815 0.002999961 -0.009680211 0.01715469 0.005999982 -0.009680211 0.01715469 0.002999961 -0.009896874 0.01708239 0.002999961 -0.009896874 0.01708239 0.005999982 -0.01011908 0.0170325 0.005999982 -0.01011908 0.0170325 0.002999961 -0.01034528 0.01700526 0.005999982 -0.01034528 0.01700526 0.002999961 -0.01057225 0.01700115 0.002999961 -0.01057225 0.01700115 0.005999982 -0.0108 0.0170201 0.005999982 -0.0108 0.0170201 0.002999961 -0.01088607 0.02175629 0.002999961 -0.01102948 0.02187556 0.002999961 -0.0108878 0.02175736 0.005999982 -0.01073002 0.02165615 0.005999982 -0.01072907 0.02165561 0.002999961 -0.01056092 0.02157539 0.005999982 -0.0103839 0.0215165 0.005999982 -0.01056057 0.02157515 0.002999961 -0.01019996 0.0214799 0.002999961 -0.01038318 0.02151626 0.002999961 -0.01103162 0.02187752 0.005999982 -0.01019996 0.0214799 0.005999982 -0.01115715 0.02201205 0.002999961 -0.0112667 0.02216327 0.002999961 -0.01115906 0.02201443 0.005999982 -0.01126861 0.02216625 0.005999982 -0.01135647 0.02232629 0.002999961 -0.01142555 0.02249991 0.002999961 -0.01135843 0.02233058 0.005999982 -0.01147359 0.0226866 0.003017485 -0.01142716 0.02250498 0.005999982 -0.01147359 0.0226866 0.005999982 -0.01399993 0.02249991 0.005999982 -0.01399993 0.002999961 0.003999948 -0.01399993 0 0.005999982 -0.01399993 0 0.003905057 -0.01399993 0.02249991 0.003999948 -0.01399993 0.002999961 0.003905057 -0.0138089 0.002999961 0.003412187 -0.0137071 0.02249991 0.003292798 -0.0137071 0.002999961 0.003292798 -0.01389098 0.002999961 0.003545939 -0.0138089 0.02249991 0.003412187 -0.01389098 0.02249991 0.003545939 -0.01395106 0.002999961 0.003690958 -0.01398766 0.002999961 0.003843486 -0.01395106 0.02249991 0.003690958 -0.01399993 0.002999961 0.003999948 -0.01398766 0.02249991 0.003843486 -0.01399993 0.02249991 0.003999948 -0.01358777 0.02249991 0.003190875 -0.01358777 0.002999961 0.003190875 -0.01345396 0.02249991 0.003108978 -0.013309 0.02249991 0.003048837 -0.01345396 0.002999961 0.003108978 -0.01315635 0.02249991 0.003012239 -0.013309 0.002999961 0.003048837 -0.01315635 0.002999961 0.003012239 -0.01299995 0.02249991 0.002999961 -0.01299995 0.002999961 0.002999961 -0.01358777 0.02330899 0.005999982 -0.0137071 0.023207 0.003999948 -0.0137071 0.023207 0.005999982 -0.01345396 0.02339088 0.005999982 -0.01358777 0.02330899 0.003999948 -0.01345396 0.02339088 0.003999948 -0.013309 0.02345103 0.005999982 -0.01315635 0.02348762 0.005999982 -0.013309 0.02345103 0.003999948 -0.01299995 0.02349996 0.005999982 -0.01315635 0.02348762 0.003999948 -0.01299995 0.02349996 0.003999948 -0.0138089 0.02308773 0.003999948 -0.0138089 0.02308773 0.005999982 -0.01389098 0.02295392 0.003999948 -0.01395106 0.0228089 0.003999948 -0.01389098 0.02295392 0.005999982 -0.01398766 0.02265638 0.003999948 -0.01395106 0.0228089 0.005999982 -0.01398766 0.02265638 0.005999982 -0.01399993 0.02249991 0.003999948 -0.01399993 0.02249991 0.005999982 -0.01325577 0.0234428 0.003786325 -0.01320189 0.02347666 0.003927946 -0.01309269 0.02345722 0.003726184 -0.01372128 0.02317786 0.003858149 -0.01374971 0.02310186 0.00372529 -0.0138241 0.0230633 0.003940105 -0.01348322 0.02326411 0.003572762 -0.01345396 0.02334237 0.003709614 -0.01332575 0.02331149 0.003514885 -0.01393812 0.02278709 0.003806412 -0.01392585 0.02286708 0.003910899 -0.01386421 0.0229035 0.003699719 -0.01393812 0.02269345 0.003712832 -0.01398342 0.02266186 0.003918886 -0.01385068 0.02299195 0.003815293 -0.01364088 0.0230965 0.003516793 -0.0137642 0.02300769 0.003602266 -0.01355361 0.02332913 0.003924012 -0.01341092 0.02339965 0.003852844 -0.01389098 0.02295392 0.003999948 -0.01359665 0.02327173 0.003780484 -0.01313179 0.02340519 0.003595948 -0.01329743 0.02338725 0.003647387 -0.013309 0.02345103 0.003999948 -0.01299995 0.02336585 0.003499746 -0.0131585 0.0233342 0.003471732 -0.01299995 0.02349138 0.003869295 -0.01299995 0.02346587 0.003740966 -0.01315635 0.02348762 0.003999948 -0.01299995 0.02349996 0.003999948 -0.0137071 0.023207 0.003999948 -0.01362603 0.02319353 0.003643572 -0.01317197 0.02324599 0.003356695 -0.01299995 0.02329313 0.003391087 -0.013498 0.02316719 0.003446102 -0.013498 0.02305388 0.003332734 -0.01299995 0.023207 0.003292798 -0.01317197 0.02314317 0.003253757 -0.01329743 0.02285248 0.003112614 -0.01345396 0.02279037 0.003157556 -0.01348322 0.02292716 0.003235757 -0.01299995 0.02299976 0.003133833 -0.01313179 0.0229038 0.003094673 -0.0131585 0.02302819 0.003165662 -0.01309269 0.0227738 0.003042638 -0.01325577 0.02271366 0.003057122 -0.01299995 0.02288246 0.003075957 -0.01299995 0.02263057 0.003008544 -0.01315635 0.02249991 0.003012239 -0.01320189 0.02257198 0.003023207 -0.01299995 0.02342379 0.003617048 -0.01345396 0.02339088 0.003999948 -0.01299995 0.0227586 0.003033936 -0.01358777 0.02330899 0.003999948 -0.01299995 0.02310866 0.003206551 -0.0138089 0.02308773 0.003999948 -0.01334011 0.02321743 0.003392159 -0.01395106 0.0228089 0.003999948 -0.01374971 0.02277451 0.003398001 -0.01362603 0.02285629 0.003306329 -0.01359665 0.02271938 0.003228068 -0.01334011 0.0231077 0.003282368 -0.01364088 0.02298307 0.003403425 -0.0137642 0.02289766 0.003492236 -0.01386421 0.02280008 0.003596425 -0.01398342 0.02258098 0.003838062 -0.01399993 0.02249991 0.003999948 -0.01398766 0.02265638 0.003999948 -0.01332575 0.02298498 0.003188431 -0.01385068 0.02268457 0.003507912 -0.01392585 0.0225889 0.003632783 -0.01398766 0.02249991 0.003843486 -0.01395106 0.02249991 0.003690958 -0.01372128 0.02264171 0.003322005 -0.0138241 0.02255988 0.003436625 -0.01389098 0.02249991 0.003545939 -0.01341092 0.02264696 0.003100216 -0.01355361 0.02257597 0.003170669 -0.0138089 0.02249991 0.003412187 -0.0137071 0.02249991 0.003292798 -0.01345396 0.02249991 0.003108978 -0.01358777 0.02249991 0.003190875 -0.01299995 0.02249991 0.002999961 -0.013309 0.02249991 0.003048837 -0.01142555 0.02249991 0.002999961 -0.01299995 0.02263057 0.003008544 -0.01147359 0.0226866 0.003017485 -0.01299995 0.0227586 0.003033936 -0.01150578 0.02281099 0.003049612 -0.01299995 0.02288246 0.003075957 -0.0115512 0.02292609 0.00309509 -0.01160848 0.02303081 0.00315237 -0.01299995 0.02299976 0.003133833 -0.01299995 0.02310866 0.003206551 -0.01167476 0.02312433 0.00321871 -0.01299995 0.023207 0.003292798 -0.01299995 0.02249991 0.002999961 -0.01182729 0.02327758 0.003371179 -0.01174825 0.02320647 0.003292143 -0.01299995 0.02329313 0.003391087 -0.01191043 0.02333801 0.003454387 -0.01299995 0.02336585 0.003499746 -0.0119971 0.0233885 0.003540933 -0.01299995 0.02342379 0.003617048 -0.01208609 0.02342909 0.003630042 -0.01299995 0.02346587 0.003740966 -0.01217705 0.0234602 0.003720939 -0.01299995 0.02349138 0.003869295 -0.01226931 0.02348238 0.003813207 -0.01236248 0.02349555 0.003906369 -0.01299995 0.02349996 0.003999948 -0.01245599 0.02349996 0.003999948 -0.01245599 0.02349996 0.003999948 -0.01299995 0.02349996 0.003999948 -0.01299995 0.02349996 0.005999982 -0.01245599 0.02349996 0.005999982 -0.01160848 0.02303081 0.00315237 -0.01165902 0.02310389 0.005999982 -0.01157593 0.02297472 0.005999982 -0.01176089 0.02321875 0.005999982 -0.01167476 0.02312433 0.00321871 -0.0115512 0.02292609 0.00309509 -0.01174825 0.02320647 0.003292143 -0.01151371 0.02283483 0.005999982 -0.01150578 0.02281099 0.003049612 -0.01147359 0.0226866 0.005999982 -0.01147359 0.0226866 0.003017485 -0.01182729 0.02327758 0.003371179 -0.01187902 0.0233168 0.005999982 -0.01191043 0.02333801 0.003454387 -0.0119971 0.0233885 0.003540933 -0.01201099 0.02339541 0.005999982 -0.01208609 0.02342909 0.003630042 -0.01215332 0.02345299 0.005999982 -0.01217705 0.0234602 0.003720939 -0.01226931 0.02348238 0.003813207 -0.01230281 0.02348816 0.005999982 -0.01236248 0.02349555 0.003906369 -0.01245599 0.02349996 0.005999982 -0.01245599 0.02349996 0.003999948 0.01088804 0.02175766 0.005999982 0.0110293 0.02187538 0.002999961 0.01088589 0.02175605 0.002999961 0.01073068 0.02165645 0.005999982 0.01072841 0.02165526 0.002999961 0.0105617 0.02157562 0.005999982 0.01103162 0.02187752 0.005999982 0.01055979 0.02157497 0.002999961 0.01038318 0.02151626 0.002999961 0.0103839 0.0215165 0.005999982 0.01019996 0.0214799 0.005999982 0.01019996 0.0214799 0.002999961 0.01115661 0.02201151 0.002999961 0.01115936 0.02201473 0.005999982 0.01126635 0.02216267 0.002999961 0.01135647 0.02232629 0.002999961 0.01126897 0.02216672 0.005999982 0.01135873 0.02233111 0.005999982 0.01142555 0.02249991 0.002999961 0.01142716 0.02250498 0.005999982 0.01147359 0.0226866 0.003017485 0.01147359 0.0226866 0.005999982 0.01191049 0.02333801 0.003454506 0.01299995 0.02336585 0.003499746 0.01299995 0.02329313 0.003391087 0.01299995 0.02263057 0.003008544 0.01147359 0.0226866 0.003017485 0.01299995 0.0227586 0.003033936 0.01199716 0.02338838 0.003541052 0.01182729 0.02327758 0.003371298 0.01208627 0.02342909 0.003630161 0.01299995 0.02342379 0.003617048 0.0121771 0.0234602 0.003721058 0.01299995 0.02346587 0.003740966 0.01299995 0.02349138 0.003869295 0.01226943 0.02348238 0.003813326 0.01236248 0.02349555 0.003906369 0.01299995 0.02349996 0.003999948 0.01245599 0.02349996 0.003999948 0.01299995 0.023207 0.003292798 0.01174849 0.02320647 0.003292441 0.01167511 0.02312433 0.003219068 0.01299995 0.02310866 0.003206551 0.01299995 0.02299976 0.003133833 0.01160883 0.02303099 0.003152847 0.01299995 0.02288246 0.003075957 0.01155161 0.02292639 0.003095567 0.01150578 0.02281105 0.003049612 0.01299995 0.02249991 0.002999961 0.01142555 0.02249991 0.002999961 0.01358777 0.002999961 0.003190875 0.0137071 0.02249991 0.003292798 0.0137071 0.002999961 0.003292798 0.01345396 0.002999961 0.003108978 0.01358777 0.02249991 0.003190875 0.01345396 0.02249991 0.003108978 0.013309 0.002999961 0.003048837 0.01315635 0.002999961 0.003012239 0.013309 0.02249991 0.003048837 0.01299995 0.002999961 0.002999961 0.01315635 0.02249991 0.003012239 0.01299995 0.02249991 0.002999961 0.0138089 0.02249991 0.003412187 0.0138089 0.002999961 0.003412187 0.01389098 0.02249991 0.003545939 0.01395106 0.02249991 0.003690958 0.01389098 0.002999961 0.003545939 0.01398766 0.02249991 0.003843486 0.01395106 0.002999961 0.003690958 0.01398766 0.002999961 0.003843486 0.01399993 0.02249991 0.003999948 0.01399993 0.002999961 0.003999948 0.0137071 0.023207 0.003999948 0.0137071 0.023207 0.005999982 0.0138089 0.02308773 0.005999982 0.01389098 0.02295392 0.005999982 0.0138089 0.02308773 0.003999948 0.01395106 0.0228089 0.005999982 0.01389098 0.02295392 0.003999948 0.01395106 0.0228089 0.003999948 0.01398766 0.02265638 0.005999982 0.01399993 0.02249991 0.005999982 0.01398766 0.02265638 0.003999948 0.01399993 0.02249991 0.003999948 0.01358777 0.02330899 0.003999948 0.01358777 0.02330899 0.005999982 0.01345396 0.02339088 0.003999948 0.013309 0.02345103 0.003999948 0.01345396 0.02339088 0.005999982 0.01315635 0.02348762 0.003999948 0.013309 0.02345103 0.005999982 0.01315635 0.02348762 0.005999982 0.01299995 0.02349996 0.003999948 0.01299995 0.02349996 0.005999982 0.01345396 0.02339088 0.003999948 0.01355361 0.02332913 0.003924012 0.01341092 0.02339965 0.003852844 0.013309 0.02345103 0.003999948 0.01358777 0.02330899 0.003999948 0.01320189 0.02347666 0.003927946 0.01309269 0.02345722 0.003726184 0.01299995 0.02349138 0.003869295 0.01325577 0.0234428 0.003786325 0.01315635 0.02348762 0.003999948 0.0137071 0.023207 0.003999948 0.01313179 0.02340519 0.003595948 0.0138089 0.02308773 0.003999948 0.01389098 0.02295392 0.003999948 0.0138241 0.0230633 0.003940105 0.01359665 0.02327173 0.003780484 0.01345396 0.02334237 0.003709614 0.01395106 0.0228089 0.003999948 0.01392585 0.02286708 0.003910899 0.01386421 0.0229035 0.003699719 0.0137642 0.02300769 0.003602266 0.01385068 0.02299195 0.003815293 0.01398766 0.02265638 0.003999948 0.01398342 0.02266186 0.003918886 0.01374971 0.02310186 0.00372529 0.01392585 0.0225889 0.003632783 0.01398342 0.02258098 0.003838062 0.01395106 0.02249991 0.003690958 0.01398766 0.02249991 0.003843486 0.01399993 0.02249991 0.003999948 0.01372128 0.02317786 0.003858149 0.01362603 0.02319353 0.003643572 0.01364088 0.0230965 0.003516793 0.013498 0.02316719 0.003446102 0.013498 0.02305388 0.003332734 0.01348322 0.02326411 0.003572762 0.01334011 0.0231077 0.003282368 0.01334011 0.02321743 0.003392159 0.01313179 0.0229038 0.003094673 0.01309269 0.0227738 0.003042638 0.01299995 0.02288246 0.003075957 0.01345396 0.02279037 0.003157556 0.01348322 0.02292716 0.003235757 0.01362603 0.02285629 0.003306329 0.01341092 0.02264696 0.003100216 0.01325577 0.02271366 0.003057122 0.01320189 0.02257198 0.003023207 0.01299995 0.02263057 0.003008544 0.01329743 0.02285248 0.003112614 0.01315635 0.02249991 0.003012239 0.01299995 0.02249991 0.002999961 0.01299995 0.02349996 0.003999948 0.01299995 0.02346587 0.003740966 0.01329743 0.02338725 0.003647387 0.01299995 0.02342379 0.003617048 0.0131585 0.0233342 0.003471732 0.01332575 0.02331149 0.003514885 0.01299995 0.02336585 0.003499746 0.01386421 0.02280008 0.003596425 0.0137642 0.02289766 0.003492236 0.01393812 0.02278709 0.003806412 0.01332575 0.02298498 0.003188431 0.01299995 0.02329313 0.003391087 0.01317197 0.02324599 0.003356695 0.01389098 0.02249991 0.003545939 0.01385068 0.02268457 0.003507912 0.01393812 0.02269345 0.003712832 0.01364088 0.02298307 0.003403425 0.01299995 0.023207 0.003292798 0.01317197 0.02314317 0.003253757 0.0138241 0.02255988 0.003436625 0.01374971 0.02277451 0.003398001 0.01299995 0.02310866 0.003206551 0.0131585 0.02302819 0.003165662 0.0138089 0.02249991 0.003412187 0.01372128 0.02264171 0.003322005 0.0137071 0.02249991 0.003292798 0.01355361 0.02257597 0.003170669 0.01359665 0.02271938 0.003228068 0.01299995 0.02299976 0.003133833 0.01358777 0.02249991 0.003190875 0.01345396 0.02249991 0.003108978 0.013309 0.02249991 0.003048837 0.01299995 0.0227586 0.003033936 0.01245599 0.02349996 0.005999982 0.01230281 0.02348816 0.005999982 0.01215332 0.02345299 0.005999982 0.01399993 0.02249991 0.005999982 0.01147359 0.0226866 0.005999982 0.01201099 0.02339541 0.005999982 0.01187902 0.0233168 0.005999982 -0.008416473 0.01840049 0.005999982 -0.00981599 0.01886785 0.005999982 -0.008513331 0.01819378 0.005999982 0.01176089 0.02321875 0.005999982 -0.01399993 0.02249991 0.005999982 -0.01142716 0.02250498 0.005999982 -0.01147359 0.0226866 0.005999982 0.009741723 0.01905256 0.005999982 0.009719312 0.01918357 0.005999982 0.008257687 0.01906359 0.005999982 0.01165902 0.02310389 0.005999982 0.01157593 0.02297472 0.005999982 -0.009982347 0.01866173 0.005999982 -0.008630394 0.01799809 0.005999982 -0.009890377 0.01875776 0.005999982 0.01151371 0.02283483 0.005999982 0.01142716 0.02250498 0.005999982 0.01135873 0.02233111 0.005999982 0.008341073 0.01861631 0.005999982 0.009786009 0.01892727 0.005999982 0.01126897 0.02216672 0.005999982 0.01040047 0.01847279 0.005999982 0.01034438 0.01700538 0.005999982 0.01053327 0.01846712 0.005999982 0.0108 0.0170201 0.005999982 0.01057225 0.01700115 0.005999982 0.01066499 0.01848405 0.005999982 0.01098239 0.01703333 0.005999982 0.01079201 0.01852291 0.005999982 0.008512794 0.01819479 0.005999982 0.009850859 0.01881128 0.005999982 0.008416414 0.0184006 0.005999982 0.009934306 0.01979202 0.005999982 0.008820176 0.02074682 0.005999982 0.008677244 0.02056908 0.005999982 0.008366048 0.0199632 0.005999982 0.008304834 0.01974356 0.005999982 0.009786009 0.01957267 0.005999982 0.01003408 0.01987981 0.005999982 0.008980333 0.02090919 0.005999982 0.008553326 0.02037817 0.005999982 0.008448958 0.02017503 0.005999982 0.009850859 0.01968866 0.005999982 0.008266091 0.01951855 0.005999982 0.009741723 0.01944738 0.005999982 0.01399993 0 0.005999982 0.007485508 0.004924476 0.005999982 0.00731945 0.004849076 0.005999982 0.008250415 0.01929169 0.005999982 0.009719312 0.01931637 0.005999982 -0.01134389 0.0090065 0.005999982 -0.01151859 0.009059071 0.005999982 -0.01096588 0.007379889 0.005999982 0.008288085 0.0188378 0.005999982 -0.01020789 0.01852291 0.005999982 -0.009472906 0.01724815 0.005999982 -0.009275496 0.01736235 0.005999982 -0.01008909 0.01858276 0.005999982 -0.008920729 0.01764738 0.005999982 0.01003408 0.01862007 0.005999982 0.008766055 0.01781618 0.005999982 0.008919835 0.01764822 0.005999982 0.01014727 0.01994955 0.005999982 -0.008766412 0.01781558 0.005999982 0.01027053 0.0185008 0.005999982 0.009895682 0.01708269 0.005999982 0.01151859 0.01694089 0.005999982 0.01110959 0.01875776 0.005999982 0.01101756 0.01866173 0.005999982 0.01134389 0.01699346 0.005999982 0.01091068 0.01858276 0.005999982 0.01116389 0.01702439 0.005999982 0.008755207 0.008170604 0.005999982 0.009934306 0.007292032 0.005999982 0.01003408 0.007379889 0.005999982 0.009471893 0.01724857 0.005999982 0.009679913 0.01715475 0.005999982 0.0101183 0.01703256 0.005999982 0.009741723 0.006947398 0.005999982 0.008334577 0.007361114 0.005999982 0.008283495 0.007136762 0.005999982 0.009850859 0.006311178 0.005999982 0.008274435 0.006086051 0.005999982 0.008243501 0.005905926 0.005999982 0.009090304 0.01749622 0.005999982 0.009274601 0.01736295 0.005999982 0.01014727 0.01855039 0.005999982 0.009934306 0.01870787 0.005999982 0.008629858 0.01799899 0.005999982 0.01115936 0.02201473 0.005999982 0.01168555 0.01686751 0.005999982 0.01118391 0.01886785 0.005999982 0.0118426 0.01677435 0.005999982 0.009155571 0.02105408 0.005999982 0.009345412 0.02118116 0.005999982 0.01123869 0.0189889 0.005999982 0.009757578 0.02137392 0.005999982 0.01027053 0.0199992 0.005999982 0.01040047 0.02002716 0.005999982 0.01127219 0.01911759 0.005999982 0.01198732 0.01666253 0.005999982 0.01053327 0.02003276 0.005999982 0.01019996 0.0214799 0.005999982 0.01211678 0.01653468 0.005999982 0.01101756 0.01983815 0.005999982 0.01103162 0.02187752 0.005999982 0.01088804 0.02175766 0.005999982 0.01073068 0.02165645 0.005999982 0.0105617 0.02157562 0.005999982 0.01079201 0.01997697 0.005999982 0.01128339 0.01924997 0.005999982 0.01091068 0.01991719 0.005999982 0.01223021 0.01639157 0.005999982 0.0123254 0.01623553 0.005999982 0.0124008 0.01606947 0.005999982 0.01245558 0.0158956 0.005999982 0.01248878 0.01571589 0.005999982 0.01249992 0.01553338 0.005999982 0.01249992 0.01046639 0.005999982 0.01248878 0.01028388 0.005999982 0.01245576 0.01010525 0.005999982 0.0124011 0.009930849 0.005999982 0.0123257 0.00976479 0.005999982 0.01223075 0.009609103 0.005999982 0.0121175 0.009465873 0.005999982 0.01128339 0.006749927 0.005999982 0.01127219 0.006617546 0.005999982 0.01053327 0.007532775 0.005999982 0.01066499 0.007515907 0.005999982 0.0108 0.008979856 0.005999982 0.009890079 0.008915722 0.005999982 0.01040047 0.007527053 0.005999982 0.01011389 0.008966565 0.005999982 0.008117556 0.005564332 0.005999982 0.01003408 0.006120026 0.005999982 0.00819087 0.005731225 0.005999982 0.009719312 0.006816387 0.005999982 0.00825113 0.006679356 0.005999982 0.009719312 0.006683528 0.005999982 0.009079754 0.008495032 0.005999982 0.01014727 0.007449567 0.005999982 0.009265124 0.008630812 0.005999982 0.008503496 0.007787466 0.005999982 0.009850859 0.007188737 0.005999982 0.008619725 0.007985651 0.005999982 0.01027053 0.007499158 0.005999982 0.008909463 0.008341372 0.005999982 0.00840801 0.007578194 0.005999982 0.009786009 0.007072687 0.005999982 0.00825566 0.006908953 0.005999982 0.008270084 0.006449997 0.005999982 0.009741723 0.006552577 0.005999982 0.009463548 0.008746981 0.005999982 0.009671986 0.00884211 0.005999982 0.008283317 0.006267607 0.005999982 0.009786009 0.006427228 0.005999982 0.009934306 0.006207764 0.005999982 0.01034176 0.0089944 0.005999982 0.008024334 0.005407214 0.005999982 0.01014727 0.006050348 0.005999982 0.007912635 0.005262494 0.005999982 0.01040047 0.005972743 0.005999982 0.01027053 0.006000757 0.005999982 0.01091068 0.007417142 0.005999982 0.01101756 0.007338047 0.005999982 0.01134449 0.009006619 0.005999982 0.007784605 0.005132973 0.005999982 0.01168638 0.009132802 0.005999982 0.01151907 0.00905919 0.005999982 0.01110959 0.007242143 0.005999982 0.01053327 0.00596714 0.005999982 0.01118391 0.007132053 0.005999982 0.01184326 0.009226024 0.005999982 0.01123869 0.007010996 0.005999982 0.01127219 0.006882309 0.005999982 0.01198732 0.009337306 0.005999982 0.007641494 0.005019724 0.005999982 0.01079201 0.00602293 0.005999982 0.01066499 0.005984008 0.005999982 0.006783366 0.004749894 0.005999982 0.006965935 0.004761159 0.005999982 0.007145524 0.004794359 0.005999982 -0.006783366 0.004749894 0.005999982 -0.01399993 0 0.005999982 -0.006965935 0.004761159 0.005999982 -0.007144629 0.004794061 0.005999982 -0.007319033 0.004848778 0.005999982 -0.007485151 0.004924178 0.005999982 -0.007640779 0.005019128 0.005999982 -0.01033478 0.005984008 0.005999982 -0.007784008 0.005132496 0.005999982 -0.007912635 0.005262494 0.005999982 -0.008274316 0.006085157 0.005999982 -0.00981599 0.006367862 0.005999982 -0.009890377 0.006257772 0.005999982 -0.01008909 0.006082773 0.005999982 -0.01020789 0.00602293 0.005999982 -0.008117139 0.005563557 0.005999982 -0.008270084 0.006449997 0.005999982 -0.00825113 0.006679356 0.005999982 -0.009727716 0.006617546 0.005999982 -0.01198732 0.009337306 0.005999982 -0.01121383 0.007072687 0.005999982 -0.0118426 0.009225606 0.005999982 -0.01008909 0.007417142 0.005999982 -0.009982347 0.007338047 0.005999982 -0.008908569 0.008340477 0.005999982 -0.009727716 0.006882309 0.005999982 -0.008283376 0.007135987 0.005999982 -0.009761214 0.007010996 0.005999982 -0.01059949 0.007527053 0.005999982 -0.01046669 0.007532775 0.005999982 -0.0105704 0.00899887 0.005999982 -0.01033478 0.007515907 0.005999982 -0.009671747 0.008841931 0.005999982 -0.009888827 0.008915364 0.005999982 -0.01085269 0.007449567 0.005999982 -0.009090662 0.01749598 0.005999982 -0.01116389 0.008975505 0.005999982 -0.01072937 0.007499158 0.005999982 -0.0108 0.008979856 0.005999982 -0.01098239 0.008966624 0.005999982 -0.01011312 0.008966445 0.005999982 -0.0103408 0.008994281 0.005999982 -0.00926429 0.008630216 0.005999982 -0.01020789 0.007476985 0.005999982 -0.009462475 0.008746445 0.005999982 -0.009890377 0.007242143 0.005999982 -0.008619129 0.007984817 0.005999982 -0.01168555 0.009132385 0.005999982 -0.01106566 0.007292032 0.005999982 -0.008334219 0.007359862 0.005999982 -0.00981599 0.007132053 0.005999982 -0.00850296 0.007786393 0.005999982 -0.009716451 0.006749927 0.005999982 -0.008255541 0.006908059 0.005999982 -0.01114898 0.007188737 0.005999982 -0.009761214 0.006488919 0.005999982 -0.008283317 0.006267607 0.005999982 -0.01125818 0.006947398 0.005999982 -0.01211678 0.009465336 0.005999982 -0.01128059 0.006816387 0.005999982 -0.008023917 0.005406618 0.005999982 -0.009982347 0.006161749 0.005999982 -0.008243322 0.005905449 0.005999982 -0.0123254 0.009764373 0.005999982 -0.0124008 0.009930431 0.005999982 -0.01245558 0.01010429 0.005999982 -0.01248878 0.01028388 0.005999982 -0.0108 0.0170201 0.005999982 -0.01057225 0.01700115 0.005999982 -0.01059949 0.01847279 0.005999982 -0.01249992 0.01046639 0.005999982 -0.01114898 0.01881128 0.005999982 -0.01121383 0.01892727 0.005999982 -0.01184326 0.01677381 0.005999982 -0.008341431 0.01861518 0.005999982 -0.013309 0.02345103 0.005999982 -0.01345396 0.02339088 0.005999982 -0.01299995 0.02349996 0.005999982 -0.01215332 0.02345299 0.005999982 -0.01230281 0.02348816 0.005999982 -0.01245599 0.02349996 0.005999982 -0.01114898 0.01968866 0.005999982 -0.01106566 0.01979202 0.005999982 -0.01125818 0.01944738 0.005999982 -0.01121383 0.01957267 0.005999982 -0.009155333 0.02105391 0.005999982 -0.01008909 0.01991719 0.005999982 -0.008979499 0.02090847 0.005999982 -0.009761214 0.01951098 0.005999982 -0.009727716 0.01938229 0.005999982 -0.008304595 0.01974242 0.005999982 -0.0108878 0.02175736 0.005999982 -0.01085269 0.01994955 0.005999982 -0.01073002 0.02165615 0.005999982 -0.01059949 0.02002716 0.005999982 -0.01046669 0.02003276 0.005999982 -0.0103839 0.0215165 0.005999982 -0.009716451 0.01924997 0.005999982 -0.008257806 0.01906281 0.005999982 -0.008250355 0.01929038 0.005999982 -0.01033478 0.02001589 0.005999982 -0.01019996 0.0214799 0.005999982 -0.01033478 0.01848405 0.005999982 -0.008288204 0.01883709 0.005999982 -0.009761214 0.0189889 0.005999982 -0.009727716 0.01911759 0.005999982 -0.008266031 0.01951849 0.005999982 -0.009344398 0.02118045 0.005999982 -0.01020789 0.01997697 0.005999982 -0.008676946 0.02056872 0.005999982 -0.009890377 0.01974219 0.005999982 -0.00855273 0.02037703 0.005999982 -0.01072937 0.0199992 0.005999982 -0.01056092 0.02157539 0.005999982 -0.009975373 0.021438 0.005999982 -0.00881946 0.02074605 0.005999982 -0.009982347 0.01983815 0.005999982 -0.009545922 0.02128762 0.005999982 -0.009756743 0.02137362 0.005999982 -0.008448779 0.02017456 0.005999982 -0.00981599 0.0196321 0.005999982 -0.00836569 0.01996225 0.005999982 -0.01096588 0.01987981 0.005999982 -0.01115906 0.02201443 0.005999982 -0.01103162 0.02187752 0.005999982 -0.01011908 0.0170325 0.005999982 -0.009896874 0.01708239 0.005999982 -0.01034528 0.01700526 0.005999982 -0.01046669 0.01846712 0.005999982 -0.01135843 0.02233058 0.005999982 -0.01358777 0.02330899 0.005999982 -0.01395106 0.0228089 0.005999982 -0.01389098 0.02295392 0.005999982 -0.01151371 0.02283483 0.005999982 -0.0138089 0.02308773 0.005999982 -0.0137071 0.023207 0.005999982 -0.01176089 0.02321875 0.005999982 -0.01187902 0.0233168 0.005999982 -0.01157593 0.02297472 0.005999982 -0.01165902 0.02310389 0.005999982 -0.01201099 0.02339541 0.005999982 -0.01315635 0.02348762 0.005999982 -0.01398766 0.02265638 0.005999982 -0.01126861 0.02216625 0.005999982 -0.01198732 0.01666253 0.005999982 -0.01125818 0.01905256 0.005999982 -0.0121175 0.01653409 0.005999982 -0.01116478 0.01702433 0.005999982 -0.01085269 0.01855039 0.005999982 -0.01134449 0.0169934 0.005999982 -0.01223075 0.01639086 0.005999982 -0.01096588 0.01862007 0.005999982 -0.01106566 0.01870787 0.005999982 -0.01151907 0.01694077 0.005999982 -0.0123257 0.01623517 0.005999982 -0.0124011 0.01606905 0.005999982 -0.01245576 0.01589465 0.005999982 -0.01249992 0.01553338 0.005999982 -0.01248878 0.01571589 0.005999982 0.01395106 0.0228089 0.005999982 0.01389098 0.02295392 0.005999982 0.01299995 0.02349996 0.005999982 0.01398766 0.02265638 0.005999982 0.01358777 0.02330899 0.005999982 0.01345396 0.02339088 0.005999982 0.0138089 0.02308773 0.005999982 0.0137071 0.023207 0.005999982 0.013309 0.02345103 0.005999982 0.01315635 0.02348762 0.005999982 0.01098239 0.008966624 0.005999982 0.01079201 0.007476985 0.005999982 0.01116478 0.008975625 0.005999982 0.01123869 0.006488919 0.005999982 0.01110959 0.006257772 0.005999982 0.01118391 0.006367862 0.005999982 0.01091068 0.006082773 0.005999982 0.01101756 0.006161749 0.005999982 0.0105704 0.00899887 0.005999982 -0.009680211 0.01715469 0.005999982 -0.01098239 0.01703333 0.005999982 -0.01072937 0.0185008 0.005999982 -0.01168638 0.01686716 0.005999982 -0.01128059 0.01918357 0.005999982 -0.01128059 0.01931637 0.005999982 -0.008190751 0.005730867 0.005999982 -0.01223021 0.009608387 0.005999982 -0.01046669 0.00596714 0.005999982 -0.01128059 0.006683528 0.005999982 -0.01059949 0.005972743 0.005999982 -0.01085269 0.006050348 0.005999982 -0.01072937 0.006000757 0.005999982 -0.01106566 0.006207764 0.005999982 -0.01096588 0.006120026 0.005999982 -0.01121383 0.006427228 0.005999982 -0.01114898 0.006311178 0.005999982 -0.01125818 0.006552577 0.005999982 -0.009079337 0.008494734 0.005999982 -0.008754909 0.008170187 0.005999982 -0.00840789 0.007577896 0.005999982 0.0103839 0.0215165 0.005999982 0.01066499 0.02001589 0.005999982 0.009546577 0.02128791 0.005999982 0.009975373 0.021438 0.005999982 0.01110959 0.01974219 0.005999982 0.01123869 0.01951098 0.005999982 0.01118391 0.0196321 0.005999982 0.01127219 0.01938229 0.005999982 0.01299995 0.02349996 0.003999948 0.01245599 0.02349996 0.005999982 0.01299995 0.02349996 0.005999982 0.01245599 0.02349996 0.003999948 0.01147359 0.0226866 0.005999982 0.01150578 0.02281105 0.003049612 0.01147359 0.0226866 0.003017485 0.01155161 0.02292639 0.003095567 0.01151371 0.02283483 0.005999982 0.01157593 0.02297472 0.005999982 0.01160883 0.02303099 0.003152847 0.01165902 0.02310389 0.005999982 0.01167511 0.02312433 0.003219068 0.01174849 0.02320647 0.003292441 0.01176089 0.02321875 0.005999982 0.01187902 0.0233168 0.005999982 0.01182729 0.02327758 0.003371298 0.01191049 0.02333801 0.003454506 0.01201099 0.02339541 0.005999982 0.01199716 0.02338838 0.003541052 0.01208627 0.02342909 0.003630161 0.01215332 0.02345299 0.005999982 0.01226943 0.02348238 0.003813326 0.0121771 0.0234602 0.003721058 0.01230281 0.02348816 0.005999982 0.01236248 0.02349555 0.003906369 0.01245599 0.02349996 0.005999982 0.01245599 0.02349996 0.003999948 -0.001653969 0 -6.07452e-4 -0.001688361 0.001799941 -8.02254e-4 -0.001654148 0.001799941 -6.08388e-4 -0.001699984 0.001799941 -9.99987e-4 -0.001688361 0 -8.02254e-4 -0.001699984 0 -9.99987e-4 -0.001519322 0.001799941 -2.37473e-4 -0.001420497 0.001799941 -6.62521e-5 -0.001419961 0 -6.54119e-5 -0.001518905 0 -2.36747e-4 -0.001597344 0 -4.1844e-4 -0.001597464 0.001799941 -4.18638e-4 -0.001014709 0 3.63895e-4 -0.00116676 0.001799941 2.3623e-4 -0.001015484 0.001799941 3.63279e-4 -0.001166403 0 2.36716e-4 -0.001302063 0 9.29168e-5 -0.001302301 0.001799941 9.26211e-5 -4.88061e-4 0.001799941 6.28396e-4 -4.87075e-4 0 6.28698e-4 -6.73617e-4 0.001799941 5.60808e-4 -8.50192e-4 0.001799941 4.72127e-4 -6.7315e-4 0 5.61043e-4 -8.49678e-4 0 4.72386e-4 -9.90648e-5 0.001799941 6.97086e-4 9.83137e-5 0.001799941 6.97115e-4 9.93141e-5 0 6.97072e-4 -2.94778e-4 0 6.74205e-4 -2.95489e-4 0.001799941 6.74114e-4 -9.87192e-5 0 6.9713e-4 6.7372e-4 0 5.60781e-4 4.8747e-4 0.001799941 6.28598e-4 6.72842e-4 0.001799941 5.61133e-4 4.87615e-4 0 6.28567e-4 2.95664e-4 0 6.74047e-4 2.9485e-4 0.001799941 6.74222e-4 0.001166105 0.001799941 2.36839e-4 0.00116676 0 2.36268e-4 0.001015067 0.001799941 3.63625e-4 8.49636e-4 0.001799941 4.72433e-4 0.001015186 0 3.63575e-4 8.50421e-4 0 4.7195e-4 0.001420259 0.001799941 -6.575e-5 0.001518905 0.001799941 -2.36665e-4 0.001519203 0 -2.37326e-4 0.00130254 0 9.23074e-5 0.001301944 0.001799941 9.30743e-5 0.001420319 0 -6.59983e-5 0.00168848 0 -8.02889e-4 0.001654028 0.001799941 -6.07782e-4 0.001688361 0.001799941 -8.02272e-4 0.001654148 0 -6.08243e-4 0.001597583 0 -4.19077e-4 0.001597166 0.001799941 -4.18112e-4 0.001654148 0.001799941 -0.001391649 0.001654028 0 -0.001392126 0.00168848 0.001799941 -0.00119704 0.001699924 0.001799941 -9.99482e-4 0.001688361 0 -0.001197636 0.001699924 0 -0.001000404 0.001519203 0.001799941 -0.001762568 0.001420319 0.001799941 -0.001933932 0.001420259 0 -0.00193423 0.001597166 0 -0.001581788 0.001597583 0.001799941 -0.001580834 0.001518905 0 -0.001763284 0.001015067 0 -0.002363502 0.00116676 0.001799941 -0.002236247 0.001015186 0.001799941 -0.002363502 0.001166105 0 -0.002236783 0.001301944 0 -0.002093017 0.00130254 0.001799941 -0.002092242 4.87615e-4 0.001799941 -0.002628505 4.8747e-4 0 -0.002628505 6.7372e-4 0.001799941 -0.002560675 8.50421e-4 0.001799941 -0.002471864 6.72842e-4 0 -0.002561092 8.49636e-4 0 -0.002472341 9.93141e-5 0.001799941 -0.00269699 -9.87192e-5 0.001799941 -0.00269711 -9.90648e-5 0 -0.00269699 2.9485e-4 0 -0.002674162 2.95664e-4 0.001799941 -0.002674043 9.83137e-5 0 -0.00269711 -2.94778e-4 0.001799941 -0.002674162 -2.95489e-4 0 -0.002674043 -4.88061e-4 0 -0.002628386 -4.87075e-4 0.001799941 -0.002628684 -6.7315e-4 0.001799941 -0.002560973 -6.73617e-4 0 -0.002560794 -8.49678e-4 0.001799941 -0.002472341 -8.50192e-4 0 -0.002472043 -0.001015484 0 -0.002363204 -0.001014709 0.001799941 -0.002363801 -0.001166403 0.001799941 -0.002236664 -0.00116676 0 -0.002236187 -0.001302063 0.001799941 -0.002092838 -0.001302301 0 -0.00209254 -0.001420497 0 -0.001933634 -0.001419961 0.001799941 -0.001934528 -0.001518905 0.001799941 -0.001763164 -0.001519322 0 -0.001762509 -0.001597344 0.001799941 -0.00158149 -0.001597464 0 -0.001581311 -0.001654148 0 -0.00139153 -0.001653969 0.001799941 -0.001392543 -0.001688361 0.001799941 -0.001197636 -0.001688361 0 -0.001197636 -0.001688361 0.001799941 -8.02254e-4 -0.001699984 0.001799941 -9.99987e-4 -0.002899885 0.002999961 -9.99987e-4 -0.002620339 0.002999961 2.42415e-4 -0.001519322 0.001799941 -2.37473e-4 -0.002719998 0.002999961 5.5562e-6 -0.001654148 0.001799941 -6.08388e-4 -0.002854526 0.002999961 -4.89222e-4 -0.00279808 0.002999961 -2.38309e-4 -0.00220263 0.002999961 8.86255e-4 -0.002027273 0.002999961 0.001073539 -0.00116676 0.001799941 2.3623e-4 -0.002500355 0.002999961 4.68874e-4 -0.002360582 0.002999961 6.84322e-4 -0.001420497 0.001799941 -6.62521e-5 -6.73617e-4 0.001799941 5.60808e-4 -0.001412034 0.002999961 0.001532793 -0.001182973 0.002999961 0.001647651 -8.50192e-4 0.001799941 4.72127e-4 -0.001015484 0.001799941 3.63279e-4 -0.001630604 0.002999961 0.001398026 -1.92011e-4 0.002999961 0.00189352 -9.90648e-5 0.001799941 6.97086e-4 -4.46445e-4 0.002999961 0.001865327 -6.98398e-4 0.002999961 0.001814544 -2.95489e-4 0.001799941 6.74114e-4 -4.88061e-4 0.001799941 6.28396e-4 8.22746e-4 0.002999961 0.001780748 0.001065969 0.002999961 0.001696825 4.8747e-4 0.001799941 6.28598e-4 9.83137e-5 0.001799941 6.97115e-4 3.20372e-4 0.002999961 0.001882135 2.9485e-4 0.001799941 6.74222e-4 0.001166105 0.001799941 2.36839e-4 0.001015067 0.001799941 3.63625e-4 0.001735568 0.002999961 0.001323223 8.49636e-4 0.001799941 4.72433e-4 6.72842e-4 0.001799941 5.61133e-4 0.001299381 0.002999961 0.001592516 0.002433419 0.002999961 5.7726e-4 0.001518905 0.001799941 -2.36665e-4 0.001420259 0.001799941 -6.575e-5 0.002117693 0.002999961 9.81201e-4 0.002284765 0.002999961 7.85883e-4 0.001301944 0.001799941 9.30743e-5 0.001688361 0.001799941 -8.02272e-4 0.002829313 0.002999961 -3.64298e-4 0.002874433 0.002999961 -6.16784e-4 0.001597166 0.001799941 -4.18112e-4 0.002673149 0.002999961 1.24037e-4 0.002762079 0.002999961 -1.16724e-4 0.002829194 0.002999961 -0.001636803 0.001654148 0.001799941 -0.001391649 0.002874255 0.002999961 -0.001384556 0.002897024 0.002999961 -0.001128733 0.001699924 0.001799941 -9.99482e-4 0.002897024 0.002999961 -8.7248e-4 0.002562642 0.002999961 -0.002357125 0.002433121 0.002999961 -0.002577841 0.001420319 0.001799941 -0.001933932 0.002761662 0.002999961 -0.001884639 0.002672851 0.002999961 -0.002124845 0.001597583 0.001799941 -0.001580834 0.001015186 0.001799941 -0.002363502 0.001933336 0.002999961 -0.003161311 0.001735508 0.002999961 -0.003323256 0.00116676 0.001799941 -0.002236247 0.00130254 0.001799941 -0.002092242 0.002117395 0.002999961 -0.002981483 8.22378e-4 0.002999961 -0.003780901 2.95664e-4 0.001799941 -0.002674043 4.87615e-4 0.001799941 -0.002628505 0.001299262 0.002999961 -0.00359261 6.7372e-4 0.001799941 -0.002560675 8.50421e-4 0.001799941 -0.002471864 -9.87192e-5 0.001799941 -0.00269711 -1.9286e-4 0.002999961 -0.003893435 -2.94778e-4 0.001799941 -0.002674162 3.19743e-4 0.002999961 -0.003882229 9.93141e-5 0.001799941 -0.00269699 -6.9941e-4 0.002999961 -0.00381428 -9.45417e-4 0.002999961 -0.003741443 -4.87075e-4 0.001799941 -0.002628684 -0.001184046 0.002999961 -0.003647089 -6.7315e-4 0.001799941 -0.002560973 -8.49678e-4 0.001799941 -0.002472341 -0.001413226 0.002999961 -0.00353229 -0.001631677 0.002999961 -0.003397226 -0.001014709 0.001799941 -0.002363801 -0.001166403 0.001799941 -0.002236664 -0.001836895 0.002999961 -0.003243923 -0.002028346 0.002999961 -0.0030725 -0.001302063 0.001799941 -0.002092838 -0.002361536 0.002999961 -0.002682924 -0.002203226 0.002999961 -0.00288552 -0.001419961 0.001799941 -0.001934528 -0.002500832 0.002999961 -0.002468228 -0.002620995 0.002999961 -0.002240777 -0.001518905 0.001799941 -0.001763164 -0.002720177 0.002999961 -0.002004981 -0.001597344 0.001799941 -0.00158149 -0.002798557 0.002999961 -0.001759946 -0.001653969 0.001799941 -0.001392543 -0.002854645 0.002999961 -0.001510441 -0.001688361 0.001799941 -0.001197636 -0.002888441 0.002999961 -0.001257061 -4.48016e-4 0.002999961 -0.003865063 6.33856e-5 0.002999961 -0.003899157 5.72814e-4 0.002999961 -0.003842771 0.00106436 0.002999961 -0.003697454 0.00152266 0.002999961 -0.003467977 0.002283692 0.002999961 -0.002787113 0.001519203 0.001799941 -0.001762568 0.00168848 0.001799941 -0.00119704 0.001654028 0.001799941 -6.07782e-4 0.002563536 0.002999961 3.55751e-4 0.001934707 0.002999961 0.001160204 0.00152415 0.002999961 0.001467049 5.74502e-4 0.002999961 0.001842439 6.50514e-5 0.002999961 0.001899123 -9.44007e-4 0.002999961 0.001741886 -0.001835942 0.002999961 0.001244544 -0.001302301 0.001799941 9.26211e-5 -0.001597464 0.001799941 -4.18638e-4 -0.002888441 0.002999961 -7.42835e-4 0.01399993 0.002999961 0.003999948 0.01399993 0.02249991 0.003999948 0.01399993 0.02249991 0.005999982 0.01399993 0 0.003905057 0.01399993 0.002999961 0.003905057 0.01399993 0 0.005999982 0.01342058 0 0.002304553 0.00116676 0 2.36268e-4 0.00130254 0 9.23074e-5 0.001015186 0 3.63575e-4 8.50421e-4 0 4.7195e-4 0.001519203 0 -2.37326e-4 0.001597583 0 -4.19077e-4 0.001420319 0 -6.59983e-5 0.00168848 0 -8.02889e-4 0.001699924 0 -0.001000404 0.001654148 0 -6.08243e-4 0.001688361 0 -0.001197636 -0.007084608 0 -0.005279779 -0.006903231 0 -0.005442023 -0.005328953 0 -0.005999982 0.005572319 0 -0.005988061 0.005813062 0 -0.005952537 0.005328953 0 -0.005999982 0.006048679 0 -0.005894124 0.006278336 0 -0.005812644 0.006498694 0 -0.00570935 0.006904006 0 -0.005441427 0.006707549 0 -0.005585551 0.007084608 0 -0.005279779 0.007249534 0 -0.005100429 -0.001688361 0 -0.001197636 -0.01342058 0 0.002304553 -0.007249534 0 -0.005100429 -0.005812287 0 -0.005952775 -0.005572319 0 -0.005988061 -0.006048679 0 -0.005894124 -0.006277561 0 -0.005812942 -0.006497979 0 -0.005709767 -0.006707549 0 -0.005585551 0.001015067 0 -0.002363502 8.49636e-4 0 -0.002472341 -4.88061e-4 0 -0.002628386 -0.001699984 0 -9.99987e-4 2.95664e-4 0 6.74047e-4 0.01399993 0 0.003905057 0.01399993 0 0.005999982 -4.87075e-4 0 6.28698e-4 -0.01399993 0 0.003905057 -0.0139876 0 0.003656566 -0.0139507 0 0.003411591 -2.94778e-4 0 6.74205e-4 -0.01399993 0 0.005999982 -9.87192e-5 0 6.9713e-4 9.93141e-5 0 6.97072e-4 -0.01388972 0 0.003171086 -9.90648e-5 0 -0.00269699 -0.001597464 0 -0.001581311 -0.001654148 0 -0.00139153 -0.001420497 0 -0.001933634 -0.001519322 0 -0.001762509 -0.00116676 0 -0.002236187 -0.001302301 0 -0.00209254 -8.50192e-4 0 -0.002472043 -0.001015484 0 -0.002363204 -6.73617e-4 0 -0.002560794 -2.95489e-4 0 -0.002674043 2.9485e-4 0 -0.002674162 9.83137e-5 0 -0.00269711 4.8747e-4 0 -0.002628505 6.72842e-4 0 -0.002561092 0.001301944 0 -0.002093017 0.001166105 0 -0.002236783 0.001518905 0 -0.001763284 0.001420259 0 -0.00193423 0.001654028 0 -0.001392126 0.001597166 0 -0.001581788 -0.01380515 0 0.002937734 6.7372e-4 0 5.60781e-4 4.87615e-4 0 6.28567e-4 0.01369851 0 0.00271517 0.01357007 0 0.002503395 0.01380568 0 0.002938926 0.01389008 0 0.003172457 0.013951 0 0.003412365 0.0139876 0 0.003656566 -0.01369822 0 0.002714455 -0.01357007 0 0.002503395 -6.7315e-4 0 5.61043e-4 -0.001014709 0 3.63895e-4 -8.49678e-4 0 4.72386e-4 -0.001302063 0 9.29168e-5 -0.001166403 0 2.36716e-4 -0.001518905 0 -2.36747e-4 -0.001419961 0 -6.54119e-5 -0.001653969 0 -6.07452e-4 -0.001597344 0 -4.1844e-4 -0.001688361 0 -8.02254e-4 0.01389008 0.002999961 0.003172457 0.01389008 0 0.003172457 0.01380568 0 0.002938926 0.013951 0.002999961 0.003412365 0.013951 0 0.003412365 0.0139876 0 0.003656566 0.0139876 0.002999961 0.003656566 0.01399993 0.002999961 0.003905057 0.01399993 0 0.003905057 0.01380568 0.002999961 0.002938926 0.01369851 0 0.00271517 0.01369851 0.002999961 0.00271517 0.01357007 0 0.002503395 0.01357007 0.002999961 0.002503395 0.01342058 0 0.002304553 0.01342058 0.002999961 0.002304553 0.01342058 0 0.002304553 0.007249534 0.002999961 -0.005100429 0.01342058 0.002999961 0.002304553 0.007249534 0 -0.005100429 0.006278336 0.002999961 -0.005812644 0.006498694 0.002999961 -0.00570935 0.006278336 0 -0.005812644 0.006048679 0 -0.005894124 0.006048679 0.002999961 -0.005894124 0.005813062 0 -0.005952537 0.005813062 0.002999961 -0.005952537 0.005572319 0.002999961 -0.005988061 0.005572319 0 -0.005988061 0.005328953 0 -0.005999982 0.005328953 0.002999961 -0.005999982 0.006498694 0 -0.00570935 0.006707549 0 -0.005585551 0.006707549 0.002999961 -0.005585551 0.006904006 0.002999961 -0.005441427 0.006904006 0 -0.005441427 0.007084608 0.002999961 -0.005279779 0.007084608 0 -0.005279779 0.007249534 0.002999961 -0.005100429 0.007249534 0 -0.005100429 -0.005328953 0 -0.005999982 -0.005328953 0.002999961 -0.005999982 0.005328953 0.002999961 -0.005999982 0.005328953 0 -0.005999982 -0.006277561 0 -0.005812942 -0.006497979 0 -0.005709767 -0.006277561 0.002999961 -0.005812942 -0.006048679 0.002999961 -0.005894124 -0.006048679 0 -0.005894124 -0.005812287 0.002999961 -0.005952775 -0.005812287 0 -0.005952775 -0.005572319 0 -0.005988061 -0.005572319 0.002999961 -0.005988061 -0.005328953 0.002999961 -0.005999982 -0.005328953 0 -0.005999982 -0.006497979 0.002999961 -0.005709767 -0.006707549 0.002999961 -0.005585551 -0.006707549 0 -0.005585551 -0.006903231 0 -0.005442023 -0.006903231 0.002999961 -0.005442023 -0.007084608 0 -0.005279779 -0.007084608 0.002999961 -0.005279779 -0.007249534 0 -0.005100429 -0.007249534 0.002999961 -0.005100429 -0.0137071 0.002999961 0.003292798 -0.01358777 0.002999961 0.003190875 -0.01389008 0.002999961 0.003172457 0.01315635 0.002999961 0.003012239 0.01369851 0.002999961 0.00271517 0.01299995 0.002999961 0.002999961 -0.01389098 0.002999961 0.003545939 -0.0138089 0.002999961 0.003412187 -0.013951 0.002999961 0.003412365 -0.0139876 0.002999961 0.003656566 -0.01398766 0.002999961 0.003843486 -0.01395106 0.002999961 0.003690958 -0.01399993 0.002999961 0.003905057 -0.01399993 0.002999961 0.003999948 -0.01345396 0.002999961 0.003108978 -0.013309 0.002999961 0.003048837 -0.01380568 0.002999961 0.002938926 -0.01315635 0.002999961 0.003012239 -0.01369851 0.002999961 0.00271517 -0.01299995 0.002999961 0.002999961 -0.01357007 0.002999961 0.002503395 -0.01342058 0.002999961 0.002304553 0.002829194 0.002999961 -0.001636803 0.002874255 0.002999961 -0.001384556 0.01342058 0.002999961 0.002304553 0.01380568 0.002999961 0.002938926 0.01345396 0.002999961 0.003108978 0.01389008 0.002999961 0.003172457 0.013309 0.002999961 0.003048837 0.0137071 0.002999961 0.003292798 0.013951 0.002999961 0.003412365 0.01358777 0.002999961 0.003190875 0.01389098 0.002999961 0.003545939 0.0139876 0.002999961 0.003656566 0.0138089 0.002999961 0.003412187 0.01398766 0.002999961 0.003843486 0.01399993 0.002999961 0.003905057 0.01395106 0.002999961 0.003690958 0.01399993 0.002999961 0.003999948 0.01357007 0.002999961 0.002503395 0.007249534 0.002999961 -0.005100429 0.00152266 0.002999961 -0.003467977 0.001735508 0.002999961 -0.003323256 0.005572319 0.002999961 -0.005988061 0.005328953 0.002999961 -0.005999982 0.005813062 0.002999961 -0.005952537 0.006048679 0.002999961 -0.005894124 0.006278336 0.002999961 -0.005812644 0.006707549 0.002999961 -0.005585551 0.006498694 0.002999961 -0.00570935 0.006904006 0.002999961 -0.005441427 6.33856e-5 0.002999961 -0.003899157 -0.005328953 0.002999961 -0.005999982 0.007084608 0.002999961 -0.005279779 -0.002854645 0.002999961 -0.001510441 -0.007249534 0.002999961 -0.005100429 -0.005812287 0.002999961 -0.005952775 -0.005572319 0.002999961 -0.005988061 -0.006048679 0.002999961 -0.005894124 -0.006277561 0.002999961 -0.005812942 -0.006497979 0.002999961 -0.005709767 -0.006707549 0.002999961 -0.005585551 -0.006903231 0.002999961 -0.005442023 -0.001413226 0.002999961 -0.00353229 -0.001184046 0.002999961 -0.003647089 -0.007084608 0.002999961 -0.005279779 -0.002888441 0.002999961 -0.001257061 -0.002899885 0.002999961 -9.99987e-4 -0.002798557 0.002999961 -0.001759946 6.50514e-5 0.002999961 0.001899123 -4.48016e-4 0.002999961 -0.003865063 -6.9941e-4 0.002999961 -0.00381428 5.72814e-4 0.002999961 -0.003842771 8.22378e-4 0.002999961 -0.003780901 -0.002720177 0.002999961 -0.002004981 -0.002620995 0.002999961 -0.002240777 3.19743e-4 0.002999961 -0.003882229 -0.002500832 0.002999961 -0.002468228 -0.002361536 0.002999961 -0.002682924 -0.002203226 0.002999961 -0.00288552 -0.002028346 0.002999961 -0.0030725 -0.001836895 0.002999961 -0.003243923 -0.001631677 0.002999961 -0.003397226 -9.45417e-4 0.002999961 -0.003741443 -1.9286e-4 0.002999961 -0.003893435 0.001299262 0.002999961 -0.00359261 0.00106436 0.002999961 -0.003697454 0.001933336 0.002999961 -0.003161311 0.002117395 0.002999961 -0.002981483 0.002283692 0.002999961 -0.002787113 0.002433121 0.002999961 -0.002577841 0.002562642 0.002999961 -0.002357125 0.002672851 0.002999961 -0.002124845 0.002761662 0.002999961 -0.001884639 0.002897024 0.002999961 -0.001128733 0.002897024 0.002999961 -8.7248e-4 0.002874433 0.002999961 -6.16784e-4 -1.92011e-4 0.002999961 0.00189352 -4.46445e-4 0.002999961 0.001865327 0.002829313 0.002999961 -3.64298e-4 0.002762079 0.002999961 -1.16724e-4 0.002673149 0.002999961 1.24037e-4 0.002563536 0.002999961 3.55751e-4 0.002433419 0.002999961 5.7726e-4 0.002284765 0.002999961 7.85883e-4 0.002117693 0.002999961 9.81201e-4 0.001934707 0.002999961 0.001160204 0.001735568 0.002999961 0.001323223 0.001299381 0.002999961 0.001592516 0.00152415 0.002999961 0.001467049 8.22746e-4 0.002999961 0.001780748 0.001065969 0.002999961 0.001696825 3.20372e-4 0.002999961 0.001882135 5.74502e-4 0.002999961 0.001842439 -6.98398e-4 0.002999961 0.001814544 -9.44007e-4 0.002999961 0.001741886 -0.001182973 0.002999961 0.001647651 -0.001412034 0.002999961 0.001532793 -0.001630604 0.002999961 0.001398026 -0.001835942 0.002999961 0.001244544 -0.002027273 0.002999961 0.001073539 -0.002360582 0.002999961 6.84322e-4 -0.00220263 0.002999961 8.86255e-4 -0.002620339 0.002999961 2.42415e-4 -0.002500355 0.002999961 4.68874e-4 -0.00279808 0.002999961 -2.38309e-4 -0.002719998 0.002999961 5.5562e-6 -0.002888441 0.002999961 -7.42835e-4 -0.002854526 0.002999961 -4.89222e-4 -0.007249534 0 -0.005100429 -0.01342058 0.002999961 0.002304553 -0.007249534 0.002999961 -0.005100429 -0.01342058 0 0.002304553 -0.01388972 0 0.003171086 -0.01389008 0.002999961 0.003172457 -0.01380568 0.002999961 0.002938926 -0.0139507 0 0.003411591 -0.013951 0.002999961 0.003412365 -0.0139876 0.002999961 0.003656566 -0.0139876 0 0.003656566 -0.01399993 0 0.003905057 -0.01399993 0.002999961 0.003905057 -0.01380515 0 0.002937734 -0.01369851 0.002999961 0.00271517 -0.01369822 0 0.002714455 -0.01357007 0.002999961 0.002503395 -0.01357007 0 0.002503395 -0.01342058 0.002999961 0.002304553 -0.01342058 0 0.002304553</float_array>
          <technique_common>
            <accessor source="#ID17-mesh-positions-array" count="2406" stride="3">
              <param name="X" type="float"/>
              <param name="Y" type="float"/>
              <param name="Z" type="float"/>
            </accessor>
          </technique_common>
        </source>
        <source id="ID17-mesh-normals">
          <float_array id="ID17-mesh-normals-array" count="5568">0 0 -1 3.00405e-7 0 -1 -1.00973e-6 0 -1 -1.066e-6 0 -1 3.3902e-7 0 -1 1.56844e-6 0 -1 -1.67592e-7 0 -1 6.74866e-7 0 -1 -1.21752e-6 0 -1 -1.22532e-6 0 -1 -8.93457e-7 0 -1 -2.47084e-6 0 -1 -2.93385e-7 0 -1 6.66215e-7 0 -1 -2.45204e-6 0 -1 1.35287e-6 0 -1 -1.01276e-6 0 -1 3.40637e-6 0 -1 -3.39842e-6 0 -1 1.15026e-6 0 -1 -4.4668e-6 0 -1 -5.84143e-7 0 -1 -2.60651e-6 0 -1 -5.93262e-7 0 -1 -1.23557e-6 0 -1 7.46296e-7 0 -1 -2.67436e-6 0 -1 3.81215e-7 0 -1 -1.33403e-6 0 -1 -3.26433e-6 0 -1 6.12895e-6 0 -1 -3.8909e-6 0 -1 -2.15406e-6 0 -1 -6.09563e-6 0 -1 2.01483e-5 0 -1 -1.10518e-5 0 -1 -2.35241e-6 0 -1 3.42296e-6 0 -1 -2.23009e-7 0 -1 -5.06707e-7 0 -1 1.30717e-6 0 -1 -1.33548e-6 0 -1 1.52904e-6 0 -1 -3.10436e-7 0 -1 -2.91234e-7 0 -1 1.68384e-7 0 -1 -2.70464e-6 0 -1 -2.98547e-7 0 -1 1.68457e-6 0 -1 -1.13232e-6 0 -1 -2.13254e-7 0 -1 -1.90308e-7 0 -1 -3.09198e-7 0 -1 -6.57478e-7 0 -1 7.97551e-7 0 -1 6.57478e-7 0 -1 -8.52715e-7 0 -1 0 0 -1 3.86148e-7 0 -1 5.18057e-7 0 -1 3.38505e-6 0 -1 -4.6594e-6 0 -1 8.19071e-7 0 -1 -1.68741e-7 0 -1 1.50284e-6 0 -1 2.1879e-6 0 -1 -9.99153e-7 0 -1 -1.33606e-6 0 -1 3.33253e-7 0 -1 -2.46322e-6 0 -1 3.38095e-7 0 -1 6.70453e-7 0 -1 4.56746e-6 0 -1 -1.12324e-6 0 -1 -1.29099e-5 0 -1 5.84846e-6 0 -1 -1.06233e-6 0 -1 -1.09043e-5 0 -1 -2.35168e-7 0 -1 -3.73148e-7 0 -1 1.10518e-5 0 -1 2.15406e-6 0 -1 -2.01483e-5 0 -1 3.31936e-7 0 -1 2.9921e-6 0 -1 1.20872e-6 0 -1 -4.38618e-6 0 -1 -3.1163e-7 0 -1 -5.21981e-6 0 -1 1.33846e-6 0 -1 8.47339e-7 0 -1 -2.91402e-7 0 -1 -2.91623e-7 0 -1 3.38563e-7 0 -1 -3.38083e-7 0 -1 1.17847e-6 0 -1 -9.86525e-7 0 -1 -9.3467e-7 0 -1 1.15345e-6 0 -1 -4.12686e-7 0 -1 -4.264e-7 0 -1 3.128e-6 0 -1 1.45606e-7 0 -1 5.26382e-7 0 -1 1.01077e-6 0 -1 -1.20407e-6 0 -1 -1.46278e-6 0 -1 1.67159e-6 0 -1 1.39312e-6 0 -1 -3.26718e-6 0 -1 -1.18946e-6 0 -1 3.00412e-7 0 -1 -8.84954e-7 0 -1 1.68942e-7 0 -1 2.90862e-7 0 -1 3.12495e-7 0 -1 -9.24025e-7 0 -1 7.4836e-7 0 -1 4.16272e-7 0 -1 6.14272e-7 0 -1 -1.82584e-7 0 -1 2.77561e-6 0 -1 7.52908e-7 0 -1 4.03838e-6 0 -1 -1.06311e-6 0 -1 5.29815e-6 0 -1 -3.23425e-6 0 -1 4.97889e-7 0 -1 1.46096e-7 0 -1 3.35493e-7 0 -1 3.37592e-7 0 -1 -8.50854e-7 0 -1 0 0 -1 2.68968e-6 0 -1 4.05589e-7 0 -1 -1.53059e-6 0 -1 4.39728e-6 0 -1 6.6747e-7 0 -1 -1.93007e-6 0 -1 1.052e-6 0 -1 3.94597e-6 0 -1 3.44411e-6 0 -1 2.71776e-6 0 -1 1.47876e-7 0 -1 6.28354e-7 0 -1 3.35017e-7 0 -1 6.64507e-7 0 -1 0 0 -1 3.39405e-7 0 -1 1.45603e-7 0 -1 1.2672e-6 0 -1 -1.6663e-7 0 -1 5.0036e-7 0 -1 -7.53019e-7 0 -1 -1.15029e-6 0 -1 6.37211e-7 0 -1 4.32042e-6 0 -1 -1.31503e-6 0 -1 4.27626e-6 0 -1 1.15296e-6 0 -1 -1.18276e-6 0 -1 -5.37782e-6 0 -1 -7.80957e-7 0 -1 1.44036e-5 0 -1 4.84193e-6 0 -1 -2.2153e-6 0 -1 0 0 -1 -1.19133e-6 0 -1 3.67555e-6 0 -1 -2.66868e-6 0 -1 -3.9161e-7 0 -1 -1.78671e-6 0 -1 -1.29582e-6 0 -1 1.99067e-7 0 -1 1.21219e-6 0 -1 0 0 -1 -2.94501e-7 0 -1 -2.56395e-6 0 -1 1.04404e-6 0 -1 2.71116e-6 0 -1 -4.56598e-6 0 -1 1.28757e-6 0 -1 -3.0253e-7 0 -1 6.65566e-7 0 -1 -1.69791e-7 0 -1 1.28117e-7 0 -1 1.01854e-6 0 -1 -3.37812e-7 0 -1 1.67017e-7 0 -1 -5.03917e-7 0 -1 -1.77469e-6 0 -1 -1.40144e-6 0 -1 3.38349e-6 0 -1 3.11115e-7 0 -1 -2.61055e-7 0 -1 -5.18912e-7 0 -1 3.60969e-6 0 -1 -1.29016e-5 0 -1 -1 -8.84942e-6 0 -0.9856167 -0.1689963 0 -0.9856152 -0.169005 0 -0.8731061 -0.4875304 0 -0.9429023 -0.3330693 0 -0.9429023 -0.3330694 0 -0.524253 -0.8515626 0 -0.6606364 -0.7507062 0 -0.6606411 -0.7507019 0 -0.777993 -0.6282731 0 -0.7779843 -0.6282837 0 -0.8731025 -0.4875367 0 -0.2107354 -0.9775431 0 -0.0425809 -0.9990931 0 -0.2107293 -0.9775446 0 -0.5242463 -0.8515667 0 -0.3727672 -0.927925 0 -0.3727551 -0.9279298 0 0.2930352 -0.9561017 0 0.293035 -0.9561018 0 0.4497573 -0.8931509 0 0.1267476 -0.9919351 0 -0.04257947 -0.9990932 0 0.1267454 -0.9919354 0 0.8284954 -0.5599959 0 0.7220306 -0.691861 0 0.7220375 -0.691854 0 0.5945693 -0.8040444 0 0.5945669 -0.8040462 0 0.4504635 -0.8927949 0 0.967765 -0.2518554 0 0.9964142 -0.08460974 0 0.9677659 -0.2518515 0 0.8284937 -0.5599984 0 0.9111267 -0.4121267 0 0.91113 -0.4121192 0 0.9677649 0.2518555 0 0.9677659 0.2518514 0 0.91113 0.4121192 0 0.9964142 0.0846098 0 0.9964142 -0.08460974 0 0.9964142 0.08460974 0 0.5945669 0.8040463 0 0.7220375 0.6918539 0 0.7220308 0.691861 0 0.8284938 0.5599985 0 0.8284955 0.5599959 0 0.9111267 0.4121266 0 0.2930067 0.9561104 0 0.1269659 0.9919071 0 0.2930064 0.9561105 0 0.5945693 0.8040444 0 0.4498615 0.8930984 1.06215e-6 0.4502793 0.8928878 0 -0.04253751 0.999095 0 -0.2107293 0.9775446 0 -0.04253894 0.9990949 0 0.1269637 0.9919074 0 -0.3727841 0.9279181 0 -0.2107354 0.9775431 0 -0.3727962 0.9279133 0 -0.5242489 0.8515652 0 -0.6606335 0.7507088 0 -0.5242556 0.851561 0 -0.7780021 0.6282618 0 -0.6606382 0.7507045 0 -0.7780107 0.6282511 0 -0.8730959 0.4875484 0 -0.9428967 0.3330857 0 -0.8730995 0.4875421 0 -0.9856152 0.1690051 0 -0.9428966 0.3330857 0 -0.9856167 0.1689963 0 -1 8.84466e-6 0 -0.9856148 -0.1690079 0 -1 -1.88651e-5 0 -1 -1.88461e-5 0 -0.7780645 -0.6281846 0 -0.8730145 -0.4876943 0 -0.8730145 -0.4876943 0 -0.9429166 -0.3330291 0 -0.985614 -0.1690121 0 -0.9428066 -0.3333407 0 -0.5243533 -0.8515009 0 -0.3729264 -0.9278609 0 -0.5243533 -0.8515008 0 -0.7780644 -0.6281846 0 -0.6606681 -0.7506782 0 -0.6606681 -0.7506781 0 -0.0422995 -0.999105 0 -0.04229766 -0.9991052 0 0.1269627 -0.9919075 0 -0.2107758 -0.9775345 0 -0.3729263 -0.927861 0 -0.2107747 -0.9775347 0 0.5945474 -0.8040605 0 0.4502718 -0.8928916 0 0.450273 -0.892891 0 0.2928118 -0.9561701 0 0.2928149 -0.9561692 0 0.1269634 -0.9919075 0 0.8285874 -0.5598599 0 0.9111698 -0.4120311 0 0.8285917 -0.5598535 0 0.5945512 -0.8040578 0 0.7220675 -0.6918226 0 0.7220676 -0.6918226 0 0.996393 -0.08485829 0 0.9963916 -0.08487576 0 0.9963916 0.08487635 0 0.967701 -0.2521009 0 0.9111632 -0.4120458 0 0.9676945 -0.2521259 0 0.828606 0.5598322 0 0.9111496 0.4120761 0 0.9111561 0.4120614 0 0.9677199 0.2520287 0 0.9677134 0.2520536 0 0.9963931 0.08485895 0 0.5945454 0.8040621 0 0.4500887 0.8929839 0 0.594549 0.8040595 0 0.8286103 0.5598258 0 0.7221639 0.691722 0 0.7221639 0.691722 0 0.1269587 0.991908 0 0.1269579 0.9919081 0 -0.04252499 0.9990954 0 0.2928274 0.9561653 0 0.4500875 0.8929845 0 0.2928305 0.9561644 0 -0.04252678 0.9990953 0 -0.2107758 0.9775345 0 -0.2107747 0.9775347 0 -0.372742 0.927935 0 -0.372742 0.9279351 0 -0.5241818 0.8516064 0 -0.5241818 0.8516065 0 -0.6607835 0.7505767 0 -0.6607834 0.7505766 0 -0.7780845 0.6281598 0 -0.7780844 0.6281598 0 -0.8729985 0.487723 0 -0.9428197 0.3333035 0 -0.9428182 0.3333076 0 -0.9856083 0.169045 0 -0.9856077 0.1690493 0 -1 0 0 -0.9856152 -0.1690055 0 -0.9856145 -0.1690096 0 -0.8729997 -0.4877208 0 -0.9428402 -0.3332452 0 -0.9428416 -0.3332412 0 -0.5241805 -0.8516072 0 -0.6607884 -0.7505723 0 -0.6607884 -0.7505723 0 -0.7780781 -0.6281675 0 -0.8729998 -0.4877208 0 -0.210776 -0.9775344 0 -0.0425477 -0.9990944 0 -0.210775 -0.9775347 0 -0.3727228 -0.9279429 0 -0.3730255 -0.9278212 -5.91618e-7 0.2930336 -0.9561021 0 0.2930368 -0.9561012 0 0.4499216 -0.8930681 0 0.1267476 -0.9919351 0 -0.04254591 -0.9990946 0 0.1275792 -0.9918285 8.77515e-7 0.8286049 -0.5598338 0 0.7221623 -0.6917237 0 0.7221624 -0.6917237 0 0.5945553 -0.8040547 0 0.5945591 -0.8040519 0 0.450464 -0.8927947 0 0.9677104 -0.2520645 0 0.9963963 -0.0848208 0 0.967704 -0.2520896 0 0.8286006 -0.5598402 0 0.9111247 -0.4121308 0 0.9111181 -0.4121455 0 0.9677104 0.2520645 0 0.967704 0.2520895 0 0.9111181 0.4121454 0 0.9963963 0.0848208 0 0.9963948 -0.08483827 0 0.9963948 0.08483821 0 0.5945591 0.804052 0 0.7221624 0.6917237 0 0.7221623 0.6917237 0 0.8286006 0.5598403 0 0.8286049 0.5598338 0 0.9111247 0.4121308 0 0.2930051 0.9561109 0 0.126966 0.9919071 0 0.2930082 0.95611 0 0.5945554 0.8040547 0 0.4502783 0.8928883 0 0.4499858 0.8930358 0 -0.04250395 0.9990963 0 -0.210775 0.9775347 0 -0.04250574 0.9990962 0 0.1269653 0.9919072 0 -0.3727518 0.9279312 0 -0.210776 0.9775344 0 -0.3730545 0.9278094 0 -0.52458 0.8513612 -7.41813e-7 -0.6607854 0.7505749 0 -0.5241832 0.8516056 0 -0.7780959 0.6281456 0 -0.7780959 0.6281457 0 -0.8729932 0.4877324 0 -0.9428345 0.3332616 0 -0.8729932 0.4877324 0 -0.9856145 0.1690097 0 -0.9428358 0.3332576 0 -0.9856151 0.1690054 0 -1 0 0 -0.9856163 -0.1689988 0 -1 -1.00157e-5 0 -1 -2.76764e-5 0 -0.7779793 -0.62829 0 -0.8731209 -0.4875039 0 -0.8731173 -0.4875103 0 -0.9428686 -0.3331649 0 -0.9855597 -0.1693291 -1.87689e-7 -0.9428687 -0.3331648 0 -0.524419 -0.8514603 0 -0.3729709 -0.9278431 0 -0.5244258 -0.8514562 0 -0.7779706 -0.6283008 0 -0.660866 -0.750504 0 -0.6605208 -0.7508078 0 -0.0423327 -0.9991037 0 -0.04233121 -0.9991037 0 0.1269611 -0.9919078 0 -0.2107352 -0.9775432 0 -0.3729587 -0.927848 0 -0.210729 -0.9775446 0 0.5945613 -0.8040503 0 0.4502741 -0.8928905 0 0.4502725 -0.8928912 0 0.2928134 -0.9561696 0 0.2928132 -0.9561697 0 0.1269634 -0.9919075 0 0.8284804 -0.5600181 0 0.9111717 -0.4120269 0 0.8284822 -0.5600156 0 0.594559 -0.804052 0 0.7219359 -0.6919599 0 0.7219427 -0.6919529 0 0.9963834 -0.08497232 1.25074e-7 0.9964111 -0.08464723 0 0.996411 0.08464777 0 0.9677554 -0.2518918 0 0.9111751 -0.4120196 0 0.9677565 -0.2518878 0 0.8284992 0.5599904 0 0.9111614 0.4120498 0 0.911158 0.4120572 0 0.9676921 0.2521352 -2.815e-7 0.9676579 0.2522666 0 0.5945593 0.8040518 0 0.4500882 0.8929842 0 0.5945569 0.8040536 0 0.8285009 0.559988 0 0.7220391 0.6918523 0 0.7220323 0.6918594 0 0.1269586 0.9919081 0 0.1269564 0.9919083 0 -0.04255855 0.9990941 0 0.292829 0.9561648 0 0.4500896 0.8929834 0 0.2928287 0.9561649 0 -0.04255998 0.999094 0 -0.2107352 0.9775432 0 -0.2107291 0.9775446 0 -0.3727865 0.9279171 0 -0.3727743 0.9279221 0 -0.5242474 0.851566 0 -0.5242543 0.8515618 0 -0.6606362 0.7507063 0 -0.6606314 0.7507106 0 -0.7779993 0.6282652 0 -0.7779906 0.628276 0 -0.8731012 0.4875391 0 -0.8731048 0.4875326 0 -0.9428803 0.3331316 0 -0.9428804 0.3331318 0 -0.9856099 0.1690359 0 -0.9856084 0.1690447 0 -1 0 4.79309e-4 -1 -4.79309e-4 0 -1 2.4417e-4 -4.12454e-4 -1 0 -4.79309e-4 -1 4.79309e-4 0 -1 -2.4417e-4 4.12454e-4 -0.1086556 0.9932594 0.04037362 -0.03020977 0.9971371 -0.0693193 -0.07053297 0.9949827 -0.07095456 0.072582 0.9955049 -0.06084406 0.004928171 0.9995921 0.02813482 0.01185512 0.9999298 0 -0.3463194 0.9381167 -4.06896e-5 -0.4582115 0.8879202 -0.04050034 -0.4557908 0.8891552 0.0407173 -0.3095076 0.9508054 0.01320451 -0.2293301 0.9733487 -3.44995e-5 -0.3076312 0.9515045 0.001519739 -0.7569016 0.6525374 -0.03598928 -0.6844819 0.7287662 -0.01960664 -0.7424306 0.6650136 -0.08095496 -0.6316155 0.7749991 -0.02093899 -0.5253946 0.8480243 0.06939303 -0.562165 0.8270252 1.80766e-5 -0.9395492 0.3404537 0.03659033 -0.9299442 0.3586842 0.08092904 -0.883504 0.466674 -0.04045093 -0.8203569 0.5704018 -0.0406987 -0.8612569 0.5034232 0.06929492 -0.8399298 0.5380247 0.07104676 -0.9610221 0.2757701 0.019683 -0.9613534 0.2745109 -0.02106469 -0.9970622 0.07151389 -0.02743798 -0.9925662 0.1217065 5.34938e-5 -0.9962469 0.0611366 -0.06127482 -0.9925814 0.1215827 0 0.9975229 0.07034331 0 0.9995016 -0.03156846 0 0.9910723 -0.1333255 -2.46091e-6 0.9910717 -0.1333306 2.4493e-6 0.9995016 -0.03157091 0 0.9625426 0.2711306 0 0.9298294 0.3679909 0 0.929832 0.3679845 0 0.9625419 0.2711328 0 0.9851679 0.1715934 0 0.9851679 0.1715934 0 0.775586 0.6312422 0 0.7755895 0.6312377 0 0.8359557 0.5487971 0 0.8359546 0.5487986 0 0.8875544 0.460703 0 0.8875523 0.460707 0 0.5491259 0.8357397 0 0.6314586 0.7754096 0 0.5491225 0.8357419 0 0.7072976 0.706916 0 0.7072938 0.7069199 0 0.631456 0.7754117 0 0.3682501 0.9297268 0 0.2715802 0.9624158 0 0.2715789 0.9624162 0 0.4610997 0.8873484 0 0.3682508 0.9297265 0 0.461102 0.8873473 0 0.1719029 0.9851139 0 0.1719032 0.9851139 0 0.07075762 0.9974936 0 0.07075804 0.9974935 0 -0.03132492 0.9995093 0 -0.03132444 0.9995093 0 -0.1333023 0.9910755 -2.43787e-6 -0.1333031 0.9910753 2.44942e-6 -0.9699556 -0.2398908 0.04047822 -0.9841911 -0.1629668 -0.06935167 -0.9767021 -0.2025145 -0.07099992 -0.9962468 -0.06113922 -0.06127482 -0.9912928 -0.1285997 0.02829945 -0.9925814 -0.1215823 0 -0.8836929 -0.4680672 4.91645e-5 -0.8176435 -0.5742914 -0.04060339 -0.799926 -0.5997276 0.02110433 -0.8996657 -0.4361256 0.01990139 -0.9340045 -0.3572611 3.83816e-4 -0.9448799 -0.3196511 -0.07088816 -0.5819787 -0.8125592 0.03237938 -0.6296337 -0.7767149 -0.01659756 -0.5569632 -0.8265768 -0.08101165 -0.6596889 -0.7504519 -0.0404067 -0.7705118 -0.6336197 0.0695542 -0.7447128 -0.6673851 -1.53636e-5 -0.2094018 -0.9772014 -0.03504902 -0.2971177 -0.9540005 0.04005122 -0.3448407 -0.9377835 -0.04058241 -0.4560274 -0.8890399 -0.04058593 -0.3843173 -0.9205954 0.0693134 -0.4213097 -0.9041344 0.07098734 -0.1449694 -0.9892389 0.01975792 -0.1438091 -0.9893792 -0.02116292 0.06216895 -0.9976845 -0.02758079 0.01152151 -0.9999337 -1.27403e-5 0.07222419 -0.9955222 -0.06098759 0.01197147 -0.9999284 0 0 1 0 0.9940142 0.1092518 5.15536e-6 0.9999248 -0.01227211 -3.29174e-5 0.9939484 0.1098484 -2.93204e-5 0.9955014 -0.07250839 0.06098705 0.9999307 -0.01177471 0 0.9955004 -0.07252347 -0.06098687 0.93819 0.3461208 -9.71507e-6 0.8891426 0.4576303 -2.00379e-5 0.8894196 0.4570918 1.49912e-5 0.9382585 0.3459351 1.41265e-6 0.9733467 0.2293391 -3.90121e-6 0.9732933 0.2295655 -1.70334e-5 0.667279 0.7448079 1.43203e-5 0.7527433 0.6583142 -7.9836e-7 0.6670371 0.7450246 -3.87279e-6 0.7528131 0.6582344 5.4541e-6 0.8273119 0.561743 1.12179e-5 0.8271126 0.5620363 -8.82865e-6 0.3570665 0.9340791 1.67112e-6 0.3574314 0.9339395 2.49169e-5 0.4679143 0.883774 5.3148e-6 0.5716119 0.8205242 -5.2877e-6 0.4681567 0.8836455 2.13366e-5 0.5720836 0.8201953 2.79876e-5 0.2413597 0.9704357 2.85246e-5 0.240785 0.9705785 -6.2778e-6 0.1215329 0.9925874 0 0.1217226 0.9925642 1.17027e-5 0.06092214 0.9962747 0.06103497 0.06092214 0.9962747 -0.06103497 -0.07048857 0.9975126 0 -0.07048767 0.9975126 0 0.03154808 0.9995023 0 0.1333031 0.9910753 -2.44942e-6 0.1333023 0.9910755 2.43787e-6 0.03154766 0.9995023 0 -0.2710161 0.9625748 0 -0.3679828 0.9298327 0 -0.3679784 0.9298344 0 -0.2710177 0.9625745 0 -0.1716126 0.9851645 0 -0.1716135 0.9851644 0 -0.6312395 0.7755879 0 -0.6312395 0.775588 0 -0.5487979 0.8359551 0 -0.5487979 0.8359551 0 -0.460807 0.8875005 0 -0.4611127 0.8873417 0 -0.83574 0.5491253 0 -0.7757177 0.6310802 -2.84716e-7 -0.8357422 0.5491219 0 -0.7069183 0.7072952 0 -0.7069196 0.7072939 0 -0.7754136 0.6314537 0 -0.9297267 0.3682503 0 -0.9624168 0.2715771 0 -0.9624168 0.2715772 0 -0.8873483 0.4610999 0 -0.9297267 0.3682504 0 -0.8873472 0.4611019 0 -0.9851167 0.1718869 0 -0.9851171 0.1718845 0 -0.9975038 0.07061362 0 -0.997504 0.07061105 0 -0.9995086 -0.03134489 0 -0.9995086 -0.03134989 0 -0.9910717 -0.1333305 -1.72038e-5 -0.9910723 -0.1333255 2.46091e-6 -0.2407851 0.9705785 6.29297e-6 -0.1217226 0.9925642 -1.16887e-5 -0.2413597 0.9704357 -2.85094e-5 -0.06092214 0.9962747 0.06103497 -0.1215329 0.9925874 0 -0.06092214 0.9962747 -0.06103497 -0.4681567 0.8836455 -2.12576e-5 -0.5720837 0.8201953 -2.79499e-5 -0.5716118 0.8205242 5.28916e-6 -0.4679142 0.8837739 -5.29008e-6 -0.3570665 0.934079 -1.63309e-6 -0.3574313 0.9339395 -2.48749e-5 -0.8271126 0.5620363 8.82717e-6 -0.7528131 0.6582344 -5.49076e-6 -0.8273119 0.5617429 -1.12561e-5 -0.7527433 0.6583142 8.10054e-7 -0.6670371 0.7450246 3.88495e-6 -0.6672791 0.7448078 -1.43199e-5 -0.9733466 0.2293391 3.90369e-6 -0.9734008 0.2291091 4.55356e-5 -0.9382585 0.3459351 -1.41611e-6 -0.8894196 0.4570917 -1.49911e-5 -0.9383037 0.3458125 2.28058e-5 -0.8891426 0.4576304 2.00412e-5 -0.9939484 0.1098484 2.93207e-5 -0.9940142 0.1092518 -5.14877e-6 -0.9999307 -0.01177471 0 -0.9999248 -0.01227211 3.29175e-5 -0.9955004 -0.07252347 0.06098687 -0.9955014 -0.07250839 -0.06098705 1 0 4.79309e-4 1 4.79309e-4 0 1 -2.4417e-4 -4.12454e-4 1 0 -4.79309e-4 1 -4.79309e-4 0 1 2.4417e-4 4.12454e-4 0.109478 -0.9939892 -6.77692e-5 -0.02822214 -0.9973306 -0.06734436 0.07062673 -0.9949859 -0.07081735 -0.1154574 -0.9923768 0.04310494 -0.004964888 -0.9996032 0.02773058 -0.01197147 -0.9999284 0 0.3461668 -0.9381731 6.04109e-6 0.4576278 -0.8891438 6.32073e-5 0.490494 -0.8685417 0.07107162 0.3447374 -0.9352064 0.08090269 0.2283458 -0.9727442 0.04033654 0.2638566 -0.9643688 -0.01930487 0.7295554 -0.6830487 0.03454637 0.71711 -0.6969581 0.001635313 0.7799727 -0.6169181 -0.1051418 0.6583561 -0.7527066 -4.19335e-5 0.5771315 -0.815845 0.03627979 0.5620151 -0.8271271 -2.09117e-5 0.9395481 -0.3404572 0.0365855 0.9019705 -0.4317938 0.001843988 0.874197 -0.4842295 -0.03607749 0.8083323 -0.5876778 -0.0351215 0.8919115 -0.4507619 0.03616189 0.814714 -0.5741916 0.08090192 0.9694433 -0.2419231 0.04065585 0.9613524 -0.2745139 -0.02106577 0.9970688 -0.07139331 -0.02751284 0.9925186 -0.1220935 -1.20924e-5 0.9962469 -0.0611363 -0.06127482 0.9925814 -0.1215823 0 -0.3301672 0.9439225 0 -0.3301672 0.9439225 0 -0.2330089 0.9724747 0 -0.1333274 0.9910721 -2.43334e-6 -0.1333284 0.9910719 2.42186e-6 -0.2330093 0.9724745 0 -0.5131846 0.8582784 0 -0.5975017 0.8018678 0 -0.5975016 0.8018677 0 -0.5131857 0.8582777 0 -0.4237513 0.9057787 0 -0.4237524 0.9057782 0 -0.8101301 0.5862503 0 -0.8101277 0.5862535 0 -0.7465616 0.6653164 0 -0.746564 0.6653137 0 -0.6754535 0.7374026 0 -0.6754548 0.7374014 0 -0.9484808 0.3168349 0 -0.9115111 0.4112755 0 -0.9484816 0.3168324 0 -0.8652068 0.5014151 0 -0.8652091 0.5014113 0 -0.9115121 0.4112734 0 -0.9928374 0.1194738 0 -0.9998277 0.01856869 0 -0.9998276 0.01857119 0 -0.9756445 0.2193578 0 -0.9928374 0.1194738 0 -0.975644 0.2193602 0 -0.9595429 -0.2815626 0 -0.9595428 -0.2815627 0 -0.9830577 -0.1832966 0 -0.9830577 -0.1832966 0 -0.9965692 -0.08276557 0 -0.9965689 -0.08276808 0 -0.831173 -0.5560141 0 -0.8829455 -0.4694755 5.6911e-7 -0.831173 -0.5560141 0 -0.9260687 -0.3773549 0 -0.9260687 -0.3773549 0 -0.8828779 -0.4696027 0 -0.7023738 -0.7118085 0 -0.6266305 -0.7793165 0 -0.6266332 -0.7793144 0 -0.7706691 -0.6372356 0 -0.7023713 -0.7118108 0 -0.7706704 -0.637234 0 -0.5445458 -0.8387311 0 -0.5445447 -0.8387318 0 -0.4566327 -0.8896554 0 -0.3644184 -0.9312354 0 -0.4569382 -0.8894985 0 -0.2685386 -0.9632689 0 -0.3644201 -0.9312347 0 -0.2685388 -0.9632689 0 -0.169713 -0.9854936 0 -0.06905204 -0.9976131 0 -0.1697118 -0.9854938 0 0.03221982 -0.9994809 0 -0.06905132 -0.9976131 0 0.03221946 -0.9994809 0 0.1333376 -0.9910708 2.43334e-6 0.1333368 -0.9910708 -2.42186e-6 0.969956 0.2398891 0.04047888 0.9879876 0.1393501 -0.0667994 0.9694394 0.2419103 -0.04082667 0.9989057 0.01809698 0.04312783 0.9983292 0.05500787 -0.01768839 0.9925814 0.1215827 0 0.8735705 0.4854428 -0.03492873 0.8202084 0.5720648 -1.56346e-5 0.7954248 0.6018583 0.07117682 0.8736172 0.4853384 0.03521019 0.9341293 0.3569348 -1.0799e-5 0.9399523 0.3394061 -0.03596097 0.5621712 0.8270209 -5.59319e-6 0.6272476 0.7788183 0.00163263 0.5075192 0.855206 -0.1051059 0.6580817 0.7529467 -1.06584e-6 0.7314712 0.6809061 0.03628832 0.7446168 0.6674923 7.69438e-6 0.2097026 0.9771225 0.03544878 0.2972764 0.9539487 -0.0401079 0.3814248 0.9216724 -0.07095932 0.3928753 0.9187087 -0.04029202 0.3466647 0.9371035 0.04075402 0.4565378 0.8860251 0.0808255 0.1451442 0.9892196 0.01943647 0.1439957 0.9893562 -0.02096521 -0.06222629 0.9976778 -0.02769631 -0.01172763 0.9999313 3.38248e-7 -0.07253837 0.995508 -0.06084406 -0.01185512 0.9999297 0 0.2331212 0.9724477 0 0.1333275 0.9910721 2.43334e-6 0.1333283 0.9910719 -2.42186e-6 0.513534 0.8580693 0 0.4242746 0.9055337 0 0.4239657 0.9056783 -1.66572e-7 0.3304153 0.9438357 0 0.3304153 0.9438357 0 0.2331207 0.9724479 0 0.675772 0.7371107 0 0.6757743 0.7371086 0 0.746789 0.665061 0 0.5135303 0.8580715 0 0.5975501 0.8018316 0 0.597544 0.8018361 0 0.8655316 0.5008543 0 0.9116091 0.4110586 0 0.8655315 0.5008545 0 0.810346 0.5859518 0 0.8103461 0.5859516 0 0.7467878 0.6650624 0 0.9928607 0.1192807 0 0.9757181 0.2190306 0 0.9757174 0.2190331 0 0.9485754 0.3165514 0 0.9116071 0.4110629 0 0.9485762 0.3165491 0 0.9965341 -0.08318483 0 0.9965344 -0.08318233 0 0.9830061 -0.1835733 0 0.992861 0.1192781 0 0.9998389 0.01795083 0 0.999839 0.01795083 0 0.9259651 -0.377609 0 0.8829615 -0.4694456 0 0.9259644 -0.3776112 0 0.9594157 -0.2819957 0 0.9594157 -0.2819957 0 0.9830057 -0.1835757 0 0.7019213 -0.7122546 0 0.770398 -0.6375634 0 0.7703955 -0.6375664 0 0.8310238 -0.5562368 0 0.8829604 -0.4694476 0 0.8310239 -0.5562368 0 0.5441063 -0.8390163 0 0.62637 -0.7795259 0 0.5441066 -0.8390161 0 0.7019228 -0.7122531 0 0.6263725 -0.779524 0 0.4568843 -0.8895261 0 0.4564517 -0.8897482 0 0.3642371 -0.9313063 0 0.3642379 -0.931306 0 0.2681463 -0.9633782 0 0.2681456 -0.9633784 0 0.1695303 -0.985525 0 0.1695306 -0.985525 0 0.06892192 -0.9976221 0 0.06892222 -0.9976221 0 -0.03245157 -0.9994733 0 -0.03245198 -0.9994733 0 -0.1333376 -0.9910708 -2.43334e-6 -0.1333368 -0.9910708 2.42186e-6 0.5906345 0.8069393 7.05116e-5 0.6862156 0.7273982 8.26014e-5 0.5917775 0.8061014 -1.54241e-5 0.4864667 0.8736991 5.99438e-6 0.4862992 0.8737925 1.69739e-5 0.3739981 0.9274296 -1.6549e-5 0.2558445 0.966718 -1.64547e-5 0.3738979 0.9274699 -1.02656e-5 0.1944122 0.9789386 -0.06231421 0.2553631 0.9668452 -2.07053e-5 0.6879999 0.7257108 -6.4512e-5 0.1948056 0.9788383 0.0626623 0.7715011 0.6362282 5.32455e-5 0.8445074 0.5355439 5.58292e-5 0.7728857 0.6345454 -7.46735e-5 0.8457266 0.5336166 -7.61e-5 0.9044016 0.4266824 8.44991e-5 0.9504095 0.3110015 8.42876e-5 0.9057394 0.4238352 -9.9328e-5 0.9649193 0.2545968 -0.06411826 0.9514702 0.3077409 -5.42593e-5 0.9668292 0.2475576 0.06290137 -1 0 0 -1 -3.9798e-7 0 -0.8090661 0 -0.5877177 -0.7072154 0 -0.7069982 -0.7072141 0 -0.7069995 -0.8909332 0 -0.4541345 -0.8090672 0 -0.5877162 -0.8909337 0 -0.4541335 -0.9510557 0 -0.3090199 -0.9877478 0 -0.1560587 -0.9510558 0 -0.3090193 -1 3.77193e-6 -1.00508e-5 -0.987694 0 -0.1563985 -1 -3.75413e-6 -9.6783e-6 -0.5877031 0 -0.8090769 -0.5877028 0 -0.8090769 -0.4539858 0 -0.891009 -0.3089731 0 -0.9510708 -0.4539855 0 -0.8910091 -0.1563685 0 -0.9876988 -0.3089718 0 -0.9510712 -0.1563694 0 -0.9876986 -5.96046e-6 -3.77423e-6 -1 3.71933e-5 3.75869e-6 -1 -0.5877043 0.8090758 0 -0.7071386 0.7070749 0 -0.7071412 0.7070723 0 -0.4541231 0.8909391 0 -0.5876989 0.8090798 0 -0.4541224 0.8909393 0 -0.3091431 0.9510156 0 -0.156195 0.9877263 0 -0.3091451 0.9510149 0 2.04518e-5 1 -3.75817e-6 -0.1561949 0.9877263 0 2.04742e-5 1 3.74043e-6 -0.8089907 0.5878214 0 -0.8089935 0.5878176 0 -0.8909633 0.4540753 0 -0.9510757 0.3089581 0 -0.8909679 0.4540666 0 -0.9876936 0.1564022 0 -0.9510773 0.3089532 0 -0.9876934 0.1564022 0 -1 6.28829e-6 3.77193e-6 -1 6.28084e-6 -3.75413e-6 -0.2558358 0.942803 -0.2137068 -0.2019514 0.9767446 -0.07201236 -0.09284132 0.9573085 -0.2737537 -0.7213422 0.6779003 -0.1418333 -0.7497626 0.6019918 -0.2747036 -0.8240671 0.5633206 -0.05986052 -0.4835008 0.7641343 -0.4269963 -0.4540327 0.8423451 -0.2903603 -0.3260276 0.8114696 -0.484998 -0.9381437 0.2870872 -0.1935657 -0.9259066 0.3671203 -0.08899343 -0.8643091 0.4035533 -0.3001911 -0.9381191 0.1936045 -0.2871407 -0.9834778 0.161877 -0.08103823 -0.8507769 0.4920195 -0.1846501 -0.6407515 0.5965185 -0.4833252 -0.7642605 0.5077109 -0.3976627 -0.5537145 0.8292338 -0.07597172 -0.4109937 0.8996984 -0.1470611 -0.8910071 0.4539893 3.05846e-5 -0.5963616 0.7721286 -0.2194778 -0.1318572 0.9052339 -0.4039374 -0.2974506 0.8872752 -0.352514 -0.3090122 0.9510582 2.08244e-5 -8.81031e-5 0.8660904 -0.4998874 -0.1584823 0.8342248 -0.5281594 7.51466e-5 0.9914419 -0.130549 -1.311e-4 0.9659368 -0.2587785 -0.1564367 0.9876881 4.17232e-7 6.71297e-6 1 1.49617e-5 -0.707109 0.7071046 4.37349e-6 -0.6261504 0.6935523 -0.3562596 -0.1719903 0.7461211 -0.6432128 -1.14292e-5 0.7934126 -0.6086843 -0.4983322 0.6671052 -0.5537469 -0.4984916 0.553665 -0.6670541 -1.06767e-5 0.7071055 -0.7071082 -0.1719534 0.6432163 -0.7461267 -0.2974184 0.3525243 -0.8872818 -0.4540667 0.2903388 -0.8423342 -0.4836466 0.4270759 -0.7639974 6.8903e-5 0.500186 -0.865918 -0.1318891 0.4039338 -0.9052308 -0.1584742 0.5281596 -0.8342262 -0.09286099 0.2737428 -0.9573096 -0.2558014 0.2136492 -0.9428253 5.6766e-5 0.382835 -0.9238169 7.30306e-5 0.1305413 -0.9914429 -0.1564389 -1.61268e-5 -0.9876877 -0.201946 0.0720461 -0.9767432 -1.22715e-4 0.923921 -0.3825834 -0.4539889 0.8910074 -1.81943e-5 1.00028e-4 0.2588963 -0.9659052 -0.5877866 0.8090161 -3.18512e-6 -5.73695e-7 0.608888 -0.7932563 -0.8090175 0.5877846 -2.51085e-6 -0.3403778 0.717518 -0.6077096 -0.9510562 0.3090183 -1.0889e-5 -0.7497597 0.2746883 -0.6020024 -0.6258504 0.3563933 -0.6937543 -0.5968118 0.2193997 -0.7718028 -0.3404133 0.6077206 -0.7174918 -0.6406615 0.4832925 -0.5966417 -0.7639784 0.3978977 -0.5079513 -0.8643091 0.3001939 -0.4035511 -0.9834716 0.08107829 -0.1618953 -1 5.88715e-6 -1.93715e-5 -0.9876883 0.1564356 5.27874e-6 -0.3258181 0.4850348 -0.8115318 -0.8507762 0.1846506 -0.4920204 -0.9259054 0.08900195 -0.3671211 -0.9876887 3.36543e-5 -0.1564326 -0.9510554 -1.40928e-5 -0.3090206 -0.7213641 0.1418 -0.677884 -0.8240649 0.05990028 -0.5633196 -0.8910081 -1.13621e-5 -0.4539874 -0.4110002 0.1470455 -0.899698 -0.5537164 0.07598578 -0.8292313 -0.8090134 1.62087e-5 -0.5877903 -0.7071067 -7.00355e-7 -0.707107 -0.4539919 1.47037e-5 -0.8910058 -0.5877929 1.13137e-5 -0.8090115 -8.10111e-6 1.96695e-5 -1 -0.3090155 -2.70456e-5 -0.951057 -9.71672e-6 1.75312e-5 -1 -1.78891e-4 0.130402 -0.9914612 -2.49362e-6 0.1866133 -0.9824334 -2.08149e-4 0.2587959 -0.965932 1.92714e-6 0.3108967 -0.9504438 -1.26039e-4 0.3826638 -0.9238877 0 0.4262247 -0.9046174 1.48686e-6 0.5308998 -0.8474346 -8.31675e-5 0.4999895 -0.8660315 -1.06333e-4 0.608758 -0.7933561 2.11503e-6 0.6242976 -0.7811866 -3.03313e-4 0.7071175 -0.707096 3.13286e-6 -2.30223e-6 -1 2.40281e-7 0.7775433 -0.6288295 -1.112e-6 0.7064515 -0.7077615 -3.21317e-4 0.7933039 -0.6088259 2.2538e-7 0.8380589 -0.5455798 -1.45879e-5 0.8660237 -0.5000029 -1.60374e-6 0.8884167 -0.4590378 -4.275e-6 0.9238796 -0.3826833 -1.31316e-7 0.9290304 -0.3700034 -1.05347e-5 0.9659253 -0.2588208 0 0.9602632 -0.279096 3.34277e-5 0.9914448 -0.1305265 1.44169e-6 0.9824087 -0.1867438 1.44448e-6 0.9956198 -0.09349477 8.72649e-7 1 1.81273e-5 9.31323e-7 1 3.78136e-5 0.8473224 0.5310791 -8.27946e-7 0.7968636 0.6041594 1.68142e-4 0.8799309 0.4751017 1.77426e-4 0.6950475 0.7189638 1.14119e-4 0.7809893 0.6245445 3.76254e-7 0.9045851 0.4262933 0 0.7075831 0.7066302 -3.98606e-7 0.9423223 0.3347071 2.38594e-4 0.9504204 0.3109678 -4.54951e-7 0.9824315 0.1866243 6.74505e-6 0.9824317 0.1866228 -5.46221e-6 0.6286573 0.7776825 0 0.5767689 0.8169074 1.81947e-4 0.5454049 0.8381729 1.76951e-7 0.4588076 0.8885357 5.83939e-7 0.4449029 0.8955788 2.13973e-4 0.3697169 0.9291446 1.0794e-6 0.3025354 0.9531382 -4.5537e-5 0.2788423 0.9603369 -6.07222e-7 0.1865444 0.9824466 -1.43051e-6 0.1531004 0.9882106 1.5025e-4 0.0934934 0.9956199 9.08039e-7 -2.0846e-5 1 7.91624e-6 -1.9934e-5 1 3.34869e-7 -0.5920682 0.8058879 -5.24739e-5 -0.6863178 0.7273018 6.57784e-5 -0.5905578 0.8069955 5.70539e-5 -0.4869959 0.8734044 -4.46337e-5 -0.4855063 0.8742333 5.50906e-5 -0.3742525 0.9273269 -3.34676e-5 -0.687896 0.7258093 -6.22248e-5 -0.3733768 0.9276798 2.22724e-5 -0.255523 0.9668031 -3.54e-6 -0.2559813 0.9666818 -3.27192e-5 -0.1947838 0.9788448 0.06262743 -0.1943992 0.9789435 -0.06227922 -0.7712931 0.6364802 8.48102e-5 -0.7730773 0.634312 -8.05408e-5 -0.8442322 0.5359778 9.58537e-5 -0.904322 0.4268512 1.0626e-4 -0.8459604 0.5332457 -9.32214e-5 -0.9058479 0.4236032 -1.01848e-4 -0.9504079 0.3110061 1.06075e-4 -0.9515243 0.3075737 -5.35099e-5 -0.9649195 0.2545968 -0.06411814 -0.9668292 0.2475576 0.06290137 7.72066e-7 0.8381847 -0.5453867 1.38057e-4 0.8660073 -0.5000316 1.96596e-4 0.7933217 -0.6088026 1.78851e-4 0.130402 -0.9914612 0 0.1866179 -0.9824327 1.17498e-4 0.2588059 -0.9659294 -1.25356e-6 0.8885377 -0.458804 -7.15256e-7 0.777692 -0.6286455 -1.17719e-6 0.9291363 -0.3697374 4.35185e-5 0.9238776 -0.3826882 0 0.9603492 -0.2788005 7.00551e-5 0.9659213 -0.2588363 9.8272e-5 0.9914453 -0.1305238 1.4035e-6 0.9824484 -0.1865351 2.50526e-7 0.9956184 -0.09351032 -9.05711e-7 1 1.81333e-5 -9.34226e-7 1 -1.01216e-5 1.68992e-4 0.7071016 -0.707112 0 0.706618 -0.7075952 -1.23307e-6 0.6245259 -0.7810041 3.59247e-4 0.6087599 -0.7933544 3.00937e-4 0.4999585 -0.8660494 -1.67079e-6 0.5310577 -0.8473358 1.18058e-4 0.3826705 -0.923885 0 0.4263043 -0.9045798 -4.90155e-6 0.3109534 -0.9504252 -3.14771e-6 -2.29478e-6 -1 9.91859e-6 1.72299e-5 -1 0.587703 0 -0.8090768 0.707214 0 -0.7069995 0.7072154 0 -0.7069982 0.4539857 0 -0.891009 0.5877028 0 -0.809077 0.4539855 0 -0.8910091 0.308973 0 -0.9510709 0.1563685 0 -0.9876988 0.3089718 0 -0.9510712 5.96046e-6 3.77423e-6 -1 0.1563695 0 -0.9876986 -3.71933e-5 -3.75869e-6 -1 0.8090661 0 -0.5877177 0.8090672 0 -0.5877162 0.8909332 0 -0.4541345 0.9510557 0 -0.3090199 0.8909337 0 -0.4541335 0.9877478 0 -0.1560587 0.9510558 0 -0.3090193 0.987694 0 -0.1563985 1 -3.77193e-6 -1.00508e-5 1 3.75413e-6 -9.6783e-6 0.7071412 0.7070725 0 0.7071387 0.7070749 0 0.8089907 0.5878214 0 0.8909634 0.4540753 0 0.8089935 0.5878176 0 0.9510757 0.3089581 0 0.8909679 0.4540666 0 0.9510773 0.3089532 0 0.9876936 0.1564022 0 1 6.28829e-6 -3.77193e-6 0.9876934 0.1564022 0 1 6.28084e-6 3.75413e-6 0.5877043 0.8090758 0 0.5876991 0.8090797 0 0.4541231 0.8909391 0 0.3091431 0.9510156 0 0.4541224 0.8909393 0 0.1561949 0.9877263 0 0.3091451 0.9510149 0 0.1561949 0.9877263 0 -2.04891e-5 1 3.75817e-6 -2.0422e-5 1 -2.62726e-5 0.4539886 0.8910075 -1.45957e-5 0.5537153 0.8292336 -0.07596743 0.4109946 0.8996979 -0.1470615 0.3090122 0.9510581 2.06977e-5 0.5877817 0.8090196 1.12876e-6 0.201946 0.976742 -0.07206243 0.09284186 0.9573082 -0.2737544 -7.54371e-5 0.9914432 -0.1305399 0.2559057 0.9427689 -0.2137738 0.1564367 0.9876881 4.17232e-7 0.7071046 0.707109 -4.15742e-5 0.1318574 0.905233 -0.4039392 0.8090058 0.5878008 -4.14662e-5 0.8910059 0.453992 3.16203e-5 0.8240653 0.5633236 -0.05985826 0.5967684 0.7718346 -0.2194054 0.4544683 0.8421823 -0.2901511 0.951056 0.3090187 -1.10194e-5 0.925907 0.3671192 -0.0889936 0.8643349 0.403517 -0.3001658 0.7642929 0.5076819 -0.3976374 0.850777 0.4920192 -0.1846504 0.9876883 0.156435 5.33462e-6 0.9834782 0.1618745 -0.08103966 0.7496715 0.6020578 -0.2748076 0.9259045 0.08900511 -0.3671227 0.983471 0.081079 -0.1618981 0.9510585 3.89554e-5 -0.3090109 0.9876889 4.04567e-5 -0.1564309 1 7.90507e-6 -1.93709e-5 0.7213436 0.6778992 -0.1418319 0.6258729 0.6937602 -0.3563426 0.6407524 0.5965185 -0.4833241 0.4983324 0.6671039 -0.5537483 0.4984916 0.5536657 -0.6670535 0.4835001 0.7641333 -0.426999 0.3403171 0.6077431 -0.7175184 0.3403775 0.7175196 -0.6077079 0.1318907 0.4039349 -0.9052301 0.09281772 0.273768 -0.9573068 1.04129e-4 0.382589 -0.9239187 0.4544897 0.2900981 -0.8421891 0.4836464 0.427076 -0.7639976 0.6258503 0.356392 -0.6937552 0.4110009 0.1470455 -0.8996977 0.2558026 0.2136493 -0.942825 0.2019508 0.07204604 -0.9767422 -7.27177e-5 0.1305416 -0.9914429 0.2975631 0.3524859 -0.8872486 0.1564384 -1.6313e-5 -0.9876878 8.11368e-6 1.96481e-5 -1 -6.7442e-6 1 1.49161e-5 -1.00318e-4 0.9659054 -0.2588955 0.2974988 0.8872647 -0.3524995 -8.86396e-5 0.9238194 -0.3828288 0.1584823 0.8342251 -0.528159 0.3259795 0.811484 -0.4850064 -2.42144e-5 0.8659203 -0.500182 0.8643347 0.3001653 -0.4035177 0.7642068 0.3977006 -0.5077619 0.9381262 0.2871258 -0.1935927 0.32577 0.4850517 -0.8115411 5.88596e-6 0.7932559 -0.6088885 0.1719903 0.7461209 -0.6432131 0.8910053 -1.16266e-5 -0.4539931 0.8507773 0.1846513 -0.4920184 0.9381187 0.193605 -0.287142 0.6406624 0.4832899 -0.5966428 1.05575e-5 0.7071067 -0.707107 0.1720036 0.6432137 -0.7461173 0.8240641 0.05989813 -0.5633211 0.7497285 0.2747097 -0.6020315 5.56558e-6 0.608687 -0.7934105 0.1585253 0.5281554 -0.8342193 0.8090133 1.93454e-5 -0.5877904 0.7213389 0.1418377 -0.6779029 0.7071062 1.54227e-6 -0.7071074 0.5537168 0.07598483 -0.8292311 0.5964099 0.2195679 -0.7720656 4.01065e-5 0.499884 -0.8660925 0.5877864 1.375e-5 -0.8090162 0.4539903 1.39736e-5 -0.8910067 0.3090168 -2.70754e-5 -0.9510567 1.29625e-4 0.2587745 -0.9659377 0 0 1 5.28944e-6 0 1 -5.8548e-7 0 1 3.24859e-6 0 1 -8.87973e-6 0 1 -3.0167e-6 0 1 -5.08081e-7 0 1 5.4261e-7 0 1 -2.70774e-6 0 1 -1.18599e-6 0 1 -1.73708e-6 0 1 4.27057e-7 0 1 6.88241e-6 0 1 -3.39711e-7 0 1 -1.45701e-7 0 1 1.01629e-6 0 1 1.35125e-6 0 1 8.97842e-7 0 1 -2.71353e-6 0 1 1.24338e-6 0 1 -6.77871e-7 0 1 -2.5584e-7 0 1 -8.2088e-7 0 1 -2.05071e-6 0 1 6.7871e-7 0 1 -3.8295e-6 0 1 -2.22915e-6 0 1 -2.12496e-6 0 1 2.70956e-6 0 1 3.51013e-6 0 1 -5.74617e-6 0 1 -8.03626e-6 0 1 1.95239e-6 0 1 3.79329e-6 0 1 2.06825e-5 0 1 -1.46482e-5 0 1 -4.78648e-7 0 1 -8.62331e-7 0 1 -8.57855e-6 0 1 3.72178e-5 0 1 -2.46586e-6 0 1 8.85518e-6 0 1 -1.6286e-6 0 1 4.00514e-7 0 1 2.68488e-6 0 1 -2.10066e-6 0 1 -2.70249e-6 0 1 1.35238e-6 0 1 5.81723e-7 0 1 -9.31921e-6 0 1 3.51012e-7 0 1 -1.47458e-6 0 1 -6.64209e-6 0 1 -2.75933e-6 0 1 2.61982e-6 0 1 2.58699e-6 0 1 3.83842e-6 0 1 3.00929e-6 0 1 -3.83842e-6 0 1 -3.00359e-6 0 1 3.3594e-6 0 1 -2.62627e-6 0 1 2.77935e-6 0 1 -1.023e-6 0 1 1.68384e-7 0 1 -9.31453e-6 0 1 1.85792e-6 0 1 4.81891e-6 0 1 -6.42105e-6 0 1 3.59466e-6 0 1 -1.96773e-6 0 1 1.76348e-6 0 1 5.92557e-7 0 1 1.17627e-6 0 1 4.70404e-6 0 1 2.38768e-6 0 1 -8.9667e-7 0 1 4.82335e-6 0 1 -3.72178e-5 0 1 -6.77809e-7 0 1 3.93082e-6 0 1 3.00748e-6 0 1 -7.59948e-6 0 1 -9.25327e-6 0 1 6.8211e-7 0 1 -9.31357e-6 0 1 1.35578e-6 0 1 2.36326e-6 0 1 3.38893e-7 0 1 -2.91207e-7 0 1 3.24665e-6 0 1 1.52965e-6 0 1 -1.64509e-6 0 1 2.71061e-6 0 1 -3.56862e-6 0 1 6.72942e-6 0 1 5.47375e-6 0 1 0 0 1 1.00539e-5 0 1 -4.17167e-6 0 1 -3.24859e-6 0 1 4.43987e-6 0 1 -2.5144e-6 0 1 3.79496e-6 0 1 1.20327e-6 0 1 -7.69728e-6 0 1 4.91674e-6 0 1 -1.93899e-5 0 1 4.78648e-7 0 1 4.31165e-7 0 1 -2.24479e-6 0 1 -5.02684e-6 0 1 2.08578e-6 0 1 -3.69167e-6 0 1 6.73743e-6 0 1 -9.24508e-7 0 1 2.95878e-6 0 1 -6.76006e-6 0 1 6.26209e-6 0 1 -4.95364e-6 0 1 0 0 1 4.39317e-7 0 1 -1.15152e-6 0 1 0 0 1 6.6803e-7 0 1 -9.34632e-6 0 1 -9.25121e-6 0 1 -3.52547e-6 0 1 3.75891e-6 0 1 8.8092e-6 0 1 1.59919e-5 0 1 -8.86842e-6 0 1 -5.42411e-6 0 1 1.01775e-6 0 1 -1.34074e-6 0 1 1.01276e-6 0 1 -8.62692e-7 0 1 4.19494e-6 0 1 -3.51047e-6 0 1 6.88862e-6 0 1 -7.13705e-6 0 1 1.89234e-6 0 1 3.64521e-7 0 1 -2.15045e-5 0 1 7.70678e-6 0 1 -3.14811e-6 0 1 5.56277e-7 0 1 3.5526e-6 0 1 6.59176e-6 0 1 -1.47907e-7 0 1 -1.19169e-6 0 1 -2.68393e-6 0 1 -6.74867e-7 0 1 -2.34707e-6 0 1 -1.02525e-6 0 1 6.8022e-7 0 1 -5.1883e-6 0 1 -7.97876e-7 0 1 3.02964e-7 0 1 4.2293e-7 0 1 1.74106e-7 0 1 -2.47054e-6 0 1 8.06629e-6 0 1 -6.19986e-6 0 1 -2.79217e-5 0 1 -8.296e-6 0 1 -2.51482e-7 0 1 6.92322e-7 0 1 7.63482e-6 0 1 -5.20104e-6 0 1 -2.10492e-6 0 1 -4.20906e-6 0 1 5.39321e-6 0 1 -2.68902e-6 0 1 -2.69977e-6 0 1 6.71676e-7 0 1 6.67743e-7 0 1 -1.35384e-6 0 1 -6.74454e-7 0 1 6.68853e-7 0 1 -2.53565e-7 0 1 4.36851e-7 0 1 4.49354e-7 0 1 -2.78635e-7 0 1 -6.77063e-6 0 1 -1.78064e-6 0 1 -1.19787e-6 0 1 -6.78507e-7 0 1 6.82098e-7 0 1 -8.74876e-7 0 1 4.7104e-6 0 1 1.01329e-6 0 1 5.43809e-6 0 1 -6.53407e-6 0 1 3.89337e-7 0 1 -3.20995e-6 0 1 7.30492e-6 0 1 -1.73795e-6 0 1 4.99385e-7 0 1 -0.9824321 0.1866208 9.48145e-7 -0.9504424 0.3109008 0 -0.9824355 0.1866031 6.52027e-6 -0.9046228 0.4262131 -2.05357e-7 -0.9422953 0.3347831 -2.66905e-6 -0.8799347 0.4750947 1.24933e-4 -0.8474283 0.5309101 4.48432e-7 -0.7968665 0.6041554 2.59991e-4 -0.7811464 0.624348 6.18398e-7 -0.7077798 0.7064332 -4.97326e-7 -0.6950386 0.7189725 9.11249e-5 -0.5767793 0.8169 2.14221e-4 -0.6288238 0.7775478 7.8883e-7 -0.5456023 0.8380442 -5.86733e-7 -0.444884 0.8955882 4.71415e-5 -0.4590458 0.8884127 1.31316e-6 -0.3700047 0.92903 4.61005e-7 -0.3025339 0.9531387 -1.14085e-4 -0.1867033 0.9824164 0 -0.2790862 0.9602661 -1.20979e-6 -0.1531314 0.9882058 2.89084e-4 -0.09347468 0.9956218 4.20958e-7 2.08467e-5 1 7.93696e-6 2.02842e-5 1 3.33413e-7 0.9729967 -9.85323e-6 -0.2308196 0.9932146 1.8612e-5 -0.1162964 0.9730669 1.94547e-5 -0.2305231 1 0 3.71076e-6 0.993195 0 -0.116464 1 0 3.70838e-6 0.8935112 7.71698e-5 -0.449041 0.8356885 4.25181e-5 -0.5492036 0.8353615 -1.85165e-5 -0.549701 0.8938176 -8.04801e-5 -0.4484309 0.9396598 -1.69227e-5 -0.3421106 0.9397473 1.04515e-5 -0.3418698 0.5969112 -4.15222e-5 -0.8023074 0.6863173 6.25267e-6 -0.7273023 0.5974942 3.40986e-5 -0.8018733 0.6860855 -2.60568e-5 -0.727521 0.7660228 -1.08534e-6 -0.6428135 0.7660975 9.72123e-6 -0.6427245 0.287099 3.32481e-5 -0.957901 0.2864805 -3.34139e-5 -0.9580861 0.3961863 1.26125e-5 -0.9181702 0.500187 1.83616e-5 -0.8659175 0.3959183 -1.72524e-5 -0.9182857 0.4999163 -1.35677e-5 -0.8660737 0.05824327 9.32363e-6 -0.9983025 -0.05788075 3.11882e-5 -0.9983235 -0.05848401 -3.11195e-5 -0.9982885 0.1735152 -1.79837e-5 -0.9848312 0.1738829 1.99954e-5 -0.9847664 0.05801481 -1.43608e-5 -0.9983158 -0.3963805 -2.69422e-5 -0.9180864 -0.2867321 6.58971e-6 -0.9580108 -0.3958917 2.75735e-5 -0.9182972 -0.2868846 -1.02814e-5 -0.9579652 -0.1737916 -2.23978e-5 -0.9847825 -0.1733717 2.09793e-5 -0.9848565 -0.6861284 2.68146e-5 -0.7274805 -0.686486 -2.3582e-5 -0.7271431 -0.5971759 6.55664e-6 -0.8021104 -0.4997477 2.39705e-5 -0.866171 -0.5972773 -7.14257e-6 -0.8020348 -0.5001789 -2.68949e-5 -0.8659222 -0.83544 2.06645e-5 -0.5495818 -0.8937584 7.64894e-5 -0.4485489 -0.8935432 -5.81128e-5 -0.4489774 -0.7661762 -2.59846e-5 -0.6426306 -0.765771 3.92003e-5 -0.6431134 -0.8355406 1.50587e-6 -0.5494288 -0.9932719 -3.31356e-5 -0.1158064 -0.9730113 1.66407e-6 -0.2307574 -0.9932233 1.03415e-5 -0.1162226 -0.9730763 -2.72889e-5 -0.2304835 -0.9397622 -3.45813e-5 -0.341829 -0.9395838 1.84091e-5 -0.342319 -0.9730754 2.72719e-5 0.230487 -0.9730097 -2.10464e-6 0.2307645 -0.9932708 3.26944e-5 0.1158156 -1 3.6629e-5 -3.55825e-4 -0.9932237 -9.33936e-6 0.1162187 -1 -3.63834e-5 3.46477e-4 -0.8937657 1.43906e-5 0.4485343 -0.8355659 7.69326e-6 0.5493903 -0.8354313 -1.82942e-5 0.5495949 -0.9397385 -7.58721e-5 0.3418942 -0.9397615 3.60489e-5 0.3418308 -0.8936262 -1.66856e-5 0.4488124 -0.5972176 1.27658e-5 0.8020793 -0.6864765 4.0699e-5 0.727152 -0.5972706 1.98755e-5 0.8020399 -0.6861196 -9.88696e-6 0.7274888 -0.7657403 -2.74835e-5 0.64315 -0.7661641 4.13263e-5 0.642645 -0.2869769 3.30628e-5 0.9579375 -0.2866933 8.92932e-7 0.9580225 -0.3964287 3.28228e-5 0.9180656 -0.5001151 2.69182e-5 0.865959 -0.3958894 -2.78687e-5 0.9182983 -0.4997815 -1.1559e-5 0.8661516 -0.05843853 3.0206e-5 0.998291 0.05805855 1.11754e-5 0.9983133 0.05825549 -9.01439e-6 0.9983018 -0.1734499 3.41452e-6 0.9848427 -0.1737565 3.42388e-5 0.9847887 -0.05792731 -2.18577e-5 0.9983208 0.1735056 7.81612e-6 0.984833 0.1738266 -2.48185e-5 0.9847764 0.2871001 -4.22088e-5 0.9579007 0.2869891 8.18324e-5 0.9579339 0.3959787 1.34057e-5 0.9182597 0.3962181 -1.2864e-5 0.9181565 0.4999637 3.89743e-6 0.8660464 0.5001941 -2.27089e-5 0.8659133 0.5975205 -4.30245e-5 0.8018537 0.5969218 3.47565e-5 0.8022996 0.6860699 2.4393e-5 0.7275356 0.6863291 -1.21376e-5 0.7272912 0.7659717 9.87348e-6 0.6428744 0.7661052 -1.09892e-5 0.6427153 0.8356876 -3.40529e-5 0.5492053 0.8353618 2.64554e-5 0.5497006 0.8937641 6.85391e-5 0.4485374 0.8935707 -6.04069e-5 0.4489226 0.9396514 2.29404e-5 0.3421335 0.9397508 -8.13638e-6 0.3418603 0.9730655 -1.55218e-5 0.2305293 0.9730001 1.13436e-5 0.230805 0.9931969 0 0.1164475 0.9932157 -1.781e-5 0.1162872 0.7010023 0.7084417 -0.08189147 0.7061275 0.7080848 3.29119e-5 0.7067482 0.7074652 -3.52681e-4 0.6390216 0.7072414 -0.3024253 0.6305617 0.7086125 -0.3166392 0.6629157 0.7073372 -0.2453917 0.685811 0.709396 -0.1625444 0.6967763 0.7063732 -0.1246591 0.6827443 0.706657 -0.1857317 0.5368036 0.7072205 -0.4600881 0.4940375 0.7074079 -0.5054711 0.4843289 0.7085729 -0.5131764 0.610008 0.7067194 -0.3583825 0.5763726 0.7063753 -0.4108876 0.5887193 0.7095648 -0.3872047 0.2791953 0.7090879 -0.6474909 0.3441246 0.7071029 -0.6177247 0.2886751 0.7071437 -0.6454569 0.3527113 0.7086954 -0.6110202 0.4207694 0.7095925 -0.565183 0.3977201 0.7067407 -0.5850951 0.04692381 0.7071079 -0.705547 0.04102301 0.7088979 -0.7041171 0.1086776 0.7070183 -0.698795 0.1702805 0.7067188 -0.6866973 0.1224344 0.7091111 -0.6943855 0.2021186 0.7095261 -0.675071 -0.2006512 0.7070967 -0.6780511 -0.2597604 0.7068648 -0.657926 -0.2022898 0.7088009 -0.6757811 -0.04098081 0.7095968 -0.7034152 -0.07813286 0.7062842 -0.7036035 -0.1224067 0.7093011 -0.6941965 -0.4842354 0.7083129 -0.5136234 -0.4219588 0.7079152 -0.5663982 -0.4229638 0.7076554 -0.5659731 -0.3523508 0.7095083 -0.6102842 -0.2791303 0.7094869 -0.6470817 -0.3170656 0.7067033 -0.6324872 -0.5933749 0.7072968 -0.3842363 -0.6305134 0.7086211 -0.3167163 -0.5896694 0.7084479 -0.3878036 -0.5166743 0.7067149 -0.4833236 -0.5574362 0.7065626 -0.4359291 -0.5397732 0.7095834 -0.4529199 -0.7006163 0.7088246 -0.08188259 -0.6898901 0.70719 -0.1547062 -0.7008022 0.707175 -0.09370172 -0.6620731 0.7096436 -0.2409675 -0.6525849 0.7062078 -0.2745972 -0.673853 0.7067805 -0.2153685 -0.6898631 0.7071405 0.1550525 -0.6862933 0.7089039 0.1626556 -0.7008575 0.7070853 0.09396451 -0.7067648 0.7067449 0.03154712 -0.7045618 0.7096427 7.47835e-6 -0.7067709 0.706752 -0.03124994 -0.624883 0.7070042 0.3311591 -0.5932831 0.7071099 0.3847217 -0.5892691 0.7089183 0.3875525 -0.6737474 0.7067921 0.2156606 -0.6526041 0.7062306 0.274493 -0.662136 0.7095745 0.2409984 -0.4217558 0.7079645 0.5664876 -0.4714587 0.7069321 0.5272321 -0.4226362 0.7077646 0.5660813 -0.48373 0.7093088 0.5127245 -0.5398409 0.7094983 0.4529724 -0.5165473 0.7067165 0.483457 -0.2002593 0.7075307 0.6777142 -0.1225759 0.7085568 0.6949262 -0.2024045 0.7080979 0.6764835 -0.3171443 0.7063801 0.6328085 -0.2791696 0.7093927 0.6471679 -0.3530173 0.7083663 0.6112249 0.04104292 0.708567 0.7044489 0.04731088 0.7072579 0.7053708 0.1224338 0.7085994 0.6949079 -0.07809281 0.7064728 0.7034186 -0.04096651 0.7095861 0.7034269 0.1705658 0.7067267 0.6866183 0.2307339 0.7067569 0.6687724 0.20209 0.7095322 0.6750733 0.2889352 0.7071474 0.6453364 0.2794283 0.7087818 0.6477254 0.352689 0.7087325 0.6109899 0.3443465 0.7071625 0.6175327 0.3979711 0.7067602 0.5849009 0.4207729 0.7095716 0.5652065 0.4840155 0.7089193 0.5129936 0.4482191 0.7067335 0.5473824 0.4947523 0.7070586 0.5052607 0.5402768 0.7089265 0.4533479 0.5762276 0.7064716 0.4109254 0.5371247 0.707125 0.4598602 0.5887166 0.7095655 0.3872074 0.6105185 0.7061651 0.3586056 0.6392004 0.7067644 0.3031617 0.6299407 0.7092853 0.3163687 0.6632629 0.7071049 0.2451228 0.6628535 0.7088037 0.2412934 0.682897 0.7065219 0.1856842 0.6858122 0.7093895 0.1625679 0.696934 0.7062172 0.1246612 0.7000513 0.7093892 0.08182495 0.7045508 0.706907 0.06237471 0.1088804 0.7072045 0.6985749 -0.01537156 0.7067988 0.7072477 -0.1397055 0.7074512 0.6928169 -0.259518 0.7068576 0.6580294 -0.3717451 0.7073126 0.6012609 -0.5572476 0.706829 0.4357383 -0.6300793 0.7091284 0.3164443 -0.7005222 0.708916 0.08189499 -0.6866486 0.7085568 -0.1626681 -0.6247741 0.7072252 -0.3308926 -0.471206 0.7072786 -0.5269933 -0.3716748 0.7066475 -0.6020858 -0.1402131 0.7069438 -0.6932322 -0.01565486 0.7068093 -0.707231 0.2304323 0.7067654 -0.6688675 0.4480149 0.7067279 -0.5475568 0.5404984 0.7086197 -0.4535633 0.663222 0.7084352 -0.2413635 0.7041859 0.7072955 -0.06209129 1 0 0 1 -5.7888e-7 0 0 -1 0 0.9560337 0 -0.2932568 0.9221224 0 -0.3868983 0.9803487 0 -0.1972729 0.9803487 0 -0.1972727 0.9950743 0 -0.09913223 0.9950743 0 -0.09913241 1 -2.38968e-6 -1.2856e-5 1 -2.62526e-5 -1.27442e-5 0.9223108 0 -0.3864489 0.8794791 0 -0.4759376 0.8794796 0 -0.4759367 0.8278086 0 -0.5610109 0.8278093 0 -0.5610098 0.7682117 2.40346e-6 -0.6401959 0.7682121 -2.39212e-6 -0.6401954 0.7682152 0 -0.6401917 0.3797954 0 -0.9250707 0.4678561 0 -0.8838047 0.3797973 0 -0.9250697 0.2878463 0 -0.9576767 0.2878463 0 -0.9576767 0.1935266 0 -0.9810951 0.1935288 0 -0.9810946 0.09744995 0 -0.9952405 0.09744995 0 -0.9952405 2.80142e-6 2.34831e-6 -1 -1.9744e-6 -2.33723e-6 -1 0.467858 0 -0.8838037 0.5513709 0 -0.8342603 0.551374 0 -0.8342583 0.6298947 0 -0.7766807 0.6298904 0 -0.7766841 0.7023425 0 -0.7118393 0.7023413 0 -0.7118405 0.7682296 -2.34141e-6 -0.6401746 0.7682296 2.33037e-6 -0.6401745 -0.3794924 0 -0.9251949 -0.4675581 0 -0.8839625 -0.3794903 0 -0.9251957 -0.2877891 0 -0.9576939 -0.2877911 0 -0.9576932 -0.1933619 0 -0.9811275 -0.1933596 0 -0.981128 -0.09733253 0 -0.995252 -0.09733724 0 -0.9952515 -2.80142e-6 -2.34831e-6 -1 1.9744e-6 2.33723e-6 -1 -0.4675581 0 -0.8839625 -0.5513469 0 -0.8342761 -0.5513452 0 -0.8342772 -0.6297529 0 -0.7767956 -0.6297545 0 -0.7767944 -0.7022281 0 -0.7119521 -0.7682296 2.34141e-6 -0.6401746 -0.7682296 -2.33037e-6 -0.6401745 0 1 -1.4541e-6 0 1 4.17146e-6 0 1 3.71131e-7 0 1 1.23212e-6 0 1 -4.27782e-6 0 1 1.21211e-6 0 1 -1.17837e-6 0 1 3.8619e-6 0 1 -1.93357e-6 0 1 -1.32644e-5 0 1 4.05122e-6 0 1 -3.24964e-7 0 1 1.98493e-5 0 1 -2.64661e-5 0 1 5.38381e-6 0 1 3.53291e-6 0 1 5.89753e-6 0 1 2.54225e-7 0 1 2.31762e-6 0 1 -2.18464e-6 0 1 -9.92039e-7 0 1 1.51711e-6 0 1 -1.96449e-6 0 1 -3.95818e-6 0 1 -1.00699e-6 0 1 -1.29982e-7 0 1 2.47955e-6 0 1 2.65479e-6 0 1 -2.54702e-7 0 1 3.98785e-7 0 1 3.16278e-6 0 1 -6.92798e-7 0 1 5.33476e-7 0 1 1.34749e-6 0 1 -6.12979e-7 0 1 -1.30894e-6 0 1 1.11148e-6 0 1 1.33412e-6 0 1 4.5782e-7 0 1 -1.13095e-5 0 1 -6.89861e-7 0 1 2.60361e-6 0 1 3.12388e-7 0 1 1.78399e-7 0 1 -1.65606e-6 0 1 2.70497e-6 0 1 -8.80745e-7 0 1 -2.15898e-6 0 1 -1.1124e-5 0 1 1.11717e-5 0 1 -7.38761e-6 0 1 7.88605e-6 0 1 4.22825e-6 0 1 3.83705e-7 0 1 -1.59623e-6 0 1 -1.74279e-7 0 1 -2.44762e-6 0 1 7.68971e-7 -0.7682152 0 -0.6401917 -0.9558953 -2.69867e-5 -0.2937079 -0.9560384 1.07559e-5 -0.2932416 -0.9223058 1.24404e-5 -0.386461 -0.9803043 -2.53749e-5 -0.1974932 -0.9803478 -8.19909e-6 -0.1972771 -0.9950743 0 -0.09913223 -0.995051 -1.97411e-5 -0.09936612 -1 2.38968e-6 -1.2856e-5 -1 -1.67058e-5 -1.27405e-5 -0.922146 -1.88626e-5 -0.3868422 -0.8794857 1.62601e-5 -0.4759253 -0.8794242 7.42401e-6 -0.4760392 -0.8281295 1.78406e-5 -0.5605368 -0.8280072 0 -0.5607176 -0.7682117 -2.40346e-6 -0.6401959 -0.7682121 2.39212e-6 -0.6401954</float_array>
          <technique_common>
            <accessor source="#ID17-mesh-normals-array" count="1856" stride="3">
              <param name="X" type="float"/>
              <param name="Y" type="float"/>
              <param name="Z" type="float"/>
            </accessor>
          </technique_common>
        </source>
        <source id="ID17-mesh-map">
          <float_array id="ID17-mesh-map-array" count="14700">0.1555998 0.1871861 0.1564546 0.1790988 0.1564546 0.186846 0.1547977 0.1876274 0.1564546 0.1790988 0.1555998 0.1871861 0.1417832 0.2023933 0.1417464 0.1950359 0.1428856 0.2022036 0.1564546 0.1790988 0.1540538 0.1881667 0.1533821 0.1887952 0.1547977 0.1876274 0.1540538 0.1881667 0.1564546 0.1790988 0.1385819 0.1947665 0.1373383 0.2020224 0.1362824 0.201653 0.1519039 0.1911025 0.1442865 0.1909111 0.1441487 0.1902719 0.1417832 0.2023933 0.1411136 0.1952006 0.1417464 0.1950359 0.1423423 0.1947665 0.1450119 0.2014942 0.1439672 0.2019029 0.1469516 0.2003713 0.1433565 0.1939479 0.1437453 0.1934221 0.1433565 0.1939479 0.1469516 0.2003713 0.1460083 0.2009828 0.1368847 0.192838 0.1318316 0.1983355 0.1311737 0.1974261 0.1460083 0.2009828 0.1450119 0.2014942 0.1428841 0.1944003 0.1428841 0.1944003 0.1433565 0.1939479 0.1460083 0.2009828 0.1426212 0.2915429 0.1450147 0.2846446 0.14313 0.2919537 0.1450119 0.2014942 0.1423423 0.1947665 0.1428841 0.1944003 0.1437453 0.1934221 0.1440395 0.192838 0.1486232 0.1988825 0.1439672 0.2019029 0.1417464 0.1950359 0.1423423 0.1947665 0.1439719 0.2842366 0.1450147 0.2846446 0.1426212 0.2915429 0.1417832 0.2023933 0.1406614 0.2024704 0.1411136 0.1952006 0.1428856 0.2022036 0.1417464 0.1950359 0.1439672 0.2019029 0.1373445 0.2841137 0.1383036 0.2915429 0.1362832 0.2844844 0.137179 0.1934221 0.1375676 0.1939479 0.1334043 0.1999312 0.1391777 0.1950359 0.1398106 0.1952006 0.1384302 0.2022843 0.1373628 0.2924446 0.1334069 0.2862049 0.1343065 0.2855347 0.1439051 0.2930016 0.1493406 0.2881217 0.1441491 0.2936084 0.1366101 0.1915646 0.1297959 0.1943684 0.1295503 0.193275 0.1366932 0.1922131 0.1306117 0.1964547 0.1301516 0.1954346 0.128278 0.3013473 0.1287371 0.3005752 0.1385822 0.298103 0.1256272 0.3037211 0.156455 0.3070392 0.1248098 0.3040921 0.1373625 0.1891081 0.1370195 0.1896651 0.1293584 0.1872476 0.1294893 0.1899245 0.1295548 0.1890269 0.1366377 0.1909111 0.1290996 0.1863878 0.1373625 0.1891081 0.1293584 0.1872476 0.1295548 0.1890269 0.1367754 0.1902719 0.1366377 0.1909111 0.1370195 0.1896651 0.1367754 0.1902719 0.1295109 0.1881338 0.08195972 0.2840819 0.08054059 0.291224 0.07992398 0.2910062 0.1293963 0.1910449 0.1366101 0.1915646 0.1294165 0.1921619 0.1366377 0.1909111 0.1366101 0.1915646 0.1293963 0.1910449 0.1377946 0.188617 0.1290996 0.1863878 0.1287389 0.1855666 0.1366932 0.1922131 0.1301516 0.1954346 0.1297959 0.1943684 0.0882048 0.1974812 0.08272141 0.1922131 0.08877682 0.196506 0.1325761 0.1991717 0.1318316 0.1983355 0.1368847 0.192838 0.1366932 0.1922131 0.1368847 0.192838 0.1311737 0.1974261 0.1404621 0.1952561 0.1406614 0.2024704 0.1395415 0.2024338 0.1380401 0.1944003 0.1352648 0.2011765 0.1375676 0.1939479 0.09724056 0.1815592 0.06049954 0.1790988 0.1564546 0.1790988 0.1282803 0.1847936 0.1388742 0.1878877 0.1383033 0.1882066 0.1377946 0.188617 0.1287389 0.1855666 0.1383033 0.1882066 0.1499616 0.1970871 0.1440395 0.192838 0.1442309 0.1922131 0.1282803 0.1847936 0.1277301 0.1840816 0.1388742 0.1878877 0.1388742 0.1878877 0.1277301 0.1840816 0.1394907 0.1876698 0.1504892 0.1960952 0.1499616 0.1970871 0.1442309 0.1922131 0.1443141 0.1915646 0.1512287 0.1939821 0.1442309 0.1922131 0.1504892 0.1960952 0.1442309 0.1922131 0.1509123 0.1950579 0.1441487 0.1902719 0.1523 0.1902734 0.1519039 0.1911025 0.1443141 0.1915646 0.1442865 0.1909111 0.151614 0.1919749 0.1533821 0.1887952 0.152795 0.1895008 0.1435617 0.1891081 0.125629 0.1824178 0.1564546 0.1790988 0.1263965 0.1828863 0.1407888 0.1875591 0.1564546 0.1790988 0.1414334 0.1876698 0.1239559 0.1817777 0.1564546 0.1790988 0.1248116 0.1820468 0.1564546 0.1790988 0.125629 0.1824178 0.1248116 0.1820468 0.1564546 0.1790988 0.1221741 0.1815592 0.09724056 0.1815592 0.1564546 0.1790988 0.1239559 0.1817777 0.1230721 0.1816143 0.1564546 0.1790988 0.1230721 0.1816143 0.1221741 0.1815592 0.09546315 0.1817767 0.06049954 0.1790988 0.0963425 0.1816143 0.06049954 0.1790988 0.09724056 0.1815592 0.0963425 0.1816143 0.09378767 0.1824169 0.06049954 0.1790988 0.09460496 0.1820458 0.06049954 0.1790988 0.09546315 0.1817767 0.09460496 0.1820458 0.0923168 0.1834414 0.09168434 0.1840816 0.07992398 0.1876698 0.06049954 0.1790988 0.09378767 0.1824169 0.09302175 0.1828839 0.08205223 0.1891081 0.09031563 0.1863859 0.09005689 0.1872451 0.08111143 0.1882066 0.09113669 0.1847906 0.09067785 0.1855627 0.09001868 0.1910538 0.08280444 0.1915646 0.0899254 0.1899245 0.08986008 0.189027 0.08263897 0.1902719 0.08990436 0.1881294 0.08272141 0.1922131 0.08960783 0.1944079 0.08924674 0.1954763 0.09001868 0.1910538 0.08999633 0.1921836 0.08280444 0.1915646 0.09302175 0.1828839 0.0923168 0.1834414 0.07927948 0.1875591 0.0825299 0.1928381 0.08272141 0.1922131 0.0882048 0.1974812 0.08677899 0.1992318 0.0825299 0.1928381 0.08753818 0.1983914 0.08502882 0.2006559 0.08184665 0.1939479 0.08594113 0.1999879 0.08594113 0.1999879 0.08184665 0.1939479 0.08223551 0.1934221 0.08405268 0.2012275 0.08184665 0.1939479 0.08502882 0.2006559 0.08137458 0.1944004 0.08405268 0.2012275 0.08302688 0.2016955 0.08405268 0.2012275 0.08137458 0.1944004 0.08184665 0.1939479 0.08083277 0.1947666 0.08302688 0.2016955 0.08195358 0.2020578 0.08137458 0.1944004 0.08302688 0.2016955 0.08083277 0.1947666 0.08195358 0.2020578 0.08085232 0.2023079 0.08023691 0.1950359 0.08023691 0.1950359 0.08083277 0.1947666 0.08195358 0.2020578 0.07960408 0.1952007 0.08085232 0.2023079 0.07973086 0.202445 0.08085232 0.2023079 0.07960408 0.1952007 0.08023691 0.1950359 0.07860547 0.2024669 0.07895249 0.1952562 0.07973086 0.202445 0.07960408 0.1952007 0.07973086 0.202445 0.07895249 0.1952562 0.07766813 0.1950359 0.07657891 0.2023082 0.07707226 0.1947666 0.07747626 0.2023736 0.07830095 0.1952007 0.07860547 0.2024669 0.08280444 0.1915646 0.08960783 0.1944079 0.08272141 0.1922131 0.08985942 0.1933041 0.08280444 0.1915646 0.08999633 0.1921836 0.07479929 0.2025045 0.07605838 0.1939479 0.07653045 0.1944004 0.07234537 0.2035827 0.07163327 0.2041326 0.07518362 0.1922131 0.07234537 0.2035827 0.07518362 0.1922131 0.07537513 0.1928381 0.09302175 0.1828839 0.0786255 0.1875591 0.06049954 0.1790988 0.07099598 0.2047623 0.0751006 0.1915646 0.07163327 0.2041326 0.07679355 0.1882067 0.07628482 0.1886171 0.06049954 0.1790988 0.06996953 0.2062339 0.06049954 0.1790988 0.07043826 0.2054663 0.06049954 0.1790988 0.07099598 0.2047623 0.07043826 0.2054663 0.06932944 0.207907 0.06049954 0.1790988 0.06959849 0.2070512 0.06049954 0.1790988 0.06996953 0.2062339 0.06959849 0.2070512 0.06049954 0.1790988 0.06916588 0.2087908 0.06911098 0.2096889 0.06049954 0.1790988 0.06932944 0.207907 0.06916588 0.2087908 0.06049954 0.1790988 0.06911098 0.2096889 0.06049954 0.3070392 0.06049954 0.3070392 0.06911098 0.2096889 0.06911092 0.276449 0.0693283 0.2782266 0.06049954 0.3070392 0.06916588 0.2773471 0.06049954 0.3070392 0.06911092 0.276449 0.06916588 0.2773471 0.06996858 0.2799021 0.06049954 0.3070392 0.0695976 0.2790847 0.06049954 0.3070392 0.0693283 0.2782266 0.0695976 0.2790847 0.07099336 0.2813729 0.06049954 0.3070392 0.0704357 0.280668 0.06049954 0.3070392 0.06996858 0.2799021 0.0704357 0.280668 0.07585275 0.2924447 0.0755099 0.2930017 0.07393765 0.2833741 0.07234239 0.282553 0.07526606 0.2936084 0.07163327 0.2820054 0.07679361 0.291543 0.0756812 0.2837854 0.0773645 0.291224 0.0756812 0.2837854 0.07628482 0.2919538 0.07479715 0.2836328 0.07860547 0.283671 0.07862555 0.2908957 0.07747632 0.2837643 0.07747632 0.2837643 0.07798105 0.2910062 0.07657891 0.2838296 0.08137458 0.297737 0.08184671 0.2972843 0.09031504 0.29975 0.08184671 0.2972843 0.0900563 0.2988904 0.09031504 0.29975 0.08986014 0.297111 0.08990383 0.2980042 0.08252996 0.2961746 0.08990383 0.2980042 0.0900563 0.2988904 0.08223551 0.2967587 0.08272141 0.2955496 0.08986014 0.297111 0.08252996 0.2961746 0.09001874 0.2950841 0.08992546 0.2962135 0.0828045 0.2949011 0.0828045 0.2949011 0.08992546 0.2962135 0.08272141 0.2955496 0.08960962 0.2917361 0.08985984 0.2928373 0.08277672 0.2942476 0.08999687 0.2939587 0.0828045 0.2949011 0.08277672 0.2942476 0.08263897 0.2936084 0.08877933 0.2896371 0.08924734 0.2906629 0.08277672 0.2942476 0.08924734 0.2906629 0.08960962 0.2917361 0.08753973 0.2877486 0.08263897 0.2936084 0.08239519 0.2930017 0.08263897 0.2936084 0.08820784 0.2886609 0.08877933 0.2896371 0.08594328 0.2861515 0.08678358 0.2869107 0.08205229 0.2924447 0.08205229 0.2924447 0.08678358 0.2869107 0.08239519 0.2930017 0.08162027 0.2919538 0.08405786 0.2849129 0.08503305 0.2854849 0.08205229 0.2924447 0.08162027 0.2919538 0.08503305 0.2854849 0.07973527 0.2836934 0.0808559 0.2838303 0.07992398 0.2910062 0.08054059 0.291224 0.08195972 0.2840819 0.08302813 0.284443 0.08405786 0.2849129 0.08111149 0.291543 0.08302813 0.284443 0.07927954 0.2908957 0.07973527 0.2836934 0.07992398 0.2910062 0.09113454 0.3013443 0.08083283 0.298103 0.09067589 0.3005713 0.0916844 0.3020564 0.07960408 0.2985371 0.08023691 0.2983722 0.08023691 0.2983722 0.09113454 0.3013443 0.0916844 0.3020564 0.07960408 0.2985371 0.09231418 0.3026936 0.07895255 0.2985926 0.09231418 0.3026936 0.07960408 0.2985371 0.0916844 0.3020564 0.06049954 0.3070392 0.07895255 0.2985926 0.09301811 0.3032517 0.09231418 0.3026936 0.09301811 0.3032517 0.07895255 0.2985926 0.094603 0.3040912 0.06049954 0.3070392 0.0937857 0.3037201 0.06049954 0.3070392 0.09301811 0.3032517 0.0937857 0.3037201 0.09634262 0.3045237 0.06049954 0.3070392 0.0954588 0.3043603 0.06049954 0.3070392 0.094603 0.3040912 0.0954588 0.3043603 0.156455 0.3070392 0.06049954 0.3070392 0.09724062 0.3045788 0.06049954 0.3070392 0.09634262 0.3045237 0.09724062 0.3045788 0.156455 0.3070392 0.09724062 0.3045788 0.1221743 0.3045788 0.1239516 0.3043613 0.156455 0.3070392 0.1230723 0.3045237 0.156455 0.3070392 0.1221743 0.3045788 0.1230723 0.3045237 0.1367757 0.2936084 0.1311769 0.2887075 0.1318328 0.2878005 0.156455 0.3070392 0.1239516 0.3043613 0.1248098 0.3040921 0.1404623 0.2985926 0.1263933 0.3032541 0.127098 0.3026966 0.156455 0.3070392 0.1256272 0.3037211 0.1263933 0.3032541 0.1318328 0.2878005 0.1370198 0.2930016 0.1367757 0.2936084 0.139178 0.2983722 0.1398109 0.298537 0.1277303 0.3020564 0.1371793 0.2967587 0.1375679 0.2972842 0.1293581 0.2988928 0.1380404 0.2977369 0.1290993 0.299752 0.1375679 0.2972842 0.1370198 0.2930016 0.1325808 0.2869616 0.1373628 0.2924446 0.1469535 0.2857679 0.1478284 0.2864711 0.143562 0.2924446 0.1388745 0.291224 0.1384346 0.2838529 0.1394911 0.2910062 0.1352699 0.2849587 0.1377949 0.2919537 0.1343065 0.2855347 0.1373628 0.2924446 0.1343065 0.2855347 0.1377949 0.2919537 0.1383036 0.2915429 0.1377949 0.2919537 0.1352699 0.2849587 0.1367757 0.2936084 0.1301524 0.2907019 0.1306139 0.2896782 0.1388745 0.291224 0.1373445 0.2841137 0.1384346 0.2838529 0.1406681 0.2836675 0.1407892 0.2908956 0.1401357 0.2908956 0.1394911 0.2910062 0.1395452 0.2837035 0.1401357 0.2908956 0.1428914 0.2839352 0.1420504 0.291224 0.1414338 0.2910062 0.1417841 0.2837446 0.1414338 0.2910062 0.1407892 0.2908956 0.1439719 0.2842366 0.1420504 0.291224 0.1428914 0.2839352 0.1367757 0.2936084 0.136638 0.2942476 0.1301524 0.2907019 0.1504909 0.2900457 0.1509143 0.291084 0.1442869 0.2942476 0.14313 0.2919537 0.146014 0.2851582 0.1469535 0.2857679 0.1437456 0.2967587 0.1440399 0.2961745 0.1522985 0.2958616 0.1443144 0.2949011 0.1514353 0.2932609 0.1516145 0.2941629 0.1519033 0.295032 0.1442313 0.2955496 0.1516145 0.2941629 0.1440399 0.2961745 0.1519033 0.295032 0.1522985 0.2958616 0.1442869 0.2942476 0.1509143 0.291084 0.1512292 0.2921558 0.1514353 0.2932609 0.1443144 0.2949011 0.1442869 0.2942476 0.1437456 0.2967587 0.1527945 0.2966361 0.1433569 0.2972842 0.1499655 0.289056 0.1504909 0.2900457 0.1441491 0.2936084 0.1486271 0.2872595 0.1493406 0.2881217 0.1439051 0.2930016 0.1411139 0.298537 0.156455 0.3070392 0.1404623 0.2985926 0.156455 0.3070392 0.1423427 0.298103 0.1428844 0.2977369 0.1439051 0.2930016 0.143562 0.2924446 0.1478284 0.2864711 0.136638 0.2942476 0.1294172 0.293972 0.1295509 0.2928594 0.1533815 0.2973418 0.1433569 0.2972842 0.1527945 0.2966361 0.1294895 0.2962134 0.1366105 0.2949011 0.1366935 0.2955496 0.1428844 0.2977369 0.1433569 0.2972842 0.156455 0.3070392 0.136885 0.2961745 0.1295107 0.2980086 0.1295549 0.297111 0.1547953 0.2985085 0.156455 0.3070392 0.1540517 0.2979687 0.156455 0.3070392 0.1533815 0.2973418 0.1540517 0.2979687 0.156455 0.3070392 0.1547953 0.2985085 0.1556003 0.2989519 0.156455 0.3070392 0.1556003 0.2989519 0.156455 0.2992919 0.09113454 0.3013443 0.08023691 0.2983722 0.08083283 0.298103 0.07628482 0.2919538 0.07585275 0.2924447 0.07479715 0.2836328 0.09031504 0.29975 0.09067589 0.3005713 0.08137458 0.297737 0.09067589 0.3005713 0.08083283 0.298103 0.08137458 0.297737 0.0900563 0.2988904 0.08184671 0.2972843 0.08223551 0.2967587 0.08990383 0.2980042 0.08223551 0.2967587 0.08252996 0.2961746 0.08986014 0.297111 0.08272141 0.2955496 0.08992546 0.2962135 0.09001874 0.2950841 0.0828045 0.2949011 0.08999687 0.2939587 0.08999687 0.2939587 0.08277672 0.2942476 0.08985984 0.2928373 0.08924734 0.2906629 0.08277672 0.2942476 0.08263897 0.2936084 0.08753973 0.2877486 0.08820784 0.2886609 0.08263897 0.2936084 0.08678358 0.2869107 0.08753973 0.2877486 0.08239519 0.2930017 0.08503305 0.2854849 0.08594328 0.2861515 0.08205229 0.2924447 0.08405786 0.2849129 0.08162027 0.2919538 0.08111149 0.291543 0.08302813 0.284443 0.08111149 0.291543 0.08054059 0.291224 0.08195972 0.2840819 0.07992398 0.2910062 0.0808559 0.2838303 0.07973527 0.2836934 0.07927954 0.2908957 0.07860547 0.283671 0.07747632 0.2837643 0.07862555 0.2908957 0.07798105 0.2910062 0.07860547 0.283671 0.07927954 0.2908957 0.07862555 0.2908957 0.07657891 0.2838296 0.07798105 0.2910062 0.0773645 0.291224 0.0756812 0.2837854 0.07679361 0.291543 0.07628482 0.2919538 0.0756812 0.2837854 0.07657891 0.2838296 0.0773645 0.291224 0.07234239 0.282553 0.0755099 0.2930017 0.07526606 0.2936084 0.07311445 0.2830119 0.07393765 0.2833741 0.0755099 0.2930017 0.07393765 0.2833741 0.07479715 0.2836328 0.07585275 0.2924447 0.0755099 0.2930017 0.07234239 0.282553 0.07311445 0.2830119 0.07163327 0.2820054 0.07512837 0.2942476 0.07099336 0.2813729 0.07163327 0.2820054 0.07526606 0.2936084 0.07512837 0.2942476 0.0751006 0.2949011 0.06049954 0.3070392 0.07512837 0.2942476 0.07099336 0.2813729 0.07512837 0.2942476 0.06049954 0.3070392 0.07537513 0.2961746 0.06049954 0.3070392 0.07518362 0.2955496 0.06049954 0.3070392 0.0751006 0.2949011 0.07518362 0.2955496 0.07605838 0.2972843 0.06049954 0.3070392 0.07566952 0.2967587 0.06049954 0.3070392 0.07537513 0.2961746 0.07566952 0.2967587 0.07707226 0.298103 0.06049954 0.3070392 0.07653051 0.297737 0.06049954 0.3070392 0.07605838 0.2972843 0.07653051 0.297737 0.07830095 0.2985371 0.06049954 0.3070392 0.07766813 0.2983722 0.06049954 0.3070392 0.07707226 0.298103 0.07766813 0.2983722 0.07895255 0.2985926 0.06049954 0.3070392 0.07830095 0.2985371 0.1440395 0.192838 0.1493391 0.1980172 0.1486232 0.1988825 0.1411136 0.1952006 0.1406614 0.2024704 0.1404621 0.1952561 0.1437453 0.1934221 0.1486232 0.1988825 0.1478241 0.19967 0.1478241 0.19967 0.1469516 0.2003713 0.1437453 0.1934221 0.1440395 0.192838 0.1499616 0.1970871 0.1493391 0.1980172 0.1442309 0.1922131 0.1512287 0.1939821 0.1509123 0.1950579 0.1514348 0.1928769 0.1443141 0.1915646 0.151614 0.1919749 0.1443141 0.1915646 0.1514348 0.1928769 0.1512287 0.1939821 0.1271008 0.1834443 0.1401354 0.1875591 0.1394907 0.1876698 0.151614 0.1919749 0.1442865 0.1909111 0.1519039 0.1911025 0.1439047 0.1896651 0.152795 0.1895008 0.1523 0.1902734 0.1523 0.1902734 0.1441487 0.1902719 0.1439047 0.1896651 0.1271008 0.1834443 0.1263965 0.1828863 0.1401354 0.1875591 0.1435617 0.1891081 0.152795 0.1895008 0.1439047 0.1896651 0.1564546 0.1790988 0.1533821 0.1887952 0.1431297 0.188617 0.1435617 0.1891081 0.1431297 0.188617 0.1533821 0.1887952 0.1263965 0.1828863 0.1564546 0.1790988 0.1401354 0.1875591 0.14205 0.1878877 0.1564546 0.1790988 0.1426208 0.1882066 0.1564546 0.1790988 0.1431297 0.188617 0.1426208 0.1882066 0.1401354 0.1875591 0.1564546 0.1790988 0.1407888 0.1875591 0.1564546 0.1790988 0.14205 0.1878877 0.1414334 0.1876698 0.1394907 0.1876698 0.1277301 0.1840816 0.1271008 0.1834443 0.1287389 0.1855666 0.1282803 0.1847936 0.1383033 0.1882066 0.1290996 0.1863878 0.1377946 0.188617 0.1373625 0.1891081 0.1293584 0.1872476 0.1370195 0.1896651 0.1295109 0.1881338 0.1295109 0.1881338 0.1367754 0.1902719 0.1295548 0.1890269 0.1294893 0.1899245 0.1366377 0.1909111 0.1293963 0.1910449 0.1294165 0.1921619 0.1366101 0.1915646 0.1295503 0.193275 0.1297959 0.1943684 0.1366101 0.1915646 0.1366932 0.1922131 0.1311737 0.1974261 0.1306117 0.1964547 0.1366932 0.1922131 0.1325761 0.1991717 0.1368847 0.192838 0.137179 0.1934221 0.1343023 0.2006003 0.1334043 0.1999312 0.1375676 0.1939479 0.1334043 0.1999312 0.1325761 0.1991717 0.137179 0.1934221 0.1380401 0.1944003 0.1362824 0.201653 0.1352648 0.2011765 0.1375676 0.1939479 0.1352648 0.2011765 0.1343023 0.2006003 0.1385819 0.1947665 0.1391777 0.1950359 0.1373383 0.2020224 0.1380401 0.1944003 0.1385819 0.1947665 0.1362824 0.201653 0.1384302 0.2022843 0.1398106 0.1952006 0.1395415 0.2024338 0.1373383 0.2020224 0.1391777 0.1950359 0.1384302 0.2022843 0.1404621 0.1952561 0.1395415 0.2024338 0.1398106 0.1952006 0.07537513 0.1928381 0.07566952 0.1934221 0.07311838 0.2031241 0.08280444 0.1915646 0.08277672 0.1909111 0.0899254 0.1899245 0.0825299 0.1928381 0.08677899 0.1992318 0.08223551 0.1934221 0.08677899 0.1992318 0.08594113 0.1999879 0.08223551 0.1934221 0.0825299 0.1928381 0.0882048 0.1974812 0.08753818 0.1983914 0.08272141 0.1922131 0.08924674 0.1954763 0.08877682 0.196506 0.08280444 0.1915646 0.08985942 0.1933041 0.08960783 0.1944079 0.08986008 0.189027 0.08277672 0.1909111 0.08263897 0.1902719 0.08277672 0.1909111 0.08986008 0.189027 0.0899254 0.1899245 0.08263897 0.1902719 0.08239513 0.1896651 0.08990436 0.1881294 0.08205223 0.1891081 0.09005689 0.1872451 0.08239513 0.1896651 0.08990436 0.1881294 0.08239513 0.1896651 0.09005689 0.1872451 0.09031563 0.1863859 0.08205223 0.1891081 0.08162021 0.1886171 0.08162021 0.1886171 0.08111143 0.1882066 0.09067785 0.1855627 0.09067785 0.1855627 0.09031563 0.1863859 0.08162021 0.1886171 0.08054053 0.1878878 0.09113669 0.1847906 0.08111143 0.1882066 0.09168434 0.1840816 0.08054053 0.1878878 0.07992398 0.1876698 0.08054053 0.1878878 0.09168434 0.1840816 0.09113669 0.1847906 0.07927948 0.1875591 0.0923168 0.1834414 0.07992398 0.1876698 0.07311838 0.2031241 0.07566952 0.1934221 0.07393974 0.2027631 0.07927948 0.1875591 0.0786255 0.1875591 0.09302175 0.1828839 0.0773645 0.1878878 0.06049954 0.1790988 0.07798105 0.1876698 0.06049954 0.1790988 0.0786255 0.1875591 0.07798105 0.1876698 0.06049954 0.1790988 0.0751006 0.1915646 0.07099598 0.2047623 0.06049954 0.1790988 0.0773645 0.1878878 0.07679355 0.1882067 0.0755099 0.1896651 0.06049954 0.1790988 0.07585281 0.1891081 0.06049954 0.1790988 0.07628482 0.1886171 0.07585281 0.1891081 0.06049954 0.1790988 0.07512831 0.1909111 0.0751006 0.1915646 0.06049954 0.1790988 0.07526606 0.1902719 0.07512831 0.1909111 0.06049954 0.1790988 0.0755099 0.1896651 0.07526606 0.1902719 0.0751006 0.1915646 0.07518362 0.1922131 0.07163327 0.2041326 0.07537513 0.1928381 0.07311838 0.2031241 0.07234537 0.2035827 0.07393974 0.2027631 0.07605838 0.1939479 0.07479929 0.2025045 0.07605838 0.1939479 0.07393974 0.2027631 0.07566952 0.1934221 0.07653045 0.1944004 0.07568562 0.202352 0.07479929 0.2025045 0.07657891 0.2023082 0.07568562 0.202352 0.07707226 0.1947666 0.07653045 0.1944004 0.07707226 0.1947666 0.07568562 0.202352 0.07657891 0.2023082 0.07766813 0.1950359 0.07747626 0.2023736 0.07860547 0.2024669 0.07830095 0.1952007 0.07895249 0.1952562 0.07747626 0.2023736 0.07766813 0.1950359 0.07830095 0.1952007 0.156455 0.3070392 0.1417468 0.2983722 0.1423427 0.298103 0.1404623 0.2985926 0.156455 0.3070392 0.1263933 0.3032541 0.1401357 0.2908956 0.1395452 0.2837035 0.1406681 0.2836675 0.156455 0.3070392 0.1411139 0.298537 0.1417468 0.2983722 0.1533815 0.2973418 0.156455 0.3070392 0.1433569 0.2972842 0.1522985 0.2958616 0.1527945 0.2966361 0.1437456 0.2967587 0.1519033 0.295032 0.1440399 0.2961745 0.1442313 0.2955496 0.1516145 0.2941629 0.1442313 0.2955496 0.1443144 0.2949011 0.1514353 0.2932609 0.1442869 0.2942476 0.1512292 0.2921558 0.1504909 0.2900457 0.1442869 0.2942476 0.1441491 0.2936084 0.1493406 0.2881217 0.1499655 0.289056 0.1441491 0.2936084 0.1478284 0.2864711 0.1486271 0.2872595 0.1439051 0.2930016 0.1469535 0.2857679 0.143562 0.2924446 0.14313 0.2919537 0.1450147 0.2846446 0.146014 0.2851582 0.14313 0.2919537 0.1439719 0.2842366 0.1426212 0.2915429 0.1420504 0.291224 0.1428914 0.2839352 0.1414338 0.2910062 0.1417841 0.2837446 0.1417841 0.2837446 0.1407892 0.2908956 0.1406681 0.2836675 0.1394911 0.2910062 0.1384346 0.2838529 0.1395452 0.2837035 0.1373445 0.2841137 0.1388745 0.291224 0.1383036 0.2915429 0.1383036 0.2915429 0.1352699 0.2849587 0.1362832 0.2844844 0.136638 0.2942476 0.1295509 0.2928594 0.1297975 0.2917636 0.1373628 0.2924446 0.1325808 0.2869616 0.1334069 0.2862049 0.1370198 0.2930016 0.1318328 0.2878005 0.1325808 0.2869616 0.1367757 0.2936084 0.1306139 0.2896782 0.1311769 0.2887075 0.136638 0.2942476 0.1297975 0.2917636 0.1301524 0.2907019 0.136638 0.2942476 0.1366105 0.2949011 0.1294172 0.293972 0.1366105 0.2949011 0.1294895 0.2962134 0.1293964 0.2950929 0.1294172 0.293972 0.1366105 0.2949011 0.1293964 0.2950929 0.1295549 0.297111 0.1294895 0.2962134 0.1366935 0.2955496 0.1371793 0.2967587 0.1295107 0.2980086 0.136885 0.2961745 0.136885 0.2961745 0.1295549 0.297111 0.1366935 0.2955496 0.1375679 0.2972842 0.1290993 0.299752 0.1293581 0.2988928 0.1371793 0.2967587 0.1293581 0.2988928 0.1295107 0.2980086 0.1380404 0.2977369 0.1287371 0.3005752 0.1290993 0.299752 0.1385822 0.298103 0.139178 0.2983722 0.128278 0.3013473 0.1380404 0.2977369 0.1385822 0.298103 0.1287371 0.3005752 0.1277303 0.3020564 0.1398109 0.298537 0.127098 0.3026966 0.128278 0.3013473 0.139178 0.2983722 0.1277303 0.3020564 0.1404623 0.2985926 0.127098 0.3026966 0.1398109 0.298537 0.1701933 0.3533408 0.1738739 0.3776521 0.1701318 0.3529935 0.1746925 0.3794596 0.1700831 0.3528431 0.1743159 0.3784856 0.1753149 0.3832122 0.1699517 0.3512831 0.1752027 0.3818242 0.1749921 0.3805728 0.169992 0.3518747 0.1700319 0.3523855 0.1751925 0.3863894 0.1749331 0.3881731 0.1699499 0.3496181 0.1699427 0.3509216 0.1753149 0.3847351 0.1699404 0.3504895 0.1701568 0.3470003 0.1739524 0.3921183 0.1732043 0.3942732 0.1700558 0.3477978 0.1699871 0.3487477 0.1745238 0.3900837 0.1699202 0.3966099 0.1706694 0.3461261 0.1711214 0.3989254 0.1722654 0.3965438 0.1704699 0.3448632 0.1702889 0.3460907 0.1681166 0.3922874 0.167486 0.3902899 0.1710091 0.3490868 0.1708283 0.3471794 0.1689234 0.3943955 0.1709361 0.3481864 0.1710804 0.3512229 0.1667035 0.3866423 0.1665254 0.3849993 0.1710765 0.3505966 0.1710556 0.3498821 0.1670202 0.3884071 0.1667025 0.380829 0.1709992 0.3527014 0.1665365 0.3820901 0.1664738 0.383481 0.1710291 0.3522812 0.1710619 0.351786 0.1672991 0.3787053 0.1677083 0.3778463 0.1708428 0.3536169 0.1709467 0.3530654 0.16696 0.3797001 0.1709063 0.3533729 0.1681771 0.3771248 0.1686955 0.376542 0.1707327 0.3539866 0.1707327 0.3539866 0.1707887 0.3538185 0.1681771 0.3771248 0.169253 0.3760989 0.1706549 0.3541322 0.1686955 0.376542 0.1707327 0.3539866 0.1686955 0.376542 0.1706549 0.3541322 0.1705734 0.3542309 0.169253 0.3760989 0.1698384 0.3757964 0.169253 0.3760989 0.1705734 0.3542309 0.1706549 0.3541322 0.1698384 0.3757964 0.1704427 0.3756351 0.1704898 0.3542802 0.1704898 0.3542802 0.1705734 0.3542309 0.1698384 0.3757964 0.1710542 0.3756155 0.1704474 0.3542204 0.1704427 0.3756351 0.1704898 0.3542802 0.1704427 0.3756351 0.1704474 0.3542204 0.1703702 0.3541566 0.1710542 0.3756155 0.1716641 0.375738 0.1710542 0.3756155 0.1703702 0.3541566 0.1704474 0.3542204 0.1716641 0.375738 0.1722615 0.376003 0.170329 0.3540195 0.170329 0.3540195 0.1703702 0.3541566 0.1716641 0.375738 0.172836 0.3764104 0.1702896 0.3538379 0.1722615 0.376003 0.170329 0.3540195 0.1722615 0.376003 0.1702896 0.3538379 0.170227 0.353609 0.172836 0.3764104 0.173377 0.3769602 0.172836 0.3764104 0.170227 0.353609 0.1702896 0.3538379 0.1701933 0.3533408 0.170227 0.353609 0.173377 0.3769602 0.1707887 0.3538185 0.1677083 0.3778463 0.1681771 0.3771248 0.1709063 0.3533729 0.1672991 0.3787053 0.1708428 0.3536169 0.1708428 0.3536169 0.1677083 0.3778463 0.1707887 0.3538185 0.1667025 0.380829 0.16696 0.3797001 0.1709467 0.3530654 0.16696 0.3797001 0.1672991 0.3787053 0.1709063 0.3533729 0.1665365 0.3820901 0.1709992 0.3527014 0.1710291 0.3522812 0.1667025 0.380829 0.1709467 0.3530654 0.1709992 0.3527014 0.1664738 0.383481 0.1710619 0.351786 0.1665254 0.3849993 0.1665365 0.3820901 0.1710291 0.3522812 0.1664738 0.383481 0.1710804 0.3512229 0.1710765 0.3505966 0.1667035 0.3866423 0.1710619 0.351786 0.1710804 0.3512229 0.1665254 0.3849993 0.1710556 0.3498821 0.167486 0.3902899 0.1670202 0.3884071 0.1710765 0.3505966 0.1670202 0.3884071 0.1667035 0.3866423 0.1709361 0.3481864 0.1681166 0.3922874 0.1710091 0.3490868 0.1710091 0.3490868 0.167486 0.3902899 0.1710556 0.3498821 0.1699202 0.3966099 0.1689234 0.3943955 0.1708283 0.3471794 0.1689234 0.3943955 0.1681166 0.3922874 0.1709361 0.3481864 0.1711214 0.3989254 0.1706694 0.3461261 0.1704699 0.3448632 0.1699202 0.3966099 0.1708283 0.3471794 0.1706694 0.3461261 0.1722654 0.3965438 0.1702889 0.3460907 0.1732043 0.3942732 0.1711214 0.3989254 0.1704699 0.3448632 0.1722654 0.3965438 0.1701568 0.3470003 0.1700558 0.3477978 0.1739524 0.3921183 0.1702889 0.3460907 0.1701568 0.3470003 0.1732043 0.3942732 0.1699871 0.3487477 0.1749331 0.3881731 0.1745238 0.3900837 0.1700558 0.3477978 0.1745238 0.3900837 0.1739524 0.3921183 0.1699404 0.3504895 0.1751925 0.3863894 0.1699499 0.3496181 0.1699499 0.3496181 0.1749331 0.3881731 0.1699871 0.3487477 0.1753149 0.3832122 0.1753149 0.3847351 0.1699427 0.3509216 0.1753149 0.3847351 0.1751925 0.3863894 0.1699404 0.3504895 0.1752027 0.3818242 0.1699517 0.3512831 0.169992 0.3518747 0.1753149 0.3832122 0.1699427 0.3509216 0.1699517 0.3512831 0.1749921 0.3805728 0.1700319 0.3523855 0.1746925 0.3794596 0.1752027 0.3818242 0.169992 0.3518747 0.1749921 0.3805728 0.1700831 0.3528431 0.1701318 0.3529935 0.1743159 0.3784856 0.1700319 0.3523855 0.1700831 0.3528431 0.1746925 0.3794596 0.1701933 0.3533408 0.173377 0.3769602 0.1738739 0.3776521 0.1701318 0.3529935 0.1738739 0.3776521 0.1743159 0.3784856 0.1604702 0.3927394 0.1604619 0.3933658 0.1657813 0.3574018 0.1605623 0.3912907 0.1605178 0.3917169 0.1657935 0.3619781 0.1604829 0.3922042 0.1659049 0.3590593 0.1659049 0.3605855 0.1649059 0.3653361 0.1606951 0.3903717 0.1606543 0.3906287 0.1655822 0.3632351 0.1652826 0.364355 0.1605969 0.3909339 0.1608248 0.3900339 0.1634228 0.3674364 0.1608686 0.389901 0.1607592 0.3901785 0.1644635 0.3661774 0.1639652 0.3668777 0.1610553 0.3898434 0.1609777 0.3898168 0.1616345 0.3682569 0.1622472 0.3681263 0.1609359 0.3898607 0.1628468 0.3678527 0.1598222 0.3677919 0.1611976 0.3902305 0.1611292 0.3900094 0.1610195 0.3682445 0.1604122 0.3680894 0.1610931 0.3899031 0.1613214 0.3907085 0.1582671 0.3660513 0.161356 0.3908134 0.1612564 0.3904808 0.1592613 0.3673527 0.1587395 0.3667723 0.1615368 0.3920588 0.1614848 0.3915589 0.1572538 0.3630597 0.1575134 0.3641929 0.1614204 0.3911308 0.1578549 0.3651906 0.1570768 0.358867 0.1615571 0.3935247 0.1615509 0.3928315 0.1570871 0.361793 0.1570239 0.3603945 0.161548 0.3924013 0.1614848 0.3949446 0.1580488 0.3535452 0.161409 0.3958831 0.1615383 0.3942926 0.1572574 0.3572143 0.1575773 0.3554395 0.1586858 0.351536 0.1594999 0.3494158 0.1612967 0.3967234 0.1612967 0.3967234 0.161409 0.3958831 0.1586858 0.351536 0.1605046 0.3471896 0.1611471 0.3976787 0.1594999 0.3494158 0.1612967 0.3967234 0.1594999 0.3494158 0.1611471 0.3976787 0.160944 0.3989124 0.1605046 0.3471896 0.1617169 0.3448632 0.1605046 0.3471896 0.160944 0.3989124 0.1611471 0.3976787 0.1617169 0.3448632 0.1628586 0.3472437 0.1607784 0.3977021 0.1607784 0.3977021 0.160944 0.3989124 0.1617169 0.3448632 0.1637952 0.3495135 0.1606494 0.3966723 0.1628586 0.3472437 0.1607784 0.3977021 0.1628586 0.3472437 0.1606494 0.3966723 0.1605623 0.3957049 0.1637952 0.3495135 0.164542 0.3516679 0.1637952 0.3495135 0.1605623 0.3957049 0.1606494 0.3966723 0.164542 0.3516679 0.1651127 0.3537031 0.1605045 0.3948405 0.1605045 0.3948405 0.1605623 0.3957049 0.164542 0.3516679 0.1655215 0.3556154 0.160472 0.3940647 0.1651127 0.3537031 0.1605045 0.3948405 0.1651127 0.3537031 0.160472 0.3940647 0.1604619 0.3933658 0.1655215 0.3556154 0.1657813 0.3574018 0.1655215 0.3556154 0.1604619 0.3933658 0.160472 0.3940647 0.1580488 0.3535452 0.1614848 0.3949446 0.1575773 0.3554395 0.161409 0.3958831 0.1580488 0.3535452 0.1586858 0.351536 0.1615571 0.3935247 0.1572574 0.3572143 0.1615383 0.3942926 0.1615383 0.3942926 0.1575773 0.3554395 0.1614848 0.3949446 0.1570239 0.3603945 0.1570768 0.358867 0.1615509 0.3928315 0.1570768 0.358867 0.1572574 0.3572143 0.1615571 0.3935247 0.1570871 0.361793 0.161548 0.3924013 0.1615368 0.3920588 0.1570239 0.3603945 0.1615509 0.3928315 0.161548 0.3924013 0.1572538 0.3630597 0.1614848 0.3915589 0.1575134 0.3641929 0.1570871 0.361793 0.1615368 0.3920588 0.1572538 0.3630597 0.1614204 0.3911308 0.161356 0.3908134 0.1578549 0.3651906 0.1614848 0.3915589 0.1614204 0.3911308 0.1575134 0.3641929 0.1613214 0.3907085 0.1587395 0.3667723 0.1582671 0.3660513 0.161356 0.3908134 0.1582671 0.3660513 0.1578549 0.3651906 0.1611976 0.3902305 0.1592613 0.3673527 0.1612564 0.3904808 0.1612564 0.3904808 0.1587395 0.3667723 0.1613214 0.3907085 0.1604122 0.3680894 0.1598222 0.3677919 0.1611292 0.3900094 0.1598222 0.3677919 0.1592613 0.3673527 0.1611976 0.3902305 0.1610195 0.3682445 0.1610931 0.3899031 0.1610553 0.3898434 0.1604122 0.3680894 0.1611292 0.3900094 0.1610931 0.3899031 0.1616345 0.3682569 0.1609777 0.3898168 0.1622472 0.3681263 0.1610195 0.3682445 0.1610553 0.3898434 0.1616345 0.3682569 0.1609359 0.3898607 0.1608686 0.389901 0.1628468 0.3678527 0.1609777 0.3898168 0.1609359 0.3898607 0.1622472 0.3681263 0.1608248 0.3900339 0.1639652 0.3668777 0.1634228 0.3674364 0.1608686 0.389901 0.1634228 0.3674364 0.1628468 0.3678527 0.1606951 0.3903717 0.1644635 0.3661774 0.1607592 0.3901785 0.1607592 0.3901785 0.1639652 0.3668777 0.1608248 0.3900339 0.1652826 0.364355 0.1649059 0.3653361 0.1606543 0.3906287 0.1649059 0.3653361 0.1644635 0.3661774 0.1606951 0.3903717 0.1655822 0.3632351 0.1605969 0.3909339 0.1605623 0.3912907 0.1652826 0.364355 0.1606543 0.3906287 0.1605969 0.3909339 0.1657935 0.3619781 0.1605178 0.3917169 0.1659049 0.3605855 0.1655822 0.3632351 0.1605623 0.3912907 0.1657935 0.3619781 0.1604829 0.3922042 0.1604702 0.3927394 0.1659049 0.3590593 0.1605178 0.3917169 0.1604829 0.3922042 0.1659049 0.3605855 0.1657813 0.3574018 0.1659049 0.3590593 0.1604702 0.3927394 0.06072294 0.3922014 0.06464648 0.3472828 0.0606414 0.3912485 0.0656318 0.3512484 0.06058526 0.3904243 0.06522059 0.3493269 0.06601822 0.3562465 0.06056225 0.3883768 0.06601822 0.3547111 0.06589335 0.3530441 0.06054747 0.3889971 0.06056118 0.3896458 0.0656923 0.3589142 0.06539022 0.3600423 0.06062829 0.3871053 0.06059163 0.3878244 0.06590598 0.3576483 0.06060785 0.3874319 0.06077373 0.3862516 0.06456512 0.361878 0.06406372 0.3625833 0.06071037 0.3865213 0.06065136 0.3868404 0.06501108 0.3610308 0.06233286 0.3638398 0.06095272 0.3858103 0.06293731 0.3635647 0.06351768 0.3631457 0.0609095 0.3858348 0.06084048 0.3860265 0.06109589 0.363957 0.06048417 0.363799 0.06111431 0.3858105 0.06099385 0.385825 0.06171548 0.3639706 0.06105422 0.3857939 0.06126695 0.3861701 0.05932593 0.3630517 0.05880093 0.3624637 0.06121194 0.3860262 0.06115514 0.3859304 0.05989015 0.3634971 0.05756878 0.3598591 0.06142234 0.3865815 0.05791097 0.3608655 0.05832576 0.3617343 0.06137043 0.3862686 0.06131756 0.3862033 0.05714273 0.35744 0.05708098 0.3560321 0.06156116 0.387534 0.06148386 0.3869062 0.05730909 0.3587165 0.06154066 0.3872697 0.05713599 0.3544961 0.0573185 0.3528355 0.06158685 0.3882668 0.06158685 0.3882668 0.06157749 0.3878647 0.05713599 0.3544961 0.05764079 0.3510536 0.06159681 0.3889643 0.0573185 0.3528355 0.06158685 0.3882668 0.0573185 0.3528355 0.06159681 0.3889643 0.06158035 0.3897369 0.05764079 0.3510536 0.05811667 0.3491535 0.05764079 0.3510536 0.06158035 0.3897369 0.06159681 0.3889643 0.05811667 0.3491535 0.05875766 0.3471388 0.06153476 0.3905888 0.06153476 0.3905888 0.06158035 0.3897369 0.05811667 0.3491535 0.05957782 0.3450138 0.06145799 0.3912754 0.05875766 0.3471388 0.06153476 0.3905888 0.05875766 0.3471388 0.06145799 0.3912754 0.0613498 0.3921735 0.05957782 0.3450138 0.06058913 0.3427839 0.05957782 0.3450138 0.0613498 0.3921735 0.06145799 0.3912754 0.06058913 0.3427839 0.06180673 0.3404541 0.06120133 0.3932588 0.06120133 0.3932588 0.0613498 0.3921735 0.06058913 0.3427839 0.06295412 0.3428422 0.06100475 0.3943875 0.06180673 0.3404541 0.06120133 0.3932588 0.06180673 0.3404541 0.06100475 0.3943875 0.06084197 0.3932459 0.06295412 0.3428422 0.0638957 0.34512 0.06295412 0.3428422 0.06084197 0.3932459 0.06100475 0.3943875 0.06072294 0.3922014 0.06084197 0.3932459 0.0638957 0.34512 0.06157749 0.3878647 0.05708098 0.3560321 0.05713599 0.3544961 0.06154066 0.3872697 0.05714273 0.35744 0.06156116 0.387534 0.06156116 0.387534 0.05708098 0.3560321 0.06157749 0.3878647 0.05756878 0.3598591 0.05730909 0.3587165 0.06148386 0.3869062 0.05730909 0.3587165 0.05714273 0.35744 0.06154066 0.3872697 0.05791097 0.3608655 0.06142234 0.3865815 0.06137043 0.3862686 0.05756878 0.3598591 0.06148386 0.3869062 0.06142234 0.3865815 0.05832576 0.3617343 0.06131756 0.3862033 0.05880093 0.3624637 0.05791097 0.3608655 0.06137043 0.3862686 0.05832576 0.3617343 0.06126695 0.3861701 0.06121194 0.3860262 0.05932593 0.3630517 0.06131756 0.3862033 0.06126695 0.3861701 0.05880093 0.3624637 0.06115514 0.3859304 0.06048417 0.363799 0.05989015 0.3634971 0.06121194 0.3860262 0.05989015 0.3634971 0.05932593 0.3630517 0.06105422 0.3857939 0.06109589 0.363957 0.06111431 0.3858105 0.06111431 0.3858105 0.06048417 0.363799 0.06115514 0.3859304 0.06233286 0.3638398 0.06171548 0.3639706 0.06099385 0.385825 0.06171548 0.3639706 0.06109589 0.363957 0.06105422 0.3857939 0.06293731 0.3635647 0.06095272 0.3858103 0.0609095 0.3858348 0.06233286 0.3638398 0.06099385 0.385825 0.06095272 0.3858103 0.06351768 0.3631457 0.06084048 0.3860265 0.06406372 0.3625833 0.06293731 0.3635647 0.0609095 0.3858348 0.06351768 0.3631457 0.06077373 0.3862516 0.06071037 0.3865213 0.06456512 0.361878 0.06084048 0.3860265 0.06077373 0.3862516 0.06406372 0.3625833 0.06065136 0.3868404 0.06539022 0.3600423 0.06501108 0.3610308 0.06071037 0.3865213 0.06501108 0.3610308 0.06456512 0.361878 0.06060785 0.3874319 0.0656923 0.3589142 0.06062829 0.3871053 0.06062829 0.3871053 0.06539022 0.3600423 0.06065136 0.3868404 0.06601822 0.3562465 0.06590598 0.3576483 0.06059163 0.3878244 0.06590598 0.3576483 0.0656923 0.3589142 0.06060785 0.3874319 0.06601822 0.3547111 0.06056225 0.3883768 0.06054747 0.3889971 0.06601822 0.3562465 0.06059163 0.3878244 0.06056225 0.3883768 0.06589335 0.3530441 0.06056118 0.3896458 0.0656318 0.3512484 0.06601822 0.3547111 0.06054747 0.3889971 0.06589335 0.3530441 0.06058526 0.3904243 0.0606414 0.3912485 0.06522059 0.3493269 0.06056118 0.3896458 0.06058526 0.3904243 0.0656318 0.3512484 0.06072294 0.3922014 0.0638957 0.34512 0.06464648 0.3472828 0.0606414 0.3912485 0.06464648 0.3472828 0.06522059 0.3493269 0.1816885 0.3553793 0.1821555 0.3534923 0.1859031 0.3942168 0.1811411 0.3603211 0.1811932 0.3587966 0.1858609 0.3923895 0.1813716 0.3571481 0.1859208 0.3937397 0.1858999 0.3929215 0.1857041 0.3911992 0.1816283 0.3641221 0.1813701 0.3629867 0.1858129 0.3919048 0.185768 0.3913749 0.1812033 0.3617185 0.18238 0.3659872 0.185543 0.3903254 0.1828505 0.3667137 0.181969 0.3651228 0.1856551 0.3908544 0.1856006 0.3905654 0.1845186 0.3680523 0.1839306 0.3677473 0.1853584 0.3898999 0.1854233 0.3899813 0.1833711 0.3673007 0.1854807 0.3901425 0.1851946 0.3897228 0.1863521 0.3681136 0.1857399 0.3682357 0.1853031 0.3898075 0.1852486 0.3897488 0.1851252 0.3682152 0.1875284 0.3674415 0.1850286 0.3899772 0.1880714 0.3668918 0.1869518 0.3678491 0.1851412 0.3897292 0.1850768 0.3899099 0.1893925 0.3643949 0.1890144 0.3653685 0.1848789 0.3908593 0.1849244 0.390443 0.1885704 0.3662009 0.1849806 0.3900793 0.184808 0.3921985 0.1900182 0.3606422 0.1899064 0.3620312 0.1848479 0.3910601 0.1848227 0.3916103 0.1896937 0.3632825 0.1898937 0.357459 0.1848485 0.3939813 0.1896311 0.3556699 0.1900182 0.359117 0.1848078 0.3928389 0.184831 0.3932654 0.1848939 0.3947594 0.1849552 0.3956527 0.1892184 0.3537524 0.1892184 0.3537524 0.1896311 0.3556699 0.1848939 0.3947594 0.1850604 0.3965802 0.1886421 0.3517094 0.1849552 0.3956527 0.1892184 0.3537524 0.1849552 0.3956527 0.1886421 0.3517094 0.1878859 0.3495442 0.1850604 0.3965802 0.185186 0.3976932 0.1850604 0.3965802 0.1878859 0.3495442 0.1886421 0.3517094 0.185186 0.3976932 0.1853715 0.3987758 0.1869375 0.3472606 0.1869375 0.3472606 0.1878859 0.3495442 0.185186 0.3976932 0.1855574 0.3977625 0.1857797 0.3448632 0.1853715 0.3987758 0.1869375 0.3472606 0.1853715 0.3987758 0.1857797 0.3448632 0.1845837 0.3471733 0.1855574 0.3977625 0.1856946 0.3969255 0.1855574 0.3977625 0.1845837 0.3471733 0.1857797 0.3448632 0.1856946 0.3969255 0.1858048 0.3958091 0.1835899 0.3493842 0.1835899 0.3493842 0.1845837 0.3471733 0.1856946 0.3969255 0.185869 0.3947851 0.1827847 0.3514919 0.1858048 0.3958091 0.1835899 0.3493842 0.1858048 0.3958091 0.1827847 0.3514919 0.1821555 0.3534923 0.185869 0.3947851 0.1859031 0.3942168 0.185869 0.3947851 0.1821555 0.3534923 0.1827847 0.3514919 0.1848485 0.3939813 0.1898937 0.357459 0.184831 0.3932654 0.1896311 0.3556699 0.1848485 0.3939813 0.1848939 0.3947594 0.1900182 0.3606422 0.1848078 0.3928389 0.1900182 0.359117 0.1900182 0.359117 0.184831 0.3932654 0.1898937 0.357459 0.1848227 0.3916103 0.184808 0.3921985 0.1899064 0.3620312 0.184808 0.3921985 0.1848078 0.3928389 0.1900182 0.3606422 0.1848479 0.3910601 0.1896937 0.3632825 0.1893925 0.3643949 0.1848227 0.3916103 0.1899064 0.3620312 0.1896937 0.3632825 0.1848789 0.3908593 0.1890144 0.3653685 0.1849244 0.390443 0.1848479 0.3910601 0.1893925 0.3643949 0.1848789 0.3908593 0.1885704 0.3662009 0.1880714 0.3668918 0.1849806 0.3900793 0.1890144 0.3653685 0.1885704 0.3662009 0.1849244 0.390443 0.1875284 0.3674415 0.1850768 0.3899099 0.1850286 0.3899772 0.1880714 0.3668918 0.1850286 0.3899772 0.1849806 0.3900793 0.1863521 0.3681136 0.1851412 0.3897292 0.1869518 0.3678491 0.1869518 0.3678491 0.1850768 0.3899099 0.1875284 0.3674415 0.1852486 0.3897488 0.1851946 0.3897228 0.1857399 0.3682357 0.1851946 0.3897228 0.1851412 0.3897292 0.1863521 0.3681136 0.1853031 0.3898075 0.1851252 0.3682152 0.1845186 0.3680523 0.1852486 0.3897488 0.1857399 0.3682357 0.1851252 0.3682152 0.1853584 0.3898999 0.1839306 0.3677473 0.1854233 0.3899813 0.1853031 0.3898075 0.1845186 0.3680523 0.1853584 0.3898999 0.1833711 0.3673007 0.1828505 0.3667137 0.1854807 0.3901425 0.1839306 0.3677473 0.1833711 0.3673007 0.1854233 0.3899813 0.18238 0.3659872 0.1856006 0.3905654 0.185543 0.3903254 0.1828505 0.3667137 0.185543 0.3903254 0.1854807 0.3901425 0.1816283 0.3641221 0.1856551 0.3908544 0.181969 0.3651228 0.181969 0.3651228 0.1856006 0.3905654 0.18238 0.3659872 0.185768 0.3913749 0.1857041 0.3911992 0.1813701 0.3629867 0.1857041 0.3911992 0.1856551 0.3908544 0.1816283 0.3641221 0.1858129 0.3919048 0.1812033 0.3617185 0.1811411 0.3603211 0.185768 0.3913749 0.1813701 0.3629867 0.1812033 0.3617185 0.1858609 0.3923895 0.1811932 0.3587966 0.1858999 0.3929215 0.1858129 0.3919048 0.1811411 0.3603211 0.1858609 0.3923895 0.1813716 0.3571481 0.1816885 0.3553793 0.1859208 0.3937397 0.1811932 0.3587966 0.1813716 0.3571481 0.1858999 0.3929215 0.1859031 0.3942168 0.1859208 0.3937397 0.1816885 0.3553793 0.2614087 0.38576 0.2614087 0.3608264 0.276171 0.3608264 0.276171 0.3608264 0.276171 0.38576 0.2614087 0.38576 0.1945701 0.3949619 0.1936759 0.3801996 0.1945745 0.3801996 0.192776 0.3801996 0.1936759 0.3949619 0.192776 0.3949619 0.1963692 0.3801996 0.1972686 0.3801996 0.1972641 0.3949619 0.1963672 0.3949619 0.1954694 0.3949619 0.1954719 0.3801996 0.1999585 0.3949619 0.1990628 0.3801996 0.1999626 0.3801996 0.1990628 0.3949619 0.198163 0.3949619 0.1981669 0.3801996 0.202656 0.3801996 0.2026538 0.3949619 0.2017585 0.3801996 0.2008612 0.3801996 0.2017562 0.3949619 0.2008569 0.3949619 0.2035509 0.3949619 0.202656 0.3801996 0.2035555 0.3801996 0.202656 0.3801996 0.2035509 0.3949619 0.2026538 0.3949619 0.2035555 0.3801996 0.2044497 0.3801996 0.2044497 0.3949619 0.2044497 0.3949619 0.2035509 0.3949619 0.2035555 0.3801996 0.2053494 0.3801996 0.2053494 0.3949619 0.2044497 0.3801996 0.2044497 0.3949619 0.2044497 0.3801996 0.2053494 0.3949619 0.2026538 0.3949619 0.2017562 0.3949619 0.2017585 0.3801996 0.2017585 0.3801996 0.2017562 0.3949619 0.2008612 0.3801996 0.1999585 0.3949619 0.1999626 0.3801996 0.2008569 0.3949619 0.1999626 0.3801996 0.2008612 0.3801996 0.2008569 0.3949619 0.1981669 0.3801996 0.1990628 0.3801996 0.1990628 0.3949619 0.1990628 0.3801996 0.1999585 0.3949619 0.1990628 0.3949619 0.1972686 0.3801996 0.198163 0.3949619 0.1972641 0.3949619 0.1981669 0.3801996 0.198163 0.3949619 0.1972686 0.3801996 0.1963692 0.3801996 0.1963672 0.3949619 0.1954719 0.3801996 0.1972641 0.3949619 0.1963672 0.3949619 0.1963692 0.3801996 0.1954694 0.3949619 0.1945701 0.3949619 0.1945745 0.3801996 0.1954694 0.3949619 0.1945745 0.3801996 0.1954719 0.3801996 0.192776 0.3801996 0.1936759 0.3801996 0.1936759 0.3949619 0.1936759 0.3949619 0.1936759 0.3801996 0.1945701 0.3949619 0.3195498 0.3874197 0.3343122 0.3874197 0.3343122 0.3885453 0.3343122 0.3896784 0.3195498 0.3896784 0.3195498 0.3885453 0.3343122 0.3851606 0.3195498 0.3840278 0.3343122 0.3840278 0.3195498 0.3851606 0.3343122 0.3862899 0.3195498 0.3862899 0.3195498 0.3806383 0.3343122 0.3806383 0.3343122 0.3817691 0.3195498 0.3817691 0.3343122 0.3829002 0.3195498 0.3829002 0.3343122 0.377249 0.3343122 0.3783772 0.3195498 0.377249 0.3343122 0.3795097 0.3195498 0.3795097 0.3195498 0.3783772 0.3343122 0.3749865 0.3195498 0.3738588 0.3343122 0.3738588 0.3195498 0.3761184 0.3195498 0.3749865 0.3343122 0.3761184 0.3343122 0.3727266 0.3343122 0.3738588 0.3195498 0.3727266 0.3195498 0.3738588 0.3195498 0.3727266 0.3343122 0.3738588 0.3195498 0.3715978 0.3343122 0.3715978 0.3343122 0.3727266 0.3343122 0.3727266 0.3195498 0.3727266 0.3195498 0.3715978 0.3343122 0.3715978 0.3195498 0.3704678 0.3343122 0.3704678 0.3195498 0.3704678 0.3343122 0.3715978 0.3195498 0.3715978 0.3343122 0.3693346 0.3343122 0.3704678 0.3195498 0.3693346 0.3195498 0.3704678 0.3195498 0.3693346 0.3343122 0.3704678 0.3195498 0.3749865 0.3195498 0.3738588 0.3343122 0.3749865 0.3343122 0.3761184 0.3343122 0.377249 0.3195498 0.3761184 0.3343122 0.3749865 0.3343122 0.3761184 0.3195498 0.3749865 0.3195498 0.377249 0.3343122 0.3783772 0.3195498 0.3783772 0.3195498 0.3761184 0.3343122 0.377249 0.3195498 0.377249 0.3195498 0.3795097 0.3343122 0.3795097 0.3343122 0.3806383 0.3195498 0.3783772 0.3343122 0.3783772 0.3343122 0.3795097 0.3195498 0.3817691 0.3195498 0.3806383 0.3343122 0.3817691 0.3195498 0.3806383 0.3195498 0.3795097 0.3343122 0.3806383 0.3343122 0.3840278 0.3195498 0.3829002 0.3343122 0.3829002 0.3343122 0.3829002 0.3195498 0.3817691 0.3343122 0.3817691 0.3343122 0.3851606 0.3195498 0.3851606 0.3195498 0.3840278 0.3343122 0.3840278 0.3195498 0.3840278 0.3195498 0.3829002 0.3343122 0.3862899 0.3343122 0.3874197 0.3195498 0.3862899 0.3343122 0.3851606 0.3343122 0.3862899 0.3195498 0.3851606 0.3195498 0.3874197 0.3343122 0.3885453 0.3195498 0.3885453 0.3195498 0.3862899 0.3343122 0.3874197 0.3195498 0.3874197 0.3343122 0.3896784 0.3195498 0.3885453 0.3343122 0.3885453 0.364085 0.3855581 0.3649792 0.4003204 0.3640804 0.4003204 0.3658789 0.4003204 0.3649792 0.3855581 0.3658789 0.3855581 0.3622857 0.4003204 0.3613864 0.4003204 0.3613909 0.3855581 0.3622879 0.3855581 0.3631856 0.3855581 0.3631833 0.4003204 0.3586963 0.3855581 0.3595922 0.4003204 0.3586926 0.4003204 0.3595922 0.3855581 0.3604921 0.3855581 0.3604882 0.4003204 0.3559989 0.4003204 0.3560014 0.3855581 0.3568966 0.4003204 0.3577937 0.4003204 0.3568987 0.3855581 0.3577981 0.3855581 0.3551041 0.3855581 0.3559989 0.4003204 0.3550997 0.4003204 0.3559989 0.4003204 0.3551041 0.3855581 0.3560014 0.3855581 0.3550997 0.4003204 0.3542055 0.4003204 0.3542055 0.3855581 0.3542055 0.3855581 0.3551041 0.3855581 0.3550997 0.4003204 0.3533055 0.4003204 0.3533055 0.3855581 0.3542055 0.4003204 0.3542055 0.3855581 0.3542055 0.4003204 0.3533055 0.3855581 0.3560014 0.3855581 0.3568987 0.3855581 0.3568966 0.4003204 0.3568966 0.4003204 0.3568987 0.3855581 0.3577937 0.4003204 0.3586963 0.3855581 0.3586926 0.4003204 0.3577981 0.3855581 0.3586926 0.4003204 0.3577937 0.4003204 0.3577981 0.3855581 0.3604882 0.4003204 0.3595922 0.4003204 0.3595922 0.3855581 0.3595922 0.4003204 0.3586963 0.3855581 0.3595922 0.3855581 0.3613864 0.4003204 0.3604921 0.3855581 0.3613909 0.3855581 0.3604882 0.4003204 0.3604921 0.3855581 0.3613864 0.4003204 0.3622857 0.4003204 0.3622879 0.3855581 0.3631833 0.4003204 0.3613909 0.3855581 0.3622879 0.3855581 0.3622857 0.4003204 0.3631856 0.3855581 0.364085 0.3855581 0.3640804 0.4003204 0.3631856 0.3855581 0.3640804 0.4003204 0.3631833 0.4003204 0.3658789 0.4003204 0.3649792 0.4003204 0.3649792 0.3855581 0.3649792 0.3855581 0.3649792 0.4003204 0.364085 0.3855581 0.2614086 0.3602576 0.2614086 0.2934975 0.276171 0.2934975 0.276171 0.2934975 0.276171 0.3602576 0.2614086 0.3602576 0.1334555 0.379542 0.1343498 0.3943044 0.133451 0.3943044 0.1352496 0.3943044 0.1343498 0.379542 0.1352496 0.379542 0.1316563 0.3943044 0.1307569 0.3943044 0.1307613 0.3795421 0.1316584 0.3795421 0.1325561 0.379542 0.1325539 0.3943044 0.1280668 0.3795421 0.1289628 0.3943044 0.1280631 0.3943044 0.1289628 0.3795421 0.1298625 0.3795421 0.1298588 0.3943044 0.1253696 0.3943044 0.1253718 0.3795421 0.1262671 0.3943044 0.1271643 0.3943044 0.1262694 0.3795421 0.1271687 0.3795421 0.1244746 0.3795421 0.1253696 0.3943044 0.1244702 0.3943044 0.1253696 0.3943044 0.1244746 0.3795421 0.1253718 0.3795421 0.1244702 0.3943044 0.1235758 0.3943044 0.1235758 0.3795421 0.1235758 0.3795421 0.1244746 0.3795421 0.1244702 0.3943044 0.1226761 0.3943044 0.1226761 0.3795421 0.1235758 0.3943044 0.1235758 0.3795421 0.1235758 0.3943044 0.1226761 0.3795421 0.1253718 0.3795421 0.1262694 0.3795421 0.1262671 0.3943044 0.1289628 0.3795421 0.1289628 0.3943044 0.1280668 0.3795421 0.1271687 0.3795421 0.1280631 0.3943044 0.1271643 0.3943044 0.1262694 0.3795421 0.1271643 0.3943044 0.1262671 0.3943044 0.1280668 0.3795421 0.1280631 0.3943044 0.1271687 0.3795421 0.1298588 0.3943044 0.1289628 0.3943044 0.1289628 0.3795421 0.1307569 0.3943044 0.1298625 0.3795421 0.1307613 0.3795421 0.1298625 0.3795421 0.1307569 0.3943044 0.1298588 0.3943044 0.1352496 0.3943044 0.1343498 0.3943044 0.1343498 0.379542 0.1316584 0.3795421 0.1325539 0.3943044 0.1316563 0.3943044 0.1316563 0.3943044 0.1307613 0.3795421 0.1316584 0.3795421 0.1325539 0.3943044 0.1325561 0.379542 0.133451 0.3943044 0.1343498 0.3943044 0.1334555 0.379542 0.1343498 0.379542 0.1325561 0.379542 0.1334555 0.379542 0.133451 0.3943044 0.2316037 0.3697369 0.2168413 0.3697369 0.2168413 0.3686113 0.2168413 0.3674781 0.2316037 0.3674781 0.2316037 0.3686113 0.2168413 0.3719959 0.2316037 0.3731287 0.2168413 0.3731287 0.2316037 0.3719959 0.2168413 0.3708667 0.2316037 0.3708667 0.2316037 0.3765182 0.2168413 0.3765182 0.2168413 0.3753874 0.2316037 0.3753874 0.2168413 0.3742562 0.2316037 0.3742562 0.2168413 0.3799075 0.2168413 0.3787792 0.2316037 0.3799075 0.2168413 0.3776468 0.2316037 0.3776468 0.2316037 0.3787792 0.2168413 0.38217 0.2316037 0.3832977 0.2168413 0.3832977 0.2316037 0.3810381 0.2316037 0.38217 0.2168413 0.3810381 0.2168413 0.3844298 0.2168413 0.3832977 0.2316037 0.3844298 0.2316037 0.3832977 0.2316037 0.3844298 0.2168413 0.3832977 0.2316037 0.3855588 0.2168413 0.3855587 0.2168413 0.3844298 0.2168413 0.3844298 0.2316037 0.3844298 0.2316037 0.3855588 0.2168413 0.3855587 0.2316037 0.3866888 0.2168413 0.3866888 0.2316037 0.3866888 0.2168413 0.3855587 0.2316037 0.3855588 0.2168413 0.3878218 0.2168413 0.3866888 0.2316037 0.3878219 0.2316037 0.3866888 0.2316037 0.3878219 0.2168413 0.3866888 0.2168413 0.3810381 0.2316037 0.38217 0.2168413 0.38217 0.2168413 0.38217 0.2316037 0.38217 0.2316037 0.3832977 0.2316037 0.3810381 0.2168413 0.3799075 0.2316037 0.3799075 0.2168413 0.3810381 0.2168413 0.3799075 0.2316037 0.3810381 0.2316037 0.3787792 0.2168413 0.3787792 0.2168413 0.3776468 0.2316037 0.3799075 0.2168413 0.3787792 0.2316037 0.3787792 0.2316037 0.3765182 0.2316037 0.3776468 0.2168413 0.3765182 0.2316037 0.3776468 0.2168413 0.3776468 0.2168413 0.3765182 0.2168413 0.3742562 0.2316037 0.3753874 0.2168413 0.3753874 0.2316037 0.3753874 0.2316037 0.3765182 0.2168413 0.3753874 0.2168413 0.3731287 0.2316037 0.3731287 0.2316037 0.3742562 0.2168413 0.3731287 0.2316037 0.3742562 0.2168413 0.3742562 0.2168413 0.3719959 0.2168413 0.3708667 0.2316037 0.3719959 0.2168413 0.3719959 0.2316037 0.3719959 0.2316037 0.3731287 0.2316037 0.3708667 0.2168413 0.3697369 0.2316037 0.3697369 0.2168413 0.3708667 0.2168413 0.3697369 0.2316037 0.3708667 0.2316037 0.3686113 0.2168413 0.3686113 0.2168413 0.3674781 0.2316037 0.3697369 0.2168413 0.3686113 0.2316037 0.3686113 0.3751889 0.040748 0.3760833 0.05551034 0.3751845 0.05551034 0.376983 0.05551034 0.3760833 0.040748 0.3769831 0.040748 0.3733897 0.05551034 0.3724904 0.05551034 0.3724948 0.040748 0.3733919 0.040748 0.3742895 0.040748 0.3742873 0.05551034 0.3698003 0.040748 0.3706963 0.05551034 0.3697966 0.05551034 0.3706963 0.040748 0.371596 0.040748 0.3715923 0.05551034 0.367103 0.05551034 0.3671052 0.040748 0.3680006 0.05551034 0.3688977 0.05551034 0.3680028 0.040748 0.3689022 0.040748 0.3662081 0.040748 0.367103 0.05551034 0.3662036 0.05551034 0.367103 0.05551034 0.3662081 0.040748 0.3671052 0.040748 0.3662036 0.05551034 0.3653092 0.05551034 0.3653092 0.040748 0.3653092 0.040748 0.3662081 0.040748 0.3662036 0.05551034 0.3644095 0.05551034 0.3644095 0.040748 0.3653092 0.05551034 0.3653092 0.040748 0.3653092 0.05551034 0.3644095 0.040748 0.3671052 0.040748 0.3680028 0.040748 0.3680006 0.05551034 0.3706963 0.040748 0.3706963 0.05551034 0.3698003 0.040748 0.3689022 0.040748 0.3697966 0.05551034 0.3688977 0.05551034 0.3680028 0.040748 0.3688977 0.05551034 0.3680006 0.05551034 0.3698003 0.040748 0.3697966 0.05551034 0.3689022 0.040748 0.3715923 0.05551034 0.3706963 0.05551034 0.3706963 0.040748 0.3724904 0.05551034 0.371596 0.040748 0.3724948 0.040748 0.371596 0.040748 0.3724904 0.05551034 0.3715923 0.05551034 0.376983 0.05551034 0.3760833 0.05551034 0.3760833 0.040748 0.3733919 0.040748 0.3742873 0.05551034 0.3733897 0.05551034 0.3733897 0.05551034 0.3724948 0.040748 0.3733919 0.040748 0.3742873 0.05551034 0.3742895 0.040748 0.3751845 0.05551034 0.3760833 0.05551034 0.3751889 0.040748 0.3760833 0.040748 0.3742895 0.040748 0.3751889 0.040748 0.3751845 0.05551034 0.3658789 0.3600557 0.3658789 0.3849893 0.3511165 0.3849893 0.3511165 0.3849893 0.3511165 0.3600557 0.3658789 0.3600557 0.3795623 0.3829438 0.3804565 0.3977062 0.3795579 0.3977062 0.3813564 0.3977062 0.3804565 0.3829438 0.3813564 0.3829438 0.3777632 0.3977062 0.3768638 0.3977062 0.3768683 0.3829438 0.3777653 0.3829438 0.3786631 0.3829438 0.3786605 0.3977062 0.3741738 0.3829438 0.3750697 0.3977062 0.3741698 0.3977062 0.3750697 0.3829438 0.3759694 0.3829438 0.3759657 0.3977062 0.3714764 0.3977062 0.3714787 0.3829438 0.372374 0.3977062 0.3732711 0.3977062 0.3723762 0.3829438 0.3732755 0.3829438 0.3705815 0.3829438 0.3714764 0.3977062 0.370577 0.3977062 0.3714764 0.3977062 0.3705815 0.3829438 0.3714787 0.3829438 0.370577 0.3977062 0.3696827 0.3977062 0.3696828 0.3829438 0.3696828 0.3829438 0.3705815 0.3829438 0.370577 0.3977062 0.368783 0.3977062 0.3687831 0.3829438 0.3696827 0.3977062 0.3696828 0.3829438 0.3696827 0.3977062 0.3687831 0.3829438 0.3732711 0.3977062 0.372374 0.3977062 0.3723762 0.3829438 0.3714787 0.3829438 0.3723762 0.3829438 0.372374 0.3977062 0.3741738 0.3829438 0.3741698 0.3977062 0.3732755 0.3829438 0.3732755 0.3829438 0.3741698 0.3977062 0.3732711 0.3977062 0.3759657 0.3977062 0.3750697 0.3977062 0.3750697 0.3829438 0.3750697 0.3829438 0.3750697 0.3977062 0.3741738 0.3829438 0.3768638 0.3977062 0.3759694 0.3829438 0.3768683 0.3829438 0.3768638 0.3977062 0.3759657 0.3977062 0.3759694 0.3829438 0.3777632 0.3977062 0.3777653 0.3829438 0.3786605 0.3977062 0.3777632 0.3977062 0.3768683 0.3829438 0.3777653 0.3829438 0.3786631 0.3829438 0.3795623 0.3829438 0.3795579 0.3977062 0.3786605 0.3977062 0.3786631 0.3829438 0.3795579 0.3977062 0.3804565 0.3829438 0.3813564 0.3977062 0.3804565 0.3977062 0.3795623 0.3829438 0.3804565 0.3829438 0.3804565 0.3977062 0.1352496 0.3464468 0.1204872 0.3464469 0.1204872 0.3453298 0.1204872 0.3442056 0.1352496 0.3442056 0.1352496 0.3453298 0.1204872 0.3486887 0.1352496 0.3498128 0.1204872 0.3498128 0.1352496 0.3486887 0.1204872 0.3475681 0.1352496 0.3475681 0.1352496 0.3531765 0.1204872 0.3531765 0.1204872 0.3520541 0.1352496 0.3520541 0.1204872 0.3509319 0.1352496 0.3509319 0.1204872 0.3565398 0.1204872 0.3554201 0.1352496 0.3565398 0.1204872 0.3542965 0.1352496 0.3542965 0.1352496 0.3554201 0.1204872 0.3587851 0.1352496 0.3599038 0.1204872 0.3599038 0.1352496 0.3576617 0.1352496 0.3587851 0.1204872 0.3576617 0.1352496 0.3632686 0.1204872 0.3632687 0.1204872 0.3621479 0.1352496 0.3621479 0.1204872 0.3610274 0.1352496 0.3610273 0.1204872 0.3666342 0.1204872 0.3655117 0.1352496 0.3666342 0.1204872 0.3643929 0.1352496 0.3643929 0.1352496 0.3655117 0.1204872 0.3688763 0.1352496 0.3700003 0.1204872 0.3700003 0.1352496 0.367756 0.1352496 0.3688763 0.1204872 0.367756 0.1204872 0.3711196 0.1352496 0.3711196 0.1352496 0.3722417 0.1352496 0.3711196 0.1204872 0.3711196 0.1204872 0.3700003 0.1352496 0.3733646 0.1204872 0.3722417 0.1352496 0.3722417 0.1204872 0.3711196 0.1352496 0.3722417 0.1204872 0.3722417 0.1352496 0.3733646 0.1352496 0.374484 0.1204872 0.3733646 0.1204872 0.3733646 0.1204872 0.3722417 0.1352496 0.3733646 0.1204872 0.374484 0.1352496 0.374484 0.1352496 0.3756072 0.1352496 0.374484 0.1204872 0.374484 0.1204872 0.3733646 0.1352496 0.3767278 0.1204872 0.3756072 0.1352496 0.3756072 0.1204872 0.374484 0.1352496 0.3756072 0.1204872 0.3756072 0.1352496 0.3767278 0.1352496 0.377849 0.1204872 0.3767278 0.1204872 0.3767278 0.1204872 0.3756072 0.1352496 0.3767278 0.1204872 0.3778489 0.1352496 0.377849 0.1352496 0.3789733 0.1352496 0.377849 0.1204872 0.3778489 0.1204872 0.3767278 0.1352496 0.3688763 0.1352496 0.3700003 0.1204872 0.3688763 0.1204872 0.3778489 0.1352496 0.3789733 0.1204872 0.3789733 0.1204872 0.3700003 0.1352496 0.3700003 0.1352496 0.3711196 0.1204872 0.367756 0.1204872 0.3666342 0.1352496 0.367756 0.1204872 0.3688763 0.1204872 0.367756 0.1352496 0.3688763 0.1352496 0.3666342 0.1204872 0.3655117 0.1352496 0.3655117 0.1352496 0.367756 0.1204872 0.3666342 0.1352496 0.3666342 0.1352496 0.3643929 0.1204872 0.3643929 0.1204872 0.3632687 0.1352496 0.3655117 0.1204872 0.3655117 0.1204872 0.3643929 0.1352496 0.3621479 0.1352496 0.3632686 0.1204872 0.3621479 0.1352496 0.3632686 0.1352496 0.3643929 0.1204872 0.3632687 0.1204872 0.3599038 0.1352496 0.3610273 0.1204872 0.3610274 0.1204872 0.3610274 0.1352496 0.3621479 0.1204872 0.3621479 0.1204872 0.3587851 0.1352496 0.3587851 0.1352496 0.3599038 0.1204872 0.3599038 0.1352496 0.3599038 0.1352496 0.3610273 0.1204872 0.3576617 0.1204872 0.3565398 0.1352496 0.3576617 0.1204872 0.3587851 0.1204872 0.3576617 0.1352496 0.3587851 0.1352496 0.3565398 0.1204872 0.3554201 0.1352496 0.3554201 0.1352496 0.3576617 0.1204872 0.3565398 0.1352496 0.3565398 0.1352496 0.3542965 0.1204872 0.3542965 0.1204872 0.3531765 0.1352496 0.3554201 0.1204872 0.3554201 0.1204872 0.3542965 0.1352496 0.3520541 0.1352496 0.3531765 0.1204872 0.3520541 0.1352496 0.3531765 0.1352496 0.3542965 0.1204872 0.3531765 0.1204872 0.3498128 0.1352496 0.3509319 0.1204872 0.3509319 0.1204872 0.3509319 0.1352496 0.3520541 0.1204872 0.3520541 0.1204872 0.3486887 0.1352496 0.3486887 0.1352496 0.3498128 0.1204872 0.3498128 0.1352496 0.3498128 0.1352496 0.3509319 0.1204872 0.3475681 0.1204872 0.3464469 0.1352496 0.3475681 0.1204872 0.3486887 0.1204872 0.3475681 0.1352496 0.3486887 0.1352496 0.3464468 0.1204872 0.3453298 0.1352496 0.3453298 0.1352496 0.3475681 0.1204872 0.3464469 0.1352496 0.3464468 0.1204872 0.3442056 0.1352496 0.3453298 0.1204872 0.3453298 0.1456755 0.3953175 0.1447814 0.3805552 0.1456801 0.3805552 0.1438816 0.3805552 0.1447814 0.3953175 0.1438816 0.3953175 0.1474748 0.3805552 0.1483741 0.3805552 0.1483699 0.3953175 0.1474726 0.3953175 0.146575 0.3953175 0.1465772 0.3805552 0.1510642 0.3953175 0.1501682 0.3805552 0.151068 0.3805552 0.1501682 0.3953175 0.1492684 0.3953175 0.1492726 0.3805552 0.1537616 0.3805552 0.1537591 0.3953175 0.1528639 0.3805552 0.1519669 0.3805552 0.1528618 0.3953175 0.1519623 0.3953175 0.1546565 0.3953175 0.1537616 0.3805552 0.1546609 0.3805552 0.1537616 0.3805552 0.1546565 0.3953175 0.1537591 0.3953175 0.1546609 0.3805552 0.1555551 0.3805552 0.1555551 0.3953175 0.1555551 0.3953175 0.1546565 0.3953175 0.1546609 0.3805552 0.156455 0.3805552 0.156455 0.3953175 0.1555551 0.3805552 0.1555551 0.3953175 0.1555551 0.3805552 0.156455 0.3953175 0.1537591 0.3953175 0.1528618 0.3953175 0.1528639 0.3805552 0.1519623 0.3953175 0.151068 0.3805552 0.1519669 0.3805552 0.1528618 0.3953175 0.1519669 0.3805552 0.1528639 0.3805552 0.1510642 0.3953175 0.1501682 0.3953175 0.1501682 0.3805552 0.1510642 0.3953175 0.151068 0.3805552 0.1519623 0.3953175 0.1483741 0.3805552 0.1492726 0.3805552 0.1492684 0.3953175 0.1492726 0.3805552 0.1501682 0.3805552 0.1501682 0.3953175 0.1474726 0.3953175 0.1474748 0.3805552 0.1483699 0.3953175 0.1483741 0.3805552 0.1492684 0.3953175 0.1483699 0.3953175 0.1456801 0.3805552 0.1465772 0.3805552 0.146575 0.3953175 0.1474748 0.3805552 0.1474726 0.3953175 0.1465772 0.3805552 0.1447814 0.3953175 0.1438816 0.3805552 0.1447814 0.3805552 0.1447814 0.3805552 0.1456755 0.3953175 0.1447814 0.3953175 0.146575 0.3953175 0.1456755 0.3953175 0.1456801 0.3805552 0.2053494 0.3459874 0.1905871 0.3448632 0.2053494 0.3448632 0.2053494 0.3493526 0.1905871 0.3482292 0.2053494 0.3482292 0.2053494 0.3471087 0.1905871 0.3471087 0.1905871 0.3459874 0.1905871 0.3515948 0.2053494 0.3515948 0.2053494 0.3527168 0.1905871 0.3493526 0.2053494 0.3504719 0.1905871 0.3504718 0.2053494 0.3549603 0.2053494 0.3560804 0.1905871 0.3549603 0.2053494 0.3538362 0.1905871 0.3538362 0.1905871 0.3527168 0.2053494 0.3594433 0.1905871 0.3583248 0.2053494 0.3583248 0.1905871 0.3572022 0.1905871 0.3560804 0.2053494 0.3572022 0.1905871 0.3616884 0.2053494 0.3616884 0.2053494 0.3628095 0.1905871 0.3594432 0.2053494 0.3605678 0.1905871 0.3605678 0.2053494 0.3650512 0.2053494 0.3661748 0.1905871 0.3650512 0.2053494 0.3639324 0.1905871 0.3639324 0.1905871 0.3628095 0.2053494 0.3695402 0.1905871 0.3684166 0.2053494 0.3684166 0.1905871 0.3672966 0.1905871 0.3661748 0.2053494 0.3672966 0.1905871 0.3717823 0.1905871 0.3706598 0.2053494 0.3717823 0.1905871 0.3695402 0.2053494 0.3706598 0.1905871 0.3706598 0.2053494 0.3729045 0.1905871 0.3729045 0.1905871 0.3717823 0.1905871 0.3717823 0.2053494 0.3717823 0.2053494 0.3729045 0.1905871 0.3729045 0.2053494 0.3740236 0.1905871 0.3740236 0.2053494 0.3740236 0.1905871 0.3729045 0.2053494 0.3729045 0.1905871 0.3751475 0.1905871 0.3740236 0.2053494 0.3751475 0.2053494 0.3740236 0.2053494 0.3751475 0.1905871 0.3740236 0.2053494 0.3762682 0.1905871 0.3762682 0.1905871 0.3751475 0.1905871 0.3751475 0.2053494 0.3751475 0.2053494 0.3762682 0.1905871 0.3762682 0.2053494 0.3773893 0.1905871 0.3773893 0.2053494 0.3773893 0.1905871 0.3762682 0.2053494 0.3762682 0.1905871 0.3785065 0.1905871 0.3773893 0.2053494 0.3785065 0.2053494 0.3773893 0.2053494 0.3785065 0.1905871 0.3773893 0.2053494 0.3796308 0.1905871 0.3796308 0.1905871 0.3785065 0.1905871 0.3785065 0.2053494 0.3785065 0.2053494 0.3796308 0.2053494 0.3695402 0.2053494 0.3706598 0.1905871 0.3695402 0.1905871 0.3706598 0.2053494 0.3706598 0.2053494 0.3717823 0.1905871 0.3684166 0.1905871 0.3672966 0.2053494 0.3684166 0.1905871 0.3695402 0.1905871 0.3684166 0.2053494 0.3695402 0.2053494 0.3672966 0.1905871 0.3661748 0.2053494 0.3661748 0.2053494 0.3684166 0.1905871 0.3672966 0.2053494 0.3672966 0.2053494 0.3650512 0.1905871 0.3650512 0.1905871 0.3639324 0.2053494 0.3661748 0.1905871 0.3661748 0.1905871 0.3650512 0.2053494 0.3628095 0.2053494 0.3639324 0.1905871 0.3628095 0.2053494 0.3639324 0.2053494 0.3650512 0.1905871 0.3639324 0.1905871 0.3605678 0.2053494 0.3616884 0.1905871 0.3616884 0.1905871 0.3616884 0.2053494 0.3628095 0.1905871 0.3628095 0.1905871 0.3594432 0.2053494 0.3594433 0.2053494 0.3605678 0.1905871 0.3605678 0.2053494 0.3605678 0.2053494 0.3616884 0.1905871 0.3583248 0.1905871 0.3572022 0.2053494 0.3583248 0.1905871 0.3594432 0.1905871 0.3583248 0.2053494 0.3594433 0.2053494 0.3572022 0.1905871 0.3560804 0.2053494 0.3560804 0.2053494 0.3583248 0.1905871 0.3572022 0.2053494 0.3572022 0.2053494 0.3549603 0.1905871 0.3549603 0.1905871 0.3538362 0.2053494 0.3560804 0.1905871 0.3560804 0.1905871 0.3549603 0.2053494 0.3527168 0.2053494 0.3538362 0.1905871 0.3527168 0.2053494 0.3538362 0.2053494 0.3549603 0.1905871 0.3538362 0.1905871 0.3504718 0.2053494 0.3515948 0.1905871 0.3515948 0.1905871 0.3515948 0.2053494 0.3527168 0.1905871 0.3527168 0.1905871 0.3493526 0.2053494 0.3493526 0.2053494 0.3504719 0.1905871 0.3504718 0.2053494 0.3504719 0.2053494 0.3515948 0.1905871 0.3482292 0.1905871 0.3471087 0.2053494 0.3482292 0.1905871 0.3493526 0.1905871 0.3482292 0.2053494 0.3493526 0.2053494 0.3471087 0.1905871 0.3459874 0.2053494 0.3459874 0.2053494 0.3482292 0.1905871 0.3471087 0.2053494 0.3471087 0.1905871 0.3448632 0.2053494 0.3459874 0.1905871 0.3459874 0.3490613 0.4003204 0.3481435 0.4003204 0.3490514 0.3855581 0.3490514 0.3855581 0.3499734 0.3855581 0.3490613 0.4003204 0.3499789 0.4003204 0.3499734 0.3855581 0.3508957 0.3855581 0.3499734 0.3855581 0.3499789 0.4003204 0.3490613 0.4003204 0.3508957 0.3855581 0.3518141 0.3855581 0.3508978 0.4003204 0.3508978 0.4003204 0.3499789 0.4003204 0.3508957 0.3855581 0.3518141 0.3855581 0.3527367 0.4003204 0.3518171 0.4003204 0.3508978 0.4003204 0.3518141 0.3855581 0.3518171 0.4003204 0.3481288 0.3855581 0.3490514 0.3855581 0.3481435 0.4003204 0.3518141 0.3855581 0.3527368 0.3855581 0.3527367 0.4003204 0.3481288 0.3855581 0.3481435 0.4003204 0.3472236 0.4003204 0.3463047 0.4003204 0.3472086 0.3855581 0.3472236 0.4003204 0.3481288 0.3855581 0.3472236 0.4003204 0.3472086 0.3855581 0.3462872 0.3855581 0.3463047 0.4003204 0.3453892 0.4003204 0.3463047 0.4003204 0.3462872 0.3855581 0.3472086 0.3855581 0.3453892 0.4003204 0.3444693 0.4003204 0.3453659 0.3855581 0.3453659 0.3855581 0.3462872 0.3855581 0.3453892 0.4003204 0.3435211 0.400234 0.3444435 0.3855581 0.3444693 0.4003204 0.3453659 0.3855581 0.3444693 0.4003204 0.3444435 0.3855581 0.3435211 0.400234 0.3435211 0.3855581 0.3444435 0.3855581 0.04541677 0.2830344 0.05525833 0.3789897 0.04541677 0.393752 0.04541677 0.393752 0.05525833 0.3789897 0.05572515 0.393752 0.05525833 0.2830344 0.05525833 0.3789897 0.04541677 0.2830344 0.05572515 0.393752 0.05525833 0.3789897 0.05572515 0.3789897 0.250975 0.3894528 0.2517471 0.2934975 0.2517471 0.3894528 0.250975 0.3894528 0.2502028 0.3894528 0.250975 0.2934975 0.250975 0.2934975 0.2517471 0.2934975 0.250975 0.3894528 0.2502028 0.2934975 0.2502028 0.3894528 0.2494305 0.3894528 0.2502028 0.3894528 0.2502028 0.2934975 0.250975 0.2934975 0.2486582 0.3894528 0.2494305 0.2934975 0.2494305 0.3894528 0.2502028 0.2934975 0.2494305 0.3894528 0.2494305 0.2934975 0.2486582 0.3894528 0.2478862 0.3894528 0.2486582 0.2934975 0.2486582 0.2934975 0.2494305 0.2934975 0.2486582 0.3894528 0.2478862 0.3894528 0.2478862 0.2934975 0.2486582 0.2934975 0.2525192 0.2934975 0.2517471 0.3894528 0.2517471 0.2934975 0.2525192 0.3894528 0.2525192 0.2934975 0.2532914 0.2934975 0.2525192 0.2934975 0.2525192 0.3894528 0.2517471 0.3894528 0.2540636 0.2934975 0.2532914 0.3894528 0.2532914 0.2934975 0.2525192 0.3894528 0.2532914 0.2934975 0.2532914 0.3894528 0.2540636 0.2934975 0.2548359 0.2934975 0.2540637 0.3894528 0.2540637 0.3894528 0.2532914 0.3894528 0.2540636 0.2934975 0.2548359 0.3894528 0.2548359 0.2934975 0.2556079 0.2934975 0.2548359 0.2934975 0.2548359 0.3894528 0.2540637 0.3894528 0.2548359 0.3894528 0.2556079 0.2934975 0.2556079 0.3894528 0.3865581 0.3725335 0.385786 0.382375 0.385786 0.3725335 0.3865581 0.3725335 0.3873303 0.3725335 0.3865581 0.382375 0.3865581 0.382375 0.385786 0.382375 0.3865581 0.3725335 0.3873303 0.382375 0.3873303 0.3725335 0.3881027 0.3725335 0.3873303 0.3725335 0.3873303 0.382375 0.3865581 0.382375 0.3888748 0.3725335 0.3881027 0.382375 0.3881027 0.3725335 0.3873303 0.382375 0.3881027 0.3725335 0.3881027 0.382375 0.3888748 0.3725335 0.3896468 0.3725335 0.3888748 0.382375 0.3888748 0.382375 0.3881027 0.382375 0.3888748 0.3725335 0.3896468 0.3725335 0.3896468 0.382375 0.3888748 0.382375 0.3850139 0.382375 0.385786 0.3725335 0.385786 0.382375 0.3850139 0.3725335 0.3850139 0.382375 0.3842418 0.382375 0.3850139 0.382375 0.3850139 0.3725335 0.385786 0.3725335 0.3834694 0.382375 0.3842418 0.3725335 0.3842418 0.382375 0.3850139 0.3725335 0.3842418 0.382375 0.3842418 0.3725335 0.3834694 0.382375 0.3826972 0.382375 0.3834694 0.3725335 0.3834694 0.3725335 0.3842418 0.3725335 0.3834694 0.382375 0.3826972 0.3725335 0.3826972 0.382375 0.3819252 0.382375 0.3826972 0.382375 0.3826972 0.3725335 0.3834694 0.3725335 0.3826972 0.3725335 0.3819252 0.382375 0.3819252 0.3725335 0.08644932 0.397236 0.08583974 0.3977183 0.0859059 0.3965597 0.08877009 0.398566 0.08929091 0.398016 0.08943051 0.3991432 0.08813738 0.3968488 0.08758395 0.3973663 0.0875771 0.3962485 0.09100508 0.3986659 0.09056395 0.3991616 0.09039521 0.3980752 0.09100508 0.3986659 0.09147346 0.39821 0.09164428 0.3992689 0.08990848 0.3985915 0.08943051 0.3991432 0.08929091 0.398016 0.08929091 0.398016 0.08923876 0.3969133 0.08980834 0.3974917 0.08758395 0.3973663 0.08759868 0.3985255 0.08700662 0.3978907 0.09003108 0.3995624 0.08943051 0.3991432 0.08990848 0.3985915 0.08758395 0.3973663 0.08816188 0.397969 0.08759868 0.3985255 0.08646851 0.396099 0.08702498 0.3967452 0.08644932 0.397236 0.08644932 0.397236 0.08700662 0.3978907 0.08616042 0.3983122 0.0862587 0.3952705 0.08701008 0.3956251 0.08646851 0.396099 0.08758395 0.3973663 0.08813738 0.3968488 0.08816188 0.397969 0.0859059 0.3965597 0.08510124 0.3969344 0.08546578 0.3963677 0.08510124 0.3969344 0.08545053 0.3979231 0.08475565 0.3975125 0.08877009 0.398566 0.08842408 0.3992179 0.08759868 0.3985255 0.08870476 0.3974356 0.08923876 0.3969133 0.08929091 0.398016 0.08753561 0.3951393 0.08701008 0.3956251 0.08670085 0.3947507 0.08923876 0.3969133 0.08867716 0.3963344 0.08921128 0.3958193 0.08753561 0.3951393 0.08717483 0.3942568 0.08804869 0.3946407 0.08968192 0.3941804 0.09028691 0.3947643 0.08974623 0.3952983 0.08821821 0.3933563 0.08904874 0.3935957 0.08855223 0.3941272 0.08953672 0.3930426 0.0902 0.3936216 0.08968192 0.3941804 0.08878016 0.3929553 0.08953672 0.3930426 0.08904874 0.3935957 0.08995288 0.3922412 0.09094089 0.3926435 0.09071505 0.3930266 0.08995288 0.3922412 0.09071505 0.3930266 0.08953672 0.3930426 0.08545053 0.3979231 0.08583974 0.3977183 0.08616042 0.3983122 0.08583974 0.3977183 0.08510124 0.3969344 0.0859059 0.3965597 0.0859059 0.3965597 0.08546578 0.3963677 0.08584803 0.3958113 0.08689987 0.3986621 0.08616042 0.3983122 0.08700662 0.3978907 0.08583974 0.3977183 0.08644932 0.397236 0.08616042 0.3983122 0.08545053 0.3979231 0.08510124 0.3969344 0.08583974 0.3977183 0.08646851 0.396099 0.08584803 0.3958113 0.0862587 0.3952705 0.08646851 0.396099 0.0859059 0.3965597 0.08584803 0.3958113 0.08953672 0.3930426 0.08936166 0.3925867 0.08995288 0.3922412 0.08765518 0.3989577 0.08689987 0.3986621 0.08759868 0.3985255 0.08700662 0.3978907 0.08759868 0.3985255 0.08689987 0.3986621 0.08758395 0.3973663 0.08700662 0.3978907 0.08702498 0.3967452 0.08759868 0.3985255 0.08816188 0.397969 0.08877009 0.398566 0.08842408 0.3992179 0.08765518 0.3989577 0.08759868 0.3985255 0.0859059 0.3965597 0.08646851 0.396099 0.08644932 0.397236 0.08670085 0.3947507 0.08701008 0.3956251 0.0862587 0.3952705 0.08855223 0.3941272 0.08804869 0.3946407 0.08768159 0.3937909 0.08644932 0.397236 0.08702498 0.3967452 0.08700662 0.3978907 0.0875771 0.3962485 0.08702498 0.3967452 0.08701008 0.3956251 0.08816188 0.397969 0.08870476 0.3974356 0.08877009 0.398566 0.08922296 0.3994178 0.08842408 0.3992179 0.08877009 0.398566 0.08813738 0.3968488 0.08870476 0.3974356 0.08816188 0.397969 0.08877009 0.398566 0.08870476 0.3974356 0.08929091 0.398016 0.09003108 0.3995624 0.08922296 0.3994178 0.08943051 0.3991432 0.08922296 0.3994178 0.08877009 0.398566 0.08943051 0.3991432 0.08646851 0.396099 0.08701008 0.3956251 0.08702498 0.3967452 0.08717483 0.3942568 0.08753561 0.3951393 0.08670085 0.3947507 0.08870476 0.3974356 0.08813738 0.3968488 0.08867716 0.3963344 0.08702498 0.3967452 0.0875771 0.3962485 0.08758395 0.3973663 0.0875771 0.3962485 0.08753561 0.3951393 0.08811384 0.3957467 0.08980834 0.3974917 0.08990848 0.3985915 0.08929091 0.398016 0.08867716 0.3963344 0.08813738 0.3968488 0.08811384 0.3957467 0.09039521 0.3980752 0.09056395 0.3991616 0.08990848 0.3985915 0.08867716 0.3963344 0.08923876 0.3969133 0.08870476 0.3974356 0.09164428 0.3992689 0.09056395 0.3991616 0.09100508 0.3986659 0.09084767 0.399645 0.09003108 0.3995624 0.09056395 0.3991616 0.08990848 0.3985915 0.09056395 0.3991616 0.09003108 0.3995624 0.08980834 0.3974917 0.09039521 0.3980752 0.08990848 0.3985915 0.09084767 0.399645 0.09056395 0.3991616 0.09164428 0.3992689 0.08701008 0.3956251 0.08753561 0.3951393 0.0875771 0.3962485 0.08768159 0.3937909 0.08804869 0.3946407 0.08717483 0.3942568 0.09087431 0.3964873 0.09031456 0.3958844 0.0908702 0.395363 0.0875771 0.3962485 0.08811384 0.3957467 0.08813738 0.3968488 0.08864045 0.3952375 0.08811384 0.3957467 0.08804869 0.3946407 0.08980834 0.3974917 0.08923876 0.3969133 0.08977276 0.3963984 0.08864045 0.3952375 0.08921128 0.3958193 0.08867716 0.3963344 0.09039521 0.3980752 0.08980834 0.3974917 0.09033298 0.3969848 0.08921128 0.3958193 0.08977276 0.3963984 0.08923876 0.3969133 0.09033298 0.3969848 0.09087431 0.3964873 0.09089869 0.3975868 0.08977276 0.3963984 0.09033298 0.3969848 0.08980834 0.3974917 0.09089869 0.3975868 0.09147346 0.39821 0.09100508 0.3986659 0.09100508 0.3986659 0.09039521 0.3980752 0.09089869 0.3975868 0.09206038 0.3988596 0.09247624 0.3996982 0.09164428 0.3992689 0.09247624 0.3996982 0.09166193 0.3996863 0.09164428 0.3992689 0.09164428 0.3992689 0.09166193 0.3996863 0.09084767 0.399645 0.08753561 0.3951393 0.08804869 0.3946407 0.08811384 0.3957467 0.08821821 0.3933563 0.08855223 0.3941272 0.08768159 0.3937909 0.08977276 0.3963984 0.08921128 0.3958193 0.08974623 0.3952983 0.08811384 0.3957467 0.08864045 0.3952375 0.08867716 0.3963344 0.08864045 0.3952375 0.08855223 0.3941272 0.08916223 0.3947167 0.09033298 0.3969848 0.08977276 0.3963984 0.09031456 0.3958844 0.08916223 0.3947167 0.08974623 0.3952983 0.08921128 0.3958193 0.09089869 0.3975868 0.09087431 0.3964873 0.09142863 0.397118 0.08974623 0.3952983 0.09031456 0.3958844 0.08977276 0.3963984 0.09197461 0.3977829 0.09147346 0.39821 0.09142863 0.397118 0.09247624 0.3988837 0.09206038 0.3988596 0.09244835 0.398074 0.09039521 0.3980752 0.09033298 0.3969848 0.09089869 0.3975868 0.09089869 0.3975868 0.09142863 0.397118 0.09147346 0.39821 0.09164428 0.3992689 0.09147346 0.39821 0.09206038 0.3988596 0.09206038 0.3988596 0.09147346 0.39821 0.09197461 0.3977829 0.09247624 0.3996982 0.09206038 0.3988596 0.09247624 0.3988837 0.08804869 0.3946407 0.08855223 0.3941272 0.08864045 0.3952375 0.08878016 0.3929553 0.08904874 0.3935957 0.08821821 0.3933563 0.0908702 0.395363 0.09031456 0.3958844 0.09028691 0.3947643 0.08864045 0.3952375 0.08916223 0.3947167 0.08921128 0.3958193 0.08904874 0.3935957 0.08968192 0.3941804 0.08916223 0.3947167 0.09143978 0.3959905 0.09087431 0.3964873 0.0908702 0.395363 0.09031456 0.3958844 0.08974623 0.3952983 0.09028691 0.3947643 0.09198671 0.3966625 0.09142863 0.397118 0.09143978 0.3959905 0.0923832 0.3972662 0.09142863 0.397118 0.09198671 0.3966625 0.09033298 0.3969848 0.09031456 0.3958844 0.09087431 0.3964873 0.09142863 0.397118 0.09087431 0.3964873 0.09143978 0.3959905 0.0923832 0.3972662 0.09244835 0.398074 0.09197461 0.3977829 0.0923832 0.3972662 0.09197461 0.3977829 0.09142863 0.397118 0.09206038 0.3988596 0.09197461 0.3977829 0.09244835 0.398074 0.08855223 0.3941272 0.08904874 0.3935957 0.08916223 0.3947167 0.08936166 0.3925867 0.08953672 0.3930426 0.08878016 0.3929553 0.0902 0.3936216 0.09083819 0.3942085 0.09028691 0.3947643 0.08916223 0.3947167 0.08968192 0.3941804 0.08974623 0.3952983 0.09028691 0.3947643 0.08968192 0.3941804 0.0902 0.3936216 0.09083819 0.3942085 0.09144461 0.3948263 0.0908702 0.395363 0.0908702 0.395363 0.09028691 0.3947643 0.09083819 0.3942085 0.09143978 0.3959905 0.0908702 0.395363 0.09144461 0.3948263 0.09226405 0.3964667 0.09143978 0.3959905 0.09209734 0.3956727 0.09143978 0.3959905 0.09226405 0.3964667 0.09198671 0.3966625 0.0923832 0.3972662 0.09198671 0.3966625 0.09226405 0.3964667 0.09071505 0.3930266 0.0902 0.3936216 0.08953672 0.3930426 0.08904874 0.3935957 0.08953672 0.3930426 0.08968192 0.3941804 0.09083819 0.3942085 0.0902 0.3936216 0.09071505 0.3930266 0.09161192 0.3941357 0.09187179 0.3949008 0.09144461 0.3948263 0.09161192 0.3941357 0.09144461 0.3948263 0.09083819 0.3942085 0.09209734 0.3956727 0.09143978 0.3959905 0.09144461 0.3948263 0.09187179 0.3949008 0.09209734 0.3956727 0.09144461 0.3948263 0.09094089 0.3926435 0.08995288 0.3922412 0.0905568 0.3919177 0.09094089 0.3926435 0.09129476 0.3933799 0.09071505 0.3930266 0.09083819 0.3942085 0.09071505 0.3930266 0.09129476 0.3933799 0.09129476 0.3933799 0.09161192 0.3941357 0.09083819 0.3942085 0.08356374 0.3919177 0.08291947 0.3996649 0.08264142 0.3921543 0.08227729 0.3996649 0.08200919 0.3923122 0.08264142 0.3921543 0.08264142 0.3921543 0.08291947 0.3996649 0.08227729 0.3996649 0.08200919 0.3923122 0.0816335 0.3996648 0.08140015 0.3925355 0.0816335 0.3996648 0.08200919 0.3923122 0.08227729 0.3996649 0.08081257 0.3928174 0.08140015 0.3925355 0.08098989 0.3996647 0.0816335 0.3996648 0.08098989 0.3996647 0.08140015 0.3925355 0.08034563 0.3996647 0.08024835 0.3931437 0.08081257 0.3928174 0.08081257 0.3928174 0.08098989 0.3996647 0.08034563 0.3996647 0.07970154 0.3996647 0.08024835 0.3931437 0.08034563 0.3996647 0.08291947 0.3996649 0.08356374 0.3919177 0.0835635 0.3996649 0.07918316 0.393894 0.07970613 0.3935053 0.07970154 0.3996647 0.07970154 0.3996647 0.07970613 0.3935053 0.08024835 0.3931437 0.07905876 0.3996647 0.07918316 0.393894 0.07970154 0.3996647 0.07918316 0.393894 0.07905876 0.3996647 0.07867681 0.3943035 0.07841539 0.3996646 0.07818412 0.3947296 0.07867681 0.3943035 0.07867681 0.3943035 0.07905876 0.3996647 0.07841539 0.3996646 0.07818412 0.3947296 0.07777166 0.3996647 0.07770246 0.3951676 0.07777166 0.3996647 0.07818412 0.3947296 0.07841539 0.3996646 0.07712775 0.3996647 0.07722938 0.3956154 0.07777166 0.3996647 0.07770246 0.3951676 0.07777166 0.3996647 0.07722938 0.3956154 0.07712775 0.3996647 0.07648372 0.3996648 0.07676237 0.3960697 0.07676237 0.3960697 0.07722938 0.3956154 0.07712775 0.3996647 0.07629954 0.3965278 0.07648372 0.3996648 0.07583951 0.3996649 0.07648372 0.3996648 0.07629954 0.3965278 0.07676237 0.3960697 0.07629954 0.3965278 0.07583951 0.3996649 0.07583886 0.3969886 0.05897039 0.292876 0.05629402 0.292876 0.05629402 0.2830344 0.05629402 0.2830344 0.05897039 0.2830344 0.05897039 0.292876 0.3483744 0.3833479 0.3479383 0.3693355 0.3486938 0.3693355 0.3471829 0.3693354 0.3479383 0.3693355 0.3478104 0.3830214 0.3483744 0.3833479 0.3478104 0.3830214 0.3479383 0.3693355 0.3486938 0.3693355 0.3489621 0.3836295 0.3483744 0.3833479 0.3478104 0.3830214 0.3472682 0.3826597 0.3471829 0.3693354 0.3486938 0.3693355 0.3494472 0.3693355 0.3489621 0.3836295 0.349571 0.3838533 0.3489621 0.3836295 0.3494472 0.3693355 0.3502032 0.3693355 0.349571 0.3838533 0.3494472 0.3693355 0.3502032 0.3693355 0.3502032 0.3840114 0.349571 0.3838533 0.3467452 0.3822709 0.3471829 0.3693354 0.3472682 0.3826597 0.3464273 0.3693353 0.3467452 0.3822709 0.3462391 0.3818613 0.3467452 0.3822709 0.3464273 0.3693353 0.3471829 0.3693354 0.345746 0.3814355 0.3456715 0.3693352 0.3462391 0.3818613 0.3464273 0.3693353 0.3462391 0.3818613 0.3456715 0.3693352 0.3452648 0.3809971 0.3449157 0.369335 0.3456715 0.3693352 0.3456715 0.3693352 0.345746 0.3814355 0.3452648 0.3809971 0.3447915 0.3805494 0.3443246 0.3800951 0.3449157 0.369335 0.3447915 0.3805494 0.3449157 0.369335 0.3452648 0.3809971 0.34416 0.3693349 0.3443246 0.3800951 0.343862 0.3796367 0.3443246 0.3800951 0.34416 0.3693349 0.3449157 0.369335 0.34416 0.3693349 0.343862 0.3796367 0.3434039 0.3693346 0.3434039 0.3693346 0.343862 0.3796367 0.343401 0.3791762 0.09718072 0.3744326 0.09808528 0.389195 0.09716737 0.389195 0.09625989 0.3744326 0.09718072 0.3744326 0.09716737 0.389195 0.09625989 0.3744326 0.09624761 0.389195 0.09533816 0.3744326 0.09625989 0.3744326 0.09716737 0.389195 0.09624761 0.389195 0.09810125 0.3744326 0.09808528 0.389195 0.09718072 0.3744326 0.09532868 0.389195 0.09441292 0.389195 0.09441596 0.3744326 0.09532868 0.389195 0.09441596 0.3744326 0.09533816 0.3744326 0.09441596 0.3744326 0.09441292 0.389195 0.09349334 0.3744326 0.09349334 0.3744326 0.09441292 0.389195 0.09349334 0.389195 0.09533816 0.3744326 0.09624761 0.389195 0.09532868 0.389195 0.09810125 0.3744326 0.09900301 0.389195 0.09808528 0.389195 0.09902358 0.3744326 0.09992182 0.389195 0.09900301 0.389195 0.09900301 0.389195 0.09810125 0.3744326 0.09902358 0.3744326 0.1008408 0.389195 0.09992182 0.389195 0.09994572 0.3744326 0.09902358 0.3744326 0.09994572 0.3744326 0.09992182 0.389195 0.1008408 0.389195 0.1008675 0.3744326 0.1017607 0.389195 0.1008675 0.3744326 0.1008408 0.389195 0.09994572 0.3744326 0.1017607 0.389195 0.1008675 0.3744326 0.1017866 0.3744326 0.1017607 0.389195 0.1017866 0.3744326 0.1027089 0.3891085 0.1017866 0.3744326 0.102709 0.3744326 0.1027089 0.3891085 0.3950469 0.1229249 0.3947854 0.1175642 0.3954288 0.1175641 0.3992895 0.1175637 0.3990113 0.1250744 0.3986473 0.1175638 0.3945542 0.1224987 0.3947854 0.1175642 0.3950469 0.1229249 0.3954288 0.1175641 0.3955532 0.1233342 0.3950469 0.1229249 0.3945542 0.1224987 0.3940723 0.1220602 0.3941417 0.1175642 0.3941417 0.1175642 0.3947854 0.1175642 0.3945542 0.1224987 0.3941417 0.1175642 0.3935992 0.121613 0.3934978 0.1175642 0.3935992 0.121613 0.3941417 0.1175642 0.3940723 0.1220602 0.3928538 0.1175642 0.3934978 0.1175642 0.3931323 0.1211588 0.3935992 0.121613 0.3931323 0.1211588 0.3934978 0.1175642 0.3926699 0.1207011 0.3922096 0.117564 0.3928538 0.1175642 0.3928538 0.1175642 0.3931323 0.1211588 0.3926699 0.1207011 0.3922092 0.1202405 0.3922096 0.117564 0.3926699 0.1207011 0.3960716 0.117564 0.3955532 0.1233342 0.3954288 0.1175641 0.3960758 0.1237224 0.3955532 0.1233342 0.3960716 0.117564 0.3966175 0.1240831 0.3960716 0.117564 0.3967157 0.117564 0.3960716 0.117564 0.3966175 0.1240831 0.3960758 0.1237224 0.39736 0.1175639 0.397181 0.1244091 0.3967157 0.117564 0.3966175 0.1240831 0.3967157 0.117564 0.397181 0.1244091 0.39736 0.1175639 0.3980036 0.1175639 0.3977678 0.1246907 0.3977678 0.1246907 0.397181 0.1244091 0.39736 0.1175639 0.3983786 0.1249165 0.3980036 0.1175639 0.3986473 0.1175638 0.3980036 0.1175639 0.3983786 0.1249165 0.3977678 0.1246907 0.3983786 0.1249165 0.3986473 0.1175638 0.3990113 0.1250744 0.3992895 0.1175637 0.3999336 0.1175637 0.3999336 0.125311 0.3992895 0.1175637 0.3999336 0.125311 0.3990113 0.1250744 0.3892233 0.2646452 0.3899954 0.1686898 0.3899953 0.2646452 0.3892233 0.2646452 0.3884511 0.2646452 0.3892233 0.1686898 0.3892233 0.1686898 0.3899954 0.1686898 0.3892233 0.2646452 0.3884511 0.1686898 0.3884511 0.2646452 0.3876788 0.2646452 0.3884511 0.2646452 0.3884511 0.1686898 0.3892233 0.1686898 0.3869066 0.2646452 0.3876789 0.1686898 0.3876788 0.2646452 0.3884511 0.1686898 0.3876788 0.2646452 0.3876789 0.1686898 0.3869066 0.2646452 0.3861346 0.2646452 0.3869066 0.1686898 0.3869066 0.1686898 0.3876789 0.1686898 0.3869066 0.2646452 0.3861346 0.2646452 0.3861346 0.1686898 0.3869066 0.1686898 0.3907675 0.1686898 0.3899953 0.2646452 0.3899954 0.1686898 0.3907675 0.2646452 0.3907675 0.1686898 0.3915397 0.1686898 0.3907675 0.1686898 0.3907675 0.2646452 0.3899953 0.2646452 0.3923119 0.1686898 0.3915397 0.2646452 0.3915397 0.1686898 0.3907675 0.2646452 0.3915397 0.1686898 0.3915397 0.2646452 0.3923119 0.1686898 0.3930841 0.1686898 0.3923119 0.2646452 0.3923119 0.2646452 0.3915397 0.2646452 0.3923119 0.1686898 0.3930841 0.2646452 0.3930841 0.1686898 0.3938562 0.1686898 0.3930841 0.1686898 0.3930841 0.2646452 0.3923119 0.2646452 0.3930841 0.2646452 0.3938562 0.1686898 0.3938562 0.2646452 0.09884822 0.3996053 0.09884822 0.3897638 0.09962022 0.3897638 0.1003924 0.3897638 0.09962022 0.3996053 0.09962022 0.3897638 0.09884822 0.3996053 0.09962022 0.3897638 0.09962022 0.3996053 0.1003924 0.3897638 0.1011648 0.3897638 0.1003925 0.3996053 0.1003925 0.3996053 0.09962022 0.3996053 0.1003924 0.3897638 0.1011648 0.3996053 0.1011648 0.3897638 0.101937 0.3897638 0.1011648 0.3897638 0.1011648 0.3996053 0.1003925 0.3996053 0.102709 0.3897638 0.101937 0.3996053 0.101937 0.3897638 0.1011648 0.3996053 0.101937 0.3897638 0.101937 0.3996053 0.102709 0.3996053 0.101937 0.3996053 0.102709 0.3897638 0.09807616 0.3996053 0.09884822 0.3897638 0.09884822 0.3996053 0.09807616 0.3897638 0.09807616 0.3996053 0.09730392 0.3996053 0.09807616 0.3996053 0.09807616 0.3897638 0.09884822 0.3897638 0.09653156 0.3996053 0.09730392 0.3897638 0.09730392 0.3996053 0.09807616 0.3897638 0.09730392 0.3996053 0.09730392 0.3897638 0.09653156 0.3996053 0.09575939 0.3996053 0.09653156 0.3897638 0.09653156 0.3897638 0.09730392 0.3897638 0.09653156 0.3996053 0.09575939 0.3897638 0.09575939 0.3996053 0.09498739 0.3996053 0.09575939 0.3996053 0.09575939 0.3897638 0.09653156 0.3897638 0.09575939 0.3897638 0.09498739 0.3996053 0.09498739 0.3897638 0.2500305 0.3910577 0.2507293 0.3911943 0.2501372 0.3918291 0.249291 0.3914076 0.2500305 0.3910577 0.2501372 0.3918291 0.2500305 0.3910577 0.2507858 0.3907621 0.2507293 0.3911943 0.2489703 0.3920015 0.2490364 0.3931601 0.2482318 0.3927854 0.249291 0.3914076 0.2501372 0.3918291 0.2495799 0.3924838 0.2485811 0.3917967 0.2489703 0.3920015 0.2482318 0.3927854 0.2515547 0.3905019 0.2507293 0.3911943 0.2507858 0.3907621 0.249599 0.3936208 0.2490364 0.3931601 0.2495799 0.3924838 0.2523536 0.3903021 0.2531617 0.3901574 0.2525611 0.3905766 0.2507293 0.3911943 0.2512925 0.3917508 0.2507146 0.3923535 0.2531617 0.3901574 0.2539783 0.3900747 0.2536946 0.3905582 0.2535258 0.3916447 0.2529389 0.3922281 0.2530391 0.3911283 0.2547925 0.3900335 0.2547749 0.3904509 0.2539783 0.3900747 0.2530391 0.3911283 0.2524215 0.3917039 0.2525611 0.3905766 0.2551052 0.3919369 0.255191 0.3908602 0.2555789 0.3916458 0.2556068 0.3908361 0.255191 0.3908602 0.2556068 0.3900216 0.2555789 0.3916458 0.255191 0.3908602 0.2556068 0.3908361 0.2507293 0.3911943 0.2519007 0.3911538 0.2512925 0.3917508 0.2518354 0.3922843 0.2523694 0.3928065 0.2518078 0.3933854 0.2523419 0.3939005 0.2518078 0.3933854 0.2523694 0.3928065 0.2512925 0.3917508 0.2518354 0.3922843 0.251268 0.392871 0.2523419 0.3939005 0.251771 0.3944824 0.2518078 0.3933854 0.2512444 0.3939731 0.251268 0.392871 0.2518078 0.3933854 0.2521794 0.3961241 0.2526673 0.3966772 0.2519108 0.3967645 0.2534175 0.3949555 0.2528768 0.3944216 0.2534452 0.3938354 0.2534175 0.3949555 0.2539688 0.3955113 0.2533306 0.3960982 0.2526673 0.3966772 0.2538456 0.3966931 0.2530835 0.3974786 0.2528126 0.3955394 0.2534175 0.3949555 0.2533306 0.3960982 0.2530835 0.3974786 0.2540715 0.3970763 0.2536874 0.3978021 0.2489703 0.3920015 0.249291 0.3914076 0.2495799 0.3924838 0.2482318 0.3927854 0.2478862 0.3922073 0.2485811 0.3917967 0.2485811 0.3917967 0.249291 0.3914076 0.2489703 0.3920015 0.2490364 0.3931601 0.2489703 0.3920015 0.2495799 0.3924838 0.2485964 0.393352 0.2482318 0.3927854 0.2490364 0.3931601 0.2519007 0.3911538 0.2523536 0.3903021 0.2525611 0.3905766 0.2519007 0.3911538 0.2507293 0.3911943 0.2515547 0.3905019 0.2501372 0.3918291 0.2507146 0.3923535 0.2501556 0.3929746 0.2507146 0.3923535 0.2501372 0.3918291 0.2507293 0.3911943 0.2501556 0.3929746 0.249599 0.3936208 0.2495799 0.3924838 0.2489786 0.3939085 0.2485964 0.393352 0.2490364 0.3931601 0.2519007 0.3911538 0.2524215 0.3917039 0.2518354 0.3922843 0.2519007 0.3911538 0.2515547 0.3905019 0.2523536 0.3903021 0.2525611 0.3905766 0.2531617 0.3901574 0.2530391 0.3911283 0.2518078 0.3933854 0.251268 0.392871 0.2518354 0.3922843 0.2525611 0.3905766 0.2524215 0.3917039 0.2519007 0.3911538 0.249599 0.3936208 0.2501556 0.3929746 0.2501407 0.3940947 0.2518354 0.3922843 0.2512925 0.3917508 0.2519007 0.3911538 0.2507146 0.3923535 0.2512925 0.3917508 0.251268 0.392871 0.249599 0.3936208 0.2489786 0.3939085 0.2490364 0.3931601 0.2501372 0.3918291 0.2501556 0.3929746 0.2495799 0.3924838 0.2501556 0.3929746 0.2507077 0.3934713 0.2501407 0.3940947 0.2493892 0.3944494 0.2489786 0.3939085 0.249599 0.3936208 0.2535258 0.3916447 0.2540293 0.392133 0.2534636 0.392735 0.2536946 0.3905582 0.2530391 0.3911283 0.2531617 0.3901574 0.2547749 0.3904509 0.2541357 0.3910539 0.2536946 0.3905582 0.2529389 0.3922281 0.2523694 0.3928065 0.2524215 0.3917039 0.2535258 0.3916447 0.2530391 0.3911283 0.2536946 0.3905582 0.2523419 0.3939005 0.2528768 0.3944216 0.2522928 0.3950031 0.2530391 0.3911283 0.2529389 0.3922281 0.2524215 0.3917039 0.251268 0.392871 0.2507077 0.3934713 0.2507146 0.3923535 0.2518354 0.3922843 0.2524215 0.3917039 0.2523694 0.3928065 0.2498314 0.3949691 0.2501407 0.3940947 0.2506662 0.3945805 0.2501407 0.3940947 0.2493892 0.3944494 0.249599 0.3936208 0.2507146 0.3923535 0.2507077 0.3934713 0.2501556 0.3929746 0.2507077 0.3934713 0.2512444 0.3939731 0.2506662 0.3945805 0.2498314 0.3949691 0.2493892 0.3944494 0.2501407 0.3940947 0.2539783 0.3900747 0.2547749 0.3904509 0.2536946 0.3905582 0.2556068 0.3900216 0.2547749 0.3904509 0.2547925 0.3900335 0.2555138 0.3924536 0.2545592 0.3926017 0.2551052 0.3919369 0.2541357 0.3910539 0.2535258 0.3916447 0.2536946 0.3905582 0.2547749 0.3904509 0.2546041 0.3915098 0.2541357 0.3910539 0.2534636 0.392735 0.2529034 0.3933214 0.2529389 0.3922281 0.2541357 0.3910539 0.2540293 0.392133 0.2535258 0.3916447 0.2523694 0.3928065 0.2529034 0.3933214 0.2523419 0.3939005 0.2534636 0.392735 0.2529389 0.3922281 0.2535258 0.3916447 0.2529034 0.3933214 0.2528768 0.3944216 0.2523419 0.3939005 0.2523694 0.3928065 0.2529389 0.3922281 0.2529034 0.3933214 0.2503054 0.3954629 0.2506662 0.3945805 0.2511793 0.3950791 0.2507077 0.3934713 0.2506662 0.3945805 0.2501407 0.3940947 0.251268 0.392871 0.2512444 0.3939731 0.2507077 0.3934713 0.2512444 0.3939731 0.251771 0.3944824 0.2511793 0.3950791 0.2498314 0.3949691 0.2506662 0.3945805 0.2503054 0.3954629 0.2547749 0.3904509 0.255191 0.3908602 0.2546041 0.3915098 0.2556068 0.3900216 0.255191 0.3908602 0.2547749 0.3904509 0.2555138 0.3924536 0.2551052 0.3919369 0.2555789 0.3916458 0.2541357 0.3910539 0.2546041 0.3915098 0.2540293 0.392133 0.2546041 0.3915098 0.2551052 0.3919369 0.2545592 0.3926017 0.2545592 0.3926017 0.2555138 0.3924536 0.2551173 0.3930574 0.2540293 0.392133 0.2546041 0.3915098 0.2545592 0.3926017 0.2529034 0.3933214 0.2534452 0.3938354 0.2528768 0.3944216 0.2534636 0.392735 0.2540293 0.392133 0.2540049 0.3932325 0.2534175 0.3949555 0.2528126 0.3955394 0.2528768 0.3944216 0.2529034 0.3933214 0.2534636 0.392735 0.2534452 0.3938354 0.2508122 0.3959289 0.2511793 0.3950791 0.2516828 0.3955926 0.2512444 0.3939731 0.2511793 0.3950791 0.2506662 0.3945805 0.2518078 0.3933854 0.251771 0.3944824 0.2512444 0.3939731 0.251771 0.3944824 0.2522928 0.3950031 0.2516828 0.3955926 0.2503054 0.3954629 0.2511793 0.3950791 0.2508122 0.3959289 0.2553946 0.3932531 0.2551173 0.3930574 0.2555138 0.3924536 0.255191 0.3908602 0.2551052 0.3919369 0.2546041 0.3915098 0.2545704 0.3937293 0.2551173 0.3930574 0.2553946 0.3932531 0.2540293 0.392133 0.2545592 0.3926017 0.2540049 0.3932325 0.2552279 0.3940471 0.2545752 0.3948935 0.2545704 0.3937293 0.2534636 0.392735 0.2540049 0.3932325 0.2534452 0.3938354 0.2540049 0.3932325 0.2545592 0.3926017 0.2545704 0.3937293 0.2540009 0.3943567 0.2539688 0.3955113 0.2534175 0.3949555 0.2540009 0.3943567 0.2534452 0.3938354 0.2540049 0.3932325 0.2513488 0.3963635 0.2516828 0.3955926 0.2521794 0.3961241 0.251771 0.3944824 0.2516828 0.3955926 0.2511793 0.3950791 0.2523419 0.3939005 0.2522928 0.3950031 0.251771 0.3944824 0.2522928 0.3950031 0.2528126 0.3955394 0.2521794 0.3961241 0.2508122 0.3959289 0.2516828 0.3955926 0.2513488 0.3963635 0.2545704 0.3937293 0.2553946 0.3932531 0.2552279 0.3940471 0.2545592 0.3926017 0.2551173 0.3930574 0.2545704 0.3937293 0.2550024 0.394819 0.2545752 0.3948935 0.2552279 0.3940471 0.2540049 0.3932325 0.2545704 0.3937293 0.2540009 0.3943567 0.2545704 0.3937293 0.2545752 0.3948935 0.2540009 0.3943567 0.2534452 0.3938354 0.2540009 0.3943567 0.2534175 0.3949555 0.2540009 0.3943567 0.2545752 0.3948935 0.2539688 0.3955113 0.2538456 0.3966931 0.2526673 0.3966772 0.2533306 0.3960982 0.2522928 0.3950031 0.2521794 0.3961241 0.2516828 0.3955926 0.2528768 0.3944216 0.2528126 0.3955394 0.2522928 0.3950031 0.2528126 0.3955394 0.2533306 0.3960982 0.2526673 0.3966772 0.2513488 0.3963635 0.2521794 0.3961241 0.2519108 0.3967645 0.2550024 0.394819 0.2547425 0.3955841 0.2545752 0.3948935 0.2545752 0.3948935 0.2547425 0.3955841 0.2539688 0.3955113 0.2547425 0.3955841 0.2544254 0.3963398 0.2539688 0.3955113 0.2538456 0.3966931 0.2533306 0.3960982 0.2539688 0.3955113 0.2539688 0.3955113 0.2544254 0.3963398 0.2538456 0.3966931 0.2528126 0.3955394 0.2526673 0.3966772 0.2521794 0.3961241 0.2530835 0.3974786 0.2538456 0.3966931 0.2540715 0.3970763 0.2519108 0.3967645 0.2526673 0.3966772 0.2524923 0.3971331 0.2544254 0.3963398 0.2540715 0.3970763 0.2538456 0.3966931 0.2526673 0.3966772 0.2530835 0.3974786 0.2524923 0.3971331 0.0408169 0.1709328 0.04087489 0.170179 0.04104769 0.1694433 0.04573768 0.17853 0.0408169 0.1709328 0.04481947 0.1660987 0.04133111 0.1687425 0.04171836 0.1680936 0.0408169 0.1709328 0.04133111 0.1687425 0.0408169 0.1709328 0.04104769 0.1694433 0.06590962 0.06822311 0.06361013 0.06133657 0.06692725 0.06774663 0.04220062 0.1675119 0.0408169 0.1709328 0.04171836 0.1680936 0.04573726 0.040748 0.04571264 0.0534082 0.04481905 0.05317938 0.06270152 0.1575763 0.06205683 0.1574658 0.0626474 0.1502737 0.0408169 0.1709328 0.04276597 0.167011 0.0434013 0.1666021 0.04220062 0.1675119 0.04276597 0.167011 0.0408169 0.1709328 0.0646243 0.0605179 0.06788975 0.06717044 0.06415194 0.06097036 0.0408169 0.1709328 0.04408967 0.166296 0.04481947 0.1660987 0.0434013 0.1666021 0.04408967 0.166296 0.0408169 0.1709328 0.045713 0.1658698 0.04656827 0.1655333 0.04573768 0.17853 0.045713 0.1658698 0.04573768 0.17853 0.04481947 0.1660987 0.06270152 0.1575763 0.06484794 0.1506839 0.06331807 0.1577941 0.04737722 0.1650913 0.04573768 0.17853 0.04656827 0.1655333 0.06555455 0.1608177 0.0727753 0.1605421 0.06558215 0.1614712 0.072703 0.1627835 0.06558215 0.1614712 0.07279598 0.1616631 0.06549894 0.1621198 0.07263755 0.1636811 0.06530755 0.1627447 0.06692254 0.151529 0.0638889 0.1581131 0.06590938 0.1510546 0.0590626 0.1585239 0.05436426 0.1530413 0.05523914 0.1523382 0.05822068 0.1508068 0.05930119 0.1505054 0.06014215 0.1577941 0.05436426 0.1530413 0.05863052 0.1590147 0.05356562 0.1538296 0.05617851 0.1517284 0.05717796 0.1512148 0.05957144 0.1581131 0.05617851 0.1517284 0.05957144 0.1581131 0.0590626 0.1585239 0.06040847 0.1503148 0.06075876 0.1575763 0.05930119 0.1505054 0.06014215 0.1577941 0.05717796 0.1512148 0.05822068 0.1508068 0.156455 0.17853 0.1322227 0.1464741 0.1325938 0.1456568 0.06040847 0.1503148 0.06152445 0.1502377 0.06140345 0.1574658 0.112136 0.05381757 0.1118773 0.05295795 0.12014 0.05567812 0.06375801 0.1504231 0.06270152 0.1575763 0.0626474 0.1502737 0.06205683 0.1574658 0.06140345 0.1574658 0.06152445 0.1502377 0.06530731 0.05940806 0.07158035 0.06302475 0.07101839 0.06399625 0.0646243 0.0605179 0.06501305 0.05999219 0.06961596 0.06574189 0.06482976 0.1590147 0.06878554 0.1527751 0.06961178 0.1535317 0.05356562 0.1538296 0.05863052 0.1590147 0.05828762 0.1595718 0.06961596 0.06574189 0.06878781 0.06650131 0.0646243 0.0605179 0.06555455 0.1608177 0.06541681 0.1601785 0.07239496 0.1583337 0.07309269 0.1663201 0.06415218 0.1643069 0.06462454 0.1638543 0.06462454 0.1638543 0.07283389 0.1654604 0.07309269 0.1663201 0.06501328 0.1633288 0.06530755 0.1627447 0.07268136 0.1645742 0.06549894 0.1621198 0.06558215 0.1614712 0.072703 0.1627835 0.07268136 0.1645742 0.07283389 0.1654604 0.06501328 0.1633288 0.116249 0.1527216 0.120572 0.1585237 0.12014 0.1590147 0.06541681 0.1601785 0.07157862 0.1562484 0.0720402 0.1572721 0.06555455 0.1608177 0.07264149 0.1594296 0.0727753 0.1605421 0.1222683 0.1575762 0.1202325 0.1506519 0.1213364 0.1504004 0.1253986 0.158113 0.1265066 0.1503559 0.127393 0.1502035 0.0703597 0.1543707 0.07101565 0.1552777 0.06517273 0.1595718 0.07157862 0.1562484 0.06541681 0.1601785 0.06517273 0.1595718 0.06439775 0.1585239 0.06788605 0.1521049 0.06878554 0.1527751 0.0703597 0.1543707 0.06517273 0.1595718 0.06482976 0.1590147 0.06692254 0.151529 0.06788605 0.1521049 0.06439775 0.1585239 0.04812514 0.1645521 0.04573768 0.17853 0.04737722 0.1650913 0.07345342 0.1671414 0.06361037 0.1646731 0.06415218 0.1643069 0.0638889 0.1581131 0.06331807 0.1577941 0.06590938 0.1510546 0.06361037 0.1646731 0.07345342 0.1671414 0.07391202 0.1679144 0.05285209 0.1546918 0.05828762 0.1595718 0.05222713 0.1556261 0.07391202 0.1679144 0.0630145 0.1649423 0.06361037 0.1646731 0.05127847 0.1576542 0.05804347 0.1601785 0.05790573 0.1608177 0.06238168 0.1651071 0.0630145 0.1649423 0.07446217 0.1686264 0.05790573 0.1608177 0.05787813 0.1614712 0.05075728 0.1598311 0.07509154 0.1692637 0.06238168 0.1651071 0.07446217 0.1686264 0.05883574 0.1638543 0.04880028 0.1639237 0.04939031 0.1632171 0.07509154 0.1692637 0.04573768 0.17853 0.06238168 0.1651071 0.04988831 0.1624426 0.05028587 0.1616109 0.05815279 0.1627447 0.06173008 0.1651628 0.06238168 0.1651071 0.04573768 0.17853 0.04939031 0.1632171 0.058447 0.1633288 0.05883574 0.1638543 0.07579571 0.1698217 0.07656335 0.1702902 0.04573768 0.17853 0.07579571 0.1698217 0.04573768 0.17853 0.07509154 0.1692637 0.07738065 0.1706612 0.0782364 0.1709303 0.04573768 0.17853 0.07738065 0.1706612 0.04573768 0.17853 0.07656335 0.1702902 0.07912021 0.1710937 0.08001822 0.1711488 0.04573768 0.17853 0.07912021 0.1710937 0.04573768 0.17853 0.0782364 0.1709303 0.04573768 0.17853 0.08001822 0.1711488 0.1049517 0.1711488 0.1049517 0.1711488 0.156455 0.17853 0.04573768 0.17853 0.156455 0.17853 0.1058498 0.1710937 0.1067291 0.1709313 0.1049517 0.1711488 0.1058498 0.1710937 0.156455 0.17853 0.156455 0.17853 0.1075872 0.1706622 0.1084046 0.1702911 0.1067291 0.1709313 0.1075872 0.1706622 0.156455 0.17853 0.1091705 0.1698241 0.1098755 0.1692667 0.1232398 0.1651627 0.1232398 0.1651627 0.1238913 0.1651071 0.1091705 0.1698241 0.1193878 0.1614711 0.1194709 0.1621197 0.1122668 0.1627835 0.1125827 0.1583062 0.1194156 0.1608176 0.1123325 0.1594073 0.1290739 0.1495839 0.1263394 0.1590147 0.1282525 0.1499448 0.1229128 0.1574656 0.1235868 0.150241 0.1235668 0.1574656 0.1146526 0.1543186 0.1197971 0.1595717 0.1139845 0.1552309 0.1181344 0.1514829 0.1210808 0.158113 0.1171593 0.152055 0.1139845 0.1552309 0.1197971 0.1595717 0.1195533 0.1601784 0.1154087 0.1534808 0.12014 0.1590147 0.1146526 0.1543186 0.1210808 0.158113 0.1181344 0.1514829 0.1191642 0.151013 0.1171593 0.152055 0.120572 0.1585237 0.116249 0.1527216 0.1222683 0.1575762 0.1213364 0.1504004 0.1229128 0.1574656 0.1202325 0.1506519 0.1216517 0.1577941 0.1191642 0.151013 0.1235868 0.150241 0.1229128 0.1574656 0.122457 0.1502634 0.1235668 0.1574656 0.124716 0.1503344 0.1242112 0.1575762 0.1134129 0.1562071 0.1195533 0.1601784 0.112945 0.1572329 0.1256133 0.1503997 0.1265066 0.1503559 0.1248278 0.1577941 0.1256133 0.1503997 0.1248278 0.1577941 0.1242112 0.1575762 0.1263394 0.1590147 0.1259074 0.1585237 0.1282525 0.1499448 0.1253986 0.158113 0.127393 0.1502035 0.1259074 0.1585237 0.1193878 0.1614711 0.1121954 0.1605288 0.1194156 0.1608176 0.1125827 0.1583062 0.112945 0.1572329 0.1195533 0.1601784 0.1290739 0.1495839 0.1298469 0.1491253 0.1266824 0.1595717 0.1084046 0.1702911 0.1091705 0.1698241 0.1238913 0.1651071 0.130559 0.1485754 0.1270639 0.1608176 0.1269262 0.1601784 0.1199567 0.1633287 0.1203456 0.1638543 0.1121354 0.1654629 0.1270639 0.1608176 0.130559 0.1485754 0.1311963 0.1479456 0.1115144 0.1671453 0.1118766 0.1663219 0.1208177 0.1643069 0.1311963 0.1479456 0.1270917 0.1614711 0.1270639 0.1608176 0.1115144 0.1671453 0.1213595 0.164673 0.1110556 0.1679173 0.1219554 0.1649422 0.1225882 0.1651071 0.1105079 0.1686264 0.1317541 0.1472417 0.1322227 0.1464741 0.156455 0.17853 0.156455 0.17853 0.1268172 0.1627446 0.1270086 0.1621197 0.1330813 0.143019 0.156455 0.17853 0.1330264 0.1439171 0.1328628 0.1448009 0.156455 0.17853 0.1325938 0.1456568 0.1330813 0.07625895 0.156455 0.040748 0.156455 0.17853 0.156455 0.17853 0.1330813 0.143019 0.1330813 0.07625895 0.1330813 0.07625895 0.1330264 0.07536095 0.156455 0.040748 0.1328639 0.07448136 0.1325947 0.07362329 0.156455 0.040748 0.1328639 0.07448136 0.156455 0.040748 0.1330264 0.07536095 0.1322237 0.07280594 0.1317566 0.07204002 0.156455 0.040748 0.1322237 0.07280594 0.156455 0.040748 0.1325947 0.07362329 0.1270086 0.05878317 0.1311989 0.07133507 0.130559 0.07070261 0.126511 0.06892263 0.12512 0.06133657 0.1256618 0.06097036 0.1265227 0.05999219 0.1268172 0.05940806 0.1290779 0.06969612 0.124716 0.06894367 0.1235868 0.06903696 0.1238913 0.06177067 0.1105079 0.05065155 0.1216517 0.05445778 0.1110578 0.05136358 0.1199567 0.05999225 0.1203456 0.0605179 0.1154132 0.06580179 0.1225882 0.06177067 0.1213399 0.06887811 0.1219554 0.06160593 0.1194156 0.05748111 0.1193878 0.05813467 0.1121736 0.05762386 0.1194708 0.05878323 0.1129455 0.06204628 0.1125844 0.06097787 0.12014 0.05567812 0.1197971 0.05623519 0.112136 0.05381757 0.06501305 0.05999219 0.06530731 0.05940806 0.07036048 0.06490564 0.1122884 0.05470383 0.1197971 0.05623519 0.1195533 0.05684185 0.1122668 0.05649453 0.1123322 0.05559688 0.1194156 0.05748111 0.1123322 0.05559688 0.1195533 0.05684185 0.1194156 0.05748111 0.1123328 0.05987405 0.1193878 0.05813467 0.1194708 0.05878323 0.1121736 0.05762386 0.1193878 0.05813467 0.1121959 0.0587536 0.1139875 0.06405127 0.1196624 0.05940806 0.1199567 0.05999225 0.1129455 0.06204628 0.1196624 0.05940806 0.1134154 0.06307607 0.1203456 0.0605179 0.1208177 0.06097036 0.1171634 0.06722605 0.1115164 0.0521366 0.120572 0.05518698 0.1118773 0.05295795 0.1202387 0.06862789 0.1213595 0.06133657 0.1219554 0.06160593 0.1181396 0.0677976 0.1208177 0.06097036 0.1213595 0.06133657 0.1235868 0.06903696 0.1232398 0.0618261 0.1238913 0.06177067 0.1235868 0.06903696 0.1224614 0.06901508 0.1232398 0.0618261 0.1210808 0.0547766 0.1110578 0.05136358 0.1216517 0.05445778 0.1115164 0.0521366 0.1210808 0.0547766 0.120572 0.05518698 0.1245242 0.06160593 0.124716 0.06894367 0.1238913 0.06177067 0.124716 0.06894367 0.1245242 0.06160593 0.1256133 0.06887835 0.12512 0.06133657 0.1256133 0.06887835 0.1245242 0.06160593 0.1222683 0.05423974 0.1098781 0.05001425 0.1229128 0.05412912 0.12512 0.06133657 0.126511 0.06892263 0.1256133 0.06887835 0.1290779 0.06969612 0.1268172 0.05940806 0.1298499 0.07015496 0.1261339 0.0605179 0.1273952 0.06907516 0.1256618 0.06097036 0.156455 0.040748 0.1084066 0.0489878 0.1075893 0.04861676 0.156455 0.040748 0.1067335 0.04834765 0.1058497 0.04818421 0.1075893 0.04861676 0.1067335 0.04834765 0.156455 0.040748 0.07270276 0.05649453 0.0727958 0.05761498 0.06555432 0.05748111 0.1049516 0.0481292 0.156455 0.040748 0.1058497 0.04818421 0.06388866 0.0547766 0.06331783 0.05445778 0.07391428 0.0513606 0.06361013 0.06133657 0.06590962 0.06822311 0.0648536 0.06859248 0.0410571 0.04414814 0.04135286 0.04343467 0.04081648 0.04566878 0.04104733 0.04983466 0.0408746 0.04909896 0.04081648 0.04834514 0.04573726 0.040748 0.05957108 0.0547766 0.05906236 0.05518698 0.06075853 0.05423974 0.06014198 0.05445778 0.04573726 0.040748 0.05285274 0.06458741 0.05844676 0.05999225 0.05356878 0.06545257 0.06044554 0.06160593 0.06107831 0.06177067 0.05930638 0.06877374 0.04939144 0.05606245 0.05828732 0.05623519 0.0498895 0.05683845 0.05790537 0.05748111 0.05787783 0.05813455 0.05057692 0.05854207 0.06172984 0.0618261 0.06265056 0.06900393 0.06153059 0.06904059 0.05787783 0.05813455 0.05796098 0.05878317 0.05075705 0.05944699 0.06530731 0.05940806 0.0654987 0.05878317 0.07158035 0.06302475 0.06376171 0.06885451 0.0630142 0.06160593 0.0648536 0.06859248 0.06788975 0.06717044 0.06692725 0.06774663 0.06415194 0.06097036 0.06878781 0.06650131 0.06788975 0.06717044 0.0646243 0.0605179 0.06415194 0.06097036 0.06692725 0.06774663 0.06361013 0.06133657 0.06361013 0.06133657 0.0648536 0.06859248 0.0630142 0.06160593 0.06265056 0.06900393 0.06238138 0.06177067 0.06376171 0.06885451 0.0630142 0.06160593 0.06376171 0.06885451 0.06238138 0.06177067 0.06153059 0.06904059 0.06040865 0.06896346 0.06107831 0.06177067 0.06172984 0.0618261 0.06238138 0.06177067 0.06265056 0.06900393 0.05285274 0.06458741 0.05223023 0.06365722 0.05815243 0.05940806 0.05524033 0.06694144 0.05930787 0.06097036 0.05618363 0.06755286 0.05804324 0.0568419 0.050287 0.05767059 0.0498895 0.05683845 0.05796098 0.05878317 0.05096322 0.06055212 0.05075705 0.05944699 0.05790537 0.05748111 0.05057692 0.05854207 0.050287 0.05767059 0.05524033 0.06694144 0.05436784 0.06624007 0.05883544 0.0605179 0.05796098 0.05878317 0.05170273 0.06266534 0.0512796 0.06162792 0.05718004 0.06806427 0.05984961 0.06133657 0.05822473 0.06847304 0.04939144 0.05606245 0.05863022 0.05567806 0.05828732 0.05623519 0.04812633 0.05472743 0.05906236 0.05518698 0.04880005 0.05535429 0.07264173 0.05984503 0.07239621 0.06093841 0.0654987 0.05878317 0.0727958 0.05761498 0.0727756 0.05873203 0.06558191 0.05813455 0.0727756 0.05873203 0.07264173 0.05984503 0.06558191 0.05813455 0.06558191 0.05813455 0.06555432 0.05748111 0.0727958 0.05761498 0.04573726 0.040748 0.06014198 0.05445778 0.05957108 0.0547766 0.04657083 0.05374628 0.04571264 0.0534082 0.04573726 0.040748 0.04573726 0.040748 0.04481905 0.05317938 0.04081648 0.04566878 0.04135286 0.04343467 0.04175639 0.04277628 0.04081648 0.04566878 0.04421681 0.04098856 0.04081648 0.04566878 0.04350328 0.04128432 0.04408931 0.05298203 0.04081648 0.04834514 0.04481905 0.05317938 0.04284489 0.04168778 0.04081648 0.04566878 0.04225778 0.04218924 0.0422002 0.05176603 0.04171794 0.05118441 0.04081648 0.04834514 0.04081648 0.04834514 0.04340094 0.05267596 0.04276561 0.05226707 0.04133075 0.05053544 0.04081648 0.04834514 0.04171794 0.05118441 0.04104733 0.04983466 0.04081648 0.04834514 0.04133075 0.05053544 0.04276561 0.05226707 0.0422002 0.05176603 0.04081648 0.04834514 0.04081648 0.04834514 0.04408931 0.05298203 0.04340094 0.05267596 0.04081648 0.04566878 0.04087704 0.0448991 0.0410571 0.04414814 0.04081648 0.04834514 0.04081648 0.04566878 0.04481905 0.05317938 0.04284489 0.04168778 0.04350328 0.04128432 0.04081648 0.04566878 0.04225778 0.04218924 0.04081648 0.04566878 0.04175639 0.04277628 0.04496771 0.04080843 0.04573726 0.040748 0.04081648 0.04566878 0.04081648 0.04566878 0.04421681 0.04098856 0.04496771 0.04080843 0.04812633 0.05472743 0.04737937 0.05418813 0.04573726 0.040748 0.04657083 0.05374628 0.04573726 0.040748 0.04737937 0.05418813 0.07446199 0.05065155 0.06270128 0.05423974 0.07509428 0.05001133 0.07268166 0.05469942 0.06517249 0.05623519 0.07283419 0.05381512 0.07579892 0.04945385 0.07509428 0.05001133 0.04573726 0.040748 0.06482952 0.05567806 0.06439751 0.05518698 0.07309299 0.05295598 0.04573726 0.040748 0.07656514 0.04898685 0.07579892 0.04945385 0.07738244 0.04861581 0.04573726 0.040748 0.07824063 0.04834663 0.07738244 0.04861581 0.07656514 0.04898685 0.04573726 0.040748 0.04573726 0.040748 0.08001804 0.0481292 0.07911998 0.04818421 0.07824063 0.04834663 0.04573726 0.040748 0.07911998 0.04818421 0.04573726 0.040748 0.1049516 0.0481292 0.08001804 0.0481292 0.04573726 0.040748 0.156455 0.040748 0.1049516 0.0481292 0.156455 0.17853 0.1328628 0.1448009 0.1330264 0.1439171 0.0442171 0.1782894 0.04350364 0.1779937 0.0408169 0.1736093 0.04573768 0.17853 0.044968 0.1784695 0.0408169 0.1736093 0.0408169 0.1736093 0.04175668 0.1765017 0.04135328 0.1758432 0.0408169 0.1736093 0.04284518 0.1775901 0.0422582 0.1770887 0.04105746 0.1751298 0.0408169 0.1736093 0.04135328 0.1758432 0.04105746 0.1751298 0.0408774 0.1743789 0.0408169 0.1736093 0.04350364 0.1779937 0.04284518 0.1775901 0.0408169 0.1736093 0.0408169 0.1736093 0.0422582 0.1770887 0.04175668 0.1765017 0.044968 0.1784695 0.0442171 0.1782894 0.0408169 0.1736093 0.0408169 0.1736093 0.0408169 0.1709328 0.04573768 0.17853 0.1123322 0.163681 0.1196624 0.1627446 0.1122879 0.1645786 0.1298469 0.1491253 0.1269262 0.1601784 0.1266824 0.1595717 0.1245242 0.1649422 0.156455 0.17853 0.1238913 0.1651071 0.1084046 0.1702911 0.1238913 0.1651071 0.156455 0.17853 0.1270917 0.1614711 0.1311963 0.1479456 0.1317541 0.1472417 0.1256618 0.1643069 0.156455 0.17853 0.1251201 0.164673 0.156455 0.17853 0.1245242 0.1649422 0.1251201 0.164673 0.1265228 0.1633287 0.156455 0.17853 0.1261339 0.1638543 0.156455 0.17853 0.1256618 0.1643069 0.1261339 0.1638543 0.1270086 0.1621197 0.1270917 0.1614711 0.156455 0.17853 0.156455 0.17853 0.1265228 0.1633287 0.1268172 0.1627446 0.156455 0.17853 0.1270917 0.1614711 0.1317541 0.1472417 0.1269262 0.1601784 0.1298469 0.1491253 0.130559 0.1485754 0.1263394 0.1590147 0.1290739 0.1495839 0.1266824 0.1595717 0.127393 0.1502035 0.1282525 0.1499448 0.1259074 0.1585237 0.1265066 0.1503559 0.1253986 0.158113 0.1248278 0.1577941 0.1256133 0.1503997 0.1242112 0.1575762 0.124716 0.1503344 0.124716 0.1503344 0.1235668 0.1574656 0.1235868 0.150241 0.122457 0.1502634 0.1229128 0.1574656 0.1213364 0.1504004 0.1222683 0.1575762 0.1216517 0.1577941 0.1202325 0.1506519 0.1216517 0.1577941 0.1210808 0.158113 0.1191642 0.151013 0.1210808 0.158113 0.120572 0.1585237 0.1171593 0.152055 0.12014 0.1590147 0.1154087 0.1534808 0.116249 0.1527216 0.12014 0.1590147 0.1197971 0.1595717 0.1146526 0.1543186 0.1195533 0.1601784 0.1134129 0.1562071 0.1139845 0.1552309 0.1195533 0.1601784 0.1194156 0.1608176 0.1125827 0.1583062 0.1121954 0.1605288 0.1193878 0.1614711 0.1121736 0.1616542 0.1123325 0.1594073 0.1194156 0.1608176 0.1121954 0.1605288 0.1123322 0.163681 0.1122668 0.1627835 0.1194709 0.1621197 0.1122668 0.1627835 0.1121736 0.1616542 0.1193878 0.1614711 0.1199567 0.1633287 0.1122879 0.1645786 0.1196624 0.1627446 0.1196624 0.1627446 0.1123322 0.163681 0.1194709 0.1621197 0.1203456 0.1638543 0.1118766 0.1663219 0.1121354 0.1654629 0.1199567 0.1633287 0.1121354 0.1654629 0.1122879 0.1645786 0.1208177 0.1643069 0.1213595 0.164673 0.1115144 0.1671453 0.1203456 0.1638543 0.1208177 0.1643069 0.1118766 0.1663219 0.1213595 0.164673 0.1219554 0.1649422 0.1110556 0.1679173 0.1105079 0.1686264 0.1225882 0.1651071 0.1098755 0.1692667 0.1110556 0.1679173 0.1219554 0.1649422 0.1105079 0.1686264 0.1232398 0.1651627 0.1098755 0.1692667 0.1225882 0.1651071 0.05863022 0.05567806 0.04880005 0.05535429 0.05906236 0.05518698 0.07239621 0.06093841 0.07204043 0.06200462 0.0654987 0.05878317 0.05815243 0.05940806 0.05223023 0.06365722 0.05170273 0.06266534 0.06501305 0.05999219 0.07036048 0.06490564 0.06961596 0.06574189 0.06530731 0.05940806 0.07101839 0.06399625 0.07036048 0.06490564 0.0654987 0.05878317 0.07204043 0.06200462 0.07158035 0.06302475 0.0654987 0.05878317 0.06558191 0.05813455 0.07264173 0.05984503 0.07263731 0.05559688 0.06555432 0.05748111 0.06541657 0.0568419 0.06555432 0.05748111 0.07263731 0.05559688 0.07270276 0.05649453 0.06517249 0.05623519 0.07268166 0.05469942 0.06541657 0.0568419 0.07263731 0.05559688 0.06541657 0.0568419 0.07268166 0.05469942 0.07283419 0.05381512 0.06517249 0.05623519 0.06482952 0.05567806 0.07345515 0.05213266 0.07309299 0.05295598 0.06439751 0.05518698 0.07309299 0.05295598 0.07283419 0.05381512 0.06482952 0.05567806 0.07345515 0.05213266 0.06388866 0.0547766 0.07391428 0.0513606 0.06388866 0.0547766 0.07345515 0.05213266 0.06439751 0.05518698 0.06331783 0.05445778 0.07446199 0.05065155 0.07391428 0.0513606 0.06331783 0.05445778 0.06270128 0.05423974 0.07446199 0.05065155 0.04573726 0.040748 0.07509428 0.05001133 0.06205666 0.05412906 0.06270128 0.05423974 0.06205666 0.05412906 0.07509428 0.05001133 0.04573726 0.040748 0.06140309 0.05412906 0.06075853 0.05423974 0.04573726 0.040748 0.06205666 0.05412906 0.06140309 0.05412906 0.04812633 0.05472743 0.04573726 0.040748 0.05906236 0.05518698 0.04939144 0.05606245 0.04880005 0.05535429 0.05863022 0.05567806 0.0498895 0.05683845 0.05828732 0.05623519 0.05804324 0.0568419 0.050287 0.05767059 0.05804324 0.0568419 0.05790537 0.05748111 0.05057692 0.05854207 0.05787783 0.05813455 0.05075705 0.05944699 0.05096322 0.06055212 0.05796098 0.05878317 0.0512796 0.06162792 0.05170273 0.06266534 0.05796098 0.05878317 0.05815243 0.05940806 0.05285274 0.06458741 0.05815243 0.05940806 0.05844676 0.05999225 0.05436784 0.06624007 0.05356878 0.06545257 0.05844676 0.05999225 0.05930787 0.06097036 0.05524033 0.06694144 0.05883544 0.0605179 0.05883544 0.0605179 0.05436784 0.06624007 0.05844676 0.05999225 0.05930787 0.06097036 0.05718004 0.06806427 0.05618363 0.06755286 0.05984961 0.06133657 0.06044554 0.06160593 0.05822473 0.06847304 0.05930787 0.06097036 0.05984961 0.06133657 0.05718004 0.06806427 0.05930638 0.06877374 0.06107831 0.06177067 0.06040865 0.06896346 0.05822473 0.06847304 0.06044554 0.06160593 0.05930638 0.06877374 0.06153059 0.06904059 0.06107831 0.06177067 0.06172984 0.0618261 0.1105079 0.05065155 0.1222683 0.05423974 0.1216517 0.05445778 0.1273952 0.06907516 0.126511 0.06892263 0.1256618 0.06097036 0.1194708 0.05878323 0.1196624 0.05940806 0.1129455 0.06204628 0.1273952 0.06907516 0.1261339 0.0605179 0.1282546 0.06933391 0.1290779 0.06969612 0.1282546 0.06933391 0.1265227 0.05999219 0.1282546 0.06933391 0.1261339 0.0605179 0.1265227 0.05999219 0.1091741 0.04945623 0.1229128 0.05412912 0.1098781 0.05001425 0.1270086 0.05878317 0.130559 0.07070261 0.1298499 0.07015496 0.1298499 0.07015496 0.1268172 0.05940806 0.1270086 0.05878317 0.1311989 0.07133507 0.1270917 0.05813455 0.1317566 0.07204002 0.1311989 0.07133507 0.1270086 0.05878317 0.1270917 0.05813455 0.1229128 0.05412912 0.1091741 0.04945623 0.1235668 0.05412912 0.1270639 0.05748111 0.156455 0.040748 0.1270917 0.05813455 0.1317566 0.07204002 0.1270917 0.05813455 0.156455 0.040748 0.1266824 0.05623519 0.156455 0.040748 0.1269262 0.05684185 0.156455 0.040748 0.1270639 0.05748111 0.1269262 0.05684185 0.1084066 0.0489878 0.1235668 0.05412912 0.1091741 0.04945623 0.1259074 0.05518698 0.156455 0.040748 0.1263394 0.05567812 0.156455 0.040748 0.1266824 0.05623519 0.1263394 0.05567812 0.1248278 0.05445778 0.156455 0.040748 0.1253986 0.0547766 0.156455 0.040748 0.1259074 0.05518698 0.1253986 0.0547766 0.1084066 0.0489878 0.156455 0.040748 0.1235668 0.05412912 0.156455 0.040748 0.1242112 0.05423974 0.1235668 0.05412912 0.156455 0.040748 0.1248278 0.05445778 0.1242112 0.05423974 0.1222683 0.05423974 0.1105079 0.05065155 0.1098781 0.05001425 0.1115164 0.0521366 0.1110578 0.05136358 0.1210808 0.0547766 0.1118773 0.05295795 0.120572 0.05518698 0.12014 0.05567812 0.112136 0.05381757 0.1197971 0.05623519 0.1122884 0.05470383 0.1122884 0.05470383 0.1195533 0.05684185 0.1123322 0.05559688 0.1122668 0.05649453 0.1194156 0.05748111 0.1121736 0.05762386 0.1121959 0.0587536 0.1193878 0.05813467 0.1123328 0.05987405 0.1123328 0.05987405 0.1194708 0.05878323 0.1125844 0.06097787 0.1134154 0.06307607 0.1196624 0.05940806 0.1139875 0.06405127 0.1139875 0.06405127 0.1199567 0.05999225 0.1146541 0.06496149 0.1162511 0.06655794 0.1154132 0.06580179 0.1203456 0.0605179 0.1154132 0.06580179 0.1146541 0.06496149 0.1199567 0.05999225 0.1208177 0.06097036 0.1181396 0.0677976 0.1171634 0.06722605 0.1203456 0.0605179 0.1171634 0.06722605 0.1162511 0.06655794 0.1213595 0.06133657 0.1191654 0.06826561 0.1181396 0.0677976 0.1202387 0.06862789 0.1219554 0.06160593 0.1213399 0.06887811 0.1191654 0.06826561 0.1213595 0.06133657 0.1202387 0.06862789 0.1213399 0.06887811 0.1225882 0.06177067 0.1224614 0.06901508 0.1232398 0.0618261 0.1224614 0.06901508 0.1225882 0.06177067 0.05057722 0.160736 0.05796134 0.1621198 0.05028587 0.1616109 0.0630145 0.1649423 0.07391202 0.1679144 0.07446217 0.1686264 0.05804347 0.1601785 0.05222713 0.1556261 0.05828762 0.1595718 0.07309269 0.1663201 0.07345342 0.1671414 0.06415218 0.1643069 0.07283389 0.1654604 0.06462454 0.1638543 0.06501328 0.1633288 0.07268136 0.1645742 0.06530755 0.1627447 0.07263755 0.1636811 0.07263755 0.1636811 0.06549894 0.1621198 0.072703 0.1627835 0.07279598 0.1616631 0.06558215 0.1614712 0.0727753 0.1605421 0.07264149 0.1594296 0.06555455 0.1608177 0.07239496 0.1583337 0.07239496 0.1583337 0.06541681 0.1601785 0.0720402 0.1572721 0.07157862 0.1562484 0.06517273 0.1595718 0.07101565 0.1552777 0.0703597 0.1543707 0.06482976 0.1590147 0.06961178 0.1535317 0.06878554 0.1527751 0.06482976 0.1590147 0.06439775 0.1585239 0.06692254 0.151529 0.06439775 0.1585239 0.0638889 0.1581131 0.06590938 0.1510546 0.06331807 0.1577941 0.06484794 0.1506839 0.06484794 0.1506839 0.06270152 0.1575763 0.06375801 0.1504231 0.0626474 0.1502737 0.06205683 0.1574658 0.06152445 0.1502377 0.06140345 0.1574658 0.06075876 0.1575763 0.06040847 0.1503148 0.06075876 0.1575763 0.06014215 0.1577941 0.05930119 0.1505054 0.06014215 0.1577941 0.05957144 0.1581131 0.05717796 0.1512148 0.0590626 0.1585239 0.05523914 0.1523382 0.05617851 0.1517284 0.0590626 0.1585239 0.05863052 0.1590147 0.05436426 0.1530413 0.05828762 0.1595718 0.05285209 0.1546918 0.05356562 0.1538296 0.05127847 0.1576542 0.0517016 0.1566159 0.05804347 0.1601785 0.05804347 0.1601785 0.0517016 0.1566159 0.05222713 0.1556261 0.05127847 0.1576542 0.05790573 0.1608177 0.05096352 0.1587259 0.05057722 0.160736 0.05075728 0.1598311 0.05787813 0.1614712 0.05075728 0.1598311 0.05096352 0.1587259 0.05790573 0.1608177 0.05815279 0.1627447 0.05028587 0.1616109 0.05796134 0.1621198 0.05796134 0.1621198 0.05057722 0.160736 0.05787813 0.1614712 0.058447 0.1633288 0.04988831 0.1624426 0.05815279 0.1627447 0.05930817 0.1643069 0.04880028 0.1639237 0.05883574 0.1638543 0.058447 0.1633288 0.04939031 0.1632171 0.04988831 0.1624426 0.04573768 0.17853 0.04812514 0.1645521 0.05930817 0.1643069 0.05930817 0.1643069 0.04812514 0.1645521 0.04880028 0.1639237 0.06044584 0.1649423 0.04573768 0.17853 0.05984985 0.1646731 0.04573768 0.17853 0.05930817 0.1643069 0.05984985 0.1646731 0.06173008 0.1651628 0.04573768 0.17853 0.0610786 0.1651071 0.04573768 0.17853 0.06044584 0.1649423 0.0610786 0.1651071 0.05897039 0.2824656 0.05629402 0.272624 0.05897039 0.272624 0.05897039 0.2824656 0.05629402 0.2824656 0.05629402 0.272624 0.3015869 0.3863048 0.3009542 0.3717871 0.3015869 0.3716289 0.3003435 0.3720131 0.3009542 0.3717871 0.3008309 0.3863048 0.3015869 0.3863048 0.3008309 0.3863048 0.3009542 0.3717871 0.3000775 0.3863048 0.2997568 0.3722947 0.3003435 0.3720131 0.3003435 0.3720131 0.3008309 0.3863048 0.3000775 0.3863048 0.2997568 0.3722947 0.299322 0.3863049 0.2991933 0.3726208 0.299322 0.3863049 0.2997568 0.3722947 0.3000775 0.3863048 0.2986517 0.3729817 0.2991933 0.3726208 0.2985666 0.3863049 0.299322 0.3863049 0.2985666 0.3863049 0.2991933 0.3726208 0.2985666 0.3863049 0.297811 0.3863049 0.2981291 0.3733698 0.2981291 0.3733698 0.2986517 0.3729817 0.2985666 0.3863049 0.297811 0.3863049 0.2976229 0.3737794 0.2981291 0.3733698 0.297811 0.3863049 0.2970553 0.386305 0.2976229 0.3737794 0.2971302 0.3742054 0.2976229 0.3737794 0.2970553 0.386305 0.2966482 0.3746438 0.2970553 0.386305 0.2962993 0.3863051 0.2970553 0.386305 0.2966482 0.3746438 0.2971302 0.3742054 0.2962993 0.3863051 0.2957084 0.3755455 0.2961754 0.3750914 0.2966482 0.3746438 0.2962993 0.3863051 0.2961754 0.3750914 0.2957084 0.3755455 0.2955437 0.3863052 0.2952463 0.3760034 0.2955437 0.3863052 0.2957084 0.3755455 0.2962993 0.3863051 0.2955437 0.3863052 0.2947876 0.3863054 0.2952463 0.3760034 0.2952463 0.3760034 0.2947876 0.3863054 0.2947853 0.3764638 0.3363516 0.3581734 0.3440102 0.3679347 0.3418343 0.3684356 0.3462315 0.3671863 0.3368786 0.3577853 0.3372972 0.3575808 0.3376347 0.3687659 0.3356391 0.3686173 0.3345856 0.3585536 0.3351562 0.3586569 0.3357743 0.3584621 0.3397013 0.3687102 0.3327142 0.3579796 0.3319042 0.367766 0.3301836 0.3670907 0.3333154 0.3583 0.3339088 0.3585462 0.3337239 0.3682799 0.325693 0.3642318 0.3308939 0.3567494 0.3270698 0.36531 0.3285682 0.3662676 0.3314533 0.3572532 0.3320279 0.3576949 0.3233228 0.3617633 0.3223431 0.3604019 0.3293138 0.3549973 0.3302834 0.3562406 0.324441 0.3630449 0.3297833 0.3556424 0.3280896 0.3528784 0.3208099 0.3574851 0.3202664 0.355962 0.3284438 0.3536182 0.3288362 0.3543277 0.3215035 0.3589709 0.3195498 0.35129 0.3273183 0.3505621 0.319634 0.3528466 0.3198735 0.3544107 0.3275192 0.3513455 0.3277759 0.3521183 0.3198458 0.348245 0.3202244 0.3467939 0.3269799 0.3482372 0.3271188 0.349768 0.3196201 0.3497505 0.3270249 0.3489977 0.3268421 0.3460205 0.3214309 0.3441135 0.3222535 0.3429249 0.3267716 0.3466803 0.3268673 0.3474482 0.3207532 0.3454105 0.3255161 0.3401758 0.3280051 0.3453266 0.3243086 0.3409433 0.3232142 0.341862 0.3272705 0.3452285 0.3267589 0.3452839 0.328189 0.3391039 0.3296229 0.3388068 0.3299233 0.3455054 0.3285637 0.34529 0.3268142 0.3395615 0.3291285 0.3452827 0.3318613 0.3460435 0.3325932 0.3386927 0.3341048 0.33888 0.3310731 0.3456478 0.3305048 0.3455547 0.3310943 0.3386687 0.3385506 0.3404036 0.3336391 0.347023 0.3370936 0.3397335 0.3356073 0.3392257 0.3329244 0.3464305 0.3324103 0.3462124 0.3413022 0.3421971 0.3425745 0.3433165 0.335366 0.348755 0.334329 0.3476603 0.3399572 0.3412258 0.3347664 0.3479931 0.3437561 0.3445706 0.3359211 0.3495517 0.3425745 0.3433165 0.335366 0.348755 0.3425745 0.3433165 0.3359211 0.3495517 0.3362396 0.3499937 0.3437561 0.3445706 0.3448355 0.3459542 0.3437561 0.3445706 0.3362396 0.3499937 0.3359211 0.3495517 0.3448355 0.3459542 0.3458034 0.3474655 0.3367 0.3509501 0.3367 0.3509501 0.3362396 0.3499937 0.3448355 0.3459542 0.3466442 0.3490874 0.3371205 0.3519217 0.3458034 0.3474655 0.3367 0.3509501 0.3458034 0.3474655 0.3371205 0.3519217 0.3374614 0.352446 0.3466442 0.3490874 0.3473446 0.3508095 0.3466442 0.3490874 0.3374614 0.352446 0.3371205 0.3519217 0.3473446 0.3508095 0.3478925 0.3526291 0.3379253 0.3534716 0.3379253 0.3534716 0.3374614 0.352446 0.3473446 0.3508095 0.3482695 0.3545285 0.3380761 0.3539804 0.3478925 0.3526291 0.3379253 0.3534716 0.3478925 0.3526291 0.3380761 0.3539804 0.3381308 0.3544846 0.3482695 0.3545285 0.3484649 0.3565019 0.3482695 0.3545285 0.3381308 0.3544846 0.3380761 0.3539804 0.3484649 0.3565019 0.3484649 0.358548 0.3380871 0.3549696 0.3380871 0.3549696 0.3381308 0.3544846 0.3484649 0.3565019 0.3482568 0.3606562 0.3380226 0.355834 0.3484649 0.358548 0.3380871 0.3549696 0.3484649 0.358548 0.3380226 0.355834 0.3378946 0.3566189 0.3482568 0.3606562 0.3478275 0.3628059 0.3482568 0.3606562 0.3378946 0.3566189 0.3380226 0.355834 0.3478275 0.3628059 0.3471571 0.3649866 0.3376376 0.3569707 0.3376376 0.3569707 0.3378946 0.3566189 0.3478275 0.3628059 0.3462315 0.3671863 0.3372972 0.3575808 0.3471571 0.3649866 0.3376376 0.3569707 0.3471571 0.3649866 0.3372972 0.3575808 0.335366 0.348755 0.3347664 0.3479931 0.3413022 0.3421971 0.3399572 0.3412258 0.3413022 0.3421971 0.3347664 0.3479931 0.334329 0.3476603 0.3336391 0.347023 0.3385506 0.3404036 0.334329 0.3476603 0.3385506 0.3404036 0.3399572 0.3412258 0.3329244 0.3464305 0.3356073 0.3392257 0.3370936 0.3397335 0.3329244 0.3464305 0.3370936 0.3397335 0.3336391 0.347023 0.3318613 0.3460435 0.3341048 0.33888 0.3324103 0.3462124 0.3341048 0.33888 0.3356073 0.3392257 0.3324103 0.3462124 0.3310943 0.3386687 0.3325932 0.3386927 0.3310731 0.3456478 0.3325932 0.3386927 0.3318613 0.3460435 0.3310731 0.3456478 0.3296229 0.3388068 0.3305048 0.3455547 0.3299233 0.3455054 0.3310943 0.3386687 0.3305048 0.3455547 0.3296229 0.3388068 0.328189 0.3391039 0.3291285 0.3452827 0.3268142 0.3395615 0.3299233 0.3455054 0.3291285 0.3452827 0.328189 0.3391039 0.3285637 0.34529 0.3280051 0.3453266 0.3255161 0.3401758 0.3285637 0.34529 0.3255161 0.3401758 0.3268142 0.3395615 0.3272705 0.3452285 0.3232142 0.341862 0.3243086 0.3409433 0.3272705 0.3452285 0.3243086 0.3409433 0.3280051 0.3453266 0.3268421 0.3460205 0.3222535 0.3429249 0.3267589 0.3452839 0.3222535 0.3429249 0.3232142 0.341862 0.3267589 0.3452839 0.3207532 0.3454105 0.3214309 0.3441135 0.3267716 0.3466803 0.3214309 0.3441135 0.3268421 0.3460205 0.3267716 0.3466803 0.3202244 0.3467939 0.3268673 0.3474482 0.3269799 0.3482372 0.3207532 0.3454105 0.3268673 0.3474482 0.3202244 0.3467939 0.3198458 0.348245 0.3270249 0.3489977 0.3196201 0.3497505 0.3269799 0.3482372 0.3270249 0.3489977 0.3198458 0.348245 0.3271188 0.349768 0.3273183 0.3505621 0.3195498 0.35129 0.3271188 0.349768 0.3195498 0.35129 0.3196201 0.3497505 0.3275192 0.3513455 0.3198735 0.3544107 0.319634 0.3528466 0.3275192 0.3513455 0.319634 0.3528466 0.3273183 0.3505621 0.3280896 0.3528784 0.3202664 0.355962 0.3277759 0.3521183 0.3202664 0.355962 0.3198735 0.3544107 0.3277759 0.3521183 0.3215035 0.3589709 0.3208099 0.3574851 0.3284438 0.3536182 0.3208099 0.3574851 0.3280896 0.3528784 0.3284438 0.3536182 0.3223431 0.3604019 0.3288362 0.3543277 0.3293138 0.3549973 0.3215035 0.3589709 0.3288362 0.3543277 0.3223431 0.3604019 0.3233228 0.3617633 0.3297833 0.3556424 0.324441 0.3630449 0.3293138 0.3549973 0.3297833 0.3556424 0.3233228 0.3617633 0.3302834 0.3562406 0.3308939 0.3567494 0.325693 0.3642318 0.3302834 0.3562406 0.325693 0.3642318 0.324441 0.3630449 0.3314533 0.3572532 0.3285682 0.3662676 0.3270698 0.36531 0.3314533 0.3572532 0.3270698 0.36531 0.3308939 0.3567494 0.3327142 0.3579796 0.3301836 0.3670907 0.3320279 0.3576949 0.3301836 0.3670907 0.3285682 0.3662676 0.3320279 0.3576949 0.3337239 0.3682799 0.3319042 0.367766 0.3333154 0.3583 0.3319042 0.367766 0.3327142 0.3579796 0.3333154 0.3583 0.3356391 0.3686173 0.3339088 0.3585462 0.3345856 0.3585536 0.3337239 0.3682799 0.3339088 0.3585462 0.3356391 0.3686173 0.3376347 0.3687659 0.3351562 0.3586569 0.3397013 0.3687102 0.3345856 0.3585536 0.3351562 0.3586569 0.3376347 0.3687659 0.3357743 0.3584621 0.3363516 0.3581734 0.3418343 0.3684356 0.3357743 0.3584621 0.3418343 0.3684356 0.3397013 0.3687102 0.3462315 0.3671863 0.3440102 0.3679347 0.3368786 0.3577853 0.3368786 0.3577853 0.3440102 0.3679347 0.3363516 0.3581734 0.08162117 0.328994 0.08219808 0.3282772 0.08909821 0.3334211 0.08369296 0.3380194 0.07954597 0.3305837 0.08492457 0.3372995 0.08099192 0.3296002 0.08717787 0.3355462 0.08608663 0.336475 0.07969987 0.3394981 0.07829952 0.3397503 0.07705217 0.331345 0.08240836 0.3386285 0.08107239 0.3391236 0.07874447 0.3309316 0.07445842 0.3311861 0.07403367 0.3397633 0.07262748 0.3395161 0.07531344 0.3313388 0.07618331 0.331391 0.07545697 0.3398854 0.06734275 0.3373127 0.07209295 0.3301256 0.06858861 0.33804 0.0698949 0.3386541 0.07283776 0.3305706 0.07363128 0.3309253 0.0632807 0.3332423 0.06252896 0.3320177 0.07026171 0.3282908 0.07141417 0.3295892 0.06509864 0.3354795 0.0708 0.3289746 0.0690208 0.3250603 0.06918936 0.3259163 0.06097382 0.3280557 0.0694558 0.3267502 0.06981551 0.3275455 0.06189423 0.330743 0.06058424 0.3224568 0.06913447 0.3224369 0.06899857 0.3233054 0.06053656 0.3252677 0.06049954 0.3238577 0.06896167 0.3241851 0.07013463 0.3199854 0.06208968 0.31709 0.06274116 0.315856 0.06937855 0.3215883 0.06110924 0.3197071 0.06154388 0.3183768 0.06629574 0.311591 0.07186877 0.3179668 0.06527757 0.3125395 0.06433939 0.3135733 0.07064259 0.3192554 0.06349271 0.3146803 0.06978136 0.3092923 0.07105541 0.3087317 0.07414013 0.3166088 0.06739199 0.3107274 0.0685538 0.309961 0.07257872 0.3174355 0.07669335 0.3160692 0.07511955 0.3077124 0.07651472 0.307608 0.07582807 0.3161553 0.07497292 0.3163367 0.07373261 0.3079367 0.08208054 0.3084037 0.08001708 0.3167163 0.07922935 0.3164115 0.07932174 0.3077613 0.07840263 0.3161995 0.07755368 0.3160798 0.08143723 0.3176124 0.08706492 0.3111746 0.08205091 0.3181809 0.08001708 0.3167163 0.08470433 0.3095297 0.08075451 0.3171225 0.08903723 0.313257 0.08987504 0.3144201 0.08258253 0.3188304 0.08258253 0.3188304 0.08205091 0.3181809 0.08903723 0.313257 0.09060442 0.3156546 0.08303457 0.3195443 0.08987504 0.3144201 0.08258253 0.3188304 0.08987504 0.3144201 0.08303457 0.3195443 0.08339589 0.3203128 0.09060442 0.3156546 0.09121924 0.3169485 0.09060442 0.3156546 0.08339589 0.3203128 0.08303457 0.3195443 0.09171938 0.318295 0.08365237 0.3211332 0.08339589 0.3203128 0.08339589 0.3203128 0.09121924 0.3169485 0.09171938 0.318295 0.08381211 0.321995 0.08365237 0.3211332 0.09209692 0.3196816 0.09171938 0.318295 0.09209692 0.3196816 0.08365237 0.3211332 0.08381211 0.321995 0.09235012 0.3211037 0.08386802 0.3228893 0.09235012 0.3211037 0.08381211 0.321995 0.09209692 0.3196816 0.09247624 0.3239943 0.08386802 0.3228893 0.09247624 0.322542 0.08386802 0.3228893 0.09235012 0.3211037 0.09247624 0.322542 0.08380717 0.3238116 0.09247624 0.3239943 0.09234881 0.3254402 0.09247624 0.3239943 0.08380717 0.3238116 0.08386802 0.3228893 0.09234881 0.3254402 0.09209471 0.3268795 0.08363872 0.3247671 0.08363872 0.3247671 0.08380717 0.3238116 0.09234881 0.3254402 0.09172129 0.3282874 0.083355 0.3257696 0.09209471 0.3268795 0.08363872 0.3247671 0.09209471 0.3268795 0.083355 0.3257696 0.083355 0.3257696 0.09122651 0.3296632 0.08293724 0.3268626 0.09122651 0.3296632 0.083355 0.3257696 0.09172129 0.3282874 0.0906285 0.3309818 0.08263039 0.3275758 0.08293724 0.3268626 0.08293724 0.3268626 0.09122651 0.3296632 0.0906285 0.3309818 0.08219808 0.3282772 0.08263039 0.3275758 0.08991867 0.3322339 0.0906285 0.3309818 0.08991867 0.3322339 0.08263039 0.3275758 0.08909821 0.3334211 0.08219808 0.3282772 0.08991867 0.3322339 0.08205091 0.3181809 0.08706492 0.3111746 0.08809798 0.3121739 0.08205091 0.3181809 0.08809798 0.3121739 0.08903723 0.313257 0.08075451 0.3171225 0.08594346 0.3102709 0.08143723 0.3176124 0.08143723 0.3176124 0.08594346 0.3102709 0.08706492 0.3111746 0.08341556 0.308909 0.08470433 0.3095297 0.08001708 0.3167163 0.08470433 0.3095297 0.08594346 0.3102709 0.08075451 0.3171225 0.08071625 0.308022 0.08208054 0.3084037 0.07922935 0.3164115 0.08208054 0.3084037 0.08341556 0.308909 0.08001708 0.3167163 0.07840263 0.3161995 0.07932174 0.3077613 0.08071625 0.308022 0.08071625 0.308022 0.07922935 0.3164115 0.07840263 0.3161995 0.07792335 0.3076253 0.07755368 0.3160798 0.07651472 0.307608 0.07932174 0.3077613 0.07755368 0.3160798 0.07792335 0.3076253 0.07669335 0.3160692 0.07582807 0.3161553 0.07511955 0.3077124 0.07755368 0.3160798 0.07669335 0.3160692 0.07651472 0.307608 0.07497292 0.3163367 0.07237929 0.3082765 0.07373261 0.3079367 0.07582807 0.3161553 0.07373261 0.3079367 0.07511955 0.3077124 0.07237929 0.3082765 0.07414013 0.3166088 0.07105541 0.3087317 0.07414013 0.3166088 0.07237929 0.3082765 0.07497292 0.3163367 0.0685538 0.309961 0.06978136 0.3092923 0.07333928 0.3169798 0.07333928 0.3169798 0.06978136 0.3092923 0.07414013 0.3166088 0.06739199 0.3107274 0.07257872 0.3174355 0.07186877 0.3179668 0.0685538 0.309961 0.07333928 0.3169798 0.07257872 0.3174355 0.06527757 0.3125395 0.07186877 0.3179668 0.07122302 0.3185784 0.06739199 0.3107274 0.07186877 0.3179668 0.06629574 0.311591 0.07064259 0.3192554 0.06433939 0.3135733 0.07122302 0.3185784 0.06527757 0.3125395 0.07122302 0.3185784 0.06433939 0.3135733 0.07013463 0.3199854 0.06274116 0.315856 0.06349271 0.3146803 0.07064259 0.3192554 0.07013463 0.3199854 0.06349271 0.3146803 0.06971496 0.3207672 0.06154388 0.3183768 0.06208968 0.31709 0.07013463 0.3199854 0.06971496 0.3207672 0.06208968 0.31709 0.06913447 0.3224369 0.06110924 0.3197071 0.06937855 0.3215883 0.06937855 0.3215883 0.06154388 0.3183768 0.06971496 0.3207672 0.06078934 0.3210685 0.06913447 0.3224369 0.06058424 0.3224568 0.06078934 0.3210685 0.06110924 0.3197071 0.06913447 0.3224369 0.06049954 0.3238577 0.06899857 0.3233054 0.06896167 0.3241851 0.06049954 0.3238577 0.06058424 0.3224568 0.06899857 0.3233054 0.06053656 0.3252677 0.0690208 0.3250603 0.06069511 0.3266659 0.06053656 0.3252677 0.06896167 0.3241851 0.0690208 0.3250603 0.06097382 0.3280557 0.06918936 0.3259163 0.06137281 0.3294135 0.06069511 0.3266659 0.0690208 0.3250603 0.06097382 0.3280557 0.06189423 0.330743 0.06137281 0.3294135 0.0694558 0.3267502 0.06918936 0.3259163 0.0694558 0.3267502 0.06137281 0.3294135 0.07026171 0.3282908 0.06252896 0.3320177 0.06981551 0.3275455 0.06981551 0.3275455 0.06252896 0.3320177 0.06189423 0.330743 0.0708 0.3289746 0.06413501 0.3343958 0.07026171 0.3282908 0.07026171 0.3282908 0.06413501 0.3343958 0.0632807 0.3332423 0.06615591 0.3364725 0.06509864 0.3354795 0.07141417 0.3295892 0.06509864 0.3354795 0.06413501 0.3343958 0.0708 0.3289746 0.07209295 0.3301256 0.06734275 0.3373127 0.06615591 0.3364725 0.06615591 0.3364725 0.07141417 0.3295892 0.07209295 0.3301256 0.06858861 0.33804 0.07283776 0.3305706 0.0698949 0.3386541 0.06858861 0.33804 0.07209295 0.3301256 0.07283776 0.3305706 0.07363128 0.3309253 0.07445842 0.3311861 0.07124227 0.339146 0.0698949 0.3386541 0.07363128 0.3309253 0.07124227 0.339146 0.07445842 0.3311861 0.07531344 0.3313388 0.07403367 0.3397633 0.07445842 0.3311861 0.07262748 0.3395161 0.07124227 0.339146 0.07618331 0.331391 0.07688194 0.3398805 0.07545697 0.3398854 0.07531344 0.3313388 0.07545697 0.3398854 0.07403367 0.3397633 0.07688194 0.3398805 0.07705217 0.331345 0.07829952 0.3397503 0.07705217 0.331345 0.07688194 0.3398805 0.07618331 0.331391 0.08107239 0.3391236 0.07969987 0.3394981 0.07790833 0.3311879 0.07790833 0.3311879 0.07969987 0.3394981 0.07705217 0.331345 0.08240836 0.3386285 0.07874447 0.3309316 0.07954597 0.3305837 0.08107239 0.3391236 0.07790833 0.3311879 0.07874447 0.3309316 0.08492457 0.3372995 0.07954597 0.3305837 0.08029538 0.3301355 0.08240836 0.3386285 0.07954597 0.3305837 0.08369296 0.3380194 0.08099192 0.3296002 0.08608663 0.336475 0.08029538 0.3301355 0.08492457 0.3372995 0.08029538 0.3301355 0.08608663 0.336475 0.08162117 0.328994 0.08817988 0.3345288 0.08717787 0.3355462 0.08099192 0.3296002 0.08162117 0.328994 0.08717787 0.3355462 0.08909821 0.3334211 0.08817988 0.3345288 0.08162117 0.328994 0.3762605 0.1533586 0.3762605 0.05740338 0.3861021 0.05740332 0.3757936 0.168121 0.3757936 0.1533586 0.3762605 0.1533586 0.3861021 0.05740332 0.3861021 0.168121 0.3762605 0.1533586 0.3762605 0.1533586 0.3861021 0.168121 0.3757936 0.168121 0.2949238 0.3036207 0.3051019 0.2433226 0.3058103 0.2439904 0.2949238 0.3036207 0.3044754 0.2425764 0.3051019 0.2433226 0.3044754 0.2425764 0.2949238 0.3036207 0.3039422 0.2417654 0.3074324 0.2450569 0.3083267 0.2454422 0.2949238 0.3036207 0.3074324 0.2450569 0.2949238 0.3036207 0.3065893 0.2445703 0.2949238 0.3036207 0.3102154 0.2458896 0.3111879 0.2459459 0.3092576 0.2457208 0.3102154 0.2458896 0.2949238 0.3036207 0.3083267 0.2454422 0.3092576 0.2457208 0.2949238 0.3036207 0.3121583 0.2458891 0.2949238 0.3036207 0.3111879 0.2459459 0.3322453 0.2027184 0.3330436 0.203611 0.3357892 0.2113576 0.3357307 0.2650014 0.3355562 0.2661861 0.3357892 0.263804 0.3352684 0.2673455 0.3348677 0.2684754 0.3357892 0.263804 0.3352684 0.2673455 0.3357892 0.263804 0.3355562 0.2661861 0.3348677 0.2684754 0.3343595 0.2695598 0.3357892 0.263804 0.333041 0.2715539 0.3357892 0.263804 0.3337501 0.2705873 0.3357892 0.263804 0.3343595 0.2695598 0.3337501 0.2705873 0.3322453 0.2724431 0.3313628 0.2732546 0.3357892 0.263804 0.3322453 0.2724431 0.3357892 0.263804 0.333041 0.2715539 0.3121584 0.2292723 0.2949238 0.1715409 0.3313628 0.2019069 0.3355571 0.2089796 0.3357307 0.2101601 0.3357892 0.2113576 0.3352684 0.207816 0.3357892 0.2113576 0.3348692 0.20669 0.3343616 0.2056055 0.3348692 0.20669 0.3357892 0.2113576 0.3355571 0.2089796 0.3357892 0.2113576 0.3352684 0.207816 0.3337501 0.2045743 0.3357892 0.2113576 0.3330436 0.203611 0.3337501 0.2045743 0.3343616 0.2056055 0.3357892 0.2113576 0.3178954 0.2425761 0.3184308 0.2417616 0.3313628 0.2732546 0.3322453 0.2027184 0.3357892 0.2113576 0.3313628 0.2019069 0.3357892 0.2113576 0.3191983 0.2351791 0.3313628 0.2019069 0.3121584 0.2292723 0.3111853 0.2292154 0.2949238 0.1715409 0.3029477 0.2390356 0.2870483 0.3064718 0.2767398 0.3064718 0.3031708 0.235184 0.2870482 0.1686898 0.2882709 0.1687508 0.2882709 0.1687508 0.2894765 0.1689319 0.3031708 0.235184 0.2870482 0.1686898 0.3029469 0.2361302 0.2767398 0.1686898 0.3031708 0.235184 0.3029469 0.2361302 0.2870482 0.1686898 0.3028341 0.2370949 0.3028344 0.2380695 0.2767398 0.1686898 0.3029469 0.2361302 0.3028341 0.2370949 0.2767398 0.1686898 0.2894765 0.1689319 0.2906599 0.1692321 0.3031708 0.235184 0.3357892 0.263804 0.3195363 0.2370932 0.3357892 0.2113576 0.3313628 0.2019069 0.314046 0.2297198 0.3131123 0.2294405 0.3121584 0.2292723 0.3313628 0.2019069 0.3131123 0.2294405 0.3313628 0.2019069 0.3157801 0.2305904 0.3149375 0.2301044 0.314046 0.2297198 0.3313628 0.2019069 0.3149375 0.2301044 0.3313628 0.2019069 0.3172685 0.2318388 0.3165618 0.231172 0.3157801 0.2305904 0.3313628 0.2019069 0.3165618 0.231172 0.3313628 0.2019069 0.3184294 0.2333971 0.3178937 0.2325834 0.3172685 0.2318388 0.3313628 0.2019069 0.3178937 0.2325834 0.3188657 0.234266 0.3313628 0.2019069 0.3191983 0.2351791 0.3184294 0.2333971 0.3313628 0.2019069 0.3188657 0.234266 0.3194233 0.2361267 0.3357892 0.2113576 0.3195363 0.2370932 0.3191983 0.2351791 0.3357892 0.2113576 0.3194233 0.2361267 0.3357892 0.263804 0.3194238 0.2390316 0.3195364 0.2380645 0.3195363 0.2370932 0.3357892 0.263804 0.3195364 0.2380645 0.3313628 0.2732546 0.3191993 0.2399795 0.3357892 0.263804 0.3194238 0.2390316 0.3357892 0.263804 0.3191993 0.2399795 0.3313628 0.2732546 0.3184308 0.2417616 0.3188673 0.2408916 0.3313628 0.2732546 0.3188673 0.2408916 0.3191993 0.2399795 0.3313628 0.2732546 0.3165641 0.2439874 0.3172715 0.2433195 0.3178954 0.2425761 0.3313628 0.2732546 0.3172715 0.2433195 0.3313628 0.2732546 0.3149415 0.2450551 0.3157826 0.2445695 0.3165641 0.2439874 0.3313628 0.2732546 0.3157826 0.2445695 0.3313628 0.2732546 0.3131153 0.2457203 0.3140487 0.2454406 0.3149415 0.2450551 0.3313628 0.2732546 0.3140487 0.2454406 0.2949238 0.3036207 0.3121583 0.2458891 0.3313628 0.2732546 0.3131153 0.2457203 0.3313628 0.2732546 0.3121583 0.2458891 0.2949238 0.3036207 0.3058103 0.2439904 0.3065893 0.2445703 0.2918081 0.1696484 0.3031708 0.235184 0.2906599 0.1692321 0.303505 0.2408959 0.2949238 0.3036207 0.3031715 0.2399802 0.2949238 0.3036207 0.303505 0.2408959 0.3039422 0.2417654 0.2929033 0.3049887 0.3031715 0.2399802 0.2939454 0.3043563 0.3031715 0.2399802 0.2949238 0.3036207 0.2939454 0.3043563 0.2918022 0.3055162 0.2906535 0.3059315 0.3031715 0.2399802 0.2918022 0.3055162 0.3031715 0.2399802 0.2929033 0.3049887 0.3031715 0.2399802 0.2894726 0.3062307 0.2882709 0.3064108 0.2906535 0.3059315 0.2894726 0.3062307 0.3031715 0.2399802 0.3031715 0.2399802 0.2870483 0.3064718 0.3029477 0.2390356 0.3031715 0.2399802 0.2882709 0.3064108 0.2870483 0.3064718 0.2767398 0.3064718 0.2767398 0.1686898 0.3028344 0.2380695 0.3029477 0.2390356 0.2767398 0.3064718 0.3028344 0.2380695 0.2929068 0.1701744 0.2939454 0.1708052 0.3031708 0.235184 0.2929068 0.1701744 0.3031708 0.235184 0.2918081 0.1696484 0.3035038 0.2342683 0.3031708 0.235184 0.2949238 0.1715409 0.2939454 0.1708052 0.2949238 0.1715409 0.3031708 0.235184 0.3044739 0.2325875 0.30394 0.2333997 0.2949238 0.1715409 0.2949238 0.1715409 0.30394 0.2333997 0.3035038 0.2342683 0.3058073 0.2311735 0.3050997 0.2318411 0.2949238 0.1715409 0.2949238 0.1715409 0.3050997 0.2318411 0.3044739 0.2325875 0.3074295 0.2301059 0.3065864 0.2305932 0.2949238 0.1715409 0.2949238 0.1715409 0.3065864 0.2305932 0.3058073 0.2311735 0.3092536 0.2294417 0.3083236 0.2297202 0.2949238 0.1715409 0.2949238 0.1715409 0.3083236 0.2297202 0.3074295 0.2301059 0.3111853 0.2292154 0.3102123 0.2292723 0.2949238 0.1715409 0.2949238 0.1715409 0.3102123 0.2292723 0.3092536 0.2294417 0.3824372 0.040748 0.3824372 0.05551034 0.3812158 0.05551034 0.3824372 0.05551034 0.3836554 0.040748 0.3836554 0.05551034 0.3836554 0.040748 0.3824372 0.05551034 0.3824372 0.040748 0.3848706 0.05551034 0.3836554 0.05551034 0.3848706 0.040748 0.3836554 0.040748 0.3848706 0.040748 0.3836554 0.05551034 0.3860947 0.040748 0.3860948 0.05551034 0.3848706 0.05551034 0.3848706 0.05551034 0.3848706 0.040748 0.3860947 0.040748 0.3824372 0.040748 0.3812158 0.05551034 0.3812158 0.040748 0.3799949 0.05551034 0.3799949 0.040748 0.3812158 0.040748 0.3812158 0.040748 0.3812158 0.05551034 0.3799949 0.05551034 0.3799949 0.040748 0.3787759 0.05551034 0.3787759 0.040748 0.3787759 0.05551034 0.3799949 0.040748 0.3799949 0.05551034 0.3787759 0.05551034 0.3775518 0.05551034 0.3787759 0.040748 0.3787759 0.040748 0.3775518 0.05551034 0.3775518 0.040748 0.2473174 0.3412238 0.232555 0.3886569 0.232555 0.3412238 0.2473174 0.3412238 0.2473174 0.3886569 0.232555 0.3886569 0.270188 0.3863288 0.2713854 0.3863288 0.270188 0.4010912 0.2689891 0.4010912 0.2689891 0.3863288 0.270188 0.3863288 0.270188 0.3863288 0.270188 0.4010912 0.2689891 0.4010912 0.2689891 0.3863288 0.2677944 0.4010912 0.2677944 0.3863288 0.2677944 0.4010912 0.2689891 0.3863288 0.2689891 0.4010912 0.266597 0.3863288 0.2677944 0.3863288 0.266597 0.4010912 0.2677944 0.4010912 0.266597 0.4010912 0.2677944 0.3863288 0.2653981 0.4010912 0.2653981 0.3863288 0.266597 0.3863288 0.266597 0.3863288 0.266597 0.4010912 0.2653981 0.4010912 0.270188 0.4010912 0.2713854 0.3863288 0.2713854 0.4010912 0.27258 0.4010912 0.2713854 0.4010912 0.27258 0.3863288 0.2713854 0.3863288 0.27258 0.3863288 0.2713854 0.4010912 0.2737789 0.3863288 0.2737789 0.4010911 0.27258 0.4010912 0.27258 0.4010912 0.27258 0.3863288 0.2737789 0.3863288 0.2737789 0.4010911 0.2749722 0.3863288 0.2749722 0.4010911 0.2749722 0.3863288 0.2737789 0.4010911 0.2737789 0.3863288 0.2749722 0.3863288 0.276171 0.3863288 0.2749722 0.4010911 0.2749722 0.4010911 0.276171 0.3863288 0.276171 0.4010911 0.3511165 0.3070406 0.3658789 0.3070406 0.3658789 0.3594869 0.3511165 0.3070406 0.3658789 0.3594869 0.3511165 0.3594869 0.2256165 0.3883906 0.2268139 0.3883906 0.2256165 0.403153 0.2244217 0.403153 0.2244217 0.3883906 0.2256165 0.3883906 0.2256165 0.3883906 0.2256165 0.403153 0.2244217 0.403153 0.2244217 0.3883906 0.2232229 0.403153 0.2232229 0.3883906 0.2232229 0.403153 0.2244217 0.3883906 0.2244217 0.403153 0.2220297 0.3883906 0.2232229 0.3883906 0.2220297 0.403153 0.2232229 0.403153 0.2220297 0.403153 0.2232229 0.3883906 0.2208307 0.403153 0.2208307 0.3883906 0.2220297 0.3883906 0.2220297 0.3883906 0.2220297 0.403153 0.2208307 0.403153 0.2256165 0.403153 0.2268139 0.3883906 0.2268139 0.403153 0.2280128 0.403153 0.2268139 0.403153 0.2280128 0.3883906 0.2268139 0.3883906 0.2280128 0.3883906 0.2268139 0.403153 0.2292073 0.3883906 0.2292073 0.403153 0.2280128 0.403153 0.2280128 0.403153 0.2280128 0.3883906 0.2292073 0.3883906 0.2292073 0.403153 0.2304048 0.3883906 0.2304048 0.403153 0.2304048 0.3883906 0.2292073 0.403153 0.2292073 0.3883906 0.2304048 0.3883906 0.2316038 0.3883906 0.2304048 0.403153 0.2304048 0.403153 0.2316038 0.3883906 0.2316038 0.403153 0.3820863 0.1701311 0.3815848 0.1707181 0.3814937 0.1692301 0.3807056 0.3023207 0.379244 0.3049888 0.380645 0.3015511 0.3833318 0.1692262 0.3826735 0.1696297 0.3826746 0.168931 0.3814937 0.1692301 0.3826746 0.168931 0.3820863 0.1701311 0.3838763 0.1687508 0.3847961 0.1687504 0.3840453 0.1689304 0.3833318 0.1692262 0.3826746 0.168931 0.3838763 0.1687508 0.3850989 0.1686898 0.3855658 0.1686898 0.3847961 0.1687504 0.3814937 0.1692301 0.3815848 0.1707181 0.3811814 0.1713766 0.3811814 0.1713766 0.3808859 0.1720901 0.3803451 0.1696454 0.3840453 0.1689304 0.3833318 0.1692262 0.3838763 0.1687508 0.3838763 0.1687508 0.3850989 0.1686898 0.3847961 0.1687504 0.3826735 0.1696297 0.3820863 0.1701311 0.3826746 0.168931 0.3814937 0.1692301 0.3811814 0.1713766 0.3803451 0.1696454 0.3807057 0.172841 0.379244 0.1701729 0.3803451 0.1696454 0.3803451 0.1696454 0.3808859 0.1720901 0.3807057 0.172841 0.379244 0.1701729 0.380645 0.1736106 0.3782019 0.1708053 0.380645 0.1736106 0.379244 0.1701729 0.3807057 0.172841 0.3772234 0.1715409 0.3782019 0.1708053 0.380645 0.1736106 0.3578283 0.2515028 0.3590692 0.2517247 0.3772234 0.3036207 0.379244 0.3049888 0.3807056 0.3023207 0.3803451 0.3055162 0.3811814 0.3037851 0.3814937 0.3059315 0.3803451 0.3055162 0.3803451 0.3055162 0.3808858 0.3030716 0.3811814 0.3037851 0.3808858 0.3030716 0.3803451 0.3055162 0.3807056 0.3023207 0.3814937 0.3059315 0.3820863 0.3050305 0.3826746 0.3062307 0.3820863 0.3050305 0.3814937 0.3059315 0.3815848 0.3044435 0.3826746 0.3062307 0.3833318 0.3059355 0.3838763 0.3064109 0.3820863 0.3050305 0.3826735 0.305532 0.3826746 0.3062307 0.3838763 0.3064109 0.384796 0.3064113 0.3850989 0.3064718 0.3838763 0.3064109 0.3840452 0.3062312 0.384796 0.3064113 0.384796 0.3064113 0.3855658 0.3064718 0.3850989 0.3064718 0.3833318 0.3059355 0.3826746 0.3062307 0.3826735 0.305532 0.3833318 0.3059355 0.3840452 0.3062312 0.3838763 0.3064109 0.3811814 0.3037851 0.3815848 0.3044435 0.3814937 0.3059315 0.379244 0.3049888 0.3782019 0.3043564 0.380645 0.3015511 0.3772234 0.3036207 0.380645 0.3015511 0.3782019 0.3043564 0.3407844 0.2732547 0.3488173 0.2450734 0.3495292 0.2461209 0.3364165 0.2650015 0.336358 0.263804 0.336591 0.2661862 0.3368788 0.2673456 0.336358 0.263804 0.3372796 0.2684755 0.3368788 0.2673456 0.336591 0.2661862 0.336358 0.263804 0.336358 0.263804 0.3383972 0.2705873 0.3377878 0.2695599 0.3372796 0.2684755 0.336358 0.263804 0.3377878 0.2695599 0.3383972 0.2705873 0.336358 0.263804 0.3391062 0.271554 0.3466953 0.2378928 0.336358 0.263804 0.336358 0.2113577 0.3399019 0.2724431 0.3391062 0.271554 0.336358 0.263804 0.3584499 0.2235335 0.3407844 0.201907 0.3772234 0.1715409 0.3365901 0.2089797 0.336358 0.2113577 0.3364165 0.2101601 0.3368788 0.2078161 0.337278 0.2066901 0.336358 0.2113577 0.3377857 0.2056056 0.336358 0.2113577 0.337278 0.2066901 0.3365901 0.2089797 0.3368788 0.2078161 0.336358 0.2113577 0.3383972 0.2045744 0.3391036 0.2036111 0.336358 0.2113577 0.3383972 0.2045744 0.336358 0.2113577 0.3377857 0.2056056 0.348501 0.2306264 0.3479357 0.2317542 0.3407844 0.201907 0.3399019 0.2027186 0.336358 0.2113577 0.3391036 0.2036111 0.3596965 0.223367 0.3772234 0.1715409 0.3609619 0.2233106 0.3584499 0.2235335 0.3572221 0.2238097 0.3407844 0.201907 0.380645 0.1736106 0.380645 0.3015511 0.3752283 0.2379009 0.3468632 0.2353762 0.336358 0.2113577 0.3471132 0.2341392 0.3596965 0.223367 0.3584499 0.2235335 0.3772234 0.1715409 0.3469731 0.2403995 0.3472777 0.2416276 0.336358 0.263804 0.3407844 0.201907 0.3560163 0.224195 0.3548558 0.2246833 0.3572221 0.2238097 0.3560163 0.224195 0.3407844 0.201907 0.3467789 0.2391542 0.336358 0.263804 0.3466953 0.2378928 0.3407844 0.201907 0.3537371 0.2252746 0.3526803 0.2259598 0.3548558 0.2246833 0.3537371 0.2252746 0.3407844 0.201907 0.3407844 0.201907 0.3516836 0.2267387 0.3507635 0.2275997 0.3526803 0.2259598 0.3516836 0.2267387 0.3407844 0.201907 0.3407844 0.201907 0.3499199 0.2285413 0.3491653 0.2295515 0.3507635 0.2275997 0.3499199 0.2285413 0.3407844 0.201907 0.3474714 0.2329286 0.3407844 0.201907 0.3479357 0.2317542 0.3491653 0.2295515 0.348501 0.2306264 0.3407844 0.201907 0.336358 0.2113577 0.3399019 0.2027186 0.3474714 0.2329286 0.3474714 0.2329286 0.3399019 0.2027186 0.3407844 0.201907 0.336358 0.2113577 0.3474714 0.2329286 0.3471132 0.2341392 0.3467236 0.2366318 0.3466953 0.2378928 0.336358 0.2113577 0.3468632 0.2353762 0.3467236 0.2366318 0.336358 0.2113577 0.3469731 0.2403995 0.336358 0.263804 0.3467789 0.2391542 0.3407844 0.2732547 0.3399019 0.2724431 0.3472777 0.2416276 0.3472777 0.2416276 0.3399019 0.2724431 0.336358 0.263804 0.3482042 0.2439745 0.3407844 0.2732547 0.3476879 0.2428182 0.3407844 0.2732547 0.3472777 0.2416276 0.3476879 0.2428182 0.3407844 0.2732547 0.3482042 0.2439745 0.3488173 0.2450734 0.3407844 0.2732547 0.3503262 0.2470946 0.3512111 0.2480001 0.3495292 0.2461209 0.3503262 0.2470946 0.3407844 0.2732547 0.3407844 0.2732547 0.3521675 0.2488186 0.3531975 0.2495539 0.3512111 0.2480001 0.3521675 0.2488186 0.3407844 0.2732547 0.3407844 0.2732547 0.3542835 0.2501916 0.3554265 0.2507338 0.3531975 0.2495539 0.3542835 0.2501916 0.3407844 0.2732547 0.3407844 0.2732547 0.3566083 0.2511705 0.3578283 0.2515028 0.3554265 0.2507338 0.3566083 0.2511705 0.3407844 0.2732547 0.3590692 0.2517247 0.3603281 0.251837 0.3772234 0.3036207 0.3407844 0.2732547 0.3578283 0.2515028 0.3772234 0.3036207 0.3772234 0.3036207 0.3615894 0.251837 0.3628477 0.2517259 0.3603281 0.251837 0.3615894 0.251837 0.3772234 0.3036207 0.3752009 0.2366359 0.3750617 0.235384 0.380645 0.1736106 0.3772234 0.3036207 0.3640901 0.2515037 0.3653084 0.251173 0.3628477 0.2517259 0.3640901 0.2515037 0.3772234 0.3036207 0.3772234 0.3036207 0.3664931 0.2507353 0.3676333 0.2501955 0.3653084 0.251173 0.3664931 0.2507353 0.3772234 0.3036207 0.3772234 0.3036207 0.3687233 0.2495556 0.3697499 0.2488239 0.3676333 0.2501955 0.3687233 0.2495556 0.3772234 0.3036207 0.3772234 0.3036207 0.370711 0.2480016 0.3715919 0.2471011 0.3697499 0.2488239 0.370711 0.2480016 0.3772234 0.3036207 0.380645 0.3015511 0.3772234 0.3036207 0.372394 0.2461216 0.3715919 0.2471011 0.372394 0.2461216 0.3772234 0.3036207 0.3737195 0.2439749 0.380645 0.3015511 0.373102 0.2450808 0.380645 0.3015511 0.372394 0.2461216 0.373102 0.2450808 0.3746458 0.2416294 0.380645 0.3015511 0.3742328 0.2428263 0.380645 0.3015511 0.3737195 0.2439749 0.3742328 0.2428263 0.3751448 0.2391573 0.380645 0.3015511 0.374949 0.2404078 0.380645 0.3015511 0.3746458 0.2416294 0.374949 0.2404078 0.380645 0.3015511 0.3751448 0.2391573 0.3752283 0.2379009 0.380645 0.1736106 0.3752283 0.2379009 0.3752009 0.2366359 0.380645 0.1736106 0.3748121 0.2341442 0.3744546 0.2329356 0.3750617 0.235384 0.3748121 0.2341442 0.380645 0.1736106 0.380645 0.1736106 0.3739908 0.2317597 0.3734258 0.2306323 0.3744546 0.2329356 0.3739908 0.2317597 0.380645 0.1736106 0.380645 0.1736106 0.3727626 0.229557 0.3720074 0.2285461 0.3734258 0.2306323 0.3727626 0.229557 0.380645 0.1736106 0.3711657 0.2276049 0.3772234 0.1715409 0.3720074 0.2285461 0.380645 0.1736106 0.3720074 0.2285461 0.3772234 0.1715409 0.3692501 0.2259644 0.3772234 0.1715409 0.3702438 0.2267421 0.3772234 0.1715409 0.3711657 0.2276049 0.3702438 0.2267421 0.3670756 0.2246868 0.3772234 0.1715409 0.3681899 0.2252768 0.3772234 0.1715409 0.3692501 0.2259644 0.3681899 0.2252768 0.36471 0.2238119 0.3772234 0.1715409 0.3659101 0.2241961 0.3772234 0.1715409 0.3670756 0.2246868 0.3659101 0.2241961 0.3622274 0.223367 0.3772234 0.1715409 0.3634753 0.2235338 0.3772234 0.1715409 0.36471 0.2238119 0.3634753 0.2235338 0.3609619 0.2233106 0.3772234 0.1715409 0.3622274 0.223367 0.3664477 0.3544737 0.3812101 0.3070406 0.3812101 0.3544737 0.3664477 0.3544737 0.3664477 0.3070406 0.3812101 0.3070406 0.386804 0.3829438 0.3868106 0.3977062 0.3855893 0.3977062 0.3868106 0.3977062 0.3880249 0.3829438 0.3880288 0.3977062 0.3880249 0.3829438 0.3868106 0.3977062 0.386804 0.3829438 0.389244 0.3977062 0.3880288 0.3977062 0.389244 0.3829438 0.3880249 0.3829438 0.389244 0.3829438 0.3880288 0.3977062 0.3904681 0.3829438 0.3904681 0.3977062 0.389244 0.3977062 0.389244 0.3977062 0.389244 0.3829438 0.3904681 0.3829438 0.386804 0.3829438 0.3855893 0.3977062 0.3855826 0.3829438 0.3843683 0.3977062 0.3843645 0.3829438 0.3855826 0.3829438 0.3855826 0.3829438 0.3855893 0.3977062 0.3843683 0.3977062 0.3843645 0.3829438 0.3831493 0.3977062 0.3831493 0.3829438 0.3831493 0.3977062 0.3843645 0.3829438 0.3843683 0.3977062 0.3831493 0.3977062 0.3819252 0.3977062 0.3831493 0.3829438 0.3831493 0.3829438 0.3819252 0.3977062 0.3819252 0.3829438</float_array>
          <technique_common>
            <accessor source="#ID17-mesh-map-array" count="7350" stride="2">
              <param name="S" type="float"/>
              <param name="T" type="float"/>
            </accessor>
          </technique_common>
        </source>
        <vertices id="ID17-mesh-vertices">
          <input semantic="POSITION" source="#ID17-mesh-positions"/>
        </vertices>
        <triangles material="Material_004-material" count="2450">
          <input semantic="VERTEX" source="#ID17-mesh-vertices" offset="0"/>
          <input semantic="NORMAL" source="#ID17-mesh-normals" offset="1"/>
          <input semantic="TEXCOORD" source="#ID17-mesh-map" offset="2" set="0"/>
          <p>0 0 0 1 0 1 2 0 2 3 0 3 1 0 4 0 0 5 4 0 6 5 0 7 6 0 8 1 1 9 7 1 10 8 1 11 3 2 12 7 2 13 1 2 14 9 0 15 10 0 16 11 0 17 12 3 18 13 3 19 14 3 20 4 0 21 15 0 22 5 0 23 16 4 24 17 4 25 18 4 26 19 5 27 20 5 28 21 5 29 20 0 30 19 0 31 22 0 32 23 6 33 24 6 34 25 6 35 22 7 36 17 7 37 26 7 38 26 8 39 20 8 40 22 8 41 27 9 42 28 9 43 29 9 44 17 10 45 16 10 46 26 10 47 21 11 48 30 11 49 31 11 50 18 12 51 5 12 52 16 12 53 32 0 54 28 0 55 27 0 56 4 0 57 33 0 58 15 0 59 6 0 60 5 0 61 18 0 62 34 0 63 35 0 64 36 0 65 37 0 66 38 0 67 39 0 68 40 0 69 41 0 70 42 0 71 43 13 72 44 13 73 45 13 74 46 14 75 47 14 76 48 14 77 49 15 78 50 15 79 51 15 80 52 16 81 53 16 82 54 16 83 55 17 84 56 17 85 57 17 86 58 0 87 59 0 88 60 0 89 61 0 90 62 0 91 63 0 92 64 18 93 65 18 94 66 18 95 67 0 96 61 0 97 63 0 98 65 19 99 68 19 100 66 19 101 62 20 102 68 20 103 69 20 104 70 21 105 71 21 106 72 21 107 73 0 108 49 0 109 74 0 110 66 0 111 49 0 112 73 0 113 75 22 114 67 22 115 76 22 116 52 23 117 54 23 118 50 23 119 77 0 120 78 0 121 79 0 122 80 0 123 24 0 124 23 0 125 52 0 126 23 0 127 25 0 128 81 0 129 33 0 130 82 0 131 83 24 132 84 24 133 38 24 134 85 25 135 86 25 136 1 25 137 87 26 138 88 26 139 89 26 140 75 0 141 76 0 142 89 0 143 90 27 144 30 27 145 91 27 146 87 0 147 92 0 148 88 0 149 88 0 150 92 0 151 93 0 152 94 28 153 90 28 154 91 28 155 95 0 156 96 0 157 91 0 158 94 0 159 91 0 160 97 0 161 14 0 162 98 0 163 12 0 164 95 0 165 13 0 166 99 0 167 8 29 168 100 29 169 101 29 170 102 0 171 1 0 172 103 0 173 104 30 174 1 30 175 105 30 176 106 0 177 1 0 178 107 0 179 1 31 180 102 31 181 107 31 182 1 32 183 108 32 184 85 32 185 1 33 186 106 33 187 109 33 188 1 34 189 109 34 190 108 34 191 110 0 192 86 0 193 111 0 194 86 35 195 85 35 196 111 35 197 112 0 198 86 0 199 113 0 200 86 36 201 110 36 202 113 36 203 114 0 204 115 0 205 116 0 206 86 37 207 112 37 208 117 37 209 118 0 210 119 0 211 120 0 212 121 38 213 122 38 214 123 38 215 124 0 216 125 0 217 126 0 218 127 0 219 128 0 220 129 0 221 78 39 222 130 39 223 131 39 224 124 0 225 132 0 226 125 0 227 117 0 228 114 0 229 133 0 230 134 0 231 78 0 232 77 0 233 135 40 234 134 40 235 136 40 236 137 41 237 138 41 238 139 41 239 139 42 240 138 42 241 140 42 242 141 0 243 138 0 244 137 0 245 142 0 246 141 0 247 143 0 248 141 43 249 142 43 250 138 43 251 144 0 252 143 0 253 145 0 254 142 0 255 143 0 256 144 0 257 145 0 258 146 0 259 147 0 260 147 0 261 144 0 262 145 0 263 148 0 264 146 0 265 149 0 266 146 0 267 148 0 268 147 0 269 150 0 270 151 0 271 149 0 272 148 44 273 149 44 274 151 44 275 152 0 276 153 0 277 154 0 278 155 45 279 156 45 280 150 45 281 125 0 282 130 0 283 78 0 284 157 46 285 125 46 286 132 46 287 158 47 288 159 47 289 160 47 290 161 48 291 162 48 292 163 48 293 161 49 294 163 49 295 164 49 296 117 50 297 165 50 298 86 50 299 166 0 300 167 0 301 162 0 302 168 0 303 169 0 304 86 0 305 170 0 306 86 0 307 171 0 308 86 51 309 166 51 310 171 51 311 172 0 312 86 0 313 173 0 314 86 52 315 170 52 316 173 52 317 86 53 318 174 53 319 175 53 320 86 54 321 172 54 322 174 54 323 86 0 324 175 0 325 176 0 326 176 0 327 175 0 328 177 0 329 178 0 330 176 0 331 179 0 332 176 55 333 177 55 334 179 55 335 180 0 336 176 0 337 181 0 338 176 56 339 178 56 340 181 56 341 182 0 342 176 0 343 183 0 344 176 57 345 180 57 346 183 57 347 184 0 348 185 0 349 186 0 350 187 0 351 188 0 352 189 0 353 190 0 354 191 0 355 192 0 356 191 58 357 193 58 358 194 58 359 195 0 360 196 0 361 197 0 362 197 0 363 198 0 364 199 0 365 200 0 366 201 0 367 202 0 368 201 59 369 203 59 370 202 59 371 204 60 372 205 60 373 206 60 374 205 0 375 203 0 376 207 0 377 208 0 378 204 0 379 206 0 380 209 0 381 210 0 382 211 0 383 211 61 384 210 61 385 208 61 386 212 0 387 213 0 388 214 0 389 215 62 390 211 62 391 214 62 392 216 63 393 217 63 394 218 63 395 214 64 396 218 64 397 212 64 398 219 65 399 216 65 400 220 65 401 216 66 402 221 66 403 217 66 404 222 67 405 223 67 406 224 67 407 224 0 408 223 0 409 220 0 410 225 68 411 226 68 412 227 68 413 224 69 414 225 69 415 227 69 416 228 0 417 229 0 418 72 0 419 71 70 420 70 70 421 230 70 422 226 71 423 231 71 424 230 71 425 232 0 426 228 0 427 72 0 428 233 0 429 234 0 430 235 0 431 236 72 432 237 72 433 238 72 434 238 73 435 233 73 436 236 73 437 237 74 438 239 74 439 240 74 440 239 0 441 237 0 442 236 0 443 176 0 444 240 0 445 241 0 446 239 0 447 241 0 448 240 0 449 242 75 450 176 75 451 243 75 452 176 76 453 241 76 454 243 76 455 244 77 456 176 77 457 245 77 458 176 78 459 242 78 460 245 78 461 59 79 462 176 79 463 246 79 464 176 80 465 244 80 466 246 80 467 59 81 468 246 81 469 247 81 470 248 0 471 59 0 472 249 0 473 59 82 474 247 82 475 249 82 476 250 83 477 251 83 478 252 83 479 59 84 480 248 84 481 60 84 482 253 85 483 254 85 484 255 85 485 59 86 486 58 86 487 254 86 488 252 87 489 256 87 490 250 87 491 257 88 492 258 88 493 259 88 494 260 0 495 261 0 496 262 0 497 263 0 498 264 0 499 261 0 500 256 0 501 265 0 502 43 0 503 266 89 504 267 89 505 268 89 506 269 0 507 270 0 508 271 0 509 272 0 510 273 0 511 45 0 512 43 0 513 45 0 514 273 0 515 35 0 516 273 0 517 272 0 518 250 90 519 274 90 520 275 90 521 269 0 522 34 0 523 270 0 524 276 91 525 277 91 526 278 91 527 271 0 528 279 0 529 278 0 530 280 0 531 281 0 532 282 0 533 283 92 534 282 92 535 277 92 536 32 93 537 281 93 538 280 93 539 250 0 540 284 0 541 274 0 542 285 0 543 286 0 544 287 0 545 29 94 546 288 94 547 266 94 548 289 0 549 290 0 550 291 0 551 292 95 552 293 95 553 294 95 554 295 0 555 296 0 556 294 0 557 290 96 558 295 96 559 291 96 560 287 97 561 286 97 562 297 97 563 293 98 564 292 98 565 287 98 566 289 0 567 298 0 568 299 0 569 300 0 570 285 0 571 48 0 572 301 0 573 47 0 574 46 0 575 302 0 576 59 0 577 253 0 578 59 99 579 303 99 580 304 99 581 46 0 582 268 0 583 267 0 584 284 100 585 305 100 586 306 100 587 307 101 588 299 101 589 298 101 590 308 102 591 309 102 592 310 102 593 304 0 594 299 0 595 59 0 596 311 103 597 312 103 598 313 103 599 314 104 600 59 104 601 315 104 602 59 105 603 307 105 604 315 105 605 59 0 606 314 0 607 316 0 608 59 0 609 316 0 610 317 0 611 233 106 612 238 106 613 234 106 614 193 0 615 184 0 616 194 0 617 202 0 618 235 0 619 200 0 620 235 107 621 234 107 622 200 107 623 203 108 624 201 108 625 207 108 626 205 109 627 207 109 628 206 109 629 204 0 630 208 0 631 210 0 632 209 0 633 211 0 634 215 0 635 215 0 636 214 0 637 213 0 638 218 110 639 214 110 640 216 110 641 219 0 642 221 0 643 216 0 644 223 0 645 219 0 646 220 0 647 227 0 648 222 0 649 224 0 650 226 111 651 225 111 652 231 111 653 230 112 654 231 112 655 71 112 656 70 0 657 72 0 658 229 0 659 228 113 660 232 113 661 195 113 662 197 0 663 196 0 664 198 0 665 195 0 666 232 0 667 196 0 668 199 114 669 198 114 670 192 114 671 191 115 672 190 115 673 193 115 674 191 0 675 199 0 676 192 0 677 187 116 678 185 116 679 188 116 680 318 117 681 186 117 682 185 117 683 186 0 684 194 0 685 184 0 686 185 118 687 187 118 688 318 118 689 189 0 690 319 0 691 182 0 692 189 119 693 188 119 694 319 119 695 320 0 696 176 0 697 319 0 698 182 120 699 319 120 700 176 120 701 321 0 702 176 0 703 322 0 704 176 121 705 320 121 706 322 121 707 323 0 708 176 0 709 324 0 710 176 122 711 321 122 712 324 122 713 325 123 714 176 123 715 326 123 716 176 124 717 323 124 718 326 124 719 327 125 720 176 125 721 328 125 722 176 126 723 325 126 724 328 126 725 240 0 726 176 0 727 327 0 728 30 127 729 329 127 730 31 127 731 15 128 732 33 128 733 81 128 734 21 129 735 31 129 736 330 129 737 330 0 738 19 0 739 21 0 740 30 130 741 90 130 742 329 130 743 91 131 744 96 131 745 97 131 746 331 0 747 95 0 748 99 0 749 95 132 750 331 132 751 96 132 752 332 133 753 333 133 754 93 133 755 99 0 756 13 0 757 12 0 758 334 134 759 100 134 760 98 134 761 98 135 762 14 135 763 334 135 764 332 0 765 103 0 766 333 0 767 101 136 768 100 136 769 334 136 770 1 0 771 8 0 772 335 0 773 101 0 774 335 0 775 8 0 776 103 0 777 1 0 778 333 0 779 336 0 780 1 0 781 337 0 782 1 137 783 335 137 784 337 137 785 333 0 786 1 0 787 104 0 788 1 138 789 336 138 790 105 138 791 93 139 792 92 139 793 332 139 794 76 0 795 87 0 796 89 0 797 67 140 798 75 140 799 61 140 800 63 0 801 62 0 802 69 0 803 69 141 804 68 141 805 65 141 806 64 142 807 66 142 808 73 142 809 74 0 810 49 0 811 51 0 812 50 143 813 49 143 814 52 143 815 25 0 816 53 0 817 52 0 818 80 144 819 23 144 820 37 144 821 338 0 822 39 0 823 38 0 824 39 0 825 80 0 826 37 0 827 83 145 828 11 145 829 84 145 830 38 146 831 84 146 832 338 146 833 9 0 834 40 0 835 10 0 836 83 0 837 9 0 838 11 0 839 42 147 840 41 147 841 82 147 842 10 148 843 40 148 844 42 148 845 81 149 846 82 149 847 41 149 848 164 150 849 339 150 850 340 150 851 125 0 852 341 0 853 126 0 854 134 0 855 135 0 856 140 0 857 135 0 858 139 0 859 140 0 860 134 151 861 77 151 862 136 151 863 78 152 864 131 152 865 79 152 866 125 153 867 157 153 868 130 153 869 127 154 870 341 154 871 128 154 872 341 155 873 127 155 874 126 155 875 128 0 876 342 0 877 129 0 878 118 156 879 120 156 880 342 156 881 129 0 882 342 0 883 120 0 884 119 157 885 118 157 886 343 157 887 343 0 888 121 0 889 123 0 890 123 0 891 119 0 892 343 0 893 344 158 894 122 158 895 121 158 896 115 159 897 344 159 898 116 159 899 344 160 900 115 160 901 122 160 902 133 161 903 114 161 904 116 161 905 340 162 906 339 162 907 345 162 908 133 163 909 165 163 910 117 163 911 346 164 912 86 164 913 347 164 914 86 165 915 165 165 916 347 165 917 86 166 918 167 166 919 166 166 920 86 167 921 346 167 922 168 167 923 348 168 924 86 168 925 349 168 926 86 169 927 169 169 928 349 169 929 86 170 930 350 170 931 167 170 932 86 171 933 351 171 934 350 171 935 86 172 936 348 172 937 351 172 938 167 0 939 163 0 940 162 0 941 164 173 942 340 173 943 161 173 944 345 0 945 159 0 946 158 0 947 159 174 948 345 174 949 339 174 950 160 0 951 352 0 952 158 0 953 153 0 954 352 0 955 154 0 956 160 0 957 154 0 958 352 0 959 153 175 960 152 175 961 155 175 962 150 0 963 156 0 964 151 0 965 155 176 966 152 176 967 156 176 968 59 177 969 353 177 970 303 177 971 253 0 972 59 0 973 254 0 974 278 0 975 279 0 976 276 0 977 59 178 978 302 178 979 353 178 980 307 0 981 59 0 982 299 0 983 291 0 984 298 0 985 289 0 986 295 179 987 290 179 988 296 179 989 294 180 990 296 180 991 292 180 992 293 0 993 287 0 994 297 0 995 285 181 996 287 181 997 48 181 998 47 0 999 300 0 1000 48 0 1001 267 0 1002 301 0 1003 46 0 1004 266 182 1005 268 182 1006 29 182 1007 28 183 1008 288 183 1009 29 183 1010 32 0 1011 27 0 1012 281 0 1013 280 184 1014 282 184 1015 283 184 1016 283 185 1017 277 185 1018 276 185 1019 271 0 1020 270 0 1021 279 0 1022 34 0 1023 269 0 1024 35 0 1025 35 0 1026 272 0 1027 36 0 1028 284 186 1029 306 186 1030 354 186 1031 43 187 1032 265 187 1033 44 187 1034 256 188 1035 252 188 1036 265 188 1037 250 189 1038 275 189 1039 251 189 1040 284 190 1041 354 190 1042 274 190 1043 284 0 1044 309 0 1045 305 0 1046 309 191 1047 308 191 1048 355 191 1049 305 0 1050 309 0 1051 355 0 1052 313 192 1053 308 192 1054 310 192 1055 260 0 1056 312 0 1057 311 0 1058 311 0 1059 313 0 1060 310 0 1061 261 193 1062 264 193 1063 262 193 1064 260 194 1065 262 194 1066 312 194 1067 263 195 1068 56 195 1069 264 195 1070 57 0 1071 257 0 1072 55 0 1073 263 0 1074 57 0 1075 56 0 1076 259 0 1077 258 0 1078 255 0 1079 55 196 1080 257 196 1081 259 196 1082 253 197 1083 255 197 1084 258 197 1085 356 198 1086 357 199 1087 358 200 1088 359 201 1089 360 202 1090 361 203 1091 362 204 1092 363 205 1093 364 206 1094 365 207 1095 366 208 1096 367 209 1097 368 210 1098 369 211 1099 370 212 1100 371 213 1101 372 214 1102 373 215 1103 374 216 1104 375 217 1105 376 218 1106 377 219 1107 378 220 1108 379 221 1109 380 222 1110 381 223 1111 382 224 1112 383 225 1113 384 226 1114 385 227 1115 386 228 1116 387 229 1117 388 230 1118 389 231 1119 390 232 1120 391 233 1121 392 234 1122 393 235 1123 394 236 1124 395 237 1125 396 238 1126 397 239 1127 398 240 1128 399 241 1129 400 242 1130 401 243 1131 402 244 1132 403 245 1133 404 246 1134 405 247 1135 406 248 1136 407 249 1137 408 250 1138 409 251 1139 410 252 1140 411 253 1141 412 254 1142 412 254 1143 413 255 1144 410 252 1145 414 256 1146 415 257 1147 411 253 1148 412 254 1149 411 253 1150 415 257 1151 416 258 1152 414 256 1153 417 259 1154 414 256 1155 416 258 1156 415 257 1157 417 259 1158 418 260 1159 419 261 1160 419 261 1161 416 258 1162 417 259 1163 420 262 1164 421 263 1165 418 260 1166 419 261 1167 418 260 1168 421 263 1169 422 264 1170 420 262 1171 423 265 1172 420 262 1173 422 264 1174 421 263 1175 423 265 1176 424 266 1177 425 267 1178 425 267 1179 422 264 1180 423 265 1181 426 268 1182 427 269 1183 424 266 1184 425 267 1185 424 266 1186 427 269 1187 428 270 1188 426 268 1189 429 271 1190 426 268 1191 428 270 1192 427 269 1193 356 198 1194 428 270 1195 429 271 1196 413 255 1197 405 247 1198 410 252 1199 409 251 1200 404 246 1201 406 248 1202 406 248 1203 405 247 1204 413 255 1205 398 240 1206 408 250 1207 407 249 1208 408 250 1209 404 246 1210 409 251 1211 400 242 1212 399 241 1213 402 244 1214 398 240 1215 407 249 1216 399 241 1217 401 243 1218 403 245 1219 394 236 1220 400 242 1221 402 244 1222 401 243 1223 392 234 1224 395 237 1225 393 235 1226 403 245 1227 392 234 1228 394 236 1229 396 238 1230 387 229 1231 397 239 1232 395 237 1233 397 239 1234 393 235 1235 391 233 1236 386 228 1237 388 230 1238 388 230 1239 387 229 1240 396 238 1241 380 222 1242 390 232 1243 389 231 1244 390 232 1245 386 228 1246 391 233 1247 382 224 1248 381 223 1249 384 226 1250 380 222 1251 389 231 1252 381 223 1253 383 225 1254 385 227 1255 376 218 1256 382 224 1257 384 226 1258 383 225 1259 374 216 1260 377 219 1261 375 217 1262 385 227 1263 374 216 1264 376 218 1265 378 220 1266 369 211 1267 379 221 1268 377 219 1269 379 221 1270 375 217 1271 373 215 1272 368 210 1273 370 212 1274 370 212 1275 369 211 1276 378 220 1277 362 204 1278 372 214 1279 371 213 1280 372 214 1281 368 210 1282 373 215 1283 364 206 1284 363 205 1285 366 208 1286 362 204 1287 371 213 1288 363 205 1289 365 207 1290 367 209 1291 359 201 1292 364 206 1293 366 208 1294 365 207 1295 360 202 1296 358 200 1297 361 203 1298 367 209 1299 360 202 1300 359 201 1301 356 198 1302 429 271 1303 357 199 1304 358 200 1305 357 199 1306 361 203 1307 430 272 1308 431 273 1309 432 274 1310 433 275 1311 434 276 1312 435 277 1313 436 278 1314 437 279 1315 438 280 1316 439 281 1317 440 282 1318 441 283 1319 442 284 1320 443 285 1321 444 286 1322 445 287 1323 446 288 1324 447 289 1325 448 290 1326 449 291 1327 450 292 1328 451 293 1329 452 294 1330 453 295 1331 454 296 1332 455 297 1333 456 298 1334 457 299 1335 458 300 1336 459 301 1337 460 302 1338 461 303 1339 462 304 1340 463 305 1341 464 306 1342 465 307 1343 466 308 1344 467 309 1345 468 310 1346 469 311 1347 470 312 1348 471 313 1349 472 314 1350 473 315 1351 474 316 1352 475 317 1353 476 318 1354 477 319 1355 478 320 1356 479 321 1357 480 322 1358 481 323 1359 482 324 1360 483 325 1361 484 326 1362 485 327 1363 486 328 1364 487 329 1365 488 330 1366 489 331 1367 489 331 1368 483 325 1369 487 329 1370 490 332 1371 491 333 1372 488 330 1373 489 331 1374 488 330 1375 491 333 1376 492 334 1377 490 332 1378 493 335 1379 490 332 1380 492 334 1381 491 333 1382 493 335 1383 494 336 1384 495 337 1385 495 337 1386 492 334 1387 493 335 1388 496 338 1389 497 339 1390 494 336 1391 495 337 1392 494 336 1393 497 339 1394 498 340 1395 496 338 1396 499 340 1397 496 338 1398 498 340 1399 497 339 1400 499 340 1401 500 341 1402 501 342 1403 501 342 1404 498 340 1405 499 340 1406 502 343 1407 503 344 1408 500 341 1409 501 342 1410 500 341 1411 503 344 1412 431 273 1413 502 343 1414 432 274 1415 502 343 1416 431 273 1417 503 344 1418 482 324 1419 481 323 1420 486 328 1421 483 325 1422 482 324 1423 487 329 1424 476 318 1425 485 327 1426 484 326 1427 484 326 1428 486 328 1429 481 323 1430 479 321 1431 475 317 1432 477 319 1433 475 317 1434 485 327 1435 476 318 1436 478 320 1437 480 322 1438 469 311 1439 479 321 1440 477 319 1441 480 322 1442 471 313 1443 470 312 1444 472 314 1445 478 320 1446 469 311 1447 471 313 1448 473 315 1449 465 307 1450 474 316 1451 470 312 1452 473 315 1453 472 314 1454 463 305 1455 468 310 1456 464 306 1457 465 307 1458 464 306 1459 474 316 1460 458 300 1461 467 309 1462 466 308 1463 466 308 1464 468 310 1465 463 305 1466 461 303 1467 457 299 1468 459 301 1469 457 299 1470 467 309 1471 458 300 1472 460 302 1473 462 304 1474 451 293 1475 461 303 1476 459 301 1477 462 304 1478 453 295 1479 452 294 1480 454 296 1481 460 302 1482 451 293 1483 453 295 1484 455 297 1485 447 289 1486 456 298 1487 452 294 1488 455 297 1489 454 296 1490 445 287 1491 450 292 1492 446 288 1493 447 289 1494 446 288 1495 456 298 1496 440 282 1497 449 291 1498 448 290 1499 448 290 1500 450 292 1501 445 287 1502 443 285 1503 439 281 1504 441 283 1505 439 281 1506 449 291 1507 440 282 1508 442 284 1509 444 286 1510 433 275 1511 443 285 1512 441 283 1513 444 286 1514 435 277 1515 434 276 1516 438 280 1517 442 284 1518 433 275 1519 435 277 1520 436 278 1521 430 272 1522 437 279 1523 434 276 1524 436 278 1525 438 280 1526 432 274 1527 437 279 1528 430 272 1529 504 345 1530 505 346 1531 506 347 1532 507 348 1533 508 349 1534 509 350 1535 510 351 1536 511 352 1537 512 353 1538 513 354 1539 514 354 1540 515 355 1541 516 356 1542 517 357 1543 518 358 1544 519 351 1545 520 359 1546 521 360 1547 522 361 1548 523 362 1549 524 363 1550 525 364 1551 526 365 1552 527 366 1553 528 367 1554 529 368 1555 530 369 1556 531 370 1557 532 371 1558 533 372 1559 534 373 1560 535 374 1561 536 375 1562 537 376 1563 538 377 1564 539 378 1565 540 379 1566 541 380 1567 542 381 1568 543 382 1569 544 383 1570 545 384 1571 546 385 1572 547 386 1573 548 387 1574 549 388 1575 550 389 1576 551 390 1577 552 391 1578 553 392 1579 554 393 1580 555 394 1581 556 395 1582 557 396 1583 558 397 1584 559 398 1585 560 399 1586 560 399 1587 561 400 1588 558 397 1589 562 401 1590 563 402 1591 559 398 1592 560 399 1593 559 398 1594 563 402 1595 564 403 1596 562 401 1597 565 404 1598 562 401 1599 564 403 1600 563 402 1601 565 404 1602 566 405 1603 567 406 1604 567 406 1605 564 403 1606 565 404 1607 568 407 1608 569 405 1609 566 405 1610 567 406 1611 566 405 1612 569 405 1613 570 408 1614 568 407 1615 571 409 1616 568 407 1617 570 408 1618 569 405 1619 571 409 1620 572 410 1621 573 411 1622 573 411 1623 570 408 1624 571 409 1625 574 412 1626 575 413 1627 572 410 1628 573 411 1629 572 410 1630 575 413 1631 576 414 1632 574 412 1633 577 415 1634 574 412 1635 576 414 1636 575 413 1637 504 345 1638 576 414 1639 577 415 1640 561 400 1641 553 392 1642 558 397 1643 557 396 1644 552 391 1645 554 393 1646 554 393 1647 553 392 1648 561 400 1649 546 385 1650 556 395 1651 555 394 1652 556 395 1653 552 391 1654 557 396 1655 548 387 1656 547 386 1657 550 389 1658 546 385 1659 555 394 1660 547 386 1661 549 388 1662 551 390 1663 542 381 1664 548 387 1665 550 389 1666 549 388 1667 540 379 1668 543 382 1669 541 380 1670 551 390 1671 540 379 1672 542 381 1673 544 383 1674 535 374 1675 545 384 1676 543 382 1677 545 384 1678 541 380 1679 539 378 1680 534 373 1681 536 375 1682 536 375 1683 535 374 1684 544 383 1685 528 367 1686 538 377 1687 537 376 1688 538 377 1689 534 373 1690 539 378 1691 530 369 1692 529 368 1693 532 371 1694 528 367 1695 537 376 1696 529 368 1697 531 370 1698 533 372 1699 524 363 1700 530 369 1701 532 371 1702 531 370 1703 522 361 1704 525 364 1705 523 362 1706 533 372 1707 522 361 1708 524 363 1709 526 365 1710 517 357 1711 527 366 1712 525 364 1713 527 366 1714 523 362 1715 521 360 1716 516 356 1717 518 358 1718 518 358 1719 517 357 1720 526 365 1721 510 351 1722 520 359 1723 519 351 1724 520 359 1725 516 356 1726 521 360 1727 512 353 1728 511 352 1729 514 354 1730 510 351 1731 519 351 1732 511 352 1733 513 354 1734 515 355 1735 507 348 1736 512 353 1737 514 354 1738 513 354 1739 508 349 1740 506 347 1741 509 350 1742 515 355 1743 508 349 1744 507 348 1745 504 345 1746 577 415 1747 505 346 1748 506 347 1749 505 346 1750 509 350 1751 578 416 1752 579 417 1753 580 418 1754 581 419 1755 582 420 1756 583 421 1757 584 422 1758 585 423 1759 586 424 1760 587 425 1761 588 426 1762 589 427 1763 590 428 1764 591 429 1765 592 430 1766 593 431 1767 594 432 1768 595 433 1769 596 434 1770 597 435 1771 598 436 1772 599 437 1773 600 438 1774 601 439 1775 602 440 1776 603 441 1777 604 442 1778 605 443 1779 606 444 1780 607 445 1781 608 446 1782 609 447 1783 610 448 1784 611 449 1785 612 450 1786 613 451 1787 614 452 1788 615 453 1789 616 454 1790 617 455 1791 618 456 1792 619 457 1793 620 458 1794 621 459 1795 622 451 1796 623 460 1797 624 461 1798 625 462 1799 626 463 1800 627 464 1801 628 465 1802 629 466 1803 630 467 1804 631 468 1805 632 469 1806 633 470 1807 634 471 1808 635 472 1809 636 473 1810 637 474 1811 637 474 1812 631 468 1813 635 472 1814 638 475 1815 639 476 1816 636 473 1817 637 474 1818 636 473 1819 639 476 1820 640 477 1821 638 475 1822 641 478 1823 638 475 1824 640 477 1825 639 476 1826 641 478 1827 642 479 1828 643 480 1829 643 480 1830 640 477 1831 641 478 1832 644 481 1833 645 482 1834 642 479 1835 643 480 1836 642 479 1837 645 482 1838 646 483 1839 644 481 1840 647 484 1841 644 481 1842 646 483 1843 645 482 1844 647 484 1845 648 485 1846 649 486 1847 649 486 1848 646 483 1849 647 484 1850 650 487 1851 651 488 1852 648 485 1853 649 486 1854 648 485 1855 651 488 1856 579 417 1857 650 487 1858 580 418 1859 650 487 1860 579 417 1861 651 488 1862 630 467 1863 629 466 1864 634 471 1865 631 468 1866 630 467 1867 635 472 1868 624 461 1869 633 470 1870 632 469 1871 632 469 1872 634 471 1873 629 466 1874 627 464 1875 623 460 1876 625 462 1877 623 460 1878 633 470 1879 624 461 1880 626 463 1881 628 465 1882 617 455 1883 627 464 1884 625 462 1885 628 465 1886 619 457 1887 618 456 1888 620 458 1889 626 463 1890 617 455 1891 619 457 1892 621 459 1893 613 451 1894 622 451 1895 618 456 1896 621 459 1897 620 458 1898 611 449 1899 616 454 1900 612 450 1901 613 451 1902 612 450 1903 622 451 1904 606 444 1905 615 453 1906 614 452 1907 614 452 1908 616 454 1909 611 449 1910 609 447 1911 605 443 1912 607 445 1913 605 443 1914 615 453 1915 606 444 1916 608 446 1917 610 448 1918 599 437 1919 609 447 1920 607 445 1921 610 448 1922 601 439 1923 600 438 1924 602 440 1925 608 446 1926 599 437 1927 601 439 1928 603 441 1929 595 433 1930 604 442 1931 600 438 1932 603 441 1933 602 440 1934 593 431 1935 598 436 1936 594 432 1937 595 433 1938 594 432 1939 604 442 1940 588 426 1941 597 435 1942 596 434 1943 596 434 1944 598 436 1945 593 431 1946 591 429 1947 587 425 1948 589 427 1949 587 425 1950 597 435 1951 588 426 1952 590 428 1953 592 430 1954 581 419 1955 591 429 1956 589 427 1957 592 430 1958 583 421 1959 582 420 1960 586 424 1961 590 428 1962 581 419 1963 583 421 1964 584 422 1965 578 416 1966 585 423 1967 582 420 1968 584 422 1969 586 424 1970 580 418 1971 585 423 1972 578 416 1973 652 489 1974 653 490 1975 654 491 1976 654 492 1977 655 493 1978 652 494 1979 656 495 1980 657 496 1981 658 497 1982 659 498 1983 660 499 1984 661 500 1985 662 501 1986 663 502 1987 664 503 1988 665 504 1989 666 505 1990 667 506 1991 668 507 1992 669 508 1993 670 509 1994 671 510 1995 672 511 1996 673 512 1997 674 513 1998 675 514 1999 676 515 2000 677 516 2001 678 517 2002 679 518 2003 680 519 2004 674 513 2005 681 520 2006 674 513 2007 680 519 2008 675 514 2009 681 520 2010 682 521 2011 683 522 2012 683 522 2013 680 519 2014 681 520 2015 684 523 2016 685 524 2017 682 521 2018 683 522 2019 682 521 2020 685 524 2021 675 514 2022 678 517 2023 676 515 2024 676 515 2025 678 517 2026 677 516 2027 668 507 2028 670 509 2029 679 518 2030 670 509 2031 677 516 2032 679 518 2033 673 512 2034 669 508 2035 671 510 2036 669 508 2037 668 507 2038 671 510 2039 663 502 2040 672 511 2041 664 503 2042 673 512 2043 672 511 2044 663 502 2045 662 501 2046 665 504 2047 667 506 2048 664 503 2049 665 504 2050 662 501 2051 666 505 2052 656 495 2053 658 497 2054 666 505 2055 658 497 2056 667 506 2057 659 498 2058 657 496 2059 660 499 2060 660 499 2061 657 496 2062 656 495 2063 686 525 2064 687 525 2065 688 526 2066 689 527 2067 690 528 2068 691 529 2069 692 530 2070 693 531 2071 694 532 2072 695 533 2073 696 534 2074 697 535 2075 698 536 2076 699 537 2077 700 538 2078 701 539 2079 702 540 2080 703 541 2081 704 542 2082 705 543 2083 706 544 2084 707 545 2085 708 546 2086 709 547 2087 710 548 2088 711 549 2089 712 550 2090 713 551 2091 714 552 2092 715 553 2093 716 554 2094 712 550 2095 717 555 2096 711 549 2097 717 555 2098 712 550 2099 718 556 2100 719 557 2101 716 554 2102 716 554 2103 717 555 2104 718 556 2105 719 557 2106 720 558 2107 721 559 2108 720 558 2109 719 557 2110 718 556 2111 722 560 2112 721 559 2113 723 561 2114 720 558 2115 723 561 2116 721 559 2117 714 552 2118 711 549 2119 710 548 2120 715 553 2121 704 542 2122 713 551 2123 710 548 2124 715 553 2125 714 552 2126 706 544 2127 705 543 2128 709 547 2129 713 551 2130 704 542 2131 706 544 2132 708 546 2133 707 545 2134 699 537 2135 709 547 2136 705 543 2137 707 545 2138 701 539 2139 698 536 2140 700 538 2141 698 536 2142 708 546 2143 699 537 2144 694 532 2145 703 541 2146 702 540 2147 702 540 2148 701 539 2149 700 538 2150 692 530 2151 695 533 2152 693 531 2153 694 532 2154 693 531 2155 703 541 2156 696 534 2157 687 525 2158 697 535 2159 692 530 2160 696 534 2161 695 533 2162 686 525 2163 688 526 2164 691 529 2165 697 535 2166 687 525 2167 686 525 2168 689 527 2169 691 529 2170 688 526 2171 724 562 2172 725 563 2173 726 564 2174 727 565 2175 728 566 2176 729 567 2177 730 568 2178 731 569 2179 732 570 2180 733 571 2181 734 572 2182 735 573 2183 736 574 2184 737 575 2185 738 576 2186 739 577 2187 740 578 2188 741 579 2189 742 580 2190 743 581 2191 744 582 2192 745 583 2193 746 584 2194 747 585 2195 748 586 2196 742 580 2197 749 587 2198 742 580 2199 748 586 2200 743 581 2201 749 587 2202 750 588 2203 751 589 2204 751 589 2205 748 586 2206 749 587 2207 752 590 2208 753 591 2209 750 588 2210 751 589 2211 750 588 2212 753 591 2213 743 581 2214 746 584 2215 744 582 2216 744 582 2217 746 584 2218 745 583 2219 736 574 2220 738 576 2221 747 585 2222 738 576 2223 745 583 2224 747 585 2225 741 579 2226 737 575 2227 739 577 2228 737 575 2229 736 574 2230 739 577 2231 731 569 2232 740 578 2233 732 570 2234 741 579 2235 740 578 2236 731 569 2237 730 568 2238 733 571 2239 735 573 2240 732 570 2241 733 571 2242 730 568 2243 734 572 2244 724 562 2245 726 564 2246 734 572 2247 726 564 2248 735 573 2249 727 565 2250 725 563 2251 728 566 2252 728 566 2253 725 563 2254 724 562 2255 754 592 2256 755 592 2257 756 592 2258 756 592 2259 757 592 2260 754 592 2261 758 593 2262 759 594 2263 760 595 2264 761 596 2265 762 597 2266 763 598 2267 764 599 2268 765 600 2269 766 601 2270 767 602 2271 768 603 2272 769 604 2273 770 605 2274 771 606 2275 772 607 2276 773 608 2277 774 609 2278 775 610 2279 776 611 2280 777 612 2281 778 613 2282 779 614 2283 780 615 2284 781 616 2285 782 617 2286 776 611 2287 783 618 2288 776 611 2289 782 617 2290 777 612 2291 783 618 2292 784 619 2293 785 620 2294 785 620 2295 782 617 2296 783 618 2297 786 621 2298 787 622 2299 784 619 2300 785 620 2301 784 619 2302 787 622 2303 777 612 2304 780 615 2305 778 613 2306 773 608 2307 771 606 2308 770 605 2309 781 616 2310 772 607 2311 779 614 2312 780 615 2313 779 614 2314 778 613 2315 770 605 2316 772 607 2317 781 616 2318 775 610 2319 771 606 2320 773 608 2321 765 600 2322 774 609 2323 766 601 2324 774 609 2325 765 600 2326 775 610 2327 761 596 2328 759 594 2329 762 597 2330 767 602 2331 769 604 2332 764 599 2333 764 599 2334 766 601 2335 767 602 2336 769 604 2337 768 603 2338 760 595 2339 759 594 2340 758 593 2341 762 597 2342 768 603 2343 758 593 2344 760 595 2345 788 623 2346 789 624 2347 790 625 2348 791 626 2349 792 627 2350 793 628 2351 794 629 2352 795 630 2353 796 631 2354 797 632 2355 798 633 2356 799 634 2357 800 635 2358 801 636 2359 802 637 2360 803 638 2361 804 639 2362 805 640 2363 806 641 2364 807 642 2365 808 643 2366 809 644 2367 810 645 2368 811 646 2369 812 647 2370 813 648 2371 814 649 2372 815 650 2373 816 651 2374 817 652 2375 818 653 2376 814 649 2377 819 654 2378 813 648 2379 819 654 2380 814 649 2381 820 655 2382 821 656 2383 818 653 2384 818 653 2385 819 654 2386 820 655 2387 821 656 2388 822 657 2389 823 658 2390 822 657 2391 821 656 2392 820 655 2393 824 659 2394 823 658 2395 825 660 2396 822 657 2397 825 660 2398 823 658 2399 817 652 2400 816 651 2401 812 647 2402 812 647 2403 816 651 2404 813 648 2405 815 650 2406 806 641 2407 808 643 2408 817 652 2409 806 641 2410 815 650 2411 811 646 2412 807 642 2413 809 644 2414 808 643 2415 807 642 2416 811 646 2417 800 635 2418 810 645 2419 801 636 2420 810 645 2421 809 644 2422 801 636 2423 804 639 2424 803 638 2425 802 637 2426 803 638 2427 800 635 2428 802 637 2429 796 631 2430 795 630 2431 805 640 2432 796 631 2433 805 640 2434 804 639 2435 794 629 2436 798 633 2437 797 632 2438 794 629 2439 797 632 2440 795 630 2441 799 634 2442 789 624 2443 788 623 2444 798 633 2445 789 624 2446 799 634 2447 793 628 2448 790 625 2449 791 626 2450 788 623 2451 790 625 2452 793 628 2453 826 661 2454 827 662 2455 828 663 2456 829 664 2457 830 665 2458 831 666 2459 832 667 2460 833 668 2461 834 669 2462 835 670 2463 836 671 2464 837 672 2465 838 673 2466 839 674 2467 840 675 2468 841 676 2469 842 677 2470 843 678 2471 844 679 2472 845 680 2473 846 681 2474 847 682 2475 848 683 2476 849 684 2477 850 685 2478 844 679 2479 851 686 2480 844 679 2481 850 685 2482 845 680 2483 851 686 2484 852 687 2485 853 688 2486 853 688 2487 850 685 2488 851 686 2489 854 689 2490 855 690 2491 852 687 2492 853 688 2493 852 687 2494 855 690 2495 845 680 2496 848 683 2497 846 681 2498 841 676 2499 839 674 2500 838 673 2501 849 684 2502 840 675 2503 847 682 2504 848 683 2505 847 682 2506 846 681 2507 838 673 2508 840 675 2509 849 684 2510 843 678 2511 839 674 2512 841 676 2513 833 668 2514 842 677 2515 834 669 2516 842 677 2517 833 668 2518 843 678 2519 829 664 2520 827 662 2521 830 665 2522 835 670 2523 837 672 2524 832 667 2525 832 667 2526 834 669 2527 835 670 2528 837 672 2529 836 671 2530 828 663 2531 827 662 2532 826 661 2533 830 665 2534 836 671 2535 826 661 2536 828 663 2537 856 691 2538 857 692 2539 858 693 2540 858 694 2541 859 695 2542 856 696 2543 860 697 2544 861 698 2545 862 699 2546 863 700 2547 864 701 2548 865 702 2549 866 703 2550 867 704 2551 868 705 2552 869 706 2553 870 707 2554 871 708 2555 872 709 2556 873 710 2557 874 711 2558 875 712 2559 876 713 2560 877 714 2561 878 715 2562 879 716 2563 880 717 2564 881 718 2565 882 719 2566 883 720 2567 884 721 2568 878 715 2569 885 722 2570 878 715 2571 884 721 2572 879 716 2573 885 722 2574 886 723 2575 887 724 2576 887 724 2577 884 721 2578 885 722 2579 888 725 2580 889 726 2581 886 723 2582 887 724 2583 886 723 2584 889 726 2585 881 718 2586 880 717 2587 882 719 2588 879 716 2589 882 719 2590 880 717 2591 872 709 2592 874 711 2593 883 720 2594 883 720 2595 874 711 2596 881 718 2597 877 714 2598 873 710 2599 875 712 2600 875 712 2601 873 710 2602 872 709 2603 867 704 2604 876 713 2605 868 705 2606 867 704 2607 877 714 2608 876 713 2609 866 703 2610 869 706 2611 871 708 2612 866 703 2613 868 705 2614 869 706 2615 870 707 2616 860 697 2617 862 699 2618 871 708 2619 870 707 2620 862 699 2621 864 701 2622 863 700 2623 861 698 2624 860 697 2625 864 701 2626 861 698 2627 890 727 2628 891 728 2629 892 729 2630 893 730 2631 894 731 2632 895 732 2633 896 733 2634 897 734 2635 898 735 2636 899 736 2637 900 737 2638 901 738 2639 902 739 2640 903 740 2641 904 741 2642 905 742 2643 906 743 2644 907 744 2645 908 745 2646 909 746 2647 910 747 2648 911 748 2649 912 749 2650 913 750 2651 914 751 2652 915 752 2653 916 753 2654 917 754 2655 918 755 2656 919 756 2657 920 757 2658 921 758 2659 922 759 2660 923 760 2661 924 761 2662 925 762 2663 926 763 2664 927 764 2665 928 765 2666 929 766 2667 930 767 2668 931 768 2669 932 769 2670 933 770 2671 934 771 2672 935 772 2673 936 773 2674 937 774 2675 938 775 2676 939 776 2677 940 777 2678 939 776 2679 938 775 2680 934 771 2681 941 778 2682 942 779 2683 940 777 2684 938 775 2685 940 777 2686 942 779 2687 941 778 2688 943 780 2689 944 781 2690 944 781 2691 942 779 2692 941 778 2693 945 782 2694 943 780 2695 946 783 2696 943 780 2697 945 782 2698 944 781 2699 947 784 2700 948 785 2701 946 783 2702 945 782 2703 946 783 2704 948 785 2705 947 784 2706 949 786 2707 950 787 2708 950 787 2709 948 785 2710 947 784 2711 951 788 2712 949 786 2713 952 789 2714 949 786 2715 951 788 2716 950 787 2717 936 773 2718 933 770 2719 932 769 2720 951 788 2721 952 789 2722 953 790 2723 934 771 2724 933 770 2725 939 776 2726 937 774 2727 926 763 2728 935 772 2729 932 769 2730 937 774 2731 936 773 2732 928 765 2733 927 764 2734 931 768 2735 935 772 2736 926 763 2737 928 765 2738 930 767 2739 929 766 2740 921 758 2741 931 768 2742 927 764 2743 929 766 2744 923 760 2745 920 757 2746 922 759 2747 920 757 2748 930 767 2749 921 758 2750 916 753 2751 925 762 2752 924 761 2753 924 761 2754 923 760 2755 922 759 2756 914 751 2757 918 755 2758 915 752 2759 916 753 2760 915 752 2761 925 762 2762 919 756 2763 908 745 2764 917 754 2765 914 751 2766 919 756 2767 918 755 2768 910 747 2769 909 746 2770 913 750 2771 917 754 2772 908 745 2773 910 747 2774 912 749 2775 911 748 2776 903 740 2777 913 750 2778 909 746 2779 911 748 2780 905 742 2781 902 739 2782 904 741 2783 902 739 2784 912 749 2785 903 740 2786 898 735 2787 907 744 2788 906 743 2789 906 743 2790 905 742 2791 904 741 2792 896 733 2793 899 736 2794 897 734 2795 898 735 2796 897 734 2797 907 744 2798 900 737 2799 891 728 2800 901 738 2801 896 733 2802 900 737 2803 899 736 2804 890 727 2805 892 729 2806 895 732 2807 901 738 2808 891 728 2809 890 727 2810 893 730 2811 895 732 2812 892 729 2813 954 791 2814 955 792 2815 956 793 2816 957 794 2817 958 795 2818 959 796 2819 960 797 2820 961 798 2821 962 799 2822 963 800 2823 964 801 2824 965 802 2825 966 803 2826 967 804 2827 968 805 2828 969 806 2829 970 807 2830 971 808 2831 972 809 2832 973 810 2833 974 811 2834 975 812 2835 976 813 2836 977 814 2837 978 815 2838 972 809 2839 979 816 2840 972 809 2841 978 815 2842 973 810 2843 979 816 2844 980 817 2845 981 818 2846 981 818 2847 978 815 2848 979 816 2849 982 819 2850 983 820 2851 980 817 2852 981 818 2853 980 817 2854 983 820 2855 973 810 2856 976 813 2857 974 811 2858 977 814 2859 968 805 2860 975 812 2861 976 813 2862 975 812 2863 974 811 2864 966 803 2865 969 806 2866 967 804 2867 966 803 2868 968 805 2869 977 814 2870 961 798 2871 971 808 2872 970 807 2873 971 808 2874 967 804 2875 969 806 2876 963 800 2877 960 797 2878 962 799 2879 961 798 2880 970 807 2881 962 799 2882 956 793 2883 965 802 2884 964 801 2885 960 797 2886 963 800 2887 965 802 2888 958 795 2889 957 794 2890 955 792 2891 955 792 2892 954 791 2893 958 795 2894 964 801 2895 954 791 2896 956 793 2897 984 821 2898 985 822 2899 986 823 2900 987 824 2901 988 825 2902 989 826 2903 990 827 2904 991 828 2905 992 829 2906 993 830 2907 994 831 2908 995 832 2909 996 833 2910 997 834 2911 998 835 2912 999 836 2913 1000 837 2914 1001 838 2915 1002 839 2916 1003 840 2917 1004 841 2918 1005 842 2919 1006 843 2920 1007 844 2921 1008 845 2922 1009 846 2923 1010 847 2924 1011 848 2925 1012 849 2926 1013 850 2927 1014 851 2928 1015 852 2929 1016 853 2930 1017 854 2931 1018 855 2932 1019 856 2933 1020 857 2934 1021 858 2935 1022 859 2936 1023 860 2937 1024 861 2938 1025 862 2939 1026 863 2940 1027 864 2941 1028 865 2942 1029 866 2943 1030 867 2944 1031 868 2945 1032 869 2946 1033 870 2947 1030 867 2948 1034 871 2949 1035 872 2950 1029 866 2951 1029 866 2952 1031 868 2953 1034 871 2954 1035 872 2955 1036 873 2956 1037 874 2957 1036 873 2958 1035 872 2959 1034 871 2960 1038 875 2961 1037 874 2962 1039 876 2963 1036 873 2964 1039 876 2965 1037 874 2966 1040 877 2967 1041 878 2968 1038 875 2969 1038 875 2970 1039 876 2971 1040 877 2972 1041 878 2973 1042 879 2974 1043 880 2975 1042 879 2976 1041 878 2977 1040 877 2978 1044 881 2979 1043 880 2980 1045 882 2981 1042 879 2982 1045 882 2983 1043 880 2984 1046 883 2985 1047 884 2986 1044 881 2987 1044 881 2988 1045 882 2989 1046 883 2990 1023 860 2991 1033 870 2992 1032 869 2993 1030 867 2994 1033 870 2995 1031 868 2996 1024 861 2997 1026 863 2998 1025 862 2999 1032 869 3000 1024 861 3001 1023 860 3002 1028 865 3003 1027 864 3004 1018 855 3005 1025 862 3006 1026 863 3007 1028 865 3008 1017 854 3009 1019 856 3010 1021 858 3011 1018 855 3012 1027 864 3013 1019 856 3014 1013 850 3015 1020 857 3016 1022 859 3017 1020 857 3018 1017 854 3019 1021 858 3020 1016 853 3021 1012 849 3022 1011 848 3023 1011 848 3024 1013 850 3025 1022 859 3026 1014 851 3027 1005 842 3028 1015 852 3029 1016 853 3030 1015 852 3031 1012 849 3032 1006 843 3033 1008 845 3034 1007 844 3035 1014 851 3036 1006 843 3037 1005 842 3038 1010 847 3039 1009 846 3040 1000 837 3041 1007 844 3042 1008 845 3043 1010 847 3044 999 836 3045 1001 838 3046 1003 840 3047 1000 837 3048 1009 846 3049 1001 838 3050 995 832 3051 1002 839 3052 1004 841 3053 1002 839 3054 999 836 3055 1003 840 3056 998 835 3057 994 831 3058 993 830 3059 993 830 3060 995 832 3061 1004 841 3062 996 833 3063 987 824 3064 997 834 3065 998 835 3066 997 834 3067 994 831 3068 988 825 3069 991 828 3070 989 826 3071 996 833 3072 988 825 3073 987 824 3074 990 827 3075 992 829 3076 984 821 3077 989 826 3078 991 828 3079 990 827 3080 985 822 3081 984 821 3082 992 829 3083 1048 885 3084 1049 886 3085 1050 887 3086 1050 887 3087 1051 888 3088 1048 885 3089 1052 889 3090 1051 888 3091 1053 890 3092 1051 888 3093 1052 889 3094 1048 885 3095 1053 890 3096 1054 891 3097 1055 892 3098 1055 892 3099 1052 889 3100 1053 890 3101 1054 891 3102 1056 893 3103 1057 894 3104 1055 892 3105 1054 891 3106 1057 894 3107 1058 895 3108 1050 887 3109 1049 886 3110 1054 891 3111 1059 896 3112 1056 893 3113 1058 895 3114 1049 886 3115 1060 897 3116 1061 898 3117 1062 899 3118 1060 897 3119 1058 895 3120 1060 897 3121 1062 899 3122 1063 900 3123 1061 898 3124 1064 901 3125 1061 898 3126 1063 900 3127 1062 899 3128 1064 901 3129 1065 902 3130 1066 903 3131 1066 903 3132 1063 900 3133 1064 901 3134 1067 904 3135 1068 905 3136 1065 902 3137 1066 903 3138 1065 902 3139 1068 905 3140 1067 904 3141 1069 906 3142 1068 905 3143 1070 907 3144 1071 907 3145 1072 907 3146 1072 908 3147 1071 908 3148 1073 908 3149 1074 907 3150 1071 907 3151 1070 907 3152 1073 907 3153 1071 907 3154 1075 907 3155 1076 909 3156 1077 910 3157 1078 911 3158 1076 909 3159 1079 912 3160 1080 913 3161 1080 913 3162 1077 910 3163 1076 909 3164 1081 914 3165 1079 912 3166 1082 915 3167 1079 912 3168 1081 914 3169 1080 913 3170 1083 916 3171 1084 917 3172 1082 915 3173 1081 914 3174 1082 915 3175 1084 917 3176 1083 916 3177 1085 918 3178 1086 919 3179 1086 919 3180 1084 917 3181 1083 916 3182 1085 918 3183 1087 920 3184 1086 919 3185 1088 921 3186 1078 911 3187 1077 910 3188 1089 922 3189 1088 921 3190 1090 923 3191 1088 921 3192 1089 922 3193 1078 911 3194 1091 924 3195 1092 925 3196 1090 923 3197 1089 922 3198 1090 923 3199 1092 925 3200 1091 924 3201 1093 926 3202 1094 927 3203 1094 927 3204 1092 925 3205 1091 924 3206 1095 928 3207 1093 926 3208 1096 929 3209 1093 926 3210 1095 928 3211 1094 927 3212 1095 928 3213 1096 929 3214 1097 930 3215 1098 931 3216 1099 932 3217 1100 933 3218 1098 931 3219 1101 934 3220 1102 935 3221 1102 935 3222 1099 932 3223 1098 931 3224 1103 936 3225 1101 934 3226 1104 937 3227 1101 934 3228 1103 936 3229 1102 935 3230 1105 938 3231 1106 939 3232 1104 937 3233 1103 936 3234 1104 937 3235 1106 939 3236 1105 938 3237 1107 940 3238 1108 941 3239 1108 941 3240 1106 939 3241 1105 938 3242 1107 940 3243 1109 942 3244 1108 941 3245 1110 943 3246 1100 933 3247 1099 932 3248 1111 944 3249 1110 943 3250 1112 945 3251 1110 943 3252 1111 944 3253 1100 933 3254 1113 946 3255 1114 947 3256 1112 945 3257 1111 944 3258 1112 945 3259 1114 947 3260 1113 946 3261 1115 948 3262 1116 949 3263 1116 949 3264 1114 947 3265 1113 946 3266 1117 950 3267 1115 948 3268 1118 951 3269 1115 948 3270 1117 950 3271 1116 949 3272 1117 950 3273 1118 951 3274 1119 952 3275 1120 953 3276 1121 954 3277 1122 955 3278 1123 956 3279 1124 957 3280 1125 958 3281 1126 959 3282 1127 960 3283 1128 961 3284 1129 962 3285 1130 963 3286 1131 964 3287 1129 962 3288 1132 965 3289 1133 966 3290 1134 967 3291 1125 958 3292 1124 957 3293 1124 957 3294 1135 968 3295 1136 969 3296 1127 960 3297 1137 970 3298 1138 971 3299 1139 972 3300 1125 958 3301 1134 967 3302 1127 960 3303 1140 973 3304 1137 970 3305 1141 974 3306 1142 975 3307 1120 953 3308 1120 953 3309 1138 971 3310 1143 976 3311 1144 977 3312 1145 978 3313 1141 974 3314 1127 960 3315 1126 959 3316 1140 973 3317 1122 955 3318 1146 979 3319 1147 980 3320 1146 979 3321 1148 981 3322 1149 982 3323 1123 956 3324 1150 983 3325 1137 970 3326 1151 984 3327 1135 968 3328 1124 957 3329 1152 985 3330 1145 978 3331 1153 986 3332 1135 968 3333 1154 987 3334 1155 988 3335 1152 985 3336 1156 989 3337 1157 990 3338 1158 991 3339 1159 992 3340 1160 993 3341 1161 994 3342 1162 995 3343 1163 996 3344 1164 997 3345 1165 998 3346 1158 991 3347 1166 999 3348 1164 997 3349 1162 995 3350 1167 1000 3351 1168 1001 3352 1169 1002 3353 1167 1000 3354 1169 1002 3355 1164 997 3356 1148 981 3357 1121 954 3358 1143 976 3359 1121 954 3360 1146 979 3361 1122 955 3362 1122 955 3363 1147 980 3364 1170 1003 3365 1171 1004 3366 1143 976 3367 1138 971 3368 1121 954 3369 1120 953 3370 1143 976 3371 1148 981 3372 1146 979 3373 1121 954 3374 1141 974 3375 1170 1003 3376 1144 977 3377 1141 974 3378 1122 955 3379 1170 1003 3380 1164 997 3381 1172 1005 3382 1167 1000 3383 1173 1006 3384 1171 1004 3385 1137 970 3386 1138 971 3387 1137 970 3388 1171 1004 3389 1127 960 3390 1138 971 3391 1142 975 3392 1137 970 3393 1140 973 3394 1123 956 3395 1150 983 3396 1173 1006 3397 1137 970 3398 1122 955 3399 1141 974 3400 1120 953 3401 1153 986 3402 1145 978 3403 1144 977 3404 1163 996 3405 1157 990 3406 1174 1007 3407 1120 953 3408 1142 975 3409 1138 971 3410 1128 961 3411 1142 975 3412 1145 978 3413 1140 973 3414 1151 984 3415 1123 956 3416 1175 1008 3417 1150 983 3418 1123 956 3419 1126 959 3420 1151 984 3421 1140 973 3422 1123 956 3423 1151 984 3424 1124 957 3425 1139 972 3426 1175 1008 3427 1125 958 3428 1175 1008 3429 1123 956 3430 1125 958 3431 1141 974 3432 1145 978 3433 1142 975 3434 1156 989 3435 1152 985 3436 1153 986 3437 1151 984 3438 1126 959 3439 1154 987 3440 1142 975 3441 1128 961 3442 1127 960 3443 1128 961 3444 1152 985 3445 1176 1009 3446 1136 969 3447 1134 967 3448 1124 957 3449 1154 987 3450 1126 959 3451 1176 1009 3452 1131 964 3453 1130 963 3454 1134 967 3455 1154 987 3456 1135 968 3457 1151 984 3458 1133 966 3459 1130 963 3460 1129 962 3461 1177 1010 3462 1139 972 3463 1130 963 3464 1134 967 3465 1130 963 3466 1139 972 3467 1136 969 3468 1131 964 3469 1134 967 3470 1177 1010 3471 1130 963 3472 1133 966 3473 1145 978 3474 1152 985 3475 1128 961 3476 1174 1007 3477 1157 990 3478 1156 989 3479 1178 1011 3480 1179 1012 3481 1180 1013 3482 1128 961 3483 1176 1009 3484 1126 959 3485 1181 1014 3486 1176 1009 3487 1157 990 3488 1136 969 3489 1135 968 3490 1182 1015 3491 1181 1014 3492 1155 988 3493 1154 987 3494 1131 964 3495 1136 969 3496 1183 1016 3497 1155 988 3498 1182 1015 3499 1135 968 3500 1183 1016 3501 1178 1011 3502 1184 1017 3503 1182 1015 3504 1183 1016 3505 1136 969 3506 1184 1017 3507 1132 965 3508 1129 962 3509 1129 962 3510 1131 964 3511 1184 1017 3512 1185 1018 3513 1186 1019 3514 1133 966 3515 1186 1019 3516 1187 1020 3517 1133 966 3518 1133 966 3519 1187 1020 3520 1177 1010 3521 1152 985 3522 1157 990 3523 1176 1009 3524 1161 994 3525 1163 996 3526 1174 1007 3527 1182 1015 3528 1155 988 3529 1160 993 3530 1176 1009 3531 1181 1014 3532 1154 987 3533 1181 1014 3534 1163 996 3535 1188 1021 3536 1183 1016 3537 1182 1015 3538 1179 1012 3539 1188 1021 3540 1160 993 3541 1155 988 3542 1184 1017 3543 1178 1011 3544 1189 1022 3545 1160 993 3546 1179 1012 3547 1182 1015 3548 1190 1023 3549 1132 965 3550 1189 1022 3551 1191 1024 3552 1185 1018 3553 1192 1025 3554 1131 964 3555 1183 1016 3556 1184 1017 3557 1184 1017 3558 1189 1022 3559 1132 965 3560 1133 966 3561 1132 965 3562 1185 1018 3563 1185 1018 3564 1132 965 3565 1190 1023 3566 1186 1019 3567 1185 1018 3568 1191 1024 3569 1157 990 3570 1163 996 3571 1181 1014 3572 1166 999 3573 1162 995 3574 1161 994 3575 1180 1013 3576 1179 1012 3577 1159 992 3578 1181 1014 3579 1188 1021 3580 1155 988 3581 1162 995 3582 1158 991 3583 1188 1021 3584 1193 1026 3585 1178 1011 3586 1180 1013 3587 1179 1012 3588 1160 993 3589 1159 992 3590 1194 1027 3591 1189 1022 3592 1193 1026 3593 1195 1028 3594 1189 1022 3595 1194 1027 3596 1183 1016 3597 1179 1012 3598 1178 1011 3599 1189 1022 3600 1178 1011 3601 1193 1026 3602 1195 1028 3603 1192 1025 3604 1190 1023 3605 1195 1028 3606 1190 1023 3607 1189 1022 3608 1185 1018 3609 1190 1023 3610 1192 1025 3611 1163 996 3612 1162 995 3613 1188 1021 3614 1172 1005 3615 1164 997 3616 1166 999 3617 1165 998 3618 1196 1029 3619 1159 992 3620 1188 1021 3621 1158 991 3622 1160 993 3623 1159 992 3624 1158 991 3625 1165 998 3626 1196 1029 3627 1197 1030 3628 1180 1013 3629 1180 1013 3630 1159 992 3631 1196 1029 3632 1193 1026 3633 1180 1013 3634 1197 1030 3635 1198 1031 3636 1193 1026 3637 1199 1032 3638 1193 1026 3639 1198 1031 3640 1194 1027 3641 1195 1028 3642 1194 1027 3643 1198 1031 3644 1169 1002 3645 1165 998 3646 1164 997 3647 1162 995 3648 1164 997 3649 1158 991 3650 1196 1029 3651 1165 998 3652 1169 1002 3653 1200 1033 3654 1201 1034 3655 1197 1030 3656 1200 1033 3657 1197 1030 3658 1196 1029 3659 1199 1032 3660 1193 1026 3661 1197 1030 3662 1201 1034 3663 1199 1032 3664 1197 1030 3665 1168 1001 3666 1167 1000 3667 1202 1035 3668 1168 1001 3669 1203 1036 3670 1169 1002 3671 1196 1029 3672 1169 1002 3673 1203 1036 3674 1203 1036 3675 1200 1033 3676 1196 1029 3677 1204 1037 3678 1205 1038 3679 1206 1039 3680 1207 1040 3681 1208 1041 3682 1206 1039 3683 1206 1039 3684 1205 1038 3685 1207 1040 3686 1208 1041 3687 1209 1042 3688 1210 1043 3689 1209 1042 3690 1208 1041 3691 1207 1040 3692 1211 1044 3693 1210 1043 3694 1212 1045 3695 1209 1042 3696 1212 1045 3697 1210 1043 3698 1213 1046 3699 1214 1047 3700 1211 1044 3701 1211 1044 3702 1212 1045 3703 1213 1046 3704 1215 1048 3705 1214 1047 3706 1213 1046 3707 1205 1038 3708 1204 1037 3709 1216 1049 3710 1217 1050 3711 1218 1051 3712 1215 1048 3713 1215 1048 3714 1218 1051 3715 1214 1047 3716 1219 1052 3717 1217 1050 3718 1215 1048 3719 1217 1050 3720 1219 1052 3721 1220 1053 3722 1221 1054 3723 1222 1055 3724 1220 1053 3725 1220 1053 3726 1219 1052 3727 1221 1054 3728 1222 1055 3729 1223 1056 3730 1224 1057 3731 1223 1056 3732 1222 1055 3733 1221 1054 3734 1225 1058 3735 1226 1059 3736 1223 1056 3737 1224 1057 3738 1223 1056 3739 1226 1059 3740 1225 1058 3741 1227 1060 3742 1228 1061 3743 1228 1061 3744 1226 1059 3745 1225 1058 3746 1229 1062 3747 1227 1060 3748 1230 1063 3749 1227 1060 3750 1229 1062 3751 1228 1061 3752 1229 1062 3753 1230 1063 3754 1231 1064 3755 1232 592 3756 1233 592 3757 1234 592 3758 1234 592 3759 1235 592 3760 1232 592 3761 1236 1065 3762 1237 1066 3763 1238 1067 3764 1239 1068 3765 1237 1066 3766 1240 1069 3767 1236 1065 3768 1240 1069 3769 1237 1066 3770 1238 1067 3771 1241 1070 3772 1236 1065 3773 1240 1069 3774 1242 1071 3775 1239 1068 3776 1238 1067 3777 1243 1072 3778 1241 1070 3779 1244 1073 3780 1241 1070 3781 1243 1072 3782 1245 1074 3783 1244 1073 3784 1243 1072 3785 1245 1074 3786 1246 1075 3787 1244 1073 3788 1247 1076 3789 1239 1068 3790 1242 1071 3791 1248 1077 3792 1247 1076 3793 1249 1078 3794 1247 1076 3795 1248 1077 3796 1239 1068 3797 1250 1079 3798 1251 1080 3799 1249 1078 3800 1248 1077 3801 1249 1078 3802 1251 1080 3803 1252 1081 3804 1253 1082 3805 1251 1080 3806 1251 1080 3807 1250 1079 3808 1252 1081 3809 1254 1083 3810 1255 1084 3811 1253 1082 3812 1254 1083 3813 1253 1082 3814 1252 1081 3815 1256 1085 3816 1255 1084 3817 1257 1086 3818 1255 1084 3819 1256 1085 3820 1253 1082 3821 1256 1085 3822 1257 1086 3823 1258 1087 3824 1258 1087 3825 1257 1086 3826 1259 1088 3827 1260 1089 3828 1261 1090 3829 1262 1091 3830 1263 1092 3831 1260 1089 3832 1262 1091 3833 1263 1092 3834 1264 1093 3835 1265 1094 3836 1263 1092 3837 1262 1091 3838 1264 1093 3839 1266 1095 3840 1261 1090 3841 1260 1089 3842 1267 1096 3843 1268 1097 3844 1269 1098 3845 1267 1096 3846 1269 1098 3847 1265 1094 3848 1269 1098 3849 1268 1097 3850 1270 1099 3851 1270 1099 3852 1268 1097 3853 1271 1100 3854 1265 1094 3855 1264 1093 3856 1267 1096 3857 1266 1095 3858 1272 1101 3859 1261 1090 3860 1273 1102 3861 1274 1103 3862 1272 1101 3863 1272 1101 3864 1266 1095 3865 1273 1102 3866 1275 1104 3867 1274 1103 3868 1276 1105 3869 1273 1102 3870 1276 1105 3871 1274 1103 3872 1275 1104 3873 1277 1106 3874 1278 1107 3875 1277 1106 3876 1275 1104 3877 1276 1105 3878 1278 1107 3879 1277 1106 3880 1279 1108 3881 1278 1107 3882 1279 1108 3883 1280 1109 3884 1279 1108 3885 1281 1110 3886 1280 1109 3887 1282 1111 3888 1283 1112 3889 1284 1113 3890 1285 1114 3891 1286 1115 3892 1287 1116 3893 1288 1117 3894 1283 1112 3895 1282 1111 3896 1284 1113 3897 1289 1118 3898 1282 1111 3899 1288 1117 3900 1290 1119 3901 1291 1120 3902 1291 1120 3903 1283 1112 3904 1288 1117 3905 1291 1120 3906 1292 1121 3907 1293 1122 3908 1292 1121 3909 1291 1120 3910 1290 1119 3911 1294 1123 3912 1293 1122 3913 1295 1124 3914 1292 1121 3915 1295 1124 3916 1293 1122 3917 1296 1125 3918 1297 1126 3919 1294 1123 3920 1294 1123 3921 1295 1124 3922 1296 1125 3923 1298 1127 3924 1297 1126 3925 1296 1125 3926 1299 1128 3927 1289 1118 3928 1284 1113 3929 1300 1129 3930 1289 1118 3931 1299 1128 3932 1301 1130 3933 1299 1128 3934 1302 1131 3935 1299 1128 3936 1301 1130 3937 1300 1129 3938 1303 1132 3939 1304 1133 3940 1302 1131 3941 1301 1130 3942 1302 1131 3943 1304 1133 3944 1303 1132 3945 1305 1134 3946 1306 1135 3947 1306 1135 3948 1304 1133 3949 1303 1132 3950 1307 1136 3951 1305 1134 3952 1287 1116 3953 1305 1134 3954 1307 1136 3955 1306 1135 3956 1307 1136 3957 1287 1116 3958 1286 1115 3959 1285 1114 3960 1308 1137 3961 1309 1138 3962 1285 1114 3963 1309 1138 3964 1286 1115 3965 1310 1139 3966 1311 1140 3967 1312 1141 3968 1310 1139 3969 1313 1142 3970 1314 1143 3971 1314 1143 3972 1311 1140 3973 1310 1139 3974 1315 1144 3975 1313 1142 3976 1316 1145 3977 1313 1142 3978 1315 1144 3979 1314 1143 3980 1317 1146 3981 1318 1147 3982 1316 1145 3983 1315 1144 3984 1316 1145 3985 1318 1147 3986 1317 1146 3987 1319 1148 3988 1320 1149 3989 1320 1149 3990 1318 1147 3991 1317 1146 3992 1319 1148 3993 1321 1150 3994 1320 1149 3995 1322 1151 3996 1312 1141 3997 1311 1140 3998 1323 1152 3999 1322 1151 4000 1324 1153 4001 1322 1151 4002 1323 1152 4003 1312 1141 4004 1325 1154 4005 1326 1155 4006 1324 1153 4007 1323 1152 4008 1324 1153 4009 1326 1155 4010 1325 1154 4011 1327 1156 4012 1328 1157 4013 1328 1157 4014 1326 1155 4015 1325 1154 4016 1329 1158 4017 1327 1156 4018 1330 1159 4019 1327 1156 4020 1329 1158 4021 1328 1157 4022 1329 1158 4023 1330 1159 4024 1331 1160 4025 1332 1161 4026 1333 1162 4027 1334 1163 4028 1335 1164 4029 1336 1165 4030 1334 1163 4031 1332 1161 4032 1334 1163 4033 1336 1165 4034 1335 1164 4035 1337 1166 4036 1338 1167 4037 1338 1167 4038 1336 1165 4039 1335 1164 4040 1339 1168 4041 1337 1166 4042 1340 1169 4043 1337 1166 4044 1339 1168 4045 1338 1167 4046 1341 1170 4047 1342 1171 4048 1340 1169 4049 1339 1168 4050 1340 1169 4051 1342 1171 4052 1343 1172 4053 1342 1171 4054 1341 1170 4055 1344 1173 4056 1333 1162 4057 1332 1161 4058 1345 1174 4059 1344 1173 4060 1346 1175 4061 1344 1173 4062 1345 1174 4063 1333 1162 4064 1347 1176 4065 1348 1177 4066 1346 1175 4067 1345 1174 4068 1346 1175 4069 1348 1177 4070 1347 1176 4071 1349 1178 4072 1350 1179 4073 1350 1179 4074 1348 1177 4075 1347 1176 4076 1351 1180 4077 1349 1178 4078 1352 1181 4079 1349 1178 4080 1351 1180 4081 1350 1179 4082 1351 1180 4083 1352 1181 4084 1353 1182 4085 1354 1183 4086 1355 1184 4087 1356 1185 4088 1357 1186 4089 1354 1183 4090 1356 1185 4091 1354 1183 4092 1358 1187 4093 1355 1184 4094 1359 1188 4095 1360 1189 4096 1361 1190 4097 1357 1186 4098 1356 1185 4099 1362 1191 4100 1363 1192 4101 1359 1188 4102 1361 1190 4103 1364 1193 4104 1355 1184 4105 1358 1187 4106 1365 1194 4107 1360 1189 4108 1362 1191 4109 1366 1195 4110 1367 1196 4111 1368 1197 4112 1355 1184 4113 1369 1198 4114 1370 1199 4115 1367 1196 4116 1371 1200 4117 1372 1201 4118 1373 1202 4119 1374 1203 4120 1375 1204 4121 1376 1205 4122 1377 1206 4123 1371 1200 4124 1375 1204 4125 1378 1207 4126 1368 1197 4127 1379 1208 4128 1380 1209 4129 1381 1210 4130 1382 1211 4131 1380 1209 4132 1383 1212 4133 1381 1210 4134 1380 1209 4135 1382 1211 4136 1355 1184 4137 1384 1213 4138 1369 1198 4139 1385 1214 4140 1386 1215 4141 1387 1216 4142 1388 1217 4143 1387 1216 4144 1386 1215 4145 1369 1198 4146 1385 1214 4147 1389 1218 4148 1388 1217 4149 1390 1219 4150 1387 1216 4151 1391 1220 4152 1389 1218 4153 1387 1216 4154 1392 1221 4155 1393 1222 4156 1394 1223 4157 1395 1224 4158 1396 1225 4159 1397 1226 4160 1395 1224 4161 1398 1227 4162 1399 1228 4163 1393 1222 4164 1400 1229 4165 1401 1230 4166 1402 1231 4167 1395 1224 4168 1399 1228 4169 1401 1230 4170 1403 1232 4171 1404 1233 4172 1359 1188 4173 1357 1186 4174 1362 1191 4175 1361 1190 4176 1405 1234 4177 1363 1192 4178 1363 1192 4179 1357 1186 4180 1359 1188 4181 1360 1189 4182 1359 1188 4183 1362 1191 4184 1406 1235 4185 1361 1190 4186 1360 1189 4187 1384 1213 4188 1366 1195 4189 1368 1197 4190 1384 1213 4191 1355 1184 4192 1364 1193 4193 1356 1185 4194 1370 1199 4195 1407 1236 4196 1370 1199 4197 1356 1185 4198 1355 1184 4199 1407 1236 4200 1365 1194 4201 1362 1191 4202 1408 1237 4203 1406 1235 4204 1360 1189 4205 1384 1213 4206 1378 1207 4207 1385 1214 4208 1384 1213 4209 1364 1193 4210 1366 1195 4211 1368 1197 4212 1367 1196 4213 1375 1204 4214 1387 1216 4215 1389 1218 4216 1385 1214 4217 1368 1197 4218 1378 1207 4219 1384 1213 4220 1365 1194 4221 1407 1236 4222 1409 1238 4223 1385 1214 4224 1369 1198 4225 1384 1213 4226 1370 1199 4227 1369 1198 4228 1389 1218 4229 1365 1194 4230 1408 1237 4231 1360 1189 4232 1356 1185 4233 1407 1236 4234 1362 1191 4235 1407 1236 4236 1410 1239 4237 1409 1238 4238 1411 1240 4239 1408 1237 4240 1365 1194 4241 1373 1202 4242 1412 1241 4243 1413 1242 4244 1372 1201 4245 1375 1204 4246 1367 1196 4247 1377 1206 4248 1414 1243 4249 1372 1201 4250 1374 1203 4251 1386 1215 4252 1378 1207 4253 1373 1202 4254 1375 1204 4255 1372 1201 4256 1388 1217 4257 1396 1225 4258 1415 1244 4259 1375 1204 4260 1374 1203 4261 1378 1207 4262 1389 1218 4263 1410 1239 4264 1370 1199 4265 1385 1214 4266 1378 1207 4267 1386 1215 4268 1416 1245 4269 1409 1238 4270 1417 1246 4271 1409 1238 4272 1411 1240 4273 1365 1194 4274 1370 1199 4275 1410 1239 4276 1407 1236 4277 1410 1239 4278 1391 1220 4279 1417 1246 4280 1416 1245 4281 1411 1240 4282 1409 1238 4283 1371 1200 4284 1377 1206 4285 1372 1201 4286 1383 1212 4287 1377 1206 4288 1376 1205 4289 1418 1247 4290 1419 1248 4291 1379 1208 4292 1414 1243 4293 1373 1202 4294 1372 1201 4295 1377 1206 4296 1420 1249 4297 1414 1243 4298 1413 1242 4299 1421 1250 4300 1374 1203 4301 1414 1243 4302 1412 1241 4303 1373 1202 4304 1386 1215 4305 1421 1250 4306 1388 1217 4307 1413 1242 4308 1374 1203 4309 1373 1202 4310 1421 1250 4311 1396 1225 4312 1388 1217 4313 1386 1215 4314 1374 1203 4315 1421 1250 4316 1422 1251 4317 1417 1246 4318 1423 1252 4319 1410 1239 4320 1417 1246 4321 1409 1238 4322 1389 1218 4323 1391 1220 4324 1410 1239 4325 1391 1220 4326 1390 1219 4327 1423 1252 4328 1416 1245 4329 1417 1246 4330 1422 1251 4331 1377 1206 4332 1380 1209 4333 1420 1249 4334 1383 1212 4335 1380 1209 4336 1377 1206 4337 1418 1247 4338 1379 1208 4339 1381 1210 4340 1414 1243 4341 1420 1249 4342 1412 1241 4343 1420 1249 4344 1379 1208 4345 1419 1248 4346 1419 1248 4347 1418 1247 4348 1424 1253 4349 1412 1241 4350 1420 1249 4351 1419 1248 4352 1421 1250 4353 1397 1226 4354 1396 1225 4355 1413 1242 4356 1412 1241 4357 1425 1254 4358 1395 1224 4359 1402 1231 4360 1396 1225 4361 1421 1250 4362 1413 1242 4363 1397 1226 4364 1426 1255 4365 1423 1252 4366 1427 1256 4367 1391 1220 4368 1423 1252 4369 1417 1246 4370 1387 1216 4371 1390 1219 4372 1391 1220 4373 1390 1219 4374 1415 1244 4375 1427 1256 4376 1422 1251 4377 1423 1252 4378 1426 1255 4379 1428 1257 4380 1424 1253 4381 1418 1247 4382 1380 1209 4383 1379 1208 4384 1420 1249 4385 1429 1258 4386 1424 1253 4387 1428 1257 4388 1412 1241 4389 1419 1248 4390 1425 1254 4391 1430 1259 4392 1431 1260 4393 1429 1258 4394 1413 1242 4395 1425 1254 4396 1397 1226 4397 1425 1254 4398 1419 1248 4399 1429 1258 4400 1432 1261 4401 1398 1227 4402 1395 1224 4403 1432 1261 4404 1397 1226 4405 1425 1254 4406 1433 1262 4407 1427 1256 4408 1392 1221 4409 1390 1219 4410 1427 1256 4411 1423 1252 4412 1388 1217 4413 1415 1244 4414 1390 1219 4415 1415 1244 4416 1402 1231 4417 1392 1221 4418 1426 1255 4419 1427 1256 4420 1433 1262 4421 1429 1258 4422 1428 1257 4423 1430 1259 4424 1419 1248 4425 1424 1253 4426 1429 1258 4427 1434 1263 4428 1431 1260 4429 1430 1259 4430 1425 1254 4431 1429 1258 4432 1432 1261 4433 1429 1258 4434 1431 1260 4435 1432 1261 4436 1397 1226 4437 1432 1261 4438 1395 1224 4439 1432 1261 4440 1431 1260 4441 1398 1227 4442 1400 1229 4443 1393 1222 4444 1399 1228 4445 1415 1244 4446 1392 1221 4447 1427 1256 4448 1396 1225 4449 1402 1231 4450 1415 1244 4451 1402 1231 4452 1399 1228 4453 1393 1222 4454 1433 1262 4455 1392 1221 4456 1394 1223 4457 1434 1263 4458 1435 1264 4459 1431 1260 4460 1431 1260 4461 1435 1264 4462 1398 1227 4463 1435 1264 4464 1436 1265 4465 1398 1227 4466 1400 1229 4467 1399 1228 4468 1398 1227 4469 1398 1227 4470 1436 1265 4471 1400 1229 4472 1402 1231 4473 1393 1222 4474 1392 1221 4475 1401 1230 4476 1400 1229 4477 1403 1232 4478 1394 1223 4479 1393 1222 4480 1437 1266 4481 1436 1265 4482 1403 1232 4483 1400 1229 4484 1393 1222 4485 1401 1230 4486 1437 1266 4487 1438 1267 4488 1439 1267 4489 1440 1267 4490 1441 1267 4491 1438 1267 4492 1442 1267 4493 1443 1267 4494 1444 1267 4495 1438 1267 4496 1443 1268 4497 1438 1268 4498 1440 1268 4499 1445 1267 4500 1446 1267 4501 1447 1267 4502 1448 1267 4503 1438 1267 4504 1444 1267 4505 1449 1267 4506 1450 1267 4507 1451 1267 4508 1452 1269 4509 1453 1269 4510 1454 1269 4511 1438 1270 4512 1455 1270 4513 1456 1270 4514 1448 1271 4515 1455 1271 4516 1438 1271 4517 1457 1267 4518 1458 1267 4519 1459 1267 4520 1438 1272 4521 1460 1272 4522 1442 1272 4523 1456 1267 4524 1460 1267 4525 1438 1267 4526 1461 1273 4527 1462 1273 4528 1441 1273 4529 1461 1267 4530 1441 1267 4531 1442 1267 4532 1452 1267 4533 1463 1267 4534 1464 1267 4535 1465 1274 4536 1441 1274 4537 1462 1274 4538 1466 1267 4539 1467 1267 4540 1468 1267 4541 1469 1267 4542 1468 1267 4543 1470 1267 4544 1471 1267 4545 1472 1267 4546 1473 1267 4547 1474 1267 4548 1475 1267 4549 1476 1267 4550 1477 1267 4551 1478 1267 4552 1479 1267 4553 1480 1267 4554 1481 1267 4555 1482 1267 4556 1478 1275 4557 1483 1275 4558 1484 1275 4559 1485 1267 4560 1486 1267 4561 1487 1267 4562 1485 1276 4563 1487 1276 4564 1477 1276 4565 1488 1267 4566 1489 1267 4567 1481 1267 4568 1482 1267 4569 1486 1267 4570 1480 1267 4571 1490 1277 4572 1491 1277 4573 1492 1277 4574 1488 1278 4575 1493 1278 4576 1494 1278 4577 1495 1279 4578 1496 1279 4579 1497 1279 4580 1498 1280 4581 1452 1280 4582 1454 1280 4583 1453 1281 4584 1494 1281 4585 1493 1281 4586 1499 1282 4587 1500 1282 4588 1501 1282 4589 1457 1267 4590 1502 1267 4591 1503 1267 4592 1504 1283 4593 1505 1283 4594 1506 1283 4595 1484 1284 4596 1483 1284 4597 1507 1284 4598 1503 1285 4599 1508 1285 4600 1457 1285 4601 1466 1267 4602 1509 1267 4603 1510 1267 4604 1511 1267 4605 1512 1267 4606 1513 1267 4607 1513 1286 4608 1514 1286 4609 1511 1286 4610 1515 1267 4611 1473 1267 4612 1516 1267 4613 1471 1267 4614 1468 1267 4615 1469 1267 4616 1516 1267 4617 1514 1267 4618 1515 1267 4619 1517 1267 4620 1518 1267 4621 1519 1267 4622 1509 1287 4623 1520 1287 4624 1521 1287 4625 1466 1288 4626 1522 1288 4627 1467 1288 4628 1523 1267 4629 1524 1267 4630 1525 1267 4631 1526 1289 4632 1527 1289 4633 1528 1289 4634 1529 1267 4635 1530 1267 4636 1531 1267 4637 1520 1290 4638 1509 1290 4639 1531 1290 4640 1532 1291 4641 1533 1291 4642 1505 1291 4643 1529 1292 4644 1531 1292 4645 1504 1292 4646 1474 1267 4647 1533 1267 4648 1532 1267 4649 1534 1267 4650 1441 1267 4651 1465 1267 4652 1535 1293 4653 1536 1293 4654 1512 1293 4655 1475 1267 4656 1464 1267 4657 1476 1267 4658 1536 1294 4659 1535 1294 4660 1537 1294 4661 1538 1295 4662 1507 1295 4663 1539 1295 4664 1537 1296 4665 1540 1296 4666 1536 1296 4667 1541 1297 4668 1542 1297 4669 1543 1297 4670 1544 1267 4671 1540 1267 4672 1545 1267 4673 1543 1267 4674 1546 1267 4675 1547 1267 4676 1548 1298 4677 1544 1298 4678 1545 1298 4679 1549 1299 4680 1550 1299 4681 1551 1299 4682 1548 1267 4683 1441 1267 4684 1544 1267 4685 1552 1267 4686 1553 1267 4687 1554 1267 4688 1555 1267 4689 1544 1267 4690 1441 1267 4691 1551 1300 4692 1556 1300 4693 1549 1300 4694 1557 1267 4695 1558 1267 4696 1441 1267 4697 1557 1267 4698 1441 1267 4699 1548 1267 4700 1559 1267 4701 1560 1267 4702 1441 1267 4703 1559 1267 4704 1441 1267 4705 1558 1267 4706 1561 1301 4707 1562 1301 4708 1441 1301 4709 1561 1302 4710 1441 1302 4711 1560 1302 4712 1441 1303 4713 1562 1303 4714 1563 1303 4715 1563 1304 4716 1490 1304 4717 1441 1304 4718 1490 1305 4719 1564 1305 4720 1565 1305 4721 1563 1306 4722 1564 1306 4723 1490 1306 4724 1490 1307 4725 1566 1307 4726 1567 1307 4727 1565 1308 4728 1566 1308 4729 1490 1308 4730 1568 1267 4731 1569 1267 4732 1570 1267 4733 1570 1267 4734 1571 1267 4735 1568 1267 4736 1572 1267 4737 1573 1267 4738 1574 1267 4739 1575 1267 4740 1576 1267 4741 1577 1267 4742 1578 1309 4743 1579 1309 4744 1580 1309 4745 1581 1310 4746 1582 1310 4747 1583 1310 4748 1584 1311 4749 1585 1311 4750 1586 1311 4751 1587 1267 4752 1588 1267 4753 1589 1267 4754 1586 1312 4755 1585 1312 4756 1590 1312 4757 1591 1313 4758 1519 1313 4759 1584 1313 4760 1588 1267 4761 1587 1267 4762 1592 1267 4763 1589 1267 4764 1518 1267 4765 1517 1267 4766 1523 1267 4767 1525 1267 4768 1581 1267 4769 1524 1314 4770 1593 1314 4771 1592 1314 4772 1582 1267 4773 1581 1267 4774 1594 1267 4775 1583 1267 4776 1595 1267 4777 1596 1267 4778 1597 1267 4779 1590 1267 4780 1598 1267 4781 1599 1267 4782 1527 1267 4783 1600 1267 4784 1599 1315 4785 1600 1315 4786 1596 1315 4787 1579 1267 4788 1601 1267 4789 1580 1267 4790 1526 1267 4791 1528 1267 4792 1601 1267 4793 1572 1316 4794 1602 1316 4795 1576 1316 4796 1575 1267 4797 1598 1267 4798 1590 1267 4799 1578 1267 4800 1603 1267 4801 1604 1267 4802 1567 1267 4803 1568 1267 4804 1571 1267 4805 1605 1317 4806 1606 1317 4807 1607 1317 4808 1608 1267 4809 1609 1267 4810 1610 1267 4811 1606 1318 4812 1605 1318 4813 1611 1318 4814 1612 1319 4815 1613 1319 4816 1614 1319 4817 1611 1320 4818 1615 1320 4819 1606 1320 4820 1612 1267 4821 1616 1267 4822 1617 1267 4823 1618 1267 4824 1619 1267 4825 1620 1267 4826 1621 1321 4827 1491 1321 4828 1490 1321 4829 1490 1322 4830 1622 1322 4831 1623 1322 4832 1624 1323 4833 1490 1323 4834 1625 1323 4835 1626 1324 4836 1490 1324 4837 1492 1324 4838 1627 1267 4839 1628 1267 4840 1490 1267 4841 1490 1267 4842 1624 1267 4843 1627 1267 4844 1627 1325 4845 1629 1325 4846 1628 1325 4847 1630 1326 4848 1631 1326 4849 1628 1326 4850 1630 1327 4851 1628 1327 4852 1629 1327 4853 1632 1328 4854 1633 1328 4855 1628 1328 4856 1632 1329 4857 1628 1329 4858 1631 1329 4859 1634 1330 4860 1635 1330 4861 1636 1330 4862 1637 1267 4863 1638 1267 4864 1639 1267 4865 1640 1267 4866 1641 1267 4867 1642 1267 4868 1643 1331 4869 1644 1331 4870 1645 1331 4871 1646 1267 4872 1647 1267 4873 1648 1267 4874 1649 1267 4875 1650 1267 4876 1651 1267 4877 1652 1267 4878 1653 1267 4879 1654 1267 4880 1655 1332 4881 1656 1332 4882 1657 1332 4883 1658 1333 4884 1659 1333 4885 1660 1333 4886 1497 1267 4887 1661 1267 4888 1495 1267 4889 1502 1334 4890 1499 1334 4891 1662 1334 4892 1663 1335 4893 1661 1335 4894 1664 1335 4895 1665 1267 4896 1666 1267 4897 1655 1267 4898 1666 1336 4899 1664 1336 4900 1655 1336 4901 1667 1337 4902 1656 1337 4903 1658 1337 4904 1657 1267 4905 1656 1267 4906 1668 1267 4907 1669 1338 4908 1670 1338 4909 1649 1338 4910 1659 1267 4911 1670 1267 4912 1671 1267 4913 1650 1267 4914 1672 1267 4915 1673 1267 4916 1674 1267 4917 1675 1267 4918 1496 1267 4919 1676 1339 4920 1677 1339 4921 1654 1339 4922 1678 1340 4923 1672 1340 4924 1677 1340 4925 1644 1267 4926 1679 1267 4927 1645 1267 4928 1644 1267 4929 1680 1267 4930 1679 1267 4931 1681 1267 4932 1648 1267 4933 1647 1267 4934 1674 1341 4935 1681 1341 4936 1675 1341 4937 1682 1267 4938 1643 1267 4939 1645 1267 4940 1643 1267 4941 1682 1267 4942 1683 1267 4943 1638 1267 4944 1683 1267 4945 1682 1267 4946 1684 1267 4947 1685 1267 4948 1686 1267 4949 1638 1267 4950 1637 1267 4951 1683 1267 4952 1642 1267 4953 1641 1267 4954 1687 1267 4955 1688 1342 4956 1689 1342 4957 1639 1342 4958 1628 1343 4959 1690 1343 4960 1691 1343 4961 1628 1344 4962 1692 1344 4963 1693 1344 4964 1691 1267 4965 1692 1267 4966 1628 1267 4967 1694 1267 4968 1695 1267 4969 1696 1267 4970 1697 1345 4971 1628 1345 4972 1693 1345 4973 1698 1267 4974 1699 1267 4975 1700 1267 4976 1446 1346 4977 1445 1346 4978 1701 1346 4979 1702 1267 4980 1703 1267 4981 1704 1267 4982 1705 1347 4983 1706 1347 4984 1707 1347 4985 1449 1348 4986 1708 1348 4987 1709 1348 4988 1710 1349 4989 1711 1349 4990 1449 1349 4991 1712 1267 4992 1713 1267 4993 1714 1267 4994 1715 1267 4995 1716 1267 4996 1717 1267 4997 1718 1267 4998 1719 1267 4999 1720 1267 5000 1721 1350 5001 1722 1350 5002 1723 1350 5003 1724 1351 5004 1725 1351 5005 1726 1351 5006 1722 1352 5007 1727 1352 5008 1728 1352 5009 1499 1267 5010 1729 1267 5011 1500 1267 5012 1730 1267 5013 1731 1267 5014 1701 1267 5015 1458 1353 5016 1447 1353 5017 1459 1353 5018 1508 1267 5019 1458 1267 5020 1457 1267 5021 1459 1267 5022 1447 1267 5023 1446 1267 5024 1446 1354 5025 1701 1354 5026 1731 1354 5027 1725 1267 5028 1732 1267 5029 1730 1267 5030 1731 1267 5031 1730 1267 5032 1732 1267 5033 1726 1355 5034 1733 1355 5035 1716 1355 5036 1724 1356 5037 1732 1356 5038 1725 1356 5039 1712 1267 5040 1734 1267 5041 1735 1267 5042 1736 1267 5043 1737 1267 5044 1738 1267 5045 1739 1357 5046 1740 1357 5047 1720 1357 5048 1727 1358 5049 1741 1358 5050 1728 1358 5051 1721 1359 5052 1723 1359 5053 1740 1359 5054 1736 1360 5055 1742 1360 5056 1743 1360 5057 1727 1267 5058 1744 1267 5059 1745 1267 5060 1746 1267 5061 1747 1267 5062 1748 1267 5063 1718 1361 5064 1749 1361 5065 1719 1361 5066 1750 1362 5067 1709 1362 5068 1751 1362 5069 1752 1267 5070 1753 1267 5071 1729 1267 5072 1695 1363 5073 1754 1363 5074 1755 1363 5075 1754 1267 5076 1752 1267 5077 1755 1267 5078 1755 1267 5079 1696 1267 5080 1695 1267 5081 1449 1267 5082 1711 1267 5083 1708 1267 5084 1756 1364 5085 1450 1364 5086 1449 1364 5087 1449 1267 5088 1451 1267 5089 1704 1267 5090 1703 1365 5091 1757 1365 5092 1704 1365 5093 1758 1267 5094 1704 1267 5095 1759 1267 5096 1760 1267 5097 1707 1267 5098 1451 1267 5099 1761 1366 5100 1704 1366 5101 1762 1366 5102 1763 1267 5103 1764 1267 5104 1707 1267 5105 1707 1367 5106 1765 1367 5107 1766 1367 5108 1767 1267 5109 1707 1267 5110 1764 1267 5111 1705 1267 5112 1707 1267 5113 1767 1267 5114 1766 1368 5115 1763 1368 5116 1707 1368 5117 1707 1369 5118 1760 1369 5119 1765 1369 5120 1704 1267 5121 1768 1267 5122 1702 1267 5123 1707 1267 5124 1704 1267 5125 1451 1267 5126 1761 1267 5127 1759 1267 5128 1704 1267 5129 1762 1267 5130 1704 1267 5131 1757 1267 5132 1769 1267 5133 1449 1267 5134 1704 1267 5135 1704 1370 5136 1758 1370 5137 1769 1370 5138 1750 1371 5139 1770 1371 5140 1449 1371 5141 1756 1267 5142 1449 1267 5143 1770 1267 5144 1771 1267 5145 1772 1267 5146 1773 1267 5147 1774 1267 5148 1775 1267 5149 1776 1267 5150 1777 1372 5151 1773 1372 5152 1449 1372 5153 1778 1267 5154 1779 1267 5155 1780 1267 5156 1449 1373 5157 1781 1373 5158 1777 1373 5159 1782 1267 5160 1449 1267 5161 1783 1267 5162 1782 1267 5163 1781 1267 5164 1449 1267 5165 1449 1374 5166 1784 1374 5167 1785 1374 5168 1783 1267 5169 1449 1267 5170 1785 1267 5171 1449 1375 5172 1697 1375 5173 1784 1375 5174 1449 1376 5175 1628 1376 5176 1697 1376 5177 1490 1377 5178 1626 1377 5179 1625 1377 5180 1786 1267 5181 1787 1267 5182 1788 1267 5183 1441 1267 5184 1789 1267 5185 1788 1267 5186 1788 1378 5187 1790 1378 5188 1791 1378 5189 1788 1379 5190 1792 1379 5191 1793 1379 5192 1794 1267 5193 1788 1267 5194 1791 1267 5195 1794 1380 5196 1795 1380 5197 1788 1380 5198 1787 1267 5199 1792 1267 5200 1788 1267 5201 1788 1267 5202 1793 1267 5203 1790 1267 5204 1789 1267 5205 1786 1267 5206 1788 1267 5207 1788 1267 5208 1438 1267 5209 1441 1267 5210 1796 1381 5211 1797 1381 5212 1798 1381 5213 1603 1382 5214 1607 1382 5215 1604 1382 5216 1799 1267 5217 1490 1267 5218 1571 1267 5219 1567 1267 5220 1571 1267 5221 1490 1267 5222 1615 1383 5223 1611 1383 5224 1621 1383 5225 1800 1267 5226 1490 1267 5227 1801 1267 5228 1490 1384 5229 1799 1384 5230 1801 1384 5231 1802 1267 5232 1490 1267 5233 1803 1267 5234 1490 1385 5235 1800 1385 5236 1803 1385 5237 1623 1267 5238 1615 1267 5239 1490 1267 5240 1490 1386 5241 1802 1386 5242 1622 1386 5243 1490 1387 5244 1615 1387 5245 1621 1387 5246 1607 1388 5247 1603 1388 5248 1605 1388 5249 1579 1267 5250 1578 1267 5251 1604 1267 5252 1528 1267 5253 1580 1267 5254 1601 1267 5255 1527 1389 5256 1526 1389 5257 1600 1389 5258 1599 1267 5259 1596 1267 5260 1595 1267 5261 1595 1390 5262 1583 1390 5263 1582 1390 5264 1594 1267 5265 1581 1267 5266 1525 1267 5267 1523 1267 5268 1593 1267 5269 1524 1267 5270 1593 1267 5271 1588 1267 5272 1592 1267 5273 1588 1267 5274 1518 1267 5275 1589 1267 5276 1519 1391 5277 1591 1391 5278 1517 1391 5279 1519 1267 5280 1585 1267 5281 1584 1267 5282 1590 1267 5283 1597 1267 5284 1586 1267 5285 1590 1392 5286 1576 1392 5287 1575 1392 5288 1602 1267 5289 1572 1267 5290 1804 1267 5291 1577 1267 5292 1576 1267 5293 1602 1267 5294 1796 1267 5295 1574 1267 5296 1573 1267 5297 1574 1267 5298 1804 1267 5299 1572 1267 5300 1608 1267 5301 1798 1267 5302 1797 1267 5303 1797 1393 5304 1796 1393 5305 1573 1393 5306 1609 1394 5307 1613 1394 5308 1610 1394 5309 1608 1395 5310 1610 1395 5311 1798 1395 5312 1614 1267 5313 1616 1267 5314 1612 1267 5315 1609 1396 5316 1614 1396 5317 1613 1396 5318 1616 1267 5319 1618 1267 5320 1617 1267 5321 1620 1397 5322 1619 1397 5323 1569 1397 5324 1617 1267 5325 1618 1267 5326 1620 1267 5327 1570 1267 5328 1569 1267 5329 1619 1267 5330 1749 1398 5331 1751 1398 5332 1709 1398 5333 1753 1399 5334 1805 1399 5335 1729 1399 5336 1735 1400 5337 1734 1400 5338 1744 1400 5339 1502 1267 5340 1662 1267 5341 1503 1267 5342 1499 1401 5343 1501 1401 5344 1662 1401 5345 1729 1402 5346 1805 1402 5347 1500 1402 5348 1729 1267 5349 1755 1267 5350 1752 1267 5351 1806 1403 5352 1696 1403 5353 1807 1403 5354 1696 1404 5355 1806 1404 5356 1694 1404 5357 1775 1267 5358 1774 1267 5359 1807 1267 5360 1806 1267 5361 1807 1267 5362 1774 1267 5363 1776 1405 5364 1775 1405 5365 1778 1405 5366 1808 1267 5367 1780 1267 5368 1779 1267 5369 1780 1406 5370 1776 1406 5371 1778 1406 5372 1808 1407 5373 1698 1407 5374 1700 1407 5375 1698 1267 5376 1808 1267 5377 1779 1267 5378 1699 1408 5379 1771 1408 5380 1700 1408 5381 1699 1267 5382 1772 1267 5383 1771 1267 5384 1449 1409 5385 1773 1409 5386 1809 1409 5387 1772 1410 5388 1809 1410 5389 1773 1410 5390 1449 1411 5391 1810 1411 5392 1710 1411 5393 1449 1412 5394 1809 1412 5395 1810 1412 5396 1750 1267 5397 1449 1267 5398 1709 1267 5399 1718 1267 5400 1751 1267 5401 1749 1267 5402 1720 1413 5403 1719 1413 5404 1739 1413 5405 1740 1414 5406 1739 1414 5407 1721 1414 5408 1723 1415 5409 1722 1415 5410 1728 1415 5411 1741 1267 5412 1727 1267 5413 1745 1267 5414 1744 1416 5415 1727 1416 5416 1735 1416 5417 1712 1417 5418 1735 1417 5419 1713 1417 5420 1742 1418 5421 1714 1418 5422 1713 1418 5423 1737 1267 5424 1736 1267 5425 1743 1267 5426 1743 1267 5427 1742 1267 5428 1713 1267 5429 1737 1419 5430 1746 1419 5431 1738 1419 5432 1747 1420 5433 1715 1420 5434 1748 1420 5435 1737 1267 5436 1747 1267 5437 1746 1267 5438 1717 1421 5439 1716 1421 5440 1733 1421 5441 1748 1422 5442 1715 1422 5443 1717 1422 5444 1726 1267 5445 1716 1267 5446 1724 1267 5447 1646 1423 5448 1684 1423 5449 1647 1423 5450 1689 1424 5451 1637 1424 5452 1639 1424 5453 1658 1267 5454 1670 1267 5455 1659 1267 5456 1689 1267 5457 1688 1267 5458 1811 1267 5459 1642 1267 5460 1811 1267 5461 1640 1267 5462 1811 1425 5463 1688 1425 5464 1640 1425 5465 1812 1267 5466 1686 1267 5467 1685 1267 5468 1634 1426 5469 1636 1426 5470 1687 1426 5471 1687 1427 5472 1641 1427 5473 1634 1427 5474 1635 1267 5475 1813 1267 5476 1633 1267 5477 1635 1428 5478 1634 1428 5479 1813 1428 5480 1686 1267 5481 1812 1267 5482 1814 1267 5483 1815 1267 5484 1628 1267 5485 1813 1267 5486 1633 1267 5487 1813 1267 5488 1628 1267 5489 1816 1429 5490 1628 1429 5491 1817 1429 5492 1628 1430 5493 1815 1430 5494 1817 1430 5495 1690 1431 5496 1814 1431 5497 1812 1431 5498 1818 1432 5499 1628 1432 5500 1819 1432 5501 1628 1433 5502 1816 1433 5503 1819 1433 5504 1820 1267 5505 1628 1267 5506 1821 1267 5507 1628 1434 5508 1818 1434 5509 1821 1434 5510 1690 1267 5511 1628 1267 5512 1814 1267 5513 1628 1435 5514 1822 1435 5515 1814 1435 5516 1628 1436 5517 1820 1436 5518 1822 1436 5519 1684 1437 5520 1646 1437 5521 1685 1437 5522 1674 1267 5523 1648 1267 5524 1681 1267 5525 1496 1438 5526 1675 1438 5527 1497 1438 5528 1495 1267 5529 1661 1267 5530 1663 1267 5531 1663 1267 5532 1664 1267 5533 1666 1267 5534 1665 1439 5535 1655 1439 5536 1657 1439 5537 1668 1267 5538 1656 1267 5539 1667 1267 5540 1667 1267 5541 1658 1267 5542 1660 1267 5543 1671 1440 5544 1670 1440 5545 1669 1440 5546 1669 1267 5547 1649 1267 5548 1823 1267 5549 1824 1441 5550 1651 1441 5551 1650 1441 5552 1651 1267 5553 1823 1267 5554 1649 1267 5555 1672 1442 5556 1678 1442 5557 1673 1442 5558 1650 1443 5559 1673 1443 5560 1824 1443 5561 1677 1444 5562 1825 1444 5563 1678 1444 5564 1676 1445 5565 1654 1445 5566 1653 1445 5567 1825 1446 5568 1677 1446 5569 1676 1446 5570 1653 1447 5571 1652 1447 5572 1680 1447 5573 1679 1448 5574 1680 1448 5575 1652 1448 5576 1826 1267 5577 1827 1267 5578 1553 1267 5579 1540 1449 5580 1537 1449 5581 1545 1449 5582 1542 1267 5583 1539 1267 5584 1507 1267 5585 1511 1267 5586 1535 1267 5587 1512 1267 5588 1514 1450 5589 1513 1450 5590 1515 1450 5591 1516 1451 5592 1473 1451 5593 1472 1451 5594 1472 1267 5595 1471 1267 5596 1469 1267 5597 1470 1267 5598 1468 1267 5599 1467 1267 5600 1522 1267 5601 1466 1267 5602 1510 1267 5603 1510 1267 5604 1509 1267 5605 1521 1267 5606 1520 1267 5607 1531 1267 5608 1530 1267 5609 1529 1267 5610 1504 1267 5611 1506 1267 5612 1505 1452 5613 1504 1452 5614 1532 1452 5615 1474 1453 5616 1532 1453 5617 1475 1453 5618 1476 1454 5619 1464 1454 5620 1463 1454 5621 1463 1455 5622 1452 1455 5623 1498 1455 5624 1454 1267 5625 1453 1267 5626 1493 1267 5627 1494 1456 5628 1489 1456 5629 1488 1456 5630 1489 1267 5631 1482 1267 5632 1481 1267 5633 1482 1267 5634 1487 1267 5635 1486 1267 5636 1477 1267 5637 1479 1267 5638 1485 1267 5639 1477 1457 5640 1483 1457 5641 1478 1457 5642 1507 1267 5643 1538 1267 5644 1484 1267 5645 1541 1267 5646 1828 1267 5647 1542 1267 5648 1542 1458 5649 1828 1458 5650 1539 1458 5651 1541 1459 5652 1543 1459 5653 1829 1459 5654 1826 1460 5655 1547 1460 5656 1546 1460 5657 1547 1267 5658 1829 1267 5659 1543 1267 5660 1554 1267 5661 1553 1267 5662 1827 1267 5663 1827 1267 5664 1826 1267 5665 1546 1267 5666 1556 1267 5667 1552 1267 5668 1554 1267 5669 1830 1267 5670 1550 1267 5671 1549 1267 5672 1556 1461 5673 1551 1461 5674 1552 1461 5675 1441 1267 5676 1534 1267 5677 1830 1267 5678 1830 1462 5679 1534 1462 5680 1550 1462 5681 1831 1463 5682 1441 1463 5683 1832 1463 5684 1441 1464 5685 1830 1464 5686 1832 1464 5687 1555 1267 5688 1441 1267 5689 1833 1267 5690 1441 1465 5691 1831 1465 5692 1833 1465 5693 1834 592 5694 1835 592 5695 1836 592 5696 1834 592 5697 1837 592 5698 1835 592 5699 1838 1466 5700 1839 1467 5701 1840 1468 5702 1841 1469 5703 1839 1467 5704 1842 1470 5705 1838 1466 5706 1842 1470 5707 1839 1467 5708 1843 1471 5709 1844 1472 5710 1841 1469 5711 1841 1469 5712 1842 1470 5713 1843 1471 5714 1844 1472 5715 1845 1473 5716 1846 1474 5717 1845 1473 5718 1844 1472 5719 1843 1471 5720 1847 1475 5721 1846 1474 5722 1848 1476 5723 1845 1473 5724 1848 1476 5725 1846 1474 5726 1848 1476 5727 1849 1477 5728 1850 1478 5729 1850 1478 5730 1847 1475 5731 1848 1476 5732 1849 1477 5733 1851 1479 5734 1850 1478 5735 1849 1477 5736 1852 1480 5737 1851 1479 5738 1853 1481 5739 1851 1479 5740 1852 1480 5741 1854 1482 5742 1852 1480 5743 1855 1483 5744 1852 1480 5745 1854 1482 5746 1853 1481 5747 1855 1483 5748 1856 1484 5749 1857 1485 5750 1854 1482 5751 1855 1483 5752 1857 1485 5753 1856 1484 5754 1858 1486 5755 1859 1487 5756 1858 1486 5757 1856 1484 5758 1855 1483 5759 1858 1486 5760 1860 1488 5761 1859 1487 5762 1859 1487 5763 1860 1488 5764 1861 1489 5765 1862 1490 5766 1863 1491 5767 1864 1492 5768 1865 1493 5769 1866 1494 5770 1867 1495 5771 1868 1496 5772 1869 1497 5773 1870 1498 5774 1871 1499 5775 1872 1500 5776 1873 1501 5777 1874 1502 5778 1875 1503 5779 1876 1504 5780 1877 1505 5781 1878 1506 5782 1879 1507 5783 1880 1508 5784 1881 1509 5785 1882 1510 5786 1883 1511 5787 1884 1512 5788 1885 1513 5789 1886 1514 5790 1887 1515 5791 1888 1516 5792 1889 1517 5793 1890 1518 5794 1891 1519 5795 1892 1520 5796 1893 1521 5797 1894 1522 5798 1895 1523 5799 1896 1524 5800 1897 1525 5801 1898 1526 5802 1899 1527 5803 1900 1528 5804 1901 1529 5805 1902 1530 5806 1903 1531 5807 1904 1532 5808 1905 1533 5809 1906 1534 5810 1907 1535 5811 1908 1536 5812 1909 1537 5813 1910 1538 5814 1911 1539 5815 1912 1540 5816 1913 1541 5817 1914 1542 5818 1915 1543 5819 1916 1544 5820 1917 1545 5821 1918 1546 5822 1919 1547 5823 1920 1548 5824 1921 1549 5825 1922 1550 5826 1923 1551 5827 1924 1552 5828 1925 1553 5829 1926 1554 5830 1927 1555 5831 1928 1556 5832 1929 1557 5833 1930 1558 5834 1931 1559 5835 1932 1560 5836 1933 1561 5837 1934 1562 5838 1935 1563 5839 1936 1564 5840 1937 1565 5841 1938 1566 5842 1939 1567 5843 1940 1568 5844 1941 1569 5845 1942 1570 5846 1943 1571 5847 1944 1572 5848 1945 1573 5849 1946 1574 5850 1947 1575 5851 1941 1569 5852 1942 1570 5853 1941 1569 5854 1947 1575 5855 1948 1576 5856 1946 1574 5857 1949 1577 5858 1946 1574 5859 1948 1576 5860 1947 1575 5861 1949 1577 5862 1950 1578 5863 1951 1579 5864 1951 1579 5865 1948 1576 5866 1949 1577 5867 1952 1580 5868 1953 1581 5869 1950 1578 5870 1951 1579 5871 1950 1578 5872 1953 1581 5873 1954 1582 5874 1952 1580 5875 1955 1583 5876 1952 1580 5877 1954 1582 5878 1953 1581 5879 1955 1583 5880 1956 1584 5881 1957 1585 5882 1957 1585 5883 1954 1582 5884 1955 1583 5885 1958 1586 5886 1959 1587 5887 1956 1584 5888 1957 1585 5889 1956 1584 5890 1959 1587 5891 1960 1588 5892 1958 1586 5893 1961 1589 5894 1958 1586 5895 1960 1588 5896 1959 1587 5897 1961 1589 5898 1962 1590 5899 1963 1591 5900 1963 1591 5901 1960 1588 5902 1961 1589 5903 1964 1592 5904 1965 1593 5905 1962 1590 5906 1963 1591 5907 1962 1590 5908 1965 1593 5909 1966 1594 5910 1964 1592 5911 1967 1595 5912 1964 1592 5913 1966 1594 5914 1965 1593 5915 1967 1595 5916 1968 1596 5917 1969 1597 5918 1969 1597 5919 1966 1594 5920 1967 1595 5921 1865 1493 5922 1867 1495 5923 1968 1596 5924 1969 1597 5925 1968 1596 5926 1867 1495 5927 1942 1570 5928 1945 1573 5929 1940 1568 5930 1944 1572 5931 1940 1568 5932 1945 1573 5933 1943 1571 5934 1935 1563 5935 1934 1562 5936 1943 1571 5937 1934 1562 5938 1944 1572 5939 1938 1566 5940 1937 1565 5941 1936 1564 5942 1938 1566 5943 1936 1564 5944 1935 1563 5945 1928 1556 5946 1930 1558 5947 1939 1567 5948 1930 1558 5949 1937 1565 5950 1939 1567 5951 1933 1561 5952 1929 1557 5953 1931 1559 5954 1929 1557 5955 1928 1556 5956 1931 1559 5957 1923 1551 5958 1932 1560 5959 1924 1552 5960 1933 1561 5961 1932 1560 5962 1923 1551 5963 1922 1550 5964 1927 1555 5965 1926 1554 5966 1924 1552 5967 1927 1555 5968 1922 1550 5969 1925 1553 5970 1917 1545 5971 1916 1544 5972 1925 1553 5973 1916 1544 5974 1926 1554 5975 1920 1548 5976 1919 1547 5977 1918 1546 5978 1920 1548 5979 1918 1546 5980 1917 1545 5981 1910 1538 5982 1912 1540 5983 1921 1549 5984 1912 1540 5985 1919 1547 5986 1921 1549 5987 1915 1543 5988 1911 1539 5989 1913 1541 5990 1911 1539 5991 1910 1538 5992 1913 1541 5993 1905 1533 5994 1914 1542 5995 1906 1534 5996 1915 1543 5997 1914 1542 5998 1905 1533 5999 1904 1532 6000 1909 1537 6001 1908 1536 6002 1906 1534 6003 1909 1537 6004 1904 1532 6005 1907 1535 6006 1899 1527 6007 1898 1526 6008 1907 1535 6009 1898 1526 6010 1908 1536 6011 1902 1530 6012 1901 1529 6013 1900 1528 6014 1902 1530 6015 1900 1528 6016 1899 1527 6017 1892 1520 6018 1894 1522 6019 1903 1531 6020 1894 1522 6021 1901 1529 6022 1903 1531 6023 1897 1525 6024 1893 1521 6025 1895 1523 6026 1893 1521 6027 1892 1520 6028 1895 1523 6029 1887 1515 6030 1896 1524 6031 1888 1516 6032 1897 1525 6033 1896 1524 6034 1887 1515 6035 1886 1514 6036 1891 1519 6037 1890 1518 6038 1888 1516 6039 1891 1519 6040 1886 1514 6041 1889 1517 6042 1881 1509 6043 1880 1508 6044 1889 1517 6045 1880 1508 6046 1890 1518 6047 1884 1512 6048 1883 1511 6049 1882 1510 6050 1884 1512 6051 1882 1510 6052 1881 1509 6053 1874 1502 6054 1876 1504 6055 1885 1513 6056 1876 1504 6057 1883 1511 6058 1885 1513 6059 1879 1507 6060 1875 1503 6061 1877 1505 6062 1875 1503 6063 1874 1502 6064 1877 1505 6065 1869 1497 6066 1878 1506 6067 1870 1498 6068 1879 1507 6069 1878 1506 6070 1869 1497 6071 1868 1496 6072 1871 1499 6073 1873 1501 6074 1870 1498 6075 1871 1499 6076 1868 1496 6077 1872 1500 6078 1862 1490 6079 1864 1492 6080 1872 1500 6081 1864 1492 6082 1873 1501 6083 1865 1493 6084 1863 1491 6085 1866 1494 6086 1866 1494 6087 1863 1491 6088 1862 1490 6089 1970 1598 6090 1971 1599 6091 1972 1600 6092 1973 1601 6093 1974 1602 6094 1975 1603 6095 1976 1604 6096 1977 1605 6097 1978 1606 6098 1979 1607 6099 1980 1608 6100 1981 1609 6101 1982 1610 6102 1983 1611 6103 1984 1612 6104 1985 1613 6105 1986 1614 6106 1987 1615 6107 1988 1616 6108 1989 1617 6109 1990 1618 6110 1991 1619 6111 1992 1620 6112 1993 1621 6113 1994 1622 6114 1995 1623 6115 1996 1624 6116 1997 1625 6117 1998 1626 6118 1999 1627 6119 2000 1628 6120 2001 1629 6121 2002 1630 6122 2003 1631 6123 2004 1632 6124 2005 1633 6125 2006 1634 6126 2007 1635 6127 2008 1636 6128 2009 1637 6129 2010 1638 6130 2011 1639 6131 2012 1640 6132 2013 1641 6133 2014 1642 6134 2015 1643 6135 2016 1644 6136 2017 1645 6137 2018 1646 6138 2019 1647 6139 2020 1648 6140 2021 1649 6141 2022 1650 6142 2023 1651 6143 2024 1652 6144 2025 1653 6145 2026 1654 6146 2027 1655 6147 2028 1656 6148 2029 1657 6149 2030 1658 6150 2031 1659 6151 2032 1660 6152 2033 1661 6153 2034 1662 6154 2035 1663 6155 2036 1664 6156 2037 1665 6157 2038 1666 6158 2039 1667 6159 2040 1668 6160 2041 1669 6161 2042 1670 6162 2043 1671 6163 2044 1672 6164 2045 1673 6165 2046 1674 6166 2047 1675 6167 2040 1668 6168 2048 1676 6169 2049 1677 6170 2050 1678 6171 2051 1679 6172 2052 1680 6173 2052 1680 6174 2047 1675 6175 2050 1678 6176 2053 1681 6177 2054 1682 6178 2051 1679 6179 2052 1680 6180 2051 1679 6181 2054 1682 6182 2055 1683 6183 2053 1681 6184 2056 1684 6185 2053 1681 6186 2055 1683 6187 2054 1682 6188 2057 1685 6189 2058 1686 6190 2055 1683 6191 2055 1683 6192 2056 1684 6193 2057 1685 6194 2059 1687 6195 2058 1686 6196 2060 1688 6197 2057 1685 6198 2060 1688 6199 2058 1686 6200 2059 1687 6201 2061 1689 6202 2062 1690 6203 2061 1689 6204 2059 1687 6205 2060 1688 6206 2063 1691 6207 2062 1690 6208 2064 1692 6209 2062 1690 6210 2061 1689 6211 2064 1692 6212 2065 1693 6213 2063 1691 6214 2066 1694 6215 2063 1691 6216 2065 1693 6217 2062 1690 6218 2066 1694 6219 2067 1695 6220 2068 1696 6221 2068 1696 6222 2065 1693 6223 2066 1694 6224 2069 1697 6225 2070 1698 6226 2067 1695 6227 2068 1696 6228 2067 1695 6229 2070 1698 6230 2070 1698 6231 2071 1699 6232 2072 1700 6233 2071 1699 6234 2070 1698 6235 2069 1697 6236 2073 1701 6237 2074 1702 6238 2072 1700 6239 2072 1700 6240 2071 1699 6241 2073 1701 6242 1971 1599 6243 2074 1702 6244 2075 1703 6245 2073 1701 6246 2075 1703 6247 2074 1702 6248 1972 1600 6249 1971 1599 6250 2075 1703 6251 2047 1675 6252 2046 1674 6253 2076 1704 6254 2047 1675 6255 2076 1704 6256 2050 1678 6257 2049 1677 6258 2077 1705 6259 2045 1673 6260 2045 1673 6261 2077 1705 6262 2046 1674 6263 2078 1706 6264 2048 1676 6265 2040 1668 6266 2048 1676 6267 2077 1705 6268 2049 1677 6269 2079 1707 6270 2039 1667 6271 2041 1669 6272 2039 1667 6273 2078 1706 6274 2040 1668 6275 2043 1671 6276 2042 1670 6277 2079 1707 6278 2079 1707 6279 2041 1669 6280 2043 1671 6281 2080 1708 6282 2044 1672 6283 2035 1663 6284 2042 1670 6285 2044 1672 6286 2080 1708 6287 2033 1661 6288 2036 1664 6289 2034 1662 6290 2044 1672 6291 2033 1661 6292 2035 1663 6293 2037 1665 6294 2081 1709 6295 2038 1666 6296 2036 1664 6297 2038 1666 6298 2034 1662 6299 2081 1709 6300 2029 1657 6301 2028 1656 6302 2029 1657 6303 2081 1709 6304 2037 1665 6305 2031 1659 6306 2027 1655 6307 2082 1710 6308 2082 1710 6309 2027 1655 6310 2029 1657 6311 2030 1658 6312 2032 1660 6313 2022 1650 6314 2031 1659 6315 2082 1710 6316 2032 1660 6317 2023 1651 6318 2022 1650 6319 2083 1711 6320 2030 1658 6321 2022 1650 6322 2021 1649 6323 2025 1653 6324 2024 1652 6325 2083 1711 6326 2023 1651 6327 2083 1711 6328 2024 1652 6329 2015 1643 6330 2017 1645 6331 2026 1654 6332 2025 1653 6333 2015 1643 6334 2026 1654 6335 2084 1712 6336 2020 1648 6337 2016 1644 6338 2015 1643 6339 2084 1712 6340 2016 1644 6341 2010 1638 6342 2019 1647 6343 2018 1646 6344 2018 1646 6345 2020 1648 6346 2084 1712 6347 2085 1713 6348 2010 1638 6349 2009 1637 6350 2085 1713 6351 2019 1647 6352 2010 1638 6353 2013 1641 6354 2011 1639 6355 2014 1642 6356 2013 1641 6357 2009 1637 6358 2011 1639 6359 2012 1640 6360 2003 1631 6361 2086 1714 6362 2012 1640 6363 2014 1642 6364 2003 1631 6365 2005 1633 6366 2004 1632 6367 2087 1715 6368 2086 1714 6369 2003 1631 6370 2005 1633 6371 2008 1636 6372 2087 1715 6373 2006 1634 6374 2004 1632 6375 2006 1634 6376 2087 1715 6377 1999 1627 6378 1998 1626 6379 2007 1635 6380 2007 1635 6381 1998 1626 6382 2008 1636 6383 2002 1630 6384 2088 1716 6385 1999 1627 6386 1999 1627 6387 2088 1716 6388 1997 1625 6389 2089 1717 6390 2001 1629 6391 2000 1628 6392 2001 1629 6393 2088 1716 6394 2002 1630 6395 1992 1620 6396 1991 1619 6397 2089 1717 6398 2089 1717 6399 2000 1628 6400 1992 1620 6401 1993 1621 6402 1995 1623 6403 1994 1622 6404 1993 1621 6405 1992 1620 6406 1995 1623 6407 1996 1624 6408 1985 1613 6409 2090 1718 6410 1994 1622 6411 1996 1624 6412 2090 1718 6413 1985 1613 6414 1988 1616 6415 1986 1614 6416 1985 1613 6417 1987 1615 6418 2090 1718 6419 1989 1617 6420 2091 1719 6421 1990 1618 6422 1988 1616 6423 1990 1618 6424 1986 1614 6425 2091 1719 6426 1981 1609 6427 1980 1608 6428 1981 1609 6429 2091 1719 6430 1989 1617 6431 1983 1611 6432 1979 1607 6433 2092 1720 6434 2092 1720 6435 1979 1607 6436 1981 1609 6437 1982 1610 6438 1984 1612 6439 1974 1602 6440 1983 1611 6441 2092 1720 6442 1984 1612 6443 1975 1603 6444 1974 1602 6445 2093 1721 6446 1982 1610 6447 1974 1602 6448 1973 1601 6449 1976 1604 6450 1978 1606 6451 2093 1721 6452 1975 1603 6453 2093 1721 6454 1978 1606 6455 1970 1598 6456 2094 1722 6457 1977 1605 6458 1976 1604 6459 1970 1598 6460 1977 1605 6461 1972 1600 6462 2094 1722 6463 1970 1598 6464 2095 1723 6465 2096 1723 6466 2097 1723 6467 2098 1723 6468 2099 1723 6469 2095 1723 6470 2097 1723 6471 2100 1723 6472 2095 1723 6473 2095 1724 6474 2100 1724 6475 2098 1724 6476 2101 1725 6477 2102 1725 6478 2103 1725 6479 2101 1725 6480 2104 1725 6481 2102 1725 6482 2104 1725 6483 2101 1725 6484 2105 1725 6485 2106 1725 6486 2107 1725 6487 2101 1725 6488 2106 1725 6489 2101 1725 6490 2108 1725 6491 2101 1725 6492 2109 1725 6493 2110 1725 6494 2111 1725 6495 2109 1725 6496 2101 1725 6497 2107 1725 6498 2111 1725 6499 2101 1725 6500 2112 1725 6501 2101 1725 6502 2110 1725 6503 2113 1725 6504 2114 1725 6505 2115 1725 6506 2116 1725 6507 2117 1725 6508 2118 1725 6509 2119 1725 6510 2120 1725 6511 2118 1725 6512 2119 1725 6513 2118 1725 6514 2117 1725 6515 2120 1725 6516 2121 1725 6517 2118 1725 6518 2122 1725 6519 2118 1725 6520 2123 1725 6521 2118 1725 6522 2121 1725 6523 2123 1725 6524 2124 1725 6525 2125 1725 6526 2118 1725 6527 2124 1725 6528 2118 1725 6529 2122 1725 6530 2126 1725 6531 2127 1725 6532 2128 1725 6533 2129 1725 6534 2130 1725 6535 2115 1725 6536 2131 1725 6537 2115 1725 6538 2132 1725 6539 2133 1725 6540 2132 1725 6541 2115 1725 6542 2129 1725 6543 2115 1725 6544 2131 1725 6545 2134 1725 6546 2115 1725 6547 2114 1725 6548 2134 1725 6549 2133 1725 6550 2115 1725 6551 2135 1725 6552 2136 1725 6553 2125 1725 6554 2113 1725 6555 2115 1725 6556 2128 1725 6557 2115 1725 6558 2137 1725 6559 2128 1725 6560 2126 1725 6561 2138 1725 6562 2127 1725 6563 2139 1725 6564 2140 1725 6565 2141 1725 6566 2142 1725 6567 2143 1725 6568 2144 1725 6569 2144 1725 6570 2145 1725 6571 2142 1725 6572 2143 1725 6573 2146 1725 6574 2147 1725 6575 2142 1725 6576 2146 1725 6577 2143 1725 6578 2148 1725 6579 2149 1725 6580 2147 1725 6581 2146 1725 6582 2148 1725 6583 2147 1725 6584 2145 1725 6585 2150 1725 6586 2142 1725 6587 2118 1725 6588 2151 1725 6589 2115 1725 6590 2128 1725 6591 2152 1725 6592 2153 1725 6593 2126 1725 6594 2128 1725 6595 2153 1725 6596 2128 1725 6597 2154 1725 6598 2155 1725 6599 2152 1725 6600 2128 1725 6601 2155 1725 6602 2128 1725 6603 2156 1725 6604 2157 1725 6605 2154 1725 6606 2128 1725 6607 2157 1725 6608 2128 1725 6609 2158 1725 6610 2159 1725 6611 2156 1725 6612 2128 1725 6613 2159 1725 6614 2160 1725 6615 2128 1725 6616 2137 1725 6617 2158 1725 6618 2128 1725 6619 2160 1725 6620 2161 1725 6621 2115 1725 6622 2151 1725 6623 2137 1725 6624 2115 1725 6625 2161 1725 6626 2118 1725 6627 2162 1725 6628 2163 1725 6629 2151 1725 6630 2118 1725 6631 2163 1725 6632 2125 1725 6633 2164 1725 6634 2118 1725 6635 2162 1725 6636 2118 1725 6637 2164 1725 6638 2125 1725 6639 2136 1725 6640 2165 1725 6641 2125 1725 6642 2165 1725 6643 2164 1725 6644 2125 1725 6645 2166 1725 6646 2167 1725 6647 2135 1725 6648 2125 1725 6649 2167 1725 6650 2125 1725 6651 2168 1725 6652 2169 1725 6653 2166 1725 6654 2125 1725 6655 2169 1725 6656 2125 1725 6657 2170 1725 6658 2171 1725 6659 2168 1725 6660 2125 1725 6661 2171 1725 6662 2101 1725 6663 2112 1725 6664 2125 1725 6665 2170 1725 6666 2125 1725 6667 2112 1725 6668 2101 1725 6669 2103 1725 6670 2108 1725 6671 2172 1725 6672 2142 1725 6673 2150 1725 6674 2173 1725 6675 2101 1725 6676 2174 1725 6677 2101 1725 6678 2173 1725 6679 2105 1725 6680 2175 1725 6681 2174 1725 6682 2176 1725 6683 2174 1725 6684 2101 1725 6685 2176 1725 6686 2177 1725 6687 2178 1725 6688 2174 1725 6689 2177 1725 6690 2174 1725 6691 2175 1725 6692 2174 1725 6693 2179 1725 6694 2180 1725 6695 2178 1725 6696 2179 1725 6697 2174 1725 6698 2174 1725 6699 2140 1725 6700 2139 1725 6701 2174 1725 6702 2180 1725 6703 2140 1725 6704 2141 1725 6705 2147 1725 6706 2149 1725 6707 2139 1725 6708 2141 1725 6709 2149 1725 6710 2181 1725 6711 2182 1725 6712 2142 1725 6713 2181 1725 6714 2142 1725 6715 2172 1725 6716 2183 1725 6717 2142 1725 6718 2127 1725 6719 2182 1725 6720 2127 1725 6721 2142 1725 6722 2184 1725 6723 2185 1725 6724 2127 1725 6725 2127 1725 6726 2185 1725 6727 2183 1725 6728 2186 1725 6729 2187 1725 6730 2127 1725 6731 2127 1725 6732 2187 1725 6733 2184 1725 6734 2188 1725 6735 2189 1725 6736 2127 1725 6737 2127 1725 6738 2189 1725 6739 2186 1725 6740 2190 1725 6741 2191 1725 6742 2127 1725 6743 2127 1725 6744 2191 1725 6745 2188 1725 6746 2138 1725 6747 2192 1725 6748 2127 1725 6749 2127 1725 6750 2192 1725 6751 2190 1725 6752 2193 1726 6753 2194 1726 6754 2195 1727 6755 2194 1726 6756 2196 1728 6757 2197 1729 6758 2196 1728 6759 2194 1726 6760 2193 1726 6761 2198 1730 6762 2197 1729 6763 2199 1731 6764 2196 1728 6765 2199 1731 6766 2197 1729 6767 2200 1732 6768 2201 1733 6769 2198 1730 6770 2198 1730 6771 2199 1731 6772 2200 1732 6773 2193 1726 6774 2195 1727 6775 2202 1734 6776 2203 1735 6777 2204 1736 6778 2202 1734 6779 2202 1734 6780 2195 1727 6781 2203 1735 6782 2204 1736 6783 2205 1737 6784 2206 1738 6785 2205 1737 6786 2204 1736 6787 2203 1735 6788 2205 1737 6789 2207 1739 6790 2206 1738 6791 2206 1738 6792 2207 1739 6793 2208 1740 6794 2209 1741 6795 2210 1741 6796 2211 1741 6797 2209 1741 6798 2212 1741 6799 2210 1741 6800 2213 1742 6801 2214 1743 6802 2215 1744 6803 2216 1745 6804 2217 1746 6805 2213 1742 6806 2213 1742 6807 2215 1744 6808 2216 1745 6809 2217 1746 6810 2218 1747 6811 2219 1748 6812 2218 1747 6813 2217 1746 6814 2216 1745 6815 2220 1749 6816 2219 1748 6817 2221 1750 6818 2218 1747 6819 2221 1750 6820 2219 1748 6821 2222 1751 6822 2223 1752 6823 2220 1749 6824 2220 1749 6825 2221 1750 6826 2222 1751 6827 2215 1744 6828 2214 1743 6829 2224 1753 6830 2225 1754 6831 2224 1753 6832 2226 1755 6833 2214 1743 6834 2226 1755 6835 2224 1753 6836 2227 1756 6837 2228 1757 6838 2225 1754 6839 2225 1754 6840 2226 1755 6841 2227 1756 6842 2228 1757 6843 2229 1758 6844 2230 1759 6845 2229 1758 6846 2228 1757 6847 2227 1756 6848 2229 1758 6849 2231 1760 6850 2230 1759 6851 2230 1759 6852 2231 1760 6853 2232 1761 6854 2233 0 6855 2234 0 6856 2235 0 6857 2233 0 6858 2235 0 6859 2236 0 6860 2237 1762 6861 2238 1763 6862 2239 1764 6863 2240 1765 6864 2241 1766 6865 2237 1762 6866 2237 1762 6867 2239 1764 6868 2240 1765 6869 2241 1766 6870 2242 1767 6871 2243 1768 6872 2242 1767 6873 2241 1766 6874 2240 1765 6875 2244 1769 6876 2243 1768 6877 2245 1770 6878 2242 1767 6879 2245 1770 6880 2243 1768 6881 2246 1771 6882 2247 1772 6883 2244 1769 6884 2244 1769 6885 2245 1770 6886 2246 1771 6887 2239 1764 6888 2238 1763 6889 2248 1773 6890 2249 1774 6891 2248 1773 6892 2250 1775 6893 2238 1763 6894 2250 1775 6895 2248 1773 6896 2251 1776 6897 2252 1777 6898 2249 1774 6899 2249 1774 6900 2250 1775 6901 2251 1776 6902 2252 1777 6903 2253 1778 6904 2254 1778 6905 2253 1778 6906 2252 1777 6907 2251 1776 6908 2253 1778 6909 2255 1779 6910 2254 1778 6911 2254 1778 6912 2255 1779 6913 2256 1780 6914 2257 592 6915 2258 592 6916 2259 592 6917 2260 592 6918 2261 592 6919 2262 592 6920 2263 592 6921 2264 592 6922 2265 592 6923 2259 592 6924 2265 592 6925 2257 592 6926 2266 592 6927 2267 592 6928 2268 592 6929 2263 1781 6930 2265 1781 6931 2266 1781 6932 2269 592 6933 2270 592 6934 2267 592 6935 2259 1782 6936 2258 1782 6937 2271 1782 6938 2271 592 6939 2272 592 6940 2273 592 6941 2268 592 6942 2263 592 6943 2266 592 6944 2266 592 6945 2269 592 6946 2267 592 6947 2264 592 6948 2257 592 6949 2265 592 6950 2259 592 6951 2271 592 6952 2273 592 6953 2274 1783 6954 2275 1783 6955 2273 1783 6956 2273 592 6957 2272 592 6958 2274 592 6959 2275 1784 6960 2276 1784 6961 2277 1784 6962 2276 1785 6963 2275 1785 6964 2274 1785 6965 2278 1786 6966 2277 1786 6967 2276 1786 6968 2279 592 6969 2280 592 6970 2281 592 6971 2261 592 6972 2260 592 6973 2282 592 6974 2283 1787 6975 2284 1787 6976 2282 1787 6977 2282 592 6978 2285 592 6979 2283 592 6980 2285 592 6981 2282 592 6982 2260 592 6983 2284 592 6984 2286 592 6985 2287 592 6986 2286 592 6987 2284 592 6988 2288 592 6989 2287 592 6990 2289 592 6991 2290 592 6992 2286 592 6993 2291 592 6994 2287 592 6995 2290 592 6996 2292 592 6997 2293 592 6998 2290 592 6999 2294 592 7000 2292 592 7001 2292 592 7002 2295 592 7003 2293 592 7004 2289 592 7005 2287 592 7006 2291 592 7007 2289 1788 7008 2294 1788 7009 2290 1788 7010 2283 1782 7011 2288 1782 7012 2284 1782 7013 2261 1784 7014 2296 1784 7015 2262 1784 7016 2281 1786 7017 2262 1786 7018 2296 1786 7019 2297 1789 7020 2298 1789 7021 2299 1789 7022 2300 592 7023 2301 592 7024 2302 592 7025 2303 592 7026 2301 592 7027 2304 592 7028 2303 1790 7029 2302 1790 7030 2301 1790 7031 2301 1791 7032 2305 1791 7033 2306 1791 7034 2304 592 7035 2301 592 7036 2306 592 7037 2305 592 7038 2301 592 7039 2307 592 7040 2308 1792 7041 2301 1792 7042 2309 1792 7043 2310 592 7044 2307 592 7045 2301 592 7046 2311 592 7047 2312 592 7048 2278 592 7049 2313 1793 7050 2309 1793 7051 2314 1793 7052 2315 592 7053 2316 592 7054 2309 592 7055 2317 592 7056 2309 592 7057 2316 592 7058 2313 1794 7059 2315 1794 7060 2309 1794 7061 2318 592 7062 2319 592 7063 2309 592 7064 2318 1795 7065 2309 1795 7066 2317 1795 7067 2320 1796 7068 2321 1796 7069 2312 1796 7070 2322 1797 7071 2309 1797 7072 2319 1797 7073 2323 592 7074 2278 592 7075 2324 592 7076 2311 592 7077 2325 592 7078 2312 592 7079 2276 1798 7080 2262 1798 7081 2326 1798 7082 2327 1799 7083 2309 1799 7084 2328 1799 7085 2323 592 7086 2311 592 7087 2278 592 7088 2329 1800 7089 2330 1800 7090 2301 1800 7091 2312 1801 7092 2331 1801 7093 2332 1801 7094 2325 592 7095 2331 592 7096 2312 592 7097 2333 592 7098 2301 592 7099 2308 592 7100 2312 1802 7101 2334 1802 7102 2335 1802 7103 2332 592 7104 2334 592 7105 2312 592 7106 2312 1803 7107 2336 1803 7108 2337 1803 7109 2335 592 7110 2336 592 7111 2312 592 7112 2312 592 7113 2338 592 7114 2339 592 7115 2337 592 7116 2338 592 7117 2312 592 7118 2340 1804 7119 2312 1804 7120 2321 1804 7121 2339 592 7122 2320 592 7123 2312 592 7124 2309 592 7125 2322 592 7126 2340 592 7127 2340 1805 7128 2322 1805 7129 2312 1805 7130 2309 1806 7131 2340 1806 7132 2328 1806 7133 2341 592 7134 2308 592 7135 2309 592 7136 2327 592 7137 2341 592 7138 2309 592 7139 2329 1807 7140 2301 1807 7141 2333 1807 7142 2297 1808 7143 2310 1808 7144 2330 1808 7145 2330 1809 7146 2310 1809 7147 2301 1809 7148 2342 592 7149 2297 592 7150 2343 592 7151 2297 1810 7152 2330 1810 7153 2343 1810 7154 2297 1811 7155 2342 1811 7156 2298 1811 7157 2297 1812 7158 2344 1812 7159 2345 1812 7160 2299 592 7161 2344 592 7162 2297 592 7163 2297 1813 7164 2346 1813 7165 2347 1813 7166 2345 1814 7167 2346 1814 7168 2297 1814 7169 2297 1815 7170 2348 1815 7171 2349 1815 7172 2347 1816 7173 2348 1816 7174 2297 1816 7175 2297 1817 7176 2350 1817 7177 2279 1817 7178 2349 1818 7179 2350 1818 7180 2297 1818 7181 2280 592 7182 2351 592 7183 2281 592 7184 2297 592 7185 2279 592 7186 2281 592 7187 2281 1819 7188 2352 1819 7189 2353 1819 7190 2351 592 7191 2352 592 7192 2281 592 7193 2354 1820 7194 2355 1820 7195 2276 1820 7196 2281 1821 7197 2356 1821 7198 2357 1821 7199 2353 1822 7200 2356 1822 7201 2281 1822 7202 2281 1823 7203 2358 1823 7204 2359 1823 7205 2357 592 7206 2358 592 7207 2281 592 7208 2281 1824 7209 2360 1824 7210 2361 1824 7211 2359 592 7212 2360 592 7213 2281 592 7214 2281 1825 7215 2362 1825 7216 2363 1825 7217 2361 592 7218 2362 592 7219 2281 592 7220 2262 592 7221 2281 592 7222 2364 592 7223 2363 592 7224 2364 592 7225 2281 592 7226 2365 592 7227 2262 592 7228 2366 592 7229 2262 1826 7230 2364 1826 7231 2366 1826 7232 2367 592 7233 2262 592 7234 2368 592 7235 2262 1827 7236 2365 1827 7237 2368 1827 7238 2369 592 7239 2262 592 7240 2370 592 7241 2262 1828 7242 2367 1828 7243 2370 1828 7244 2262 1829 7245 2369 1829 7246 2326 1829 7247 2276 1830 7248 2326 1830 7249 2354 1830 7250 2276 1831 7251 2371 1831 7252 2372 1831 7253 2355 1832 7254 2371 1832 7255 2276 1832 7256 2276 1833 7257 2373 1833 7258 2374 1833 7259 2372 592 7260 2373 592 7261 2276 592 7262 2276 1834 7263 2375 1834 7264 2376 1834 7265 2374 592 7266 2375 592 7267 2276 592 7268 2377 592 7269 2278 592 7270 2376 592 7271 2276 592 7272 2376 592 7273 2278 592 7274 2378 592 7275 2278 592 7276 2379 592 7277 2278 1835 7278 2377 1835 7279 2379 1835 7280 2380 592 7281 2278 592 7282 2381 592 7283 2278 1836 7284 2378 1836 7285 2381 1836 7286 2382 592 7287 2278 592 7288 2383 592 7289 2278 1837 7290 2380 1837 7291 2383 1837 7292 2384 592 7293 2278 592 7294 2385 592 7295 2278 1838 7296 2382 1838 7297 2385 1838 7298 2324 592 7299 2278 592 7300 2384 592 7301 2386 1839 7302 2387 1839 7303 2388 1839 7304 2386 1839 7305 2389 1839 7306 2387 1839 7307 2390 1840 7308 2391 1841 7309 2392 1842 7310 2391 1841 7311 2393 1843 7312 2394 1844 7313 2393 1843 7314 2391 1841 7315 2390 1840 7316 2395 1845 7317 2394 1844 7318 2396 1846 7319 2393 1843 7320 2396 1846 7321 2394 1844 7322 2397 1847 7323 2398 1848 7324 2395 1845 7325 2395 1845 7326 2396 1846 7327 2397 1847 7328 2390 1840 7329 2392 1842 7330 2399 1849 7331 2400 1850 7332 2401 1851 7333 2399 1849 7334 2399 1849 7335 2392 1842 7336 2400 1850 7337 2401 1851 7338 2402 1852 7339 2403 1853 7340 2402 1852 7341 2401 1851 7342 2400 1850 7343 2402 1852 7344 2404 1854 7345 2403 1853 7346 2403 1853 7347 2404 1854 7348 2405 1855 7349</p>
        </triangles>
      </mesh>
    </geometry>
    <geometry id="Cube_001-mesh" name="Cube.001">
      <mesh>
        <source id="Cube_001-mesh-positions">
          <float_array id="Cube_001-mesh-positions-array" count="2277">0.004143834 0.007832765 3.91924e-6 0.01957011 0.00566262 3.92201e-6 0.004143834 0.007682204 -0.00152415 0.01957011 0.005553722 -0.001100659 0.004143834 0.00723654 -0.002993524 0.01957011 0.005231559 -0.002162933 0.004143834 0.006512701 -0.004347622 0.01957011 0.00470829 -0.003141999 0.004143834 0.005538523 -0.005534589 0.01957011 0.004004061 -0.004000127 0.004143834 0.004351556 -0.006508708 0.01957011 0.003145933 -0.004704356 0.004143834 0.002997398 -0.007232606 0.01957011 0.002166986 -0.005227625 0.004143834 0.001528084 -0.00767827 0.01957011 0.001104712 -0.005549848 0.004143834 0 -0.007828831 0.01957011 0 -0.005658686 0.004143834 -0.001528084 -0.00767827 0.01957011 -0.001104712 -0.005549848 0.004143834 -0.002997398 -0.007232606 0.01957011 -0.002166986 -0.005227625 0.004143834 -0.004351556 -0.006508708 0.01957011 -0.003145933 -0.004704356 0.004143834 -0.005538523 -0.005534589 0.01957011 -0.004004061 -0.004000127 0.004143834 -0.006512701 -0.004347622 0.01957011 -0.00470829 -0.003141999 0.004143834 -0.00723654 -0.002993524 0.01957011 -0.005231559 -0.002162933 0.004143834 -0.007682204 -0.00152415 0.01957011 -0.005553722 -0.001100659 0.004143834 -0.007832765 3.92179e-6 0.01957011 -0.00566262 3.92385e-6 0.004143834 -0.007682204 0.001532018 0.01957011 -0.005553722 0.001108646 0.004143834 -0.00723654 0.003001332 0.01957011 -0.005231559 0.00217092 0.004143834 -0.006512701 0.00435549 0.01957011 -0.00470829 0.003149867 0.004143834 -0.005538523 0.005542457 0.01957011 -0.004004061 0.004007995 0.004143834 -0.004351556 0.006516635 0.01957011 -0.003145933 0.004712224 0.004143834 -0.002997398 0.007240474 0.01957011 -0.002166986 0.005235493 0.004143834 -0.001528084 0.007686138 0.01957011 -0.001104712 0.005557656 0.004143834 0 0.007836699 0.01957011 0 0.005666494 0.004143834 0.001528084 0.007686138 0.01957011 0.001104712 0.005557656 0.004143834 0.002997398 0.007240474 0.01957011 0.002166986 0.005235493 0.004143834 0.004351675 0.006516635 0.01957011 0.003145933 0.004712224 0.004143834 0.005538523 0.005542457 0.01957011 0.004004061 0.004007995 0.004143834 0.006512701 0.00435549 0.01957011 0.00470829 0.003149867 0.004143834 0.00723654 0.003001332 0.01957011 0.005231559 0.002170801 0.004143834 0.007682204 0.001531839 0.01957011 0.005553722 0.001108527 -0.001499891 -0.01399987 -0.01399987 -0.001499891 -0.01399987 0.01399987 -0.001499891 0.01399987 -0.01399987 -0.001499891 0.01399987 0.01399987 0 -0.01399987 -0.01399987 0 -0.01399987 0.01399987 0 0.01399987 -0.01399987 0 0.01399987 0.01399987 -3.03874e-4 -0.008999943 -0.008999943 -3.03874e-4 -0.008999943 0.008999943 -3.03874e-4 0.008999943 -0.008999943 -3.03874e-4 0.008999943 0.008999943 0.004657924 -0.008999943 -0.008999943 0.004657924 -0.008999943 0.008999943 0.004657924 0.008999943 -0.008999943 0.004657924 0.008999943 0.008999943 -4.12177e-4 -0.008927285 -0.002007544 0.003556907 -0.008927285 -0.002007544 -4.12177e-4 -0.00931859 -0.001969099 0.003556907 -0.00931859 -0.001969099 -4.12177e-4 -0.009694814 -0.001854956 0.003556907 -0.009694814 -0.001854956 -4.12177e-4 -0.01004159 -0.001669526 0.003556907 -0.01004159 -0.001669526 -4.12177e-4 -0.01034545 -0.00142014 0.003556907 -0.01034545 -0.00142014 -4.12177e-4 -0.01059502 -0.001116216 0.003556907 -0.01059502 -0.001116216 -4.12177e-4 -0.01078033 -7.69457e-4 0.003556907 -0.01078033 -7.69456e-4 -4.12177e-4 -0.01089435 -3.93189e-4 0.003556907 -0.01089435 -3.93189e-4 -4.12177e-4 -0.01093304 -1.88468e-6 0.003556907 -0.01093304 -1.88389e-6 -4.12177e-4 -0.01089435 3.8942e-4 0.003556907 -0.01089435 3.89421e-4 -4.12177e-4 -0.01078033 7.65687e-4 0.003556907 -0.01078033 7.65688e-4 -4.12177e-4 -0.01059502 0.001112401 0.003556907 -0.01059502 0.001112401 -4.12177e-4 -0.01034545 0.001416385 0.003556907 -0.01034545 0.001416385 -4.12177e-4 -0.01004159 0.001665771 0.003556907 -0.01004159 0.001665771 -4.12177e-4 -0.009694814 0.001851141 0.003556907 -0.009694814 0.001851141 -4.12177e-4 -0.00931859 0.001965284 0.003556907 -0.00931859 0.001965284 -4.12179e-4 -0.008927285 0.002003729 0.003556907 -0.008927285 0.002003729 -4.12177e-4 0.01080405 5.85402e-6 0.003556907 0.01080405 5.8548e-6 -4.12177e-4 0.01076567 -3.85451e-4 0.003556907 0.01076567 -3.8545e-4 -4.12177e-4 0.0106514 -7.61718e-4 0.003556907 0.0106514 -7.61717e-4 -4.12177e-4 0.01046603 -0.001108348 0.003556907 0.01046603 -0.001108348 -4.12177e-4 0.01021671 -0.001412332 0.003556907 0.01021671 -0.001412332 -4.12177e-4 0.009912788 -0.001661837 0.003556907 0.009912788 -0.001661837 -4.12177e-4 0.009566009 -0.001847088 0.003556907 0.009566009 -0.001847088 -4.12177e-4 0.009189724 -0.00196135 0.003556907 0.009189724 -0.00196135 -4.12177e-4 0.00879842 -0.001999855 0.003556907 0.00879842 -0.001999855 -4.12179e-4 0.00879842 0.002011597 0.003556907 0.00879842 0.002011597 -4.12179e-4 0.009189724 0.001972973 0.003556907 0.009189724 0.001972973 -4.12179e-4 0.009566009 0.00185889 0.003556907 0.009566009 0.00185889 -4.12179e-4 0.009912788 0.001673579 0.003556907 0.009912788 0.001673579 -4.12179e-4 0.01021671 0.001424074 0.003556907 0.01021671 0.001424074 -4.12179e-4 0.01046603 0.00112015 0.003556907 0.01046603 0.00112015 -4.12179e-4 0.0106514 7.73423e-4 0.003556907 0.0106514 7.73424e-4 -4.12177e-4 0.01076567 3.97156e-4 0.003556907 0.01076567 3.97156e-4 0.01333791 0.007832765 3.92005e-6 0.01334583 0.006702721 3.92053e-6 0.0173282 0.006702721 3.92105e-6 0.0173363 0.007832765 3.92188e-6 0.0173363 0.007682204 -0.00152415 0.0173282 0.006573975 -0.001303613 0.01334583 0.006573975 -0.001303613 0.01333791 0.007682204 -0.00152415 0.0173363 0.00723654 -0.002993524 0.0173282 0.006192505 -0.002561092 0.01334583 0.006192505 -0.002561092 0.01333791 0.00723654 -0.002993524 0.0173363 0.006512701 -0.004347622 0.0173282 0.005573153 -0.003719866 0.01334583 0.005573153 -0.003719866 0.01333791 0.006512701 -0.004347622 0.0173363 0.005538523 -0.005534589 0.0173282 0.004739463 -0.004735589 0.01334583 0.004739463 -0.004735589 0.01333791 0.005538523 -0.005534589 0.0173363 0.004351556 -0.006508708 0.0173282 0.0037238 -0.0055691 0.01334583 0.0037238 -0.0055691 0.01333791 0.004351556 -0.006508708 0.0173363 0.002997398 -0.007232606 0.0173282 0.002565026 -0.006188631 0.01334583 0.002565026 -0.006188631 0.01333791 0.002997398 -0.007232606 0.0173363 0.001528084 -0.00767827 0.0173282 0.001307547 -0.006570041 0.01334583 0.001307547 -0.006570041 0.01333791 0.001528084 -0.00767827 0.0173363 0 -0.007828831 0.0173282 0 -0.006698787 0.01334583 0 -0.006698787 0.01333791 0 -0.007828831 0.0173363 -0.001528084 -0.00767827 0.0173282 -0.001307547 -0.006570041 0.01334583 -0.001307547 -0.006570041 0.01333791 -0.001528084 -0.00767827 0.0173363 -0.002997398 -0.007232606 0.0173282 -0.002565026 -0.006188631 0.01334583 -0.002565026 -0.006188631 0.01333791 -0.002997398 -0.007232606 0.0173363 -0.004351556 -0.006508708 0.0173282 -0.0037238 -0.0055691 0.01334583 -0.0037238 -0.0055691 0.01333791 -0.004351556 -0.006508708 0.0173363 -0.005538523 -0.005534589 0.0173282 -0.004739463 -0.004735589 0.01334583 -0.004739463 -0.004735589 0.01333791 -0.005538523 -0.005534589 0.0173363 -0.006512701 -0.004347622 0.0173282 -0.005573153 -0.003719866 0.01334583 -0.005573153 -0.003719866 0.01333791 -0.006512701 -0.004347622 0.0173363 -0.00723654 -0.002993524 0.0173282 -0.006192505 -0.002561092 0.01334583 -0.006192505 -0.002561092 0.01333791 -0.00723654 -0.002993524 0.0173363 -0.007682204 -0.00152415 0.0173282 -0.006573975 -0.001303613 0.01334583 -0.006573975 -0.001303613 0.01333791 -0.007682204 -0.00152415 0.0173363 -0.007832765 3.92443e-6 0.0173282 -0.006702721 3.92323e-6 0.01334583 -0.006702721 3.92271e-6 0.01333791 -0.007832765 3.9226e-6 0.0173363 -0.007682204 0.001532018 0.0173282 -0.006573975 0.001311421 0.01334583 -0.006573975 0.001311421 0.01333791 -0.007682204 0.001532018 0.0173363 -0.00723654 0.003001332 0.0173282 -0.006192505 0.00256896 0.01334583 -0.006192505 0.00256896 0.01333791 -0.00723654 0.003001332 0.0173363 -0.006512701 0.00435549 0.0173282 -0.005573153 0.003727734 0.01334583 -0.005573153 0.003727734 0.01333791 -0.006512701 0.00435549 0.0173363 -0.005538523 0.005542457 0.0173282 -0.004739463 0.004743397 0.01334583 -0.004739463 0.004743397 0.01333791 -0.005538523 0.005542457 0.0173363 -0.004351556 0.006516635 0.0173282 -0.0037238 0.005576968 0.01334583 -0.0037238 0.005576968 0.01333791 -0.004351556 0.006516635 0.0173363 -0.002997398 0.007240474 0.0173282 -0.002565026 0.006196439 0.01334583 -0.002565026 0.006196439 0.01333791 -0.002997398 0.007240474 0.0173363 -0.001528084 0.007686138 0.0173282 -0.001307547 0.006577849 0.01334583 -0.001307547 0.006577849 0.01333791 -0.001528084 0.007686138 0.0173363 0 0.007836699 0.0173282 0 0.006706655 0.01334583 0 0.006706655 0.01333791 0 0.007836699 0.0173363 0.001528084 0.007686138 0.0173282 0.001307547 0.006577849 0.01334583 0.001307547 0.006577849 0.01333791 0.001528084 0.007686138 0.0173363 0.002997398 0.007240474 0.0173282 0.002565026 0.006196439 0.01334583 0.002565026 0.006196439 0.01333791 0.002997398 0.007240474 0.0173363 0.004351675 0.006516635 0.0173282 0.0037238 0.005576968 0.01334583 0.0037238 0.005576968 0.01333791 0.004351675 0.006516635 0.0173363 0.005538523 0.005542457 0.0173282 0.004739582 0.004743397 0.01334583 0.004739582 0.004743397 0.01333791 0.005538523 0.005542457 0.0173363 0.006512701 0.00435549 0.0173282 0.005573153 0.003727734 0.01334583 0.005573153 0.003727734 0.01333791 0.006512701 0.00435549 0.0173363 0.00723654 0.003001332 0.0173282 0.006192505 0.0025689 0.01334583 0.006192505 0.0025689 0.01333791 0.00723654 0.003001332 0.0173363 0.007682204 0.001531839 0.0173282 0.006573975 0.001311421 0.01334583 0.006573975 0.001311421 0.01333791 0.007682204 0.001531839 0.01959902 -0.004219353 0.004219353 0.02048635 -0.002151012 0.002151012 0.02078586 0 0 0.02048635 -0.002529323 0.00169003 0.01959902 -0.004961431 0.003315091 0.01959902 -0.005512714 0.002283394 0.02048635 -0.002810359 0.001164019 0.02048635 -0.00298351 5.93466e-4 0.01959902 -0.005852401 0.001164019 0.01959902 -0.00596708 0 0.02048635 -0.003041923 0 0.02048635 -0.00298351 -5.93467e-4 0.01959902 -0.005852401 -0.001164019 0.01959902 -0.005512714 -0.002283394 0.02048635 -0.002810359 -0.001164019 0.02048635 -0.002529323 -0.00169003 0.01959902 -0.004961431 -0.003315091 0.01959902 -0.004219353 -0.004219353 0.02048635 -0.002151012 -0.002151012 0.02048635 -0.00169003 -0.002529323 0.01959902 -0.003315091 -0.004961431 0.01959902 -0.002283394 -0.005512714 0.02048635 -0.001164019 -0.002810359 0.02048635 -5.93463e-4 -0.00298351 0.01959902 -0.001164019 -0.005852401 0.01959902 0 -0.00596708 0.02048635 0 -0.003041923 0.02048635 5.9347e-4 -0.00298351 0.01959902 0.001164019 -0.005852401 0.02048635 -5.93464e-4 0.00298351 0.01959902 -0.001164019 0.005852401 0.01959902 0.002283394 -0.005512714 0.02048635 0.001164019 -0.002810359 0.02048635 0.00169003 -0.002529323 0.01959902 0.003315091 -0.004961431 0.01901429 -0.004992723 0.004992723 0.01901429 -0.002701938 -0.006523311 0.01959902 0.004219353 -0.004219353 0.02048635 0.002151012 -0.002151012 0.01901429 -0.001377463 0.006925106 0.01901429 0.001377463 0.006925106 0.02048635 0.002529323 -0.00169003 0.01959902 0.004961431 -0.003315091 0.01959902 -0.002283394 0.005512714 0.01901429 0 0.007060766 0.01901429 0.00392276 0.005870819 0.02048635 -0.001164019 0.002810359 0.01901429 0.002702057 0.006523311 0.01959902 0.005512893 -0.002283394 0.02048635 0.002810359 -0.001164019 0.01901429 0.004992723 0.004992723 0.01901429 0.005870819 0.00392276 0.02048635 0.00298351 -5.93465e-4 0.01959902 0.005852401 -0.001164019 0.01901429 0.006925106 0.001377463 0.01901429 0.006523311 0.002702057 0.01901429 0.007060766 0 0.01959902 0.00596708 0 0.02048635 0.003041923 0 0.01901429 0.006925106 -0.001377463 0.01901429 0.006523311 -0.002701938 0.02048635 0.00298351 5.93468e-4 0.01959902 0.005852401 0.001164019 0.01901429 0.005870819 -0.00392276 0.01901429 0.00392276 -0.005870819 0.01959902 0.005512893 0.002283394 0.02048635 0.002810359 0.001164019 0.01901429 0.004992723 -0.004992723 0.01901429 0.002702057 -0.006523311 0.02048635 0.002529323 0.00169003 0.01959902 0.004961431 0.003315091 0.01901429 0.001377463 -0.006925106 0.01901429 0 -0.007060766 0.01959902 0.004219353 0.004219353 0.02048635 0.002151012 0.002151012 0.01901429 -0.001377463 -0.006925106 0.01901429 -0.004992723 -0.004992723 0.02048635 0.00169003 0.002529323 0.01959902 0.003315091 0.004961431 0.01901429 -0.00392276 -0.005870819 0.01901429 -0.005870819 -0.00392276 0.01959902 0.002283394 0.005512714 0.02048635 0.001164019 0.002810359 0.01901429 -0.006523311 -0.002701938 0.01901429 -0.006925106 -0.001377463 0.02048635 5.93469e-4 0.00298351 0.01959902 0.001164019 0.005852401 0.01901429 -0.007060766 0 0.01901429 -0.006925106 0.001377463 0.01959902 0 0.00596708 0.02048635 0 0.003041923 0.01901429 -0.005870819 0.00392276 0.01901429 -0.006523311 0.002702057 0.01901429 -0.002701938 0.006523311 0.02048635 -0.00169003 0.002529323 0.01959902 -0.003315091 0.004961431 0.01901429 -0.00392276 0.005870819 0.02027606 0.006611168 3.92207e-6 0.02027606 0.00648421 -0.001285851 0.02027606 0.006107926 -0.002526104 0.02027606 0.005497038 -0.003669083 0.02027606 0.004674792 -0.004670858 0.02027606 0.003673017 -0.005493164 0.02027606 0.002529919 -0.006104052 0.02027606 0.001289725 -0.006480157 0.02027606 0 -0.006607294 0.02027606 -0.001289725 -0.006480157 0.02027606 -0.002529919 -0.006104052 0.02027606 -0.003673017 -0.005493164 0.02027606 -0.004674792 -0.004670858 0.02027606 -0.005497038 -0.003669083 0.02027606 -0.006107926 -0.002526104 0.02027606 -0.00648421 -0.001285851 0.02027606 -0.006611168 3.92422e-6 0.02027606 -0.00648421 0.001293659 0.02027606 -0.006107926 0.002533853 0.02027606 -0.005497038 0.003676891 0.02027606 -0.004674792 0.004678726 0.02027606 -0.003673017 0.005500972 0.02027606 -0.002529919 0.00611186 0.02027606 -0.001289725 0.006488144 0.02027606 0 0.006615102 0.02027606 0.001289725 0.006488144 0.02027606 0.002530038 0.00611186 0.02027606 0.003673017 0.005500972 0.02027606 0.004674792 0.004678726 0.02027606 0.005497038 0.003676891 0.02027606 0.006107926 0.002533853 0.02027606 0.00648421 0.001293659 0.02027022 0.007410407 -0.001470029 0.02027022 0.006980419 -0.002887368 0.02027022 0.00628221 -0.004193723 0.02027022 0.005342543 -0.005338609 0.02027028 0.004197657 -0.006278276 0.02027028 0.002891302 -0.006976485 0.02027028 0.001473963 -0.007406473 0.02027028 0 -0.00755167 0.02027028 -0.001473963 -0.007406473 0.02027028 -0.002891302 -0.006976485 0.02027028 -0.004197657 -0.006278276 0.02027028 -0.005342543 -0.005338609 0.02027028 -0.00628221 -0.004193723 0.02027028 -0.006980419 -0.002887368 0.02027028 -0.007410407 -0.001470029 0.02027028 -0.007555544 3.92457e-6 0.02027028 -0.007410407 0.001477897 0.02027022 -0.006980419 0.002895236 0.02027022 -0.00628221 0.004201591 0.02027022 -0.005342543 0.005346477 0.02027022 -0.004197657 0.006286144 0.02027022 -0.002891302 0.006984353 0.02027022 -0.001473963 0.007414281 0.02027022 0 0.007559478 0.02027022 0.001473963 0.007414281 0.02027022 0.002891302 0.006984353 0.02027022 0.004197657 0.006286144 0.02027022 0.005342543 0.005346477 0.02027022 0.00628221 0.004201531 0.02027022 0.006980419 0.002895236 0.02027022 0.007410407 0.001477897 0.02027022 0.007555544 3.9221e-6 0.01984417 0.007682204 -0.00152415 0.01984417 0.00723654 -0.002993524 0.01984417 0.006512701 -0.004347622 0.01984417 0.005538523 -0.005534589 0.01984417 0.004351556 -0.006508708 0.01984417 0.002997398 -0.007232606 0.01984417 0.001528084 -0.00767827 0.01984417 0 -0.007828831 0.01984417 -0.001528084 -0.00767827 0.01984417 -0.002997398 -0.007232606 0.01984417 -0.004351556 -0.006508708 0.01984417 -0.005538523 -0.005534589 0.01984417 -0.006512701 -0.004347622 0.01984417 -0.00723654 -0.002993524 0.01984417 -0.007682204 -0.00152415 0.01984417 -0.007832765 3.92463e-6 0.01984417 -0.007682204 0.001532018 0.01984417 -0.00723654 0.003001332 0.01984417 -0.006512701 0.00435549 0.01984417 -0.005538523 0.005542457 0.01984417 -0.004351556 0.006516635 0.01984417 -0.002997398 0.007240474 0.01984417 -0.001528084 0.007686138 0.01984417 0 0.007836699 0.01984417 0.001528084 0.007686138 0.01984417 0.002997398 0.007240474 0.01984417 0.004351675 0.006516635 0.01984417 0.005538523 0.005542457 0.01984417 0.006512701 0.00435549 0.01984417 0.00723654 0.003001332 0.01984417 0.007682204 0.001531839 0.01984417 0.007832765 3.92208e-6 -0.001499891 -0.01399987 -0.01399987 -0.001499891 -0.01399987 -0.01399987 -0.001499891 -0.01399987 0.01399987 -0.001499891 -0.01399987 0.01399987 -0.001499891 0.01399987 0.01399987 -0.001499891 0.01399987 0.01399987 -0.001499891 0.01399987 -0.01399987 -0.001499891 0.01399987 -0.01399987 0 0.01399987 0.01399987 0 0.01399987 0.01399987 0 0.01399987 -0.01399987 0 0.01399987 -0.01399987 0 -0.01399987 0.01399987 0 -0.01399987 0.01399987 0 -0.01399987 -0.01399987 0 -0.01399987 -0.01399987 -3.03874e-4 -0.008999943 -0.008999943 -3.03874e-4 -0.008999943 -0.008999943 -3.03874e-4 -0.008999943 0.008999943 -3.03874e-4 -0.008999943 0.008999943 -3.03874e-4 0.008999943 0.008999943 -3.03874e-4 0.008999943 0.008999943 -3.03874e-4 0.008999943 -0.008999943 -3.03874e-4 0.008999943 -0.008999943 0.004657924 0.008999943 0.008999943 0.004657924 0.008999943 0.008999943 0.004657924 0.008999943 -0.008999943 0.004657924 0.008999943 -0.008999943 0.004657924 -0.008999943 0.008999943 0.004657924 -0.008999943 0.008999943 0.004657924 -0.008999943 -0.008999943 0.004657924 -0.008999943 -0.008999943 0.003556907 -0.00931859 -0.001969099 0.003556907 -0.008927285 -0.002007544 0.003556907 -0.009694814 -0.001854956 0.003556907 -0.01004159 -0.001669526 0.003556907 -0.01034545 -0.00142014 0.003556907 -0.01059502 -0.001116216 0.003556907 -0.01078033 -7.69456e-4 0.003556907 -0.01089435 -3.93189e-4 0.003556907 -0.01093304 -1.88389e-6 0.003556907 -0.01089435 3.89421e-4 0.003556907 -0.01078033 7.65688e-4 0.003556907 -0.01059502 0.001112401 0.003556907 -0.01034545 0.001416385 0.003556907 -0.01004159 0.001665771 0.003556907 -0.009694814 0.001851141 0.003556907 -0.00931859 0.001965284 0.003556907 -0.008927285 0.002003729 0.003556907 0.01076567 -3.8545e-4 0.003556907 0.01080405 5.8548e-6 0.003556907 0.0106514 -7.61717e-4 0.003556907 0.01046603 -0.001108348 0.003556907 0.01021671 -0.001412332 0.003556907 0.009912788 -0.001661837 0.003556907 0.009566009 -0.001847088 0.003556907 0.009189724 -0.00196135 0.003556907 0.00879842 -0.001999855 0.003556907 0.009189724 0.001972973 0.003556907 0.00879842 0.002011597 0.003556907 0.009566009 0.00185889 0.003556907 0.009912788 0.001673579 0.003556907 0.01021671 0.001424074 0.003556907 0.01046603 0.00112015 0.003556907 0.0106514 7.73424e-4 0.003556907 0.01076567 3.97156e-4 0.01333791 0.00723654 0.003001332 0.01333791 0.007682204 0.001531839 0.01334583 0.006192505 0.0025689 0.01334583 0.006573975 0.001311421 0.0173282 0.006192505 0.0025689 0.0173282 0.006573975 0.001311421 0.0173363 0.00723654 0.003001332 0.0173363 0.007682204 0.001531839 0.01333791 0.007832765 3.92005e-6 0.01334583 0.006702721 3.92053e-6 0.0173282 0.006702721 3.92105e-6 0.0173363 0.007832765 3.92188e-6 0.01333791 0.006512701 0.00435549 0.01334583 0.005573153 0.003727734 0.0173282 0.005573153 0.003727734 0.0173363 0.006512701 0.00435549 0.01333791 0.005538523 0.005542457 0.01334583 0.004739582 0.004743397 0.0173282 0.004739582 0.004743397 0.0173363 0.005538523 0.005542457 0.01333791 0.004351675 0.006516635 0.01334583 0.0037238 0.005576968 0.0173282 0.0037238 0.005576968 0.0173363 0.004351675 0.006516635 0.01333791 0.002997398 0.007240474 0.01334583 0.002565026 0.006196439 0.0173282 0.002565026 0.006196439 0.0173363 0.002997398 0.007240474 0.01333791 0.001528084 0.007686138 0.01334583 0.001307547 0.006577849 0.0173282 0.001307547 0.006577849 0.0173363 0.001528084 0.007686138 0.01333791 0 0.007836699 0.01334583 0 0.006706655 0.0173282 0 0.006706655 0.0173363 0 0.007836699 0.01333791 -0.001528084 0.007686138 0.01334583 -0.001307547 0.006577849 0.0173282 -0.001307547 0.006577849 0.0173363 -0.001528084 0.007686138 0.01333791 -0.002997398 0.007240474 0.01334583 -0.002565026 0.006196439 0.0173282 -0.002565026 0.006196439 0.0173363 -0.002997398 0.007240474 0.01333791 -0.004351556 0.006516635 0.01334583 -0.0037238 0.005576968 0.0173282 -0.0037238 0.005576968 0.0173363 -0.004351556 0.006516635 0.01333791 -0.005538523 0.005542457 0.01334583 -0.004739463 0.004743397 0.0173282 -0.004739463 0.004743397 0.0173363 -0.005538523 0.005542457 0.01333791 -0.006512701 0.00435549 0.01334583 -0.005573153 0.003727734 0.0173282 -0.005573153 0.003727734 0.0173363 -0.006512701 0.00435549 0.01333791 -0.00723654 0.003001332 0.01334583 -0.006192505 0.00256896 0.0173282 -0.006192505 0.00256896 0.0173363 -0.00723654 0.003001332 0.01333791 -0.007682204 0.001532018 0.01334583 -0.006573975 0.001311421 0.0173282 -0.006573975 0.001311421 0.0173363 -0.007682204 0.001532018 0.01333791 -0.007832765 3.9226e-6 0.01334583 -0.006702721 3.92271e-6 0.0173282 -0.006702721 3.92323e-6 0.0173363 -0.007832765 3.92443e-6 0.01333791 -0.007682204 -0.00152415 0.01334583 -0.006573975 -0.001303613 0.0173282 -0.006573975 -0.001303613 0.0173363 -0.007682204 -0.00152415 0.01333791 -0.00723654 -0.002993524 0.01334583 -0.006192505 -0.002561092 0.0173282 -0.006192505 -0.002561092 0.0173363 -0.00723654 -0.002993524 0.01333791 -0.006512701 -0.004347622 0.01334583 -0.005573153 -0.003719866 0.0173282 -0.005573153 -0.003719866 0.0173363 -0.006512701 -0.004347622 0.01333791 -0.005538523 -0.005534589 0.01334583 -0.004739463 -0.004735589 0.0173282 -0.004739463 -0.004735589 0.0173363 -0.005538523 -0.005534589 0.01333791 -0.004351556 -0.006508708 0.01334583 -0.0037238 -0.0055691 0.0173282 -0.0037238 -0.0055691 0.0173363 -0.004351556 -0.006508708 0.01333791 -0.002997398 -0.007232606 0.01334583 -0.002565026 -0.006188631 0.0173282 -0.002565026 -0.006188631 0.0173363 -0.002997398 -0.007232606 0.01333791 -0.001528084 -0.00767827 0.01334583 -0.001307547 -0.006570041 0.0173282 -0.001307547 -0.006570041 0.0173363 -0.001528084 -0.00767827 0.01333791 0 -0.007828831 0.01334583 0 -0.006698787 0.0173282 0 -0.006698787 0.0173363 0 -0.007828831 0.01333791 0.001528084 -0.00767827 0.01334583 0.001307547 -0.006570041 0.0173282 0.001307547 -0.006570041 0.0173363 0.001528084 -0.00767827 0.01333791 0.002997398 -0.007232606 0.01334583 0.002565026 -0.006188631 0.0173282 0.002565026 -0.006188631 0.0173363 0.002997398 -0.007232606 0.01333791 0.004351556 -0.006508708 0.01334583 0.0037238 -0.0055691 0.0173282 0.0037238 -0.0055691 0.0173363 0.004351556 -0.006508708 0.01333791 0.005538523 -0.005534589 0.01334583 0.004739463 -0.004735589 0.0173282 0.004739463 -0.004735589 0.0173363 0.005538523 -0.005534589 0.01333791 0.006512701 -0.004347622 0.01334583 0.005573153 -0.003719866 0.0173282 0.005573153 -0.003719866 0.0173363 0.006512701 -0.004347622 0.01333791 0.00723654 -0.002993524 0.01334583 0.006192505 -0.002561092 0.0173282 0.006192505 -0.002561092 0.0173363 0.00723654 -0.002993524 0.01333791 0.007682204 -0.00152415 0.01334583 0.006573975 -0.001303613 0.0173282 0.006573975 -0.001303613 0.0173363 0.007682204 -0.00152415 0.02027606 0.006107926 0.002533853 0.02027606 0.00648421 0.001293659 0.02027606 0.006611168 3.92207e-6 0.02027606 0.005497038 0.003676891 0.02027606 0.004674792 0.004678726 0.02027606 0.003673017 0.005500972 0.02027606 0.002530038 0.00611186 0.02027606 0.001289725 0.006488144 0.02027606 0 0.006615102 0.02027606 -0.001289725 0.006488144 0.02027606 -0.002529919 0.00611186 0.02027606 -0.003673017 0.005500972 0.02027606 -0.004674792 0.004678726 0.02027606 -0.005497038 0.003676891 0.02027606 -0.006107926 0.002533853 0.02027606 -0.00648421 0.001293659 0.02027606 -0.006611168 3.92422e-6 0.02027606 -0.00648421 -0.001285851 0.02027606 -0.006107926 -0.002526104 0.02027606 -0.005497038 -0.003669083 0.02027606 -0.004674792 -0.004670858 0.02027606 -0.003673017 -0.005493164 0.02027606 -0.002529919 -0.006104052 0.02027606 -0.001289725 -0.006480157 0.02027606 0 -0.006607294 0.02027606 0.001289725 -0.006480157 0.02027606 0.002529919 -0.006104052 0.02027606 0.003673017 -0.005493164 0.02027606 0.004674792 -0.004670858 0.02027606 0.005497038 -0.003669083 0.02027606 0.006107926 -0.002526104 0.02027606 0.00648421 -0.001285851 0.02027022 0.007555544 3.9221e-6 0.02027022 0.007410407 -0.001470029 0.02027022 0.006980419 -0.002887368 0.02027022 0.00628221 -0.004193723 0.02027022 0.005342543 -0.005338609 0.02027028 0.004197657 -0.006278276 0.02027028 0.002891302 -0.006976485 0.02027028 0.001473963 -0.007406473 0.02027028 0 -0.00755167 0.02027028 -0.001473963 -0.007406473 0.02027028 -0.002891302 -0.006976485 0.02027028 -0.004197657 -0.006278276 0.02027028 -0.005342543 -0.005338609 0.02027028 -0.00628221 -0.004193723 0.02027028 -0.006980419 -0.002887368 0.02027028 -0.007410407 -0.001470029 0.02027028 -0.007555544 3.92457e-6 0.02027028 -0.007410407 0.001477897 0.02027022 -0.006980419 0.002895236 0.02027022 -0.00628221 0.004201591 0.02027022 -0.005342543 0.005346477 0.02027022 -0.004197657 0.006286144 0.02027022 -0.002891302 0.006984353 0.02027022 -0.001473963 0.007414281 0.02027022 0 0.007559478 0.02027022 0.001473963 0.007414281 0.02027022 0.002891302 0.006984353 0.02027022 0.004197657 0.006286144 0.02027022 0.005342543 0.005346477 0.02027022 0.00628221 0.004201531 0.02027022 0.006980419 0.002895236 0.02027022 0.007410407 0.001477897 0.01984417 0.00723654 0.003001332 0.01984417 0.007682204 0.001531839 0.01984417 0.007832765 3.92208e-6 0.01984417 0.006512701 0.00435549 0.01984417 0.005538523 0.005542457 0.01984417 0.004351675 0.006516635 0.01984417 0.002997398 0.007240474 0.01984417 0.001528084 0.007686138 0.01984417 0 0.007836699 0.01984417 -0.001528084 0.007686138 0.01984417 -0.002997398 0.007240474 0.01984417 -0.004351556 0.006516635 0.01984417 -0.005538523 0.005542457 0.01984417 -0.006512701 0.00435549 0.01984417 -0.00723654 0.003001332 0.01984417 -0.007682204 0.001532018 0.01984417 -0.007832765 3.92463e-6 0.01984417 -0.007682204 -0.00152415 0.01984417 -0.00723654 -0.002993524 0.01984417 -0.006512701 -0.004347622 0.01984417 -0.005538523 -0.005534589 0.01984417 -0.004351556 -0.006508708 0.01984417 -0.002997398 -0.007232606 0.01984417 -0.001528084 -0.00767827 0.01984417 0 -0.007828831 0.01984417 0.001528084 -0.00767827 0.01984417 0.002997398 -0.007232606 0.01984417 0.004351556 -0.006508708 0.01984417 0.005538523 -0.005534589 0.01984417 0.006512701 -0.004347622 0.01984417 0.00723654 -0.002993524 0.01984417 0.007682204 -0.00152415</float_array>
          <technique_common>
            <accessor source="#Cube_001-mesh-positions-array" count="759" stride="3">
              <param name="X" type="float"/>
              <param name="Y" type="float"/>
              <param name="Z" type="float"/>
            </accessor>
          </technique_common>
        </source>
        <source id="Cube_001-mesh-normals">
          <float_array id="Cube_001-mesh-normals-array" count="2070">0.8022224 -0.5970254 -7.90317e-7 0.8022047 -0.5970492 -9.00369e-7 0.8022311 -0.5855445 0.1164605 0.8022315 -0.5855426 0.1164675 0.8022172 -0.5515901 0.2284644 0.8022093 -0.5515926 0.2284863 0.8022099 -0.4964227 0.3316985 0.8021897 -0.4221919 0.4221917 0.8022063 -0.4221803 0.4221714 0.8022233 -0.3317039 0.4963975 0.8022264 -0.3317029 0.4963932 0.802211 -0.2284666 0.5515981 0.8022014 -0.2284545 0.5516171 0.8022013 -0.1164847 0.5855804 0.8022052 -1.71935e-7 0.5970484 0.8022037 0 0.5970506 0.8021995 0.1164889 0.5855822 0.8022005 0.1164825 0.5855821 0.8022012 0.2284815 0.5516063 0.8022106 0.2284575 0.5516026 0.8022261 0.3316732 0.4964134 0.802224 0.3316825 0.4964107 0.8022006 0.4221952 0.4221676 0.8021967 0.4222001 0.4221703 0.8022114 0.4964196 0.3316997 0.8022172 0.4964073 0.3317039 0.802209 0.5516081 0.22845 0.8022173 0.551589 0.2284672 0.8022314 0.585537 0.116496 0.8022326 0.5855357 0.1164942 0.8022227 0.597025 5.04478e-7 0.8022226 0.5855478 -0.1165021 0.8022261 0.5855444 -0.1164957 0.8021865 0.55163 -0.228476 0.8022025 0.5516077 -0.2284736 0.8021982 0.4964375 -0.3317044 0.8021898 0.4221918 -0.4221915 0.8022012 0.422184 -0.4221778 0.8022037 0.3317004 -0.4964316 0.8021976 0.2284892 -0.5516082 0.802194 0.2284896 -0.5516133 0.8022342 0.1164627 -0.5855399 0.8022165 0.1164691 -0.5855628 0.8022208 0 -0.5970277 0.8022255 -0.1164813 -0.5855479 0.8022269 -0.1164746 -0.5855474 0.8022038 -0.2284584 -0.551612 0.8022084 -0.2284683 -0.5516012 0.8022112 -0.3317066 -0.496415 0.8022149 -0.3317089 -0.4964076 0.80219 -0.4221913 -0.4221916 0.8022013 -0.4221838 -0.4221778 0.8022031 -0.4964362 -0.331695 0.8022111 -0.5515992 -0.2284638 0.8022012 -0.5516045 -0.2284857 0.8022311 -0.5855442 -0.1164616 0.8022304 -0.5855435 -0.1164706 -1 0 0 0 1 0 1 0 0 0 -1 0 0 0 -1 0 0 1 0 -0.09811109 -0.9951755 0 -0.09811109 -0.9951755 0 -0.194992 -0.9808049 0 -0.1949926 -0.9808048 0 -0.3827788 -0.92384 0 -0.5556112 -0.8314422 0 -0.5556109 -0.8314424 0 -0.7070225 -0.7071911 0 -0.7070228 -0.7071908 0 -0.8314462 -0.5556054 0 -0.9239241 -0.3825761 0 -0.9239217 -0.3825819 0 -0.9807775 -0.1951301 0 -0.980777 -0.1951318 0 -1 -2.13528e-6 0 -1 2.14004e-6 0 -0.980777 0.195132 0 -0.9807775 0.1951302 0 -0.9239109 0.3826077 0 -0.9239135 0.3826016 0 -0.8314564 0.5555903 0 -0.8314586 0.5555868 0 -0.7070558 0.7071578 0 -0.707058 0.7071556 0 -0.5555552 0.8314798 0 -0.5555555 0.8314796 0 -0.3827175 0.9238655 0 -0.3827171 0.9238656 0 -0.1950651 0.9807904 0 -0.1950656 0.9807903 0 -0.09792613 0.9951937 0 1 3.57452e-7 0 1 4.48006e-7 0 0.9807935 -0.1950491 0 0.9807931 -0.1950512 0 0.9238207 -0.3828256 0 0.9238204 -0.3828261 0 0.8314566 -0.55559 0 0.7071955 -0.707018 0 0.7071964 -0.7070171 0 0.5555935 -0.8314542 0 0.5555938 -0.831454 0 0.3827008 -0.9238725 0 0.3826987 -0.9238733 0 0.1951169 -0.9807801 0 0.1951156 -0.9807804 0 0.09792888 -0.9951935 0 0.09822821 0.9951639 0 0.1951206 0.9807793 0 0.1951208 0.9807792 0 0.3825663 0.923928 0 0.3825654 0.9239285 0 0.5555958 0.8314527 0 0.5555937 0.831454 0 0.7071972 0.7070164 0 0.8314692 0.5555709 0 0.8314676 0.5555733 0 0.9238291 0.3828053 0 0.9238283 0.382807 0 0.9807935 0.1950492 0 0.9807926 0.1950537 0 0.9238868 0.3826662 0 0.980786 0.1950866 0 0.9807863 0.1950858 0.9999749 0.006787061 0.002059757 0 0.923882 0.3826776 0 0.9238821 0.3826771 0 0.9807856 0.195089 -0.9999738 0.006941378 0.002105414 0 1 3.85105e-6 0 1 1.98272e-6 0.9999749 0.007061779 6.95326e-4 0 0.9807855 0.1950894 0 1 -9.12713e-7 -0.9999738 0.007220804 7.11424e-4 0 0.8314571 0.555589 0 0.9238867 0.3826665 0.9999749 0.00625807 0.003344416 0 0.8314743 0.5555635 0 0.8314741 0.5555635 -0.9999738 0.006398499 0.003419935 0 0.7071243 0.7070894 0 0.7071242 0.7070895 0.9999749 0.005485653 0.00450164 0 0.7070862 0.7071273 -0.9999737 0.00560826 0.004602551 0 0.5555943 0.8314536 0.9999749 0.00450164 0.005485236 0 0.5555815 0.8314622 0 0.7070865 0.7071271 -0.9999738 0.004600763 0.00560683 0 0.3826597 0.9238893 0 0.3826598 0.9238893 0.9999749 0.003344178 0.006256699 0 0.3826983 0.9238735 0 0.5555818 0.8314619 -0.9999738 0.003419041 0.006397902 0 0.1950941 0.9807845 0.9999749 0.002059221 0.006789922 0 0.1950842 0.9807865 0 0.3826985 0.9238733 -0.9999737 0.002106785 0.006942033 0 0 1 0 0.1950941 0.9807845 0.9999749 6.96779e-4 0.007061302 0 0.1950843 0.9807865 -0.9999738 7.12086e-4 0.007219493 0 -0.1950941 0.9807845 0 -0.1950941 0.9807845 0.9999749 -6.9553e-4 0.007061123 0 -0.1950842 0.9807865 -0.9999738 -7.12071e-4 0.007219314 0 -0.3826767 0.9238824 0.9999749 -0.002059221 0.006789863 0 -0.3826983 0.9238734 0 -0.1950843 0.9807865 -0.9999737 -0.002104699 0.006942033 0 -0.555589 0.8314571 0 -0.3826768 0.9238824 0.9999749 -0.003343284 0.006257414 0 -0.5556057 0.8314459 0 -0.3826984 0.9238734 -0.9999738 -0.00341928 0.006397783 0 -0.7071068 0.7071068 0 -0.7071068 0.7071067 0.9999749 -0.004502832 0.005484521 0 -0.707082 0.7071316 0 -0.5556055 0.8314461 -0.9999737 -0.004600763 0.005607426 0 -0.831457 0.5555892 0.9999749 -0.005484819 0.00450164 0 -0.8314487 0.5556015 0 -0.7070819 0.7071318 -0.9999738 -0.005607783 0.004602193 0 -0.9238823 0.3826769 0 -0.8314571 0.5555889 0.9999749 -0.006256282 0.003344774 0 -0.9238805 0.3826813 0 -0.8314488 0.5556015 -0.9999738 -0.006398499 0.003419935 0 -0.9807845 0.1950941 0 -0.9807847 0.1950932 0.9999749 -0.006788134 0.002059757 0 -0.9807868 0.1950826 0 -0.9807868 0.1950829 -0.9999738 -0.00694251 0.002105593 0 -1 -1.64909e-6 0.9999749 -0.007062315 6.9532e-4 0 -1 -8.05475e-7 -0.9999737 -0.007219672 7.11363e-4 0 -0.9807856 -0.1950893 0 -1 1.42985e-7 0.9999749 -0.00706166 -6.9527e-4 0 -0.9807867 -0.1950838 0 -1 -8.29306e-7 -0.9999737 -0.007220923 -7.11318e-4 0 -0.9238844 -0.3826718 0 -0.9238845 -0.3826715 0.9999749 -0.006790995 -0.002059876 0 -0.9238804 -0.3826814 0 -0.9807867 -0.1950836 -0.9999737 -0.00694257 -0.002105593 0 -0.8314504 -0.5555993 0.9999749 -0.006256461 -0.003344535 0 -0.8314568 -0.5555894 0 -0.9238806 -0.3826812 -0.9999737 -0.006395995 -0.003419697 0 -0.7070876 -0.7071259 0 -0.8314501 -0.5555994 0.9999749 -0.005484819 -0.00450164 0 -0.7070921 -0.7071216 0 -0.8314569 -0.5555892 -0.9999738 -0.005607128 -0.004602551 0 -0.5555908 -0.831456 0 -0.7070876 -0.707126 0.9999749 -0.004500567 -0.005484819 0 -0.5556056 -0.831446 0 -0.7070921 -0.7071214 -0.9999738 -0.00460124 -0.005607962 0 -0.3826925 -0.9238758 0 -0.3826924 -0.9238759 0.9999749 -0.003344714 -0.006257712 0 -0.3826984 -0.9238734 0 -0.5556058 -0.831446 -0.9999737 -0.003419339 -0.006397843 0 -0.1950941 -0.9807845 0.9999749 -0.002058744 -0.00679022 0 -0.1950618 -0.980791 0 -0.1950618 -0.980791 -0.9999737 -0.002104818 -0.006942391 0 0 -1 0 -0.1950941 -0.9807845 0.9999749 -6.94606e-4 -0.007061064 0 0 -1 0 0 -1 -0.9999737 -7.10227e-4 -0.007219314 0 0.1950941 -0.9807845 0 0 -1 0.9999749 6.94667e-4 -0.007061719 0 0.1950618 -0.980791 0 0.1950618 -0.980791 -0.9999737 7.09963e-4 -0.007219314 0 0.3826924 -0.9238759 0 0.1950941 -0.9807845 0.9999749 0.002059936 -0.00679022 0 0.3826984 -0.9238734 0 0.3826985 -0.9238734 -0.9999738 0.002104818 -0.006942391 0 0.5555906 -0.831456 0 0.3826924 -0.9238758 0.9999749 0.003345847 -0.006257593 0 0.5556056 -0.831446 0 0.5556057 -0.831446 -0.9999738 0.003420352 -0.006397902 0 0.7070875 -0.707126 0 0.5555908 -0.8314558 0.9999749 0.004500567 -0.005484819 0 0.7070921 -0.7071215 -0.9999737 0.004603266 -0.005607843 0 0.8314504 -0.5555993 0 0.8314502 -0.5555994 0.9999749 0.00548613 -0.0045017 0 0.8314569 -0.5555892 0 0.8314568 -0.5555894 -0.9999738 0.005608201 -0.004602551 0 0.9238845 -0.3826718 0.9999749 0.006255865 -0.003344535 0 0.9238806 -0.3826812 0 0.9238804 -0.3826814 -0.9999737 0.006395995 -0.003419697 0 0.9807857 -0.1950885 0 0.9238845 -0.3826715 0.9999749 0.006792247 -0.002059876 0 0.9807866 -0.1950837 0 0.9807867 -0.1950839 -0.9999737 0.006942033 -0.002105593 0 0.9807856 -0.1950894 0.9999748 0.007061183 -6.95271e-4 0 1 -9.53225e-7 -0.9999738 0.007217645 -7.11319e-4 0.9999807 0.005943357 0.001803934 0.9999807 0.006184995 6.08977e-4 0.9999807 0.005478203 0.002928555 0.9999807 0.004801273 0.003941953 0.9999807 0.003941059 0.004802644 0.9999808 0.002930164 0.005479872 0.9999808 0.001800835 0.005945742 0.9999807 6.09379e-4 0.006183862 0.9999807 -6.09005e-4 0.006183862 0.9999807 -0.001804113 0.00594604 0.9999807 -0.002929747 0.005479693 0.9999807 -0.003942668 0.004802823 0.9999807 -0.004801094 0.003941833 0.9999808 -0.005477488 0.002928555 0.9999808 -0.005945682 0.001803874 0.9999812 -0.006117939 6.0275e-4 0.9999812 -0.006120026 -6.02735e-4 0.9999812 -0.005880832 -0.001785516 0.9999811 -0.00542128 -0.002898931 0.9999812 -0.004749 -0.00390172 0.9999811 -0.003901004 -0.004753947 0.9999812 -0.002898573 -0.005424022 0.9999811 -0.001785993 -0.005884766 0.9999812 -6.02965e-4 -0.006120085 0.9999812 6.03338e-4 -0.006120085 0.9999812 0.001783192 -0.005885303 0.9999812 0.002900063 -0.005424022 0.9999808 0.00394243 -0.004802525 0.9999807 0.004799783 -0.003941953 0.9999808 0.005478024 -0.002928853 0.9999808 0.005941212 -0.001803874 0.9999808 0.006176888 -6.0896e-4 0.5453199 0.838228 2.18962e-5 0.5453185 0.838229 2.34477e-5 0.5452398 0.8221741 -0.1635339 0.5453719 0.7743939 -0.320755 0.5453468 0.7744046 -0.3207716 0.5452877 0.6969645 -0.4657274 0.5452755 0.696974 -0.4657275 0.5452334 0.5927437 -0.5927693 0.5451293 0.4658043 -0.6970369 0.5451274 0.465794 -0.6970453 0.5452878 0.3207821 -0.7744418 0.5452575 0.3207929 -0.7744587 0.5451703 0.1635426 -0.8222185 0.5451626 0.1635522 -0.8222217 0.5451911 6.86716e-6 -0.8383118 0.5451911 6.42186e-6 -0.8383118 0.5451751 -0.1635483 -0.8222143 0.5452871 -0.3207823 -0.7744422 0.545257 -0.3207931 -0.774459 0.5451286 -0.4657976 -0.6970419 0.5451212 -0.46579 -0.6970527 0.5451834 -0.5927677 -0.5927912 0.5451954 -0.5927595 -0.5927886 0.5452234 -0.6970049 -0.4657421 0.5452361 -0.6970005 -0.4657339 0.5453098 -0.7744246 -0.3207867 0.5453042 -0.7744243 -0.3207964 0.5451722 -0.8222216 -0.1635208 0.5451707 -0.82222 -0.1635336 0.545253 -0.8382716 -4.94214e-7 0.5451586 -0.8222236 0.1635558 0.5451903 -0.8222013 0.1635616 0.5453239 -0.7744272 0.3207563 0.5453312 -0.7744222 0.3207557 0.5452454 -0.6969863 0.4657443 0.5452443 -0.592753 0.5927501 0.5452386 -0.5927551 0.5927531 0.5452358 -0.4657328 0.6970015 0.5452432 -0.4657168 0.6970064 0.545327 -0.3207657 0.774421 0.5452929 -0.1635309 0.8221396 0.5453017 -0.163539 0.822132 0.5453246 0 0.838225 0.5452969 0.1635243 0.8221381 0.5452975 0.1635339 0.8221359 0.5453388 0.3207569 0.7744163 0.5453368 0.3207589 0.7744169 0.5453163 0.465709 0.6969543 0.5453262 0.4657086 0.6969467 0.5452471 0.5927556 0.5927448 0.5452526 0.5927541 0.5927413 0.5452778 0.6969807 0.4657146 0.5452815 0.6969814 0.4657093 0.5453187 0.774427 0.3207656 0.5452131 0.8221911 0.1635383 0.5451801 0.8222093 0.163556 0 0.9238866 0.3826663 0 0.9807862 0.195086 0 0.980786 0.1950867 0 1 2.42121e-6 0 0.8314569 0.5555893 0 0.7071241 0.7070895 0 0.7071246 0.707089 0 0.5555946 0.8314533 0 0.3826599 0.9238893 0 0.555594 0.8314537 0 0.1950941 0.9807845 0 0.3826596 0.9238895 0 0 1 0 0.1950939 0.9807845 0 -0.1950942 0.9807845 0 0 1 0 -0.3826769 0.9238823 0 -0.195094 0.9807845 0 -0.5555894 0.8314569 0 -0.3826765 0.9238824 0 -0.7071071 0.7071065 0 -0.5555888 0.8314572 0 -0.8314571 0.555589 0 -0.7071065 0.7071071 0 -0.9238823 0.3826768 0 -0.8314569 0.5555893 0 -0.9807845 0.1950941 0 -0.9807847 0.1950934 0 -1 -1.20584e-6 0 -0.9807856 -0.195089 0 -1 0 0 -0.9238846 -0.3826713 0 -0.9807857 -0.1950886 0 -0.8314504 -0.555599 0 -0.9238843 -0.3826718 0 -0.7070879 -0.7071257 0 -0.8314501 -0.5555995 0 -0.5555909 -0.8314558 0 -0.3826923 -0.923876 0 -0.3826925 -0.9238758 0 -0.195094 -0.9807845 0 -0.1950942 -0.9807845 0 0 -1 0 0 -1 0 0.1950939 -0.9807845 0 0.1950941 -0.9807845 0 0.3826923 -0.9238759 0 0.3826925 -0.9238758 0 0.5555908 -0.8314559 0 0.5555912 -0.8314557 0 0.7070879 -0.7071258 0 0.8314501 -0.5555996 0 0.8314504 -0.555599 0 0.9238843 -0.3826718 0 0.9238846 -0.3826713 0 0.9807856 -0.1950886 0 0.9807856 -0.1950891 0 1 3.66994e-6 0.8022186 -0.4964068 0.3317015 0.8021987 -0.11648 0.5855851 0.8022051 0.5970486 -8.87855e-7 0.802209 0.4964262 -0.3316957 0.8022185 0.3316917 -0.4964133 0.8022053 0 -0.5970482 0.802209 -0.4964262 -0.3316957 0 -0.3827805 -0.9238395 0 -0.8314457 -0.5556061 0 -0.0982601 0.9951608 1 -1.88342e-6 0 1 -3.77139e-6 0 1 7.53825e-6 0 1 -3.76963e-6 0 1 3.44032e-7 0 1 3.17815e-7 0 1 -7.37398e-7 0 1 -1.94066e-6 0 0 0.8314561 -0.5555904 0 0.09792846 -0.9951935 1 7.54058e-6 0 1 -7.54186e-6 0 1 2.39005e-6 0 1 -1.47691e-6 0 1 -7.5223e-6 0 1 -5.08458e-6 0 1 2.995e-7 0 0 0.09822863 0.995164 0 0.7071938 0.7070198 0.9999749 0.006790339 0.002059459 -0.9999737 0.006942927 0.002106189 0.9999749 0.007062196 6.95772e-4 -0.9999738 0.007218599 7.10837e-4 0 0.8314571 0.5555891 0.9999749 0.006258368 0.003344953 -0.9999738 0.006397128 0.003419339 0.9999749 0.005483925 0.00450164 -0.9999738 0.005608677 0.004602491 0 0.5555943 0.8314536 0.9999749 0.00450176 0.005483925 -0.9999737 0.004602968 0.005608141 0.9999749 0.003344237 0.006257653 -0.9999737 0.003420472 0.006396889 0.9999749 0.0020594 0.006789863 -0.9999737 0.002104759 0.006942033 0.9999749 6.95218e-4 0.007061064 -0.9999737 7.11532e-4 0.007219314 0.9999749 -6.95233e-4 0.007061243 -0.9999737 -7.11551e-4 0.007219493 0.9999749 -0.002060472 0.006789863 -0.9999737 -0.002107203 0.006942033 0.9999749 -0.00334537 0.006257236 -0.9999737 -0.00342065 0.006397247 0.9999749 -0.004499733 0.00548458 -0.9999738 -0.004602968 0.005607485 0.9999749 -0.005483925 0.00450164 -0.9999737 -0.005608379 0.004602909 0 -0.9238823 0.3826767 0.9999749 -0.006257116 0.003344833 0 -0.9238806 0.3826809 -0.9999737 -0.006397545 0.003419578 0.9999748 -0.006790637 0.002059519 -0.9999738 -0.006939947 0.00210601 0.9999749 -0.00706166 6.95718e-4 -0.9999737 -0.007216155 7.10838e-4 0 -0.9807857 -0.1950884 0.9999749 -0.00706017 -6.95781e-4 -0.9999738 -0.007221877 -7.10912e-4 0.9999749 -0.006789922 -0.00205934 -0.9999737 -0.006941854 -0.002105832 0.9999749 -0.006256103 -0.003344893 -0.9999737 -0.006396472 -0.003419637 0.9999749 -0.005486011 -0.00450164 -0.9999738 -0.005607903 -0.004602551 0 -0.5555908 -0.831456 0.9999749 -0.00450176 -0.005485057 -0.9999737 -0.004601895 -0.005607724 0.9999749 -0.003345549 -0.006257653 0 -0.3826984 -0.9238733 -0.9999738 -0.00342226 -0.006397962 0.9999749 -0.002060592 -0.00679022 -0.9999738 -0.002104878 -0.006942391 0.9999749 -6.9527e-4 -0.0070616 -0.9999738 -7.11595e-4 -0.00721997 0.9999749 6.9627e-4 -0.007061064 -0.9999738 7.11595e-4 -0.00721997 0.9999749 0.002059519 -0.00679022 -0.9999737 0.002104878 -0.006942391 0.9999749 0.003345131 -0.006257772 -0.9999738 0.00342226 -0.006397962 0 0.7070877 -0.7071259 0.9999749 0.00450176 -0.005485057 0 0.7070921 -0.7071214 -0.9999737 0.004599213 -0.005607903 0.9999749 0.005485415 -0.004501581 -0.9999738 0.005607903 -0.004602551 0.9999749 0.006256103 -0.003344893 -0.9999737 0.006396472 -0.003419637 0.9999749 0.006789922 -0.00205934 -0.9999737 0.006941854 -0.002105832 0.9999749 0.007062315 -6.95782e-4 -0.9999737 0.007221877 -7.10913e-4 0.9999807 0.005948126 0.001803696 0.9999808 0.006183683 6.08865e-4 0.9999808 0.00548309 0.002928912 0.9999807 0.00480479 0.003941774 0.9999808 0.003941595 0.004802882 0.9999807 0.002930879 0.005479872 0.9999808 0.001804709 0.005946159 0.9999808 6.08943e-4 0.006183207 0.9999808 -6.08943e-4 0.006183207 0.9999808 -0.001803278 0.005945622 0.9999807 -0.002929568 0.005479872 0.9999807 -0.003941118 0.004802763 0.9999808 -0.004803538 0.003941833 0.9999807 -0.005482733 0.002928733 0.9999812 -0.00587517 0.001825034 0.9999811 -0.006121098 6.02662e-4 0.9999812 -0.006121158 -6.0267e-4 0.9999811 -0.005888223 -0.001785337 0.9999812 -0.005425393 -0.002898931 0.9999812 -0.004756689 -0.003901779 0.9999811 -0.003904581 -0.004753768 0.9999812 -0.002901017 -0.005424261 0.9999811 -0.001782417 -0.005885183 0.9999812 -6.03696e-4 -0.006119906 0.9999812 6.03696e-4 -0.006119906 0.9999811 0.001786231 -0.005884706 0.9999812 0.002901017 -0.005424261 0.9999811 0.003938496 -0.004731655 0.9999807 0.004803776 -0.003942012 0.9999808 0.005477666 -0.002928853 0.9999808 0.005948483 -0.001803815 0.9999807 0.006186425 -6.08879e-4 0.5452126 0.8221894 -0.1635483 0.5452457 0.5927352 -0.5927665 0.5451585 -0.1635583 -0.8222233 0.545279 -0.8382548 -4.48369e-7 0.5452325 -0.6970029 0.4657345 0.5453408 -0.3207665 0.774411 0.5453337 0 0.8382192 0.5453418 0.7744137 0.3207583 0 -0.9238823 0.3826769 0 -0.5555906 -0.831456 0.9795976 -0.1671094 0.1116375 0.979598 -0.1421059 0.1421048 0.9216954 -0.2742967 0.2742973 0.921698 -0.3225393 0.2155023 0.8818994 -0.3333572 0.3333563 0.9795973 -0.03921443 0.1971077 1 0 0 0.9795988 1.9032e-7 0.200963 0.9217043 -0.3583683 0.148437 0.9796 -0.1856635 0.07689696 0.9216988 -0.07568794 0.3804508 0.9795992 -0.07690125 0.1856652 0.8819086 -0.4355363 0.1804033 0.8818967 -0.4714427 0 0.921694 -0.3879178 0 0.9216982 -0.3804532 0.07568347 0.9795978 -0.1971055 0.03921324 0.9795997 -0.2009589 0 0.979597 -0.1116377 0.1671129 0.9216977 -0.3804537 -0.07568591 0.9795992 -0.185666 -0.07689952 0.9795975 -0.1971066 -0.0392152 0.9795973 0.03921377 0.1971074 0.8819039 -0.4355464 -0.1804026 0.9217015 -0.3583735 -0.148441 0.9796 0.07689762 0.1856628 0.9216982 -0.3225418 -0.215498 0.9795975 -0.111638 -0.16711 0.979598 -0.1421061 -0.1421046 0.9216958 -0.2742954 -0.2742975 0.9795972 -0.1671124 -0.111637 0.9795977 0.1116381 0.1671093 0.8818995 -0.3919913 -0.2619087 0.9216971 -0.2154986 -0.3225445 0.8818983 -0.3333576 -0.3333592 0.8819057 -0.1804015 -0.435543 0.9217023 -0.1484369 -0.3583731 0.979598 0.1421061 0.1421046 0.9795981 0.1671065 0.111638 0.9216978 -0.07568669 -0.3804532 0.9795997 -0.07689797 -0.1856639 0.9795973 -0.03921395 -0.1971076 0.9795992 -1.9205e-6 -0.2009609 0.9796012 0.1856577 0.07689523 0.8818969 2.27389e-7 -0.4714424 0.9216941 -4.56581e-7 -0.3879175 0.9795982 0.1971036 0.03921097 0.9795977 0.03921598 -0.1971051 0.9216978 0.07568389 -0.3804538 0.9217039 0.1484368 -0.3583693 0.9796 0.07689815 -0.1856628 0.9795997 0.2009589 0 0.8819084 0.1804035 -0.4355368 0.9216977 0.2155027 -0.3225398 0.9795982 0.1971036 -0.03921121 0.979601 0.1856587 -0.07689571 0.9795976 0.1116381 -0.1671093 0.8818994 0.3333572 -0.3333563 0.9216953 0.2742971 -0.2742972 0.9795979 0.1671074 -0.1116379 0.979598 0.1421061 -0.1421046 0.8818924 0.4355639 -0.1804158 0.9216941 0.3583905 -0.1484465 0.921696 0.3225404 -0.2155093 0.8818985 0.4623813 -0.09197068 0.9216977 0.3804565 -0.07567125 0.8818967 0.4714427 0 0.921694 0.3879181 0 0.9216979 0.3804567 0.07566833 0.9216956 0.3583869 0.1484457 0.8818992 0.462381 0.09196603 0.9216967 0.3225355 0.2155134 0.8818964 0.4355557 0.1804164 0.8818995 0.3333572 0.3333563 0.9216953 0.2742971 0.2742973 0.9216978 0.2155026 0.3225398 0.8819084 0.1804033 0.4355368 0.9217039 0.1484366 0.3583694 0.9216992 0.07568442 0.3804506 0.9216963 0 0.3879123 0.8818999 0.09197479 0.4623779 0.8818998 -0.09198009 0.462377 0.8819038 -0.2619026 0.3919857 0.9216964 -0.2154952 0.3225487 0.9217016 -0.1484415 0.3583734 0.8819085 -0.1804048 0.4355359 0.8819008 -0.391983 0.2619168 0.8819014 -0.4623759 0.09196972 0.8819014 -0.462375 -0.09197521 0.881901 -0.2619099 -0.3919871 0.8819017 -0.09197616 -0.4623741 0.8819018 0.09197068 -0.4623751 0.881901 0.2619174 -0.391982 0.8819004 0.3919889 -0.2619093 0.8819008 0.391983 0.2619168 0.881901 0.2619174 0.391982 0.8818932 0 0.4714493</float_array>
          <technique_common>
            <accessor source="#Cube_001-mesh-normals-array" count="690" stride="3">
              <param name="X" type="float"/>
              <param name="Y" type="float"/>
              <param name="Z" type="float"/>
            </accessor>
          </technique_common>
        </source>
        <vertices id="Cube_001-mesh-vertices">
          <input semantic="POSITION" source="#Cube_001-mesh-positions"/>
        </vertices>
        <triangles material="Material_001-material" count="618">
          <input semantic="VERTEX" source="#Cube_001-mesh-vertices" offset="0"/>
          <input semantic="NORMAL" source="#Cube_001-mesh-normals" offset="1"/>
          <p>665 0 1 1 3 2 694 3 3 2 5 4 693 5 5 4 7 6 7 6 9 7 691 8 691 8 9 7 11 9 690 10 11 9 13 11 689 12 13 11 15 13 15 13 17 14 687 15 687 15 17 14 19 16 686 17 19 16 21 18 685 19 21 18 23 20 684 21 23 20 25 22 683 23 25 22 27 24 682 25 27 24 29 26 681 27 29 26 31 28 680 29 31 28 33 30 33 30 35 31 678 32 35 31 37 33 677 34 677 34 37 33 39 35 39 35 41 36 675 37 675 37 41 36 43 38 43 38 45 39 673 40 45 39 47 41 672 42 672 42 47 41 49 43 49 43 51 44 670 45 51 44 53 46 669 47 53 46 55 48 668 49 55 48 57 50 667 51 667 51 57 50 59 52 59 52 61 53 663 54 63 55 1 1 665 0 61 53 63 55 664 56 489 57 491 57 485 57 493 58 495 58 492 58 497 59 499 59 496 59 488 60 486 60 500 60 74 61 78 61 76 61 79 62 75 62 73 62 80 63 502 64 501 65 82 66 501 65 503 67 503 67 504 68 86 69 504 68 505 70 88 71 88 71 505 70 506 72 506 72 507 73 92 74 507 73 508 75 94 76 508 75 509 77 96 78 509 77 510 79 98 80 510 79 511 81 100 82 511 81 512 83 102 84 512 83 513 85 104 86 513 85 514 87 106 88 514 87 515 89 108 90 515 89 516 91 110 92 110 92 516 91 517 93 111 59 103 59 87 59 114 94 519 95 518 96 116 97 518 96 520 98 118 99 520 98 521 100 521 100 522 101 122 102 122 102 522 101 523 103 124 104 523 103 524 105 126 106 524 105 525 107 128 108 525 107 526 109 115 59 529 59 121 59 133 110 135 111 134 112 135 111 137 113 136 114 137 113 139 115 138 116 138 116 139 115 141 117 141 117 143 118 142 119 143 118 145 120 144 121 147 122 519 95 114 94 145 120 147 122 146 123 535 124 536 125 62 126 271 127 270 127 274 127 537 128 269 129 273 130 539 131 268 131 272 131 536 125 543 132 0 133 275 134 274 134 544 134 538 135 273 130 545 136 540 137 272 137 546 137 547 138 535 124 60 139 266 140 270 140 271 140 548 141 265 142 269 129 549 143 264 143 268 143 56 144 551 145 547 138 263 146 262 146 266 146 261 147 265 142 548 141 553 148 260 148 264 148 555 149 551 145 56 144 258 150 262 150 263 150 257 151 261 147 552 152 557 153 256 153 260 153 52 154 559 155 555 149 254 156 258 156 259 156 253 157 257 151 556 158 561 159 252 159 256 159 563 160 559 155 52 154 250 161 254 161 255 161 249 162 253 157 560 163 248 164 252 164 561 164 567 165 563 160 50 166 246 167 250 167 251 167 245 62 249 162 564 168 244 169 248 169 565 169 46 170 571 171 567 165 242 172 246 172 247 172 241 173 245 62 568 62 240 174 244 174 569 174 575 175 571 171 46 170 238 176 242 176 243 176 237 177 241 173 572 178 236 179 240 179 573 179 579 180 575 175 44 181 234 182 238 182 239 182 233 183 237 177 576 184 232 185 236 185 577 185 40 186 583 187 579 180 230 188 234 188 235 188 229 189 233 183 580 190 228 191 232 191 581 191 587 192 583 187 40 186 226 193 230 193 231 193 225 194 229 189 584 195 224 196 228 196 585 196 591 197 587 192 38 198 222 199 226 199 227 199 221 200 225 194 588 201 220 202 224 202 589 202 34 203 595 204 591 197 218 205 222 205 223 205 596 206 217 207 221 200 216 208 220 208 593 208 599 209 595 204 34 203 214 210 218 210 219 210 213 211 217 207 596 206 212 212 216 212 597 212 603 213 599 209 32 214 210 215 214 215 215 215 209 216 213 211 600 217 208 218 212 218 601 218 28 219 607 220 603 213 206 221 210 221 211 221 205 222 209 216 604 223 204 224 208 224 605 224 611 225 607 220 28 219 202 226 206 226 207 226 201 227 205 222 608 228 200 229 204 229 609 229 615 230 611 225 26 231 199 232 198 232 202 232 197 233 201 227 612 234 196 235 200 235 613 235 619 236 615 230 24 237 194 238 198 238 199 238 193 239 197 233 616 240 621 241 192 241 196 241 20 242 623 243 619 236 191 244 190 244 194 244 189 245 193 239 620 246 188 247 192 247 621 247 627 248 623 243 20 242 187 249 186 249 190 249 628 250 185 251 189 245 629 252 184 252 188 252 631 253 627 248 18 254 183 255 182 255 186 255 632 256 181 257 185 251 633 258 180 258 184 258 635 259 631 253 16 260 179 261 178 261 182 261 636 262 177 263 181 257 176 264 180 264 633 264 639 265 635 259 14 266 175 267 174 267 178 267 640 268 173 269 177 263 641 270 172 270 176 270 643 271 639 265 12 272 171 273 170 273 174 273 644 274 169 275 173 269 645 276 168 276 172 276 647 277 643 271 10 278 167 279 166 279 170 279 165 280 169 275 644 274 649 281 164 281 168 281 6 282 651 283 647 277 163 284 162 284 166 284 652 285 161 286 165 280 653 287 160 287 164 287 655 288 651 283 6 282 159 289 158 289 162 289 656 290 157 291 161 286 657 292 156 292 160 292 659 293 655 288 4 294 155 295 154 295 158 295 660 296 153 297 157 291 661 298 152 298 156 298 543 132 659 293 2 299 148 300 544 300 154 300 149 301 545 136 153 297 150 302 546 302 152 302 403 303 404 303 726 303 404 304 373 304 695 304 402 305 403 305 725 305 401 306 402 306 724 306 400 307 401 307 723 307 399 308 400 308 722 308 398 309 399 309 721 309 397 310 398 310 720 310 718 311 396 311 397 311 395 312 396 312 718 312 394 313 395 313 717 313 393 314 394 314 716 314 392 315 393 315 715 315 713 316 391 316 392 316 390 317 391 317 713 317 389 318 390 318 712 318 710 319 388 319 389 319 387 320 388 320 710 320 386 321 387 321 709 321 707 322 385 322 386 322 706 323 384 323 385 323 705 324 383 324 384 324 704 325 382 325 383 325 703 326 381 326 382 326 380 327 381 327 703 327 701 328 379 328 380 328 378 329 379 329 701 329 699 330 377 330 378 330 376 331 377 331 699 331 375 332 376 332 698 332 374 333 375 333 697 333 695 334 373 334 374 334 729 335 436 336 405 337 405 337 406 338 438 339 438 339 406 338 407 340 439 341 407 340 408 342 408 342 409 343 441 344 409 343 410 345 442 346 442 346 410 345 411 347 443 348 411 347 412 349 444 350 412 349 413 351 413 351 414 352 446 353 446 353 414 352 415 354 447 355 415 354 416 356 448 357 416 356 417 358 449 359 417 358 418 360 450 361 418 360 419 362 451 363 419 362 420 364 420 364 421 365 453 366 453 366 421 365 422 367 454 368 422 367 423 369 423 369 424 370 456 371 456 371 424 370 425 372 457 373 425 372 426 374 426 374 427 375 459 376 459 376 427 375 428 377 428 377 429 378 461 379 429 378 430 380 462 381 430 380 431 382 463 383 431 382 432 384 464 385 432 384 433 386 465 387 465 387 433 386 434 388 467 389 435 390 436 336 434 388 435 390 467 389 541 391 727 124 728 392 542 393 728 392 468 394 550 395 730 138 727 124 554 396 731 397 730 138 732 398 731 397 554 396 733 399 732 398 558 400 734 401 733 399 562 402 735 403 734 401 566 404 736 405 735 403 570 406 737 407 736 405 574 408 738 409 737 407 578 410 739 411 738 409 582 412 740 413 739 411 586 414 741 415 740 413 590 416 598 417 742 418 741 415 743 419 742 418 598 417 744 420 743 419 602 421 745 422 744 420 606 423 746 424 745 422 610 425 747 426 746 424 614 427 748 428 747 426 618 230 626 429 749 430 748 428 630 431 750 432 749 430 634 433 751 434 750 432 638 435 752 436 751 434 642 437 753 438 752 436 646 439 754 440 753 438 755 441 754 440 646 439 654 442 756 443 755 441 658 444 757 445 756 443 662 446 758 447 757 445 151 448 468 394 758 447 694 3 665 0 3 2 693 5 694 3 5 4 692 449 693 5 7 6 692 449 7 6 691 8 690 10 691 8 11 9 689 12 690 10 13 11 688 450 689 12 15 13 688 450 15 13 687 15 686 17 687 15 19 16 685 19 686 17 21 18 684 21 685 19 23 20 683 23 684 21 25 22 682 25 683 23 27 24 681 27 682 25 29 26 680 29 681 27 31 28 679 451 680 29 33 30 679 451 33 30 678 32 678 32 35 31 677 34 676 452 677 34 39 35 676 452 39 35 675 37 674 453 675 37 43 38 674 453 43 38 673 40 673 40 45 39 672 42 671 454 672 42 49 43 671 454 49 43 670 45 670 45 51 44 669 47 669 47 53 46 668 49 668 49 55 48 667 51 666 455 667 51 59 52 666 455 59 52 663 54 664 56 63 55 665 0 663 54 61 53 664 56 487 57 489 57 485 57 490 58 493 58 492 58 494 59 497 59 496 59 498 60 488 60 500 60 72 61 74 61 76 61 77 62 79 62 73 62 82 66 80 63 501 65 84 456 82 66 503 67 84 456 503 67 86 69 86 69 504 68 88 71 90 457 88 71 506 72 90 457 506 72 92 74 92 74 507 73 94 76 94 76 508 75 96 78 96 78 509 77 98 80 98 80 510 79 100 82 100 82 511 81 102 84 102 84 512 83 104 86 104 86 513 85 106 88 106 88 514 87 108 90 108 90 515 89 110 92 112 458 110 92 517 93 87 459 85 459 83 459 91 460 89 460 87 460 95 59 93 59 91 59 99 59 97 59 95 59 103 59 101 59 99 59 107 461 105 461 103 461 111 462 109 462 107 462 81 463 113 463 111 463 87 464 83 464 81 464 103 465 91 465 87 465 103 59 99 59 95 59 111 466 107 466 103 466 87 59 81 59 111 59 103 59 95 59 91 59 116 97 114 94 518 96 118 99 116 97 520 98 120 467 118 99 521 100 120 467 521 100 122 102 124 104 122 102 523 103 126 106 124 104 524 105 128 108 126 106 525 107 130 468 128 108 526 109 121 469 119 469 117 469 125 470 123 470 121 470 129 59 127 59 125 59 528 471 131 471 129 471 129 472 527 472 528 472 531 59 530 59 529 59 533 59 532 59 531 59 115 473 534 473 533 473 121 474 117 474 115 474 129 59 125 59 121 59 529 59 527 59 129 59 533 59 531 59 529 59 529 59 115 59 533 59 529 475 129 475 121 475 132 476 133 110 134 112 134 112 135 111 136 114 136 114 137 113 138 116 140 477 138 116 141 117 140 477 141 117 142 119 142 119 143 118 144 121 146 123 147 122 114 94 144 121 145 120 146 123 60 139 535 124 62 126 275 478 271 478 274 478 538 135 537 128 273 130 540 479 539 479 272 479 62 126 536 125 0 133 148 480 275 480 544 480 149 301 538 135 545 136 150 481 540 481 546 481 58 482 547 138 60 139 267 483 266 483 271 483 537 128 548 141 269 129 539 484 549 484 268 484 58 482 56 144 547 138 267 485 263 485 266 485 552 152 261 147 548 141 549 486 553 486 264 486 54 487 555 149 56 144 259 488 258 488 263 488 556 158 257 151 552 152 553 489 557 489 260 489 54 487 52 154 555 149 255 490 254 490 259 490 560 163 253 157 556 158 557 491 561 491 256 491 50 166 563 160 52 154 251 492 250 492 255 492 564 168 249 162 560 163 565 493 248 493 561 493 48 62 567 165 50 166 247 494 246 494 251 494 568 62 245 62 564 168 569 495 244 495 565 495 48 62 46 170 567 165 243 496 242 496 247 496 572 178 241 173 568 62 573 497 240 497 569 497 44 181 575 175 46 170 239 498 238 498 243 498 576 184 237 177 572 178 577 499 236 499 573 499 42 180 579 180 44 181 235 500 234 500 239 500 580 190 233 183 576 184 581 501 232 501 577 501 42 180 40 186 579 180 231 502 230 502 235 502 584 195 229 189 580 190 585 503 228 503 581 503 38 198 587 192 40 186 227 504 226 504 231 504 588 201 225 194 584 195 589 505 224 505 585 505 36 506 591 197 38 198 223 507 222 507 227 507 592 508 221 200 588 201 593 509 220 509 589 509 36 506 34 203 591 197 219 510 218 510 223 510 592 508 596 206 221 200 597 511 216 511 593 511 32 214 599 209 34 203 215 512 214 512 219 512 600 217 213 211 596 206 601 513 212 513 597 513 30 514 603 213 32 214 211 515 210 515 215 515 604 223 209 216 600 217 605 516 208 516 601 516 30 514 28 219 603 213 207 517 206 517 211 517 608 228 205 222 604 223 609 518 204 518 605 518 26 231 611 225 28 219 203 519 202 519 207 519 612 234 201 227 608 228 613 520 200 520 609 520 24 237 615 230 26 231 203 521 199 521 202 521 616 240 197 233 612 234 617 522 196 522 613 522 22 523 619 236 24 237 195 524 194 524 199 524 620 246 193 239 616 240 617 525 621 525 196 525 22 523 20 242 619 236 195 526 191 526 194 526 624 527 189 245 620 246 625 528 188 528 621 528 18 254 627 248 20 242 191 529 187 529 190 529 624 527 628 250 189 245 625 530 629 530 188 530 16 260 631 253 18 254 187 531 183 531 186 531 628 250 632 256 185 251 629 532 633 532 184 532 14 266 635 259 16 260 183 533 179 533 182 533 632 256 636 262 181 257 637 534 176 534 633 534 12 272 639 265 14 266 179 535 175 535 178 535 636 262 640 268 177 263 637 536 641 536 176 536 10 278 643 271 12 272 175 537 171 537 174 537 640 268 644 274 173 269 641 538 645 538 172 538 8 539 647 277 10 278 171 540 167 540 170 540 648 541 165 280 644 274 645 542 649 542 168 542 8 539 6 282 647 277 167 543 163 543 166 543 648 541 652 285 165 280 649 544 653 544 164 544 4 294 655 288 6 282 163 545 159 545 162 545 652 285 656 290 161 286 653 546 657 546 160 546 2 299 659 293 4 294 159 547 155 547 158 547 656 290 660 296 157 291 657 548 661 548 156 548 0 133 543 132 2 299 155 549 148 549 154 549 660 296 149 301 153 297 661 550 150 550 152 550 725 551 403 551 726 551 726 552 404 552 695 552 724 553 402 553 725 553 723 554 401 554 724 554 722 555 400 555 723 555 721 556 399 556 722 556 720 557 398 557 721 557 719 558 397 558 720 558 719 559 718 559 397 559 717 560 395 560 718 560 716 561 394 561 717 561 715 562 393 562 716 562 714 563 392 563 715 563 714 564 713 564 392 564 712 565 390 565 713 565 711 566 389 566 712 566 711 567 710 567 389 567 709 568 387 568 710 568 708 569 386 569 709 569 708 570 707 570 386 570 707 571 706 571 385 571 706 572 705 572 384 572 705 573 704 573 383 573 704 574 703 574 382 574 702 575 380 575 703 575 702 576 701 576 380 576 700 577 378 577 701 577 700 578 699 578 378 578 698 579 376 579 699 579 697 580 375 580 698 580 696 581 374 581 697 581 696 582 695 582 374 582 437 583 729 335 405 337 437 583 405 337 438 339 439 341 438 339 407 340 440 584 439 341 408 342 440 584 408 342 441 344 441 344 409 343 442 346 443 348 442 346 411 347 444 350 443 348 412 349 445 585 444 350 413 351 445 585 413 351 446 353 447 355 446 353 415 354 448 357 447 355 416 356 449 359 448 357 417 358 450 361 449 359 418 360 451 363 450 361 419 362 452 586 451 363 420 364 452 586 420 364 453 366 454 368 453 366 422 367 455 587 454 368 423 369 455 587 423 369 456 371 457 373 456 371 425 372 458 588 457 373 426 374 458 588 426 374 459 376 460 589 459 376 428 377 460 589 428 377 461 379 461 379 429 378 462 381 462 381 430 380 463 383 463 383 431 382 464 385 464 385 432 384 465 387 466 590 465 387 434 388 729 335 467 389 436 336 466 590 434 388 467 389 542 393 541 391 728 392 151 448 542 393 468 394 541 391 550 395 727 124 550 395 554 396 730 138 558 400 732 398 554 396 562 402 733 399 558 400 566 404 734 401 562 402 570 406 735 403 566 404 574 408 736 405 570 406 578 410 737 407 574 408 582 412 738 409 578 410 586 414 739 411 582 412 590 416 740 413 586 414 594 591 741 415 590 416 594 591 598 417 741 415 602 421 743 419 598 417 606 423 744 420 602 421 610 425 745 422 606 423 614 427 746 424 610 425 618 230 747 426 614 427 622 592 748 428 618 230 622 592 626 429 748 428 626 429 630 431 749 430 630 431 634 433 750 432 634 433 638 435 751 434 638 435 642 437 752 436 642 437 646 439 753 438 650 277 755 441 646 439 650 277 654 442 755 441 654 442 658 444 756 443 658 444 662 446 757 445 662 446 151 448 758 447</p>
        </triangles>
        <triangles material="Material_002-material" count="160">
          <input semantic="VERTEX" source="#Cube_001-mesh-vertices" offset="0"/>
          <input semantic="NORMAL" source="#Cube_001-mesh-normals" offset="1"/>
          <p>279 593 277 594 276 595 280 596 276 595 311 597 305 598 278 599 366 600 281 601 282 602 279 593 306 603 305 598 366 600 322 604 278 599 305 598 368 605 281 601 280 596 363 606 285 607 284 608 283 609 282 602 281 601 284 608 281 601 368 605 285 607 286 610 283 609 277 594 278 599 370 611 370 611 278 599 322 604 283 609 278 599 282 602 288 612 285 607 363 606 290 613 287 614 288 612 366 600 278 599 361 615 359 616 289 617 288 612 361 615 278 599 358 618 292 619 289 617 359 616 295 620 294 621 293 622 293 622 294 621 291 623 358 618 278 599 353 624 293 622 292 619 356 625 296 626 293 622 352 627 312 628 297 629 296 626 350 630 278 599 345 631 300 632 297 629 312 628 353 624 278 599 350 630 297 629 298 633 295 620 299 634 298 633 297 629 302 635 299 634 300 632 345 631 278 599 342 636 348 637 301 638 300 632 342 636 278 599 337 639 303 640 302 635 301 638 304 641 301 638 348 637 307 642 308 643 303 640 337 639 278 599 334 644 344 645 307 642 304 641 310 646 307 642 344 645 334 644 278 599 328 647 328 647 278 599 325 648 309 649 308 643 307 642 343 650 313 651 310 646 325 648 278 599 317 652 313 651 314 653 309 649 317 652 278 599 314 653 336 654 324 655 318 656 318 656 313 651 343 650 317 652 314 653 313 651 324 655 325 648 317 652 314 653 278 599 309 649 308 643 278 599 303 640 309 649 278 599 308 643 335 657 329 658 324 655 328 647 325 648 324 655 332 659 333 660 329 658 333 660 334 644 328 647 338 661 333 660 332 659 337 639 334 644 333 660 303 640 278 599 302 635 302 635 278 599 299 634 341 662 342 636 337 639 341 662 338 661 330 663 346 664 341 662 331 665 345 631 342 636 341 662 299 634 278 599 298 633 298 633 278 599 295 620 295 620 278 599 294 621 326 666 349 667 346 664 354 668 349 667 326 666 323 669 357 670 354 668 353 624 350 630 349 667 294 621 278 599 291 623 357 670 358 618 353 624 362 671 357 670 323 669 361 615 358 618 357 670 291 623 278 599 290 613 290 613 278 599 287 614 287 614 278 599 286 610 366 600 361 615 362 671 365 672 362 671 316 673 286 610 278 599 283 609 282 602 278 599 279 593 279 593 278 599 277 594 315 674 306 603 365 672 287 614 286 610 285 607 292 619 291 623 290 613 372 675 371 676 319 677 371 676 370 611 322 604 311 597 276 595 371 676 277 594 370 611 371 676 349 667 350 630 345 631 319 677 322 604 305 598 369 678 319 677 306 603 280 596 279 593 276 595 367 679 280 596 311 597 280 596 281 601 279 593 365 672 306 603 366 600 367 679 368 605 280 596 364 680 363 606 284 608 284 608 283 609 281 601 364 680 284 608 368 605 284 608 285 607 283 609 360 681 288 612 363 606 289 617 290 613 288 612 360 681 359 616 288 612 356 625 292 619 359 616 296 626 295 620 293 622 292 619 293 622 291 623 352 627 293 622 356 625 355 682 296 626 352 627 355 682 312 628 296 626 351 683 300 632 312 628 296 626 297 629 295 620 300 632 299 634 297 629 301 638 302 635 300 632 351 683 348 637 300 632 304 641 303 640 301 638 347 684 304 641 348 637 304 641 307 642 303 640 347 684 344 645 304 641 340 685 310 646 344 645 310 646 309 649 307 642 340 685 343 650 310 646 310 646 313 651 309 649 339 686 336 654 318 656 339 686 318 656 343 650 318 656 317 652 313 651 318 656 324 655 317 652 336 654 335 657 324 655 329 658 328 647 324 655 335 657 332 659 329 658 329 658 333 660 328 647 330 663 338 661 332 659 338 661 337 639 333 660 338 661 341 662 337 639 331 665 341 662 330 663 327 687 346 664 331 665 346 664 345 631 341 662 327 687 326 666 346 664 321 688 354 668 326 666 321 688 323 669 354 668 354 668 353 624 349 667 354 668 357 670 353 624 316 673 362 671 323 669 362 671 361 615 357 670 365 672 366 600 362 671 320 689 365 672 316 673 320 689 315 674 365 672 288 612 287 614 285 607 289 617 292 619 290 613 369 678 372 675 319 677 319 677 371 676 322 604 372 675 311 597 371 676 276 595 277 594 371 676 346 664 349 667 345 631 306 603 319 677 305 598 315 674 369 678 306 603</p>
        </triangles>
        <triangles material="Material_003-material" count="12">
          <input semantic="VERTEX" source="#Cube_001-mesh-vertices" offset="0"/>
          <input semantic="NORMAL" source="#Cube_001-mesh-normals" offset="1"/>
          <p>473 57 475 57 469 57 477 58 479 58 476 58 481 59 483 59 480 59 472 60 470 60 484 60 66 61 70 61 68 61 71 62 67 62 65 62 471 57 473 57 469 57 474 58 477 58 476 58 478 59 481 59 480 59 482 60 472 60 484 60 64 61 66 61 68 61 69 62 71 62 65 62</p>
        </triangles>
      </mesh>
    </geometry>
  </library_geometries>
  <library_visual_scenes>
    <visual_scene id="Scene" name="Scene">
      <node id="frame" name="frame" type="NODE">
        <matrix sid="transform">-4.96074e-4 -7.54831e-8 1 9.99997e-4 1 -2.98176e-8 4.96074e-4 4.91262e-7 2.97801e-8 1 7.54979e-8 -5.2091e-13 0 0 0 1</matrix>
        <instance_geometry url="#ID17-mesh" name="frame">
          <bind_material>
            <technique_common>
              <instance_material symbol="Material_004-material" target="#Material_004-material"/>
            </technique_common>
          </bind_material>
        </instance_geometry>
      </node>
      <node id="camera" name="camera" type="NODE">
        <matrix sid="transform">1 0 0 0.008536179 0 1 0 0 0 0 1 0.01677794 0 0 0 1</matrix>
        <instance_geometry url="#Cube_001-mesh" name="camera">
          <bind_material>
            <technique_common>
              <instance_material symbol="Material_001-material" target="#Material_001-material"/>
              <instance_material symbol="Material_002-material" target="#Material_002-material"/>
              <instance_material symbol="Material_003-material" target="#Material_003-material"/>
            </technique_common>
          </bind_material>
        </instance_geometry>
      </node>
    </visual_scene>
  </library_visual_scenes>
  <scene>
    <instance_visual_scene url="#Scene"/>
  </scene>
</COLLADA>