<?xml version="1.0" encoding="utf-8"?>
<COLLADA xmlns="http://www.collada.org/2005/11/COLLADASchema" version="1.4.1" xmlns:xsi="http://www.w3.org/2001/XMLSchema-instance">
  <asset>
    <contributor>
      <author>Blender User</author>
      <authoring_tool>Blender 3.6.20 commit date:2025-01-20, commit time:15:08, hash:46254438b9dd</authoring_tool>
    </contributor>
    <created>2025-10-16T14:01:07</created>
    <modified>2025-10-16T14:01:07</modified>
    <unit name="meter" meter="1"/>
    <up_axis>Z_UP</up_axis>
  </asset>
  <library_effects>
    <effect id="BodyMat-effect">
      <profile_COMMON>
        <technique sid="common">
          <lambert>
            <emission>
              <color sid="emission">0 0 0 1</color>
            </emission>
            <diffuse>
              <color sid="diffuse">0.3931139 0.3931139 0.3931139 1</color>
            </diffuse>
            <index_of_refraction>
              <float sid="ior">1.45</float>
            </index_of_refraction>
          </lambert>
        </technique>
      </profile_COMMON>
    </effect>
    <effect id="LabelMat-effect">
      <profile_COMMON>
        <technique sid="common">
          <lambert>
            <emission>
              <color sid="emission">0 0 0 1</color>
            </emission>
            <diffuse>
              <color sid="diffuse">0.9 0.9 0.9 1</color>
            </diffuse>
            <index_of_refraction>
              <float sid="ior">1.45</float>
            </index_of_refraction>
          </lambert>
        </technique>
      </profile_COMMON>
    </effect>
    <effect id="TextMat-effect">
      <profile_COMMON>
        <technique sid="common">
          <lambert>
            <emission>
              <color sid="emission">0 0 0 1</color>
            </emission>
            <diffuse>
              <color sid="diffuse">0 0 0 1</color>
            </diffuse>
            <index_of_refraction>
              <float sid="ior">1.45</float>
            </index_of_refraction>
          </lambert>
        </technique>
      </profile_COMMON>
    </effect>
    <effect id="PinMat-effect">
      <profile_COMMON>
        <technique sid="common">
          <lambert>
            <emission>
              <color sid="emission">0 0 0 1</color>
            </emission>
            <diffuse>
              <color sid="diffuse">1 0.84 0 1</color>
            </diffuse>
            <index_of_refraction>
              <float sid="ior">1.45</float>
            </index_of_refraction>
          </lambert>
        </technique>
      </profile_COMMON>
    </effect>
    <effect id="ChipMat-effect">
      <profile_COMMON>
        <technique sid="common">
          <lambert>
            <emission>
              <color sid="emission">0 0 0 1</color>
            </emission>
            <diffuse>
              <color sid="diffuse">0 0.2 0 1</color>
            </diffuse>
            <index_of_refraction>
              <float sid="ior">1.45</float>
            </index_of_refraction>
          </lambert>
        </technique>
      </profile_COMMON>
    </effect>
    <effect id="CapacitorMat-effect">
      <profile_COMMON>
        <technique sid="common">
          <lambert>
            <emission>
              <color sid="emission">0 0 0 1</color>
            </emission>
            <diffuse>
              <color sid="diffuse">0.65 0.16 0.16 1</color>
            </diffuse>
            <index_of_refraction>
              <float sid="ior">1.45</float>
            </index_of_refraction>
          </lambert>
        </technique>
      </profile_COMMON>
    </effect>
  </library_effects>
  <library_images/>
  <library_materials>
    <material id="BodyMat-material" name="BodyMat">
      <instance_effect url="#BodyMat-effect"/>
    </material>
    <material id="LabelMat-material" name="LabelMat">
      <instance_effect url="#LabelMat-effect"/>
    </material>
    <material id="TextMat-material" name="TextMat">
      <instance_effect url="#TextMat-effect"/>
    </material>
    <material id="PinMat-material" name="PinMat">
      <instance_effect url="#PinMat-effect"/>
    </material>
    <material id="ChipMat-material" name="ChipMat">
      <instance_effect url="#ChipMat-effect"/>
    </material>
    <material id="CapacitorMat-material" name="CapacitorMat">
      <instance_effect url="#CapacitorMat-effect"/>
    </material>
  </library_materials>
  <library_geometries>
    <geometry id="Cube_001-mesh" name="Cube.001">
      <mesh>
        <source id="Cube_001-mesh-positions">
          <float_array id="Cube_001-mesh-positions-array" count="630">-0.0934211 0.2905777 1.443038 -0.3066221 -0.3846166 1.466742 0.5505207 0.4725261 1.466742 0.5505207 -0.3846166 1.466742 -0.3066221 0.4725261 1.466742 0.3291718 0.2905777 1.443038 0.5613048 0.4711064 1.466742 0.5613048 -0.3860364 1.466742 0.571354 0.4669439 1.466742 -0.3780507 -0.4977119 1.000075 -0.3780507 -0.4977119 2.000075 0.5799835 0.4603223 1.466742 -0.295838 0.4711064 1.466742 0.571354 -0.3901989 1.466742 -0.295838 -0.3860364 1.466742 0.5866051 0.4516928 1.466742 -0.2857887 0.4669439 1.466742 0.5799835 -0.3968206 1.466742 0.5907676 0.4416435 1.466742 -0.3780507 0.5022881 1.000075 -0.3780507 0.5022881 2.000075 0.5921873 0.4308595 1.466742 0.5866051 -0.4054499 1.466742 0.6219493 -0.4977119 1.000075 0.5907676 0.4200754 1.466742 -0.2771593 0.4603223 1.466742 0.5907676 -0.4154992 1.466742 0.5866051 0.4100261 1.466742 -0.2857887 -0.3901989 1.466742 0.6219493 -0.4977119 2.000075 0.5799835 0.4013967 1.466742 0.5921873 -0.4262833 1.466742 0.571354 0.394775 1.466742 -0.2705377 0.4516928 1.466742 0.5907676 -0.4370674 1.466742 0.6219493 0.5022881 1.000075 0.5613048 0.3906126 1.466742 -0.2663752 0.4416435 1.466742 0.5866051 -0.4471166 1.466742 0.5505207 0.3891928 1.466742 -0.2771593 -0.3968206 1.466742 0.5397366 0.3906126 1.466742 0.6219493 0.5022881 2.000075 0.5799835 -0.4557461 1.466742 0.5296873 0.394775 1.466742 -0.2649554 0.4308595 1.466742 -0.2705377 -0.4054499 1.466742 0.571354 -0.4623677 1.466742 0.5210579 0.4013967 1.466742 -0.2663752 -0.4154992 1.466742 0.5144363 0.4100261 1.466742 -0.2649554 -0.4262833 1.466742 0.5613048 -0.4665302 1.466742 -0.2663752 0.4200754 1.466742 0.5102738 0.4200754 1.466742 -0.2663752 -0.4370674 1.466742 0.508854 0.4308595 1.466742 -0.2705377 -0.4471166 1.466742 0.5505207 -0.4679499 1.466742 -0.2705377 0.4100261 1.466742 0.5102738 0.4416435 1.466742 -0.2771593 -0.4557461 1.466742 0.5397366 -0.4665302 1.466742 0.5144363 0.4516928 1.466742 -0.2857887 -0.4623677 1.466742 0.5210579 0.4603223 1.466742 -0.2771593 0.4013967 1.466742 0.5296873 -0.4623677 1.466742 -0.295838 -0.4665302 1.466742 0.5296873 0.4669439 1.466742 -0.2857887 0.394775 1.466742 0.5210579 -0.4557461 1.466742 0.5397366 0.4711064 1.466742 -0.3066221 -0.4679499 1.466742 0.5144363 -0.4471166 1.466742 -0.3174062 -0.4665302 1.466742 -0.295838 0.3906126 1.466742 -0.3274554 -0.4623677 1.466742 0.5102738 -0.4370674 1.466742 -0.3360849 -0.4557461 1.466742 0.508854 -0.4262833 1.466742 -0.3066221 0.3891928 1.466742 -0.3427065 -0.4471166 1.466742 -0.346869 -0.4370674 1.466742 0.5102738 -0.4154992 1.466742 -0.3174062 0.3906126 1.466742 -0.3482887 -0.4262833 1.466742 0.5144363 -0.4054499 1.466742 -0.346869 -0.4154992 1.466742 -0.3274554 0.394775 1.466742 0.5210579 -0.3968206 1.466742 -0.3427065 -0.4054499 1.466742 -0.3360849 -0.3968206 1.466742 0.5296873 -0.3901989 1.466742 -0.3274554 -0.3901989 1.466742 -0.3360849 0.4013967 1.466742 0.5397366 -0.3860364 1.466742 -0.3174062 -0.3860364 1.466742 -0.3427065 0.4100261 1.466742 -0.346869 -0.4370674 2.000075 -0.3482887 -0.4262833 2.000075 -0.346869 -0.4154992 2.000075 -0.346869 0.4200754 1.466742 -0.3427065 -0.4471166 2.000075 -0.3482887 0.4308595 1.466742 -0.3427065 -0.4054499 2.000075 -0.3360849 -0.4557461 2.000075 -0.3174062 -0.3860364 2.000075 -0.346869 0.4416435 1.466742 -0.3274554 -0.3901989 2.000075 -0.295838 -0.3860364 2.000075 -0.3427065 0.4516928 1.466742 -0.2857887 -0.3901989 2.000075 -0.3066221 -0.3846166 2.000075 -0.3360849 0.4603223 1.466742 -0.2771593 -0.3968206 2.000075 -0.3360849 -0.3968206 2.000075 -0.3274554 0.4669439 1.466742 -0.3174062 -0.4665302 2.000075 -0.3174062 0.4711064 1.466742 -0.3274554 -0.4623677 2.000075 -0.2857887 -0.4623677 2.000075 -0.295838 -0.4665302 2.000075 -0.3066221 -0.4679499 2.000075 -0.2705377 -0.4471166 2.000075 -0.2705377 -0.4054499 2.000075 -0.2649554 -0.4262833 2.000075 -0.2663752 -0.4370674 2.000075 -0.2663752 -0.4154992 2.000075 -0.2771593 -0.4557461 2.000075 -0.3360849 0.4603223 2.000075 -0.3174062 0.4711064 2.000075 -0.3274554 0.4669439 2.000075 -0.2857887 0.4669439 2.000075 -0.295838 0.4711064 2.000075 -0.3066221 0.4725261 2.000075 -0.2705377 0.4100261 2.000075 -0.2705377 0.4516928 2.000075 -0.2649554 0.4308595 2.000075 -0.2663752 0.4200754 2.000075 -0.2663752 0.4416435 2.000075 -0.2771593 0.4603223 2.000075 -0.2771593 0.4013967 2.000075 -0.3482887 0.4308595 2.000075 -0.346869 0.4200754 2.000075 -0.346869 0.4416435 2.000075 -0.3427065 0.4516928 2.000075 -0.3427065 0.4100261 2.000075 -0.3274554 0.394775 2.000075 -0.3066221 0.3891928 2.000075 -0.3174062 0.3906126 2.000075 -0.295838 0.3906126 2.000075 -0.2857887 0.394775 2.000075 -0.3360849 0.4013967 2.000075 0.508854 -0.4262833 2.000075 0.5102738 -0.4370674 2.000075 0.5102738 -0.4154992 2.000075 0.5144363 -0.4471166 2.000075 0.5144363 -0.4054499 2.000075 0.5397366 -0.4665302 2.000075 0.5397366 -0.3860364 2.000075 0.5296873 -0.4623677 2.000075 0.5296873 -0.3901989 2.000075 0.5210579 -0.4557461 2.000075 0.5210579 -0.3968206 2.000075 0.5613048 -0.4665302 2.000075 0.571354 -0.3901989 2.000075 0.571354 -0.4623677 2.000075 0.5613048 -0.3860364 2.000075 0.5866051 -0.4471166 2.000075 0.5866051 -0.4054499 2.000075 0.5921873 -0.4262833 2.000075 0.5907676 -0.4370674 2.000075 0.5907676 -0.4154992 2.000075 0.5799835 -0.4557461 2.000075 0.5799835 -0.3968206 2.000075 0.5505207 -0.3846166 2.000075 0.5505207 -0.4679499 2.000075 0.5102738 0.4200754 2.000075 0.508854 0.4308595 2.000075 0.5102738 0.4416435 2.000075 0.5144363 0.4100261 2.000075 0.5144363 0.4516928 2.000075 0.5210579 0.4013967 2.000075 0.5210579 0.4603223 2.000075 0.5397366 0.4711064 2.000075 0.5296873 0.4669439 2.000075 0.5613048 0.4711064 2.000075 0.5799835 0.4603223 2.000075 0.571354 0.4669439 2.000075 0.5505207 0.4725261 2.000075 0.5296873 0.394775 2.000075 0.5397366 0.3906126 2.000075 0.5505207 0.3891928 2.000075 0.571354 0.394775 2.000075 0.5613048 0.3906126 2.000075 0.5866051 0.4100261 2.000075 0.5921873 0.4308595 2.000075 0.5907676 0.4200754 2.000075 0.5907676 0.4416435 2.000075 0.5866051 0.4516928 2.000075 0.5799835 0.4013967 2.000075 -0.0934211 0.5022881 1.443038 -0.0934211 0.5022881 2.000075 0.3291718 0.5022881 2.000075 0.3291718 0.5022881 1.443038 -0.0934211 0.4007365 2.000075 0.3291718 0.4218726 2.000075 -0.0934211 0.2905777 2.000075 0.3291718 0.2905777 2.000075</float_array>
          <technique_common>
            <accessor source="#Cube_001-mesh-positions-array" count="210" stride="3">
              <param name="X" type="float"/>
              <param name="Y" type="float"/>
              <param name="Z" type="float"/>
            </accessor>
          </technique_common>
        </source>
        <source id="Cube_001-mesh-normals">
          <float_array id="Cube_001-mesh-normals-array" count="600">-1 0 0 0 1 0 1 0 0 0 -1 0 0 0 -1 1.80242e-6 0 1 0 0 1 -0.1305294 -0.9914444 0 -0.3826788 -0.9238815 0 -0.6087652 -0.7933506 0 -0.7933518 -0.6087636 0 -0.9238813 -0.3826792 0 -0.9914445 -0.1305289 0 -0.9914445 0.1305289 0 -0.9238818 0.3826779 0 -0.7933534 0.6087614 0 -0.6087633 0.7933519 0 -0.3826768 0.9238823 0 -0.1305207 0.9914457 0 0.1305207 0.9914457 0 0.3826804 0.9238808 0 0.6087584 0.7933557 0 0.7933559 0.6087581 0 0.923882 0.3826778 0 0.9914453 0.1305239 0 0.9914458 -0.1305189 0 0.9238812 -0.3826795 0 0.7933518 -0.6087634 0 0.6087602 -0.7933544 0 0.3826805 -0.9238807 0 0.1305288 -0.9914446 0 -0.1305214 -0.9914455 0 -0.6087633 -0.7933519 0 -0.7933559 -0.6087581 0 -0.9238801 -0.3826823 0 -0.9238831 0.3826748 0 -0.7933493 0.6087668 0 -0.608765 0.7933506 0 -0.1305288 0.9914446 0 0.1305288 0.9914446 0 0.60876 0.7933546 0 0.7933518 0.6087634 0 0.923883 0.3826751 0 0.9238801 -0.3826822 0 0.7933559 -0.6087581 0 0.6087584 -0.7933557 0 0.1305207 -0.9914457 0 -0.1305281 -0.9914447 0 -0.3826805 -0.9238807 0 -0.6087627 -0.7933525 0 -0.9238795 -0.3826836 0 -0.9914459 -0.1305187 0 -0.7933559 0.6087581 0 -0.6087559 0.7933576 0 -0.3826804 0.9238808 0 -0.1305213 0.9914455 0 0.13052 0.9914457 0 0.6087658 0.79335 0 0.7933509 0.6087646 0 0.9238783 0.3826866 0 0.9914445 0.1305289 0 0.9914445 -0.1305289 0 0.923883 -0.3826751 0 0.6087627 -0.7933525 0 0.382677 -0.9238823 0 0.1305308 -0.9914444 0 -0.1305201 -0.9914457 0 -0.6087608 -0.7933538 0 -0.9238782 -0.3826867 0 -0.7933518 0.6087636 0 -0.6087576 0.7933564 0 -0.1305294 0.9914444 0 0.1305281 0.9914447 0 0.6087675 0.7933488 0 0.793347 0.6087699 0 0.9238795 0.3826839 0 0.923882 -0.3826778 0 0.6087608 -0.7933538 0 0.1305227 -0.9914453 0 -3.85405e-7 0 1 4.05834e-7 0 1 -5.89844e-7 0 1 -6.58429e-6 0 1 8.82009e-6 0 1 -5.0904e-5 0 1 2.28768e-6 0 1 -5.81663e-5 0 1 4.41536e-5 0 1 -1.97349e-5 0 1 -2.36476e-5 0 1 1.14555e-5 0 1 3.00231e-6 0 1 -3.42039e-7 0 1 -5.82054e-6 0 1 1.31686e-5 0 1 -6.61505e-6 0 1 1.27259e-5 0 1 6.58429e-6 0 1 -8.82005e-6 0 1 5.09047e-5 0 1 5.81663e-5 0 1 -4.41536e-5 0 1 1.97349e-5 0 1 2.36476e-5 0 1 -1.14555e-5 0 1 -3.00231e-6 0 1 1.73996e-7 0 1 -3.31026e-5 0 1 1.33829e-5 0 1 3.84077e-5 0 1 1.02768e-6 0 1 3.06302e-7 0 1 -5.11596e-7 0 1 1.93527e-6 0 1 5.82054e-6 0 1 -1.31685e-5 0 1 -8.48403e-7 0 1 6.61513e-6 0 1 -1.2726e-5 0 1 -8.78656e-7 0 1 6.44556e-6 0 1 -2.35961e-6 0 1 4.12303e-6 0 1 -0.1305288 -0.9914446 0 -0.3826768 -0.9238823 0 -0.608765 -0.7933506 0 -0.7933494 -0.6087666 0 -0.923883 -0.3826751 0 -0.9914445 -0.1305289 0 -0.9914445 0.1305289 0 -0.9238801 0.3826822 0 -0.3826788 0.9238815 0 -0.1305214 0.9914455 0 0.1305207 0.9914457 0 0.3826805 0.9238807 0 0.9238801 0.3826823 0 0.9914459 0.1305187 0 0.9914452 -0.1305238 0 0.9238831 -0.3826748 0 0.7933518 -0.6087636 0 0.60876 -0.7933546 0 0.3826804 -0.9238808 0 1.52064e-5 0 1 -3.04118e-5 0 1 -0.1305207 -0.9914457 0 -0.7933534 -0.6087614 0 -0.923882 -0.3826778 0 -0.9238812 0.3826795 0 -0.7933518 0.6087634 0 -0.6087652 0.7933506 0 0.6087602 0.7933544 0 0.7933518 0.6087636 0 0.9238813 0.3826792 0 0.9238818 -0.3826779 0 0.1305207 -0.9914457 0 2.14786e-5 0 1 -3.04136e-5 0 1 6.08272e-5 0 1 -6.08249e-5 0 1 -2.14786e-5 0 1 -6.08268e-5 0 1 8.29884e-5 0 1 -4.29588e-5 0 1 -3.38463e-6 0 1 -0.3826804 -0.9238808 0 -0.6087576 -0.7933564 0 -0.7933518 -0.6087634 0 -0.9914458 0.1305189 0 -0.9238783 0.3826866 0 -0.6087608 0.7933538 0 -0.3826805 0.9238807 0 -0.1305201 0.9914457 0 0.1305227 0.9914453 0 0.382677 0.9238823 0 0.6087608 0.7933538 0 0.9238818 0.3826779 0 0.9914445 0.1305289 0 0.9914445 -0.1305289 0 0.9238795 -0.3826836 0 0.7933468 -0.60877 0 0.6087675 -0.7933488 0 0.1305281 -0.9914447 0 -6.08291e-5 0 1 -0.1305213 -0.9914455 0 -0.6087559 -0.7933576 0 -0.9238795 0.3826839 0 -0.6087627 0.7933525 0 -0.1305281 0.9914447 0 0.1305308 0.9914444 0 0.6087627 0.7933525 0 0.9238831 0.3826748 0 0.9238782 -0.3826867 0 0.7933509 -0.6087646 0 0.6087658 -0.79335 0 0.13052 -0.9914457 0 -3.04127e-5 0 1 -6.08259e-5 0 1 8.29893e-5 0 1 -4.29579e-5 0 1 3.38462e-6 0 1</float_array>
          <technique_common>
            <accessor source="#Cube_001-mesh-normals-array" count="200" stride="3">
              <param name="X" type="float"/>
              <param name="Y" type="float"/>
              <param name="Z" type="float"/>
            </accessor>
          </technique_common>
        </source>
        <source id="Cube_001-mesh-map-0">
          <float_array id="Cube_001-mesh-map-0-array" count="2496">0.625 0 0.375 0.25 0.375 0 0.375 0.5 0.375 0.25 0.4857407 0.4268056 0.625 0.5 0.375 0.75 0.375 0.5 0.625 0.75 0.375 1 0.375 0.75 0.375 0.5 0.125 0.75 0.125 0.5 0.625 0.75 0.8519346 0.741164 0.8544469 0.7422046 0.8571429 0.7217262 0.8544468 0.7220812 0.8571428 0.5282737 0.8467262 0.7321429 0.6455533 0.7422046 0.6480656 0.7411642 0.8544469 0.5279188 0.8571428 0.5282737 0.8038424 0.5529276 0.6455531 0.5077954 0.6428571 0.5074405 0.625 0.5 0.8481219 0.5126488 0.8470811 0.515161 0.8038426 0.5 1 0.5 0.9583333 0.75 1 0.75 0.9583333 0.5 0.9166666 0.75 0.9583333 0.75 0.9166666 0.5 0.8750001 0.75 0.9166666 0.75 0.8333333 0.5 0.8750001 0.75 0.8750001 0.5 0.7916666 0.5 0.8333333 0.75 0.8333333 0.5 0.7499999 0.5 0.7916666 0.75 0.7916666 0.5 0.7083332 0.5 0.7499999 0.75 0.7499999 0.5 0.6666665 0.5 0.7083332 0.75 0.7083332 0.5 0.6249998 0.5 0.6666665 0.75 0.6666665 0.5 0.5833331 0.5 0.6249998 0.75 0.6249998 0.5 0.5416665 0.5 0.5833331 0.75 0.5833331 0.5 0.4999998 0.5 0.5416665 0.75 0.5416665 0.5 0.4583331 0.5 0.4999998 0.75 0.4999998 0.5 0.4166665 0.5 0.4583331 0.75 0.4583331 0.5 0.3749998 0.5 0.4166665 0.75 0.4166665 0.5 0.3749998 0.5 0.3333331 0.75 0.3749998 0.75 0.3333331 0.5 0.2916665 0.75 0.3333331 0.75 0.2916665 0.5 0.2499998 0.75 0.2916665 0.75 0.2499998 0.5 0.2083331 0.75 0.2499998 0.75 0.2083331 0.5 0.1666665 0.75 0.2083331 0.75 0.1666665 0.5 0.1249998 0.75 0.1666665 0.75 0.1249998 0.5 0.08333313 0.75 0.1249998 0.75 0.08333313 0.5 0.04166638 0.75 0.08333313 0.75 0.04166638 0.5 -1.86265e-7 0.75 0.04166638 0.75 0.51 0.25 0.63 0.04215389 0.99 0.25 1 0.5 0.9583333 0.75 1 0.75 0.9583333 0.5 0.9166666 0.75 0.9583333 0.75 0.9166666 0.5 0.8750001 0.75 0.9166666 0.75 0.8333333 0.5 0.8750001 0.75 0.8750001 0.5 0.7916666 0.5 0.8333333 0.75 0.8333333 0.5 0.7499999 0.5 0.7916666 0.75 0.7916666 0.5 0.7083332 0.5 0.7499999 0.75 0.7499999 0.5 0.6666665 0.5 0.7083332 0.75 0.7083332 0.5 0.6249998 0.5 0.6666665 0.75 0.6666665 0.5 0.5833331 0.5 0.6249998 0.75 0.6249998 0.5 0.5416665 0.5 0.5833331 0.75 0.5833331 0.5 0.4999998 0.5 0.5416665 0.75 0.5416665 0.5 0.4583331 0.5 0.4999998 0.75 0.4999998 0.5 0.4166665 0.5 0.4583331 0.75 0.4583331 0.5 0.3749998 0.5 0.4166665 0.75 0.4166665 0.5 0.3749998 0.5 0.3333331 0.75 0.3749998 0.75 0.3333331 0.5 0.2916665 0.75 0.3333331 0.75 0.2916665 0.5 0.2499998 0.75 0.2916665 0.75 0.2499998 0.5 0.2083331 0.75 0.2499998 0.75 0.2083331 0.5 0.1666665 0.75 0.2083331 0.75 0.1666665 0.5 0.1249998 0.75 0.1666665 0.75 0.1249998 0.5 0.08333313 0.75 0.1249998 0.75 0.08333313 0.5 0.04166638 0.75 0.08333313 0.75 0.04166638 0.5 -1.86265e-7 0.75 0.04166638 0.75 0.9818222 0.3121166 0.8121166 0.4818222 0.5181778 0.1878834 1 0.5 0.9583333 0.75 1 0.75 0.9583333 0.5 0.9166666 0.75 0.9583333 0.75 0.9166666 0.5 0.8750001 0.75 0.9166666 0.75 0.8333333 0.5 0.8750001 0.75 0.8750001 0.5 0.7916666 0.5 0.8333333 0.75 0.8333333 0.5 0.7499999 0.5 0.7916666 0.75 0.7916666 0.5 0.7083332 0.5 0.7499999 0.75 0.7499999 0.5 0.6666665 0.5 0.7083332 0.75 0.7083332 0.5 0.6249998 0.5 0.6666665 0.75 0.6666665 0.5 0.5833331 0.5 0.6249998 0.75 0.6249998 0.5 0.5416665 0.5 0.5833331 0.75 0.5833331 0.5 0.4999998 0.5 0.5416665 0.75 0.5416665 0.5 0.4583331 0.5 0.4999998 0.75 0.4999998 0.5 0.4166665 0.5 0.4583331 0.75 0.4583331 0.5 0.3749998 0.5 0.4166665 0.75 0.4166665 0.5 0.3749998 0.5 0.3333331 0.75 0.3749998 0.75 0.3333331 0.5 0.2916665 0.75 0.3333331 0.75 0.2916665 0.5 0.2499998 0.75 0.2916665 0.75 0.2499998 0.5 0.2083331 0.75 0.2499998 0.75 0.2083331 0.5 0.1666665 0.75 0.2083331 0.75 0.1666665 0.5 0.1249998 0.75 0.1666665 0.75 0.1249998 0.5 0.08333313 0.75 0.1249998 0.75 0.08333313 0.5 0.04166638 0.75 0.08333313 0.75 0.04166638 0.5 -1.86265e-7 0.75 0.04166638 0.75 0.75 0.49 0.5421539 0.37 0.75 0.00999999 1 0.5 0.9583333 0.75 1 0.75 0.9583333 0.5 0.9166666 0.75 0.9583333 0.75 0.9166666 0.5 0.8750001 0.75 0.9166666 0.75 0.8333333 0.5 0.8750001 0.75 0.8750001 0.5 0.7916666 0.5 0.8333333 0.75 0.8333333 0.5 0.7499999 0.5 0.7916666 0.75 0.7916666 0.5 0.7083332 0.5 0.7499999 0.75 0.7499999 0.5 0.6666665 0.5 0.7083332 0.75 0.7083332 0.5 0.6249998 0.5 0.6666665 0.75 0.6666665 0.5 0.5833331 0.5 0.6249998 0.75 0.6249998 0.5 0.5416665 0.5 0.5833331 0.75 0.5833331 0.5 0.4999998 0.5 0.5416665 0.75 0.5416665 0.5 0.4583331 0.5 0.4999998 0.75 0.4999998 0.5 0.4166665 0.5 0.4583331 0.75 0.4583331 0.5 0.3749998 0.5 0.4166665 0.75 0.4166665 0.5 0.3749998 0.5 0.3333331 0.75 0.3749998 0.75 0.3333331 0.5 0.2916665 0.75 0.3333331 0.75 0.2916665 0.5 0.2499998 0.75 0.2916665 0.75 0.2499998 0.5 0.2083331 0.75 0.2499998 0.75 0.2083331 0.5 0.1666665 0.75 0.2083331 0.75 0.1666665 0.5 0.1249998 0.75 0.1666665 0.75 0.1249998 0.5 0.08333313 0.75 0.1249998 0.75 0.08333313 0.5 0.04166638 0.75 0.08333313 0.75 0.04166638 0.5 -1.86265e-7 0.75 0.04166638 0.75 0.5181778 0.1878834 0.6878834 0.01817774 0.9818222 0.3121166 0.375 0.2326487 0.5034809 0.2326487 0.5034809 0.1210537 0.375 0.75 0.5034809 0.75 0.5034809 0.6057198 0.375 1 0.5034809 0.75 0.375 0.75 0.125 0.75 0.375 0.5173512 0.125 0.5173512 0.625 0 0.625 0.25 0.375 0.25 0.4857407 0.4268056 0.625 0.4268056 0.625 0.5 0.375 0.25 0.625 0.25 0.4857407 0.3211574 0.625 0.25 0.625 0.3211574 0.4857407 0.3211574 0.4857407 0.4268056 0.625 0.5 0.375 0.5 0.375 0.25 0.4857407 0.3211574 0.4857407 0.4268056 0.625 0.5 0.625 0.75 0.375 0.75 0.625 0.75 0.625 1 0.375 1 0.375 0.5 0.375 0.75 0.125 0.75 0.8623512 0.741164 0.8645086 0.7395086 0.8750001 0.75 0.625 0.75 0.8467262 0.7321429 0.8470811 0.7348389 0.625 0.75 0.8470811 0.7348389 0.8481218 0.7373511 0.8598388 0.7422046 0.8623512 0.741164 0.8750001 0.75 0.8571429 0.7425596 0.8598388 0.7422046 0.8750001 0.75 0.625 0.75 0.8481218 0.7373511 0.8497771 0.7395085 0.625 0.75 0.8497771 0.7395085 0.8519346 0.741164 0.8571429 0.7425596 0.8750001 0.75 0.8544469 0.7422046 0.8750001 0.75 0.625 0.75 0.8544469 0.7422046 0.866164 0.5126488 0.8645087 0.5104914 0.8750001 0.5 0.8750001 0.75 0.8645086 0.7395086 0.866164 0.7373512 0.8750001 0.75 0.866164 0.7373512 0.8672046 0.7348388 0.8672044 0.5151611 0.866164 0.5126488 0.8750001 0.5 0.8675593 0.517857 0.8672044 0.5151611 0.8750001 0.5 0.8750001 0.75 0.8672046 0.7348388 0.8675596 0.7321429 0.8750001 0.75 0.8675596 0.7321429 0.8672046 0.7294468 0.8675593 0.517857 0.8750001 0.5 0.8672046 0.5205531 0.8750001 0.5 0.8750001 0.75 0.8672046 0.5205531 0.8672046 0.5205531 0.8750001 0.75 0.8672046 0.7294468 0.8661639 0.5230655 0.8672046 0.5205531 0.8672046 0.7294468 0.8661639 0.5230655 0.8672046 0.7294468 0.8661639 0.7269346 0.8645086 0.5252228 0.8661639 0.5230655 0.8661639 0.7269346 0.8645086 0.5252228 0.8661639 0.7269346 0.8645085 0.7247771 0.8623512 0.5268783 0.8645086 0.5252228 0.8645085 0.7247771 0.8623512 0.5268783 0.8645085 0.7247771 0.8623512 0.7231217 0.8470811 0.7294468 0.8571428 0.5282737 0.8481218 0.7269346 0.8571428 0.5282737 0.8598391 0.5279188 0.8571429 0.7217262 0.8481218 0.7269346 0.8571428 0.5282737 0.8497771 0.7247771 0.8598391 0.5279188 0.8623512 0.5268783 0.8623512 0.7231217 0.8598391 0.5279188 0.8623512 0.7231217 0.8598389 0.7220811 0.8497771 0.7247771 0.8571428 0.5282737 0.8519346 0.7231218 0.8519346 0.7231218 0.8571428 0.5282737 0.8544468 0.7220812 0.8598391 0.5279188 0.8598389 0.7220811 0.8571429 0.7217262 0.652919 0.7348389 0.6532738 0.7321428 0.8467262 0.7321429 0.6532738 0.7321428 0.8470811 0.7294468 0.8467262 0.7321429 0.8467262 0.7321429 0.625 0.75 0.6455533 0.7422046 0.625 0.75 0.6354915 0.7395086 0.6376488 0.741164 0.625 0.75 0.6376488 0.741164 0.6401609 0.7422045 0.6518783 0.7373513 0.652919 0.7348389 0.8467262 0.7321429 0.650223 0.7395086 0.6518783 0.7373513 0.8467262 0.7321429 0.625 0.75 0.6401609 0.7422045 0.6428572 0.7425594 0.625 0.75 0.6428572 0.7425594 0.6455533 0.7422046 0.6480656 0.7411642 0.650223 0.7395086 0.8467262 0.7321429 0.633836 0.737351 0.6354915 0.7395086 0.625 0.75 0.625 0.5 0.6354913 0.5104913 0.6338362 0.5126489 0.625 0.5 0.6338362 0.5126489 0.6327952 0.5151613 0.6327954 0.7348389 0.633836 0.737351 0.625 0.75 0.6324403 0.7321427 0.6327954 0.7348389 0.625 0.75 0.625 0.5 0.6327952 0.5151613 0.6324403 0.517857 0.625 0.5 0.6324403 0.517857 0.6327952 0.5205532 0.6324403 0.7321427 0.625 0.75 0.6327955 0.7294468 0.625 0.75 0.625 0.5 0.6327955 0.7294468 0.6327955 0.7294468 0.625 0.5 0.6327952 0.5205532 0.633836 0.7269344 0.6327955 0.7294468 0.6327952 0.5205532 0.633836 0.7269344 0.6327952 0.5205532 0.633836 0.5230655 0.6354915 0.7247772 0.633836 0.7269344 0.633836 0.5230655 0.6354915 0.7247772 0.633836 0.5230655 0.6354914 0.5252228 0.6376488 0.7231218 0.6354915 0.7247772 0.6354914 0.5252228 0.6376488 0.7231218 0.6354914 0.5252228 0.6376487 0.5268784 0.6401612 0.7220811 0.6376488 0.7231218 0.6376487 0.5268784 0.6401612 0.7220811 0.6376487 0.5268784 0.6401613 0.5279189 0.642857 0.7217261 0.6401612 0.7220811 0.6428571 0.5282737 0.6401612 0.7220811 0.6401613 0.5279189 0.6428571 0.5282737 0.6455531 0.7220812 0.642857 0.7217261 0.6981944 0.5529276 0.642857 0.7217261 0.6428571 0.5282737 0.6981944 0.5529276 0.6428571 0.5282737 0.6455531 0.5279188 0.6981944 0.5529276 0.6480654 0.7231217 0.6455531 0.7220812 0.6981944 0.5529276 0.6455531 0.5279188 0.6480652 0.5268779 0.6981944 0.5529276 0.650223 0.7247773 0.6480654 0.7231217 0.6981944 0.5529276 0.6480652 0.5268779 0.6502228 0.5252228 0.6981944 0.5529276 0.6518782 0.7269344 0.650223 0.7247773 0.6981944 0.5529276 0.6502228 0.5252228 0.6518779 0.5230653 0.6981944 0.5529276 0.8470811 0.7294468 0.6532738 0.7321428 0.6529187 0.7294467 0.6529187 0.7294467 0.6518782 0.7269344 0.8470811 0.7294468 0.6529187 0.5205531 0.6532738 0.5178571 0.6981943 0.5201038 0.6518782 0.7269344 0.6981944 0.5529276 0.8470811 0.7294468 0.6518779 0.5230653 0.6529187 0.5205531 0.6981943 0.5201038 0.6981944 0.5529276 0.6518779 0.5230653 0.6981943 0.5201038 0.8571428 0.5282737 0.8470811 0.7294468 0.8038424 0.5529276 0.8038424 0.5529276 0.8470811 0.7294468 0.6981944 0.5529276 0.8038427 0.5253878 0.8544469 0.5279188 0.8038424 0.5529276 0.6376489 0.5088362 0.6354913 0.5104913 0.625 0.5 0.625 0.5 0.6981943 0.5 0.6455531 0.5077954 0.6981943 0.5 0.6981943 0.5201038 0.6529189 0.5151611 0.6455531 0.5077954 0.6981943 0.5 0.6480655 0.5088361 0.6981943 0.5201038 0.6532738 0.5178571 0.6529189 0.5151611 0.6529189 0.5151611 0.6518782 0.5126488 0.6981943 0.5 0.6401609 0.5077954 0.6376489 0.5088362 0.625 0.5 0.6428571 0.5074405 0.6401609 0.5077954 0.625 0.5 0.6518782 0.5126488 0.6502225 0.5104914 0.6981943 0.5 0.6502225 0.5104914 0.6480655 0.5088361 0.6981943 0.5 0.8750001 0.5 0.8645087 0.5104914 0.8623512 0.508836 0.8750001 0.5 0.8623512 0.508836 0.8598389 0.5077954 0.8038427 0.5253878 0.8038426 0.5 0.8470811 0.515161 0.8038426 0.5 0.8750001 0.5 0.8544467 0.5077954 0.8519345 0.5268781 0.8544469 0.5279188 0.8038427 0.5253878 0.8497771 0.5252228 0.8519345 0.5268781 0.8038427 0.5253878 0.8750001 0.5 0.8598389 0.5077954 0.8571428 0.5074403 0.8750001 0.5 0.8571428 0.5074403 0.8544467 0.5077954 0.8481217 0.5230653 0.8497771 0.5252228 0.8038427 0.5253878 0.8470811 0.5205531 0.8481217 0.5230653 0.8038427 0.5253878 0.8038426 0.5 0.8544467 0.5077954 0.8519348 0.5088361 0.8038426 0.5 0.8519348 0.5088361 0.8497772 0.5104914 0.8467262 0.5178572 0.8470811 0.5205531 0.8038427 0.5253878 0.8470811 0.515161 0.8467262 0.5178572 0.8038427 0.5253878 0.8038426 0.5 0.8497772 0.5104914 0.8481219 0.5126488 1 0.5 0.9583333 0.5 0.9583333 0.75 0.9583333 0.5 0.9166666 0.5 0.9166666 0.75 0.9166666 0.5 0.8750001 0.5 0.8750001 0.75 0.8333333 0.5 0.8333333 0.75 0.8750001 0.75 0.7916666 0.5 0.7916666 0.75 0.8333333 0.75 0.7499999 0.5 0.7499999 0.75 0.7916666 0.75 0.7083332 0.5 0.7083332 0.75 0.7499999 0.75 0.6666665 0.5 0.6666665 0.75 0.7083332 0.75 0.6249998 0.5 0.6249998 0.75 0.6666665 0.75 0.5833331 0.5 0.5833331 0.75 0.6249998 0.75 0.5416665 0.5 0.5416665 0.75 0.5833331 0.75 0.4999998 0.5 0.4999998 0.75 0.5416665 0.75 0.4583331 0.5 0.4583331 0.75 0.4999998 0.75 0.4166665 0.5 0.4166665 0.75 0.4583331 0.75 0.3749998 0.5 0.3749998 0.75 0.4166665 0.75 0.3749998 0.5 0.3333331 0.5 0.3333331 0.75 0.3333331 0.5 0.2916665 0.5 0.2916665 0.75 0.2916665 0.5 0.2499998 0.5 0.2499998 0.75 0.2499998 0.5 0.2083331 0.5 0.2083331 0.75 0.2083331 0.5 0.1666665 0.5 0.1666665 0.75 0.1666665 0.5 0.1249998 0.5 0.1249998 0.75 0.1249998 0.5 0.08333313 0.5 0.08333313 0.75 0.08333313 0.5 0.04166638 0.5 0.04166638 0.75 0.04166638 0.5 -1.86265e-7 0.5 -1.86265e-7 0.75 0.63 0.04215389 0.6878834 0.01817774 0.75 0.00999999 0.75 0.00999999 0.8121166 0.01817774 0.87 0.04215389 0.87 0.04215389 0.9197056 0.08029437 0.9578461 0.1299999 0.9578461 0.1299999 0.9818222 0.1878834 0.87 0.04215389 0.9818222 0.1878834 0.99 0.25 0.87 0.04215389 0.99 0.25 0.9818222 0.3121166 0.87 0.4578461 0.9818222 0.3121166 0.9578461 0.37 0.87 0.4578461 0.9578461 0.37 0.9197056 0.4197056 0.87 0.4578461 0.87 0.4578461 0.8121166 0.4818222 0.75 0.49 0.75 0.49 0.6878834 0.4818222 0.63 0.4578461 0.63 0.4578461 0.5802944 0.4197056 0.5421539 0.37 0.5421539 0.37 0.5181778 0.3121166 0.63 0.4578461 0.5181778 0.3121166 0.51 0.25 0.63 0.4578461 0.51 0.25 0.5181778 0.1878834 0.63 0.04215389 0.5181778 0.1878834 0.5421539 0.1299999 0.63 0.04215389 0.5421539 0.1299999 0.5802944 0.08029437 0.63 0.04215389 0.63 0.04215389 0.75 0.00999999 0.99 0.25 0.75 0.00999999 0.87 0.04215389 0.99 0.25 0.87 0.4578461 0.75 0.49 0.99 0.25 0.75 0.49 0.63 0.4578461 0.99 0.25 0.63 0.4578461 0.51 0.25 0.99 0.25 1 0.5 0.9583333 0.5 0.9583333 0.75 0.9583333 0.5 0.9166666 0.5 0.9166666 0.75 0.9166666 0.5 0.8750001 0.5 0.8750001 0.75 0.8333333 0.5 0.8333333 0.75 0.8750001 0.75 0.7916666 0.5 0.7916666 0.75 0.8333333 0.75 0.7499999 0.5 0.7499999 0.75 0.7916666 0.75 0.7083332 0.5 0.7083332 0.75 0.7499999 0.75 0.6666665 0.5 0.6666665 0.75 0.7083332 0.75 0.6249998 0.5 0.6249998 0.75 0.6666665 0.75 0.5833331 0.5 0.5833331 0.75 0.6249998 0.75 0.5416665 0.5 0.5416665 0.75 0.5833331 0.75 0.4999998 0.5 0.4999998 0.75 0.5416665 0.75 0.4583331 0.5 0.4583331 0.75 0.4999998 0.75 0.4166665 0.5 0.4166665 0.75 0.4583331 0.75 0.3749998 0.5 0.3749998 0.75 0.4166665 0.75 0.3749998 0.5 0.3333331 0.5 0.3333331 0.75 0.3333331 0.5 0.2916665 0.5 0.2916665 0.75 0.2916665 0.5 0.2499998 0.5 0.2499998 0.75 0.2499998 0.5 0.2083331 0.5 0.2083331 0.75 0.2083331 0.5 0.1666665 0.5 0.1666665 0.75 0.1666665 0.5 0.1249998 0.5 0.1249998 0.75 0.1249998 0.5 0.08333313 0.5 0.08333313 0.75 0.08333313 0.5 0.04166638 0.5 0.04166638 0.75 0.04166638 0.5 -1.86265e-7 0.5 -1.86265e-7 0.75 0.5181778 0.1878834 0.5421539 0.1299999 0.6878834 0.01817774 0.5421539 0.1299999 0.5802944 0.08029437 0.6878834 0.01817774 0.5802944 0.08029437 0.63 0.04215389 0.6878834 0.01817774 0.6878834 0.01817774 0.75 0.00999999 0.8121166 0.01817774 0.8121166 0.01817774 0.87 0.04215389 0.9197056 0.08029437 0.9197056 0.08029437 0.9578461 0.1299999 0.9818222 0.1878834 0.9818222 0.1878834 0.99 0.25 0.9197056 0.08029437 0.99 0.25 0.9818222 0.3121166 0.9197056 0.08029437 0.9818222 0.3121166 0.9578461 0.37 0.8121166 0.4818222 0.9578461 0.37 0.9197056 0.4197056 0.8121166 0.4818222 0.9197056 0.4197056 0.87 0.4578461 0.8121166 0.4818222 0.8121166 0.4818222 0.75 0.49 0.6878834 0.4818222 0.6878834 0.4818222 0.63 0.4578461 0.5802944 0.4197056 0.5802944 0.4197056 0.5421539 0.37 0.5181778 0.3121166 0.5181778 0.3121166 0.51 0.25 0.5802944 0.4197056 0.51 0.25 0.5181778 0.1878834 0.5802944 0.4197056 0.6878834 0.01817774 0.8121166 0.01817774 0.5181778 0.1878834 0.8121166 0.01817774 0.9197056 0.08029437 0.5181778 0.1878834 0.8121166 0.4818222 0.6878834 0.4818222 0.5181778 0.1878834 0.6878834 0.4818222 0.5802944 0.4197056 0.5181778 0.1878834 0.9197056 0.08029437 0.9818222 0.3121166 0.5181778 0.1878834 1 0.5 0.9583333 0.5 0.9583333 0.75 0.9583333 0.5 0.9166666 0.5 0.9166666 0.75 0.9166666 0.5 0.8750001 0.5 0.8750001 0.75 0.8333333 0.5 0.8333333 0.75 0.8750001 0.75 0.7916666 0.5 0.7916666 0.75 0.8333333 0.75 0.7499999 0.5 0.7499999 0.75 0.7916666 0.75 0.7083332 0.5 0.7083332 0.75 0.7499999 0.75 0.6666665 0.5 0.6666665 0.75 0.7083332 0.75 0.6249998 0.5 0.6249998 0.75 0.6666665 0.75 0.5833331 0.5 0.5833331 0.75 0.6249998 0.75 0.5416665 0.5 0.5416665 0.75 0.5833331 0.75 0.4999998 0.5 0.4999998 0.75 0.5416665 0.75 0.4583331 0.5 0.4583331 0.75 0.4999998 0.75 0.4166665 0.5 0.4166665 0.75 0.4583331 0.75 0.3749998 0.5 0.3749998 0.75 0.4166665 0.75 0.3749998 0.5 0.3333331 0.5 0.3333331 0.75 0.3333331 0.5 0.2916665 0.5 0.2916665 0.75 0.2916665 0.5 0.2499998 0.5 0.2499998 0.75 0.2499998 0.5 0.2083331 0.5 0.2083331 0.75 0.2083331 0.5 0.1666665 0.5 0.1666665 0.75 0.1666665 0.5 0.1249998 0.5 0.1249998 0.75 0.1249998 0.5 0.08333313 0.5 0.08333313 0.75 0.08333313 0.5 0.04166638 0.5 0.04166638 0.75 0.04166638 0.5 -1.86265e-7 0.5 -1.86265e-7 0.75 0.5421539 0.37 0.5181778 0.3121166 0.51 0.25 0.51 0.25 0.5181778 0.1878834 0.5421539 0.1299999 0.5421539 0.1299999 0.5802944 0.08029437 0.63 0.04215389 0.63 0.04215389 0.6878834 0.01817774 0.5421539 0.1299999 0.6878834 0.01817774 0.75 0.00999999 0.5421539 0.1299999 0.75 0.00999999 0.8121166 0.01817774 0.9578461 0.1299999 0.8121166 0.01817774 0.87 0.04215389 0.9578461 0.1299999 0.87 0.04215389 0.9197056 0.08029437 0.9578461 0.1299999 0.9578461 0.1299999 0.9818222 0.1878834 0.99 0.25 0.99 0.25 0.9818222 0.3121166 0.9578461 0.37 0.9578461 0.37 0.9197056 0.4197056 0.87 0.4578461 0.87 0.4578461 0.8121166 0.4818222 0.9578461 0.37 0.8121166 0.4818222 0.75 0.49 0.9578461 0.37 0.75 0.49 0.6878834 0.4818222 0.5421539 0.37 0.6878834 0.4818222 0.63 0.4578461 0.5421539 0.37 0.63 0.4578461 0.5802944 0.4197056 0.5421539 0.37 0.5421539 0.37 0.51 0.25 0.75 0.00999999 0.51 0.25 0.5421539 0.1299999 0.75 0.00999999 0.9578461 0.1299999 0.99 0.25 0.75 0.00999999 0.99 0.25 0.9578461 0.37 0.75 0.00999999 0.9578461 0.37 0.75 0.49 0.75 0.00999999 1 0.5 0.9583333 0.5 0.9583333 0.75 0.9583333 0.5 0.9166666 0.5 0.9166666 0.75 0.9166666 0.5 0.8750001 0.5 0.8750001 0.75 0.8333333 0.5 0.8333333 0.75 0.8750001 0.75 0.7916666 0.5 0.7916666 0.75 0.8333333 0.75 0.7499999 0.5 0.7499999 0.75 0.7916666 0.75 0.7083332 0.5 0.7083332 0.75 0.7499999 0.75 0.6666665 0.5 0.6666665 0.75 0.7083332 0.75 0.6249998 0.5 0.6249998 0.75 0.6666665 0.75 0.5833331 0.5 0.5833331 0.75 0.6249998 0.75 0.5416665 0.5 0.5416665 0.75 0.5833331 0.75 0.4999998 0.5 0.4999998 0.75 0.5416665 0.75 0.4583331 0.5 0.4583331 0.75 0.4999998 0.75 0.4166665 0.5 0.4166665 0.75 0.4583331 0.75 0.3749998 0.5 0.3749998 0.75 0.4166665 0.75 0.3749998 0.5 0.3333331 0.5 0.3333331 0.75 0.3333331 0.5 0.2916665 0.5 0.2916665 0.75 0.2916665 0.5 0.2499998 0.5 0.2499998 0.75 0.2499998 0.5 0.2083331 0.5 0.2083331 0.75 0.2083331 0.5 0.1666665 0.5 0.1666665 0.75 0.1666665 0.5 0.1249998 0.5 0.1249998 0.75 0.1249998 0.5 0.08333313 0.5 0.08333313 0.75 0.08333313 0.5 0.04166638 0.5 0.04166638 0.75 0.04166638 0.5 -1.86265e-7 0.5 -1.86265e-7 0.75 0.9818222 0.3121166 0.9578461 0.37 0.8121166 0.4818222 0.9578461 0.37 0.9197056 0.4197056 0.8121166 0.4818222 0.9197056 0.4197056 0.87 0.4578461 0.8121166 0.4818222 0.8121166 0.4818222 0.75 0.49 0.6878834 0.4818222 0.6878834 0.4818222 0.63 0.4578461 0.5802944 0.4197056 0.5802944 0.4197056 0.5421539 0.37 0.5181778 0.3121166 0.5181778 0.3121166 0.51 0.25 0.5802944 0.4197056 0.51 0.25 0.5181778 0.1878834 0.5802944 0.4197056 0.5181778 0.1878834 0.5421539 0.1299999 0.6878834 0.01817774 0.5421539 0.1299999 0.5802944 0.08029437 0.6878834 0.01817774 0.5802944 0.08029437 0.63 0.04215389 0.6878834 0.01817774 0.6878834 0.01817774 0.75 0.00999999 0.8121166 0.01817774 0.8121166 0.01817774 0.87 0.04215389 0.9197056 0.08029437 0.9197056 0.08029437 0.9578461 0.1299999 0.9818222 0.1878834 0.9818222 0.1878834 0.99 0.25 0.9197056 0.08029437 0.99 0.25 0.9818222 0.3121166 0.9197056 0.08029437 0.8121166 0.4818222 0.6878834 0.4818222 0.9818222 0.3121166 0.6878834 0.4818222 0.5802944 0.4197056 0.9818222 0.3121166 0.6878834 0.01817774 0.8121166 0.01817774 0.9818222 0.3121166 0.8121166 0.01817774 0.9197056 0.08029437 0.9818222 0.3121166 0.5802944 0.4197056 0.5181778 0.1878834 0.9818222 0.3121166 0.5034809 0.1210537 0.5034809 0 0.375 0 0.375 0 0.375 0.2326487 0.5034809 0.1210537 0.5034809 0.5173512 0.375 0.5173512 0.5034809 0.6057198 0.375 0.5173512 0.375 0.75 0.5034809 0.6057198 0.375 1 0.5034809 1 0.5034809 0.75 0.125 0.75 0.375 0.75 0.375 0.5173512</float_array>
          <technique_common>
            <accessor source="#Cube_001-mesh-map-0-array" count="1248" stride="2">
              <param name="S" type="float"/>
              <param name="T" type="float"/>
            </accessor>
          </technique_common>
        </source>
        <vertices id="Cube_001-mesh-vertices">
          <input semantic="POSITION" source="#Cube_001-mesh-positions"/>
        </vertices>
        <triangles material="BodyMat-material" count="416">
          <input semantic="VERTEX" source="#Cube_001-mesh-vertices" offset="0"/>
          <input semantic="NORMAL" source="#Cube_001-mesh-normals" offset="1"/>
          <input semantic="TEXCOORD" source="#Cube_001-mesh-map-0" offset="2" set="0"/>
          <p>10 0 0 19 0 1 9 0 2 35 1 3 19 1 4 205 1 5 42 2 6 23 2 7 35 2 8 29 3 9 9 3 10 23 3 11 35 4 12 9 4 13 19 4 14 29 5 15 121 5 16 122 5 17 113 6 18 110 6 19 149 6 20 126 6 21 159 6 22 161 6 23 151 6 24 149 6 25 208 6 26 185 6 27 190 6 28 42 6 29 137 6 30 140 6 31 203 6 32 1 7 33 110 7 34 113 7 35 14 8 36 112 8 37 110 8 38 28 9 39 115 9 40 112 9 41 46 10 42 115 10 43 40 10 44 49 11 45 125 11 46 46 11 47 51 12 48 128 12 49 49 12 50 55 13 51 126 13 52 51 13 53 57 14 54 127 14 55 55 14 56 61 15 57 124 15 58 57 15 59 64 16 60 129 16 61 61 16 62 68 17 63 121 17 64 64 17 65 73 18 66 122 18 67 68 18 68 75 19 69 123 19 70 73 19 71 77 20 72 118 20 73 75 20 74 79 21 75 120 21 76 77 21 77 79 22 78 103 22 79 106 22 80 82 23 81 99 23 82 103 23 83 83 24 84 100 24 85 99 24 86 86 25 87 101 25 88 100 25 89 88 26 90 105 26 91 101 26 92 91 27 93 116 27 94 105 27 95 92 28 96 109 28 97 116 28 98 94 29 99 107 29 100 109 29 101 97 30 102 113 30 103 107 30 104 86 6 105 77 6 106 51 6 107 4 31 108 134 31 109 135 31 110 12 8 111 133 8 112 134 8 113 16 32 114 141 32 115 133 32 116 33 33 117 141 33 118 25 33 119 37 34 120 137 34 121 33 34 122 45 12 123 140 12 124 37 12 125 53 13 126 138 13 127 45 13 128 59 35 129 139 35 130 53 35 131 66 36 132 136 36 133 59 36 134 70 37 135 142 37 136 66 37 137 76 17 138 152 17 139 70 17 140 81 38 141 151 38 142 76 38 143 85 39 144 149 39 145 81 39 146 89 20 147 150 20 148 85 20 149 95 40 150 148 40 151 89 40 152 95 41 153 147 41 154 153 41 155 98 42 156 144 42 157 147 42 158 102 24 159 143 24 160 144 24 161 104 25 162 145 25 163 143 25 164 108 43 165 146 43 166 145 43 167 111 44 168 130 44 169 146 44 170 114 45 171 132 45 172 130 45 173 117 29 174 131 29 175 132 29 176 119 46 177 135 46 178 131 46 179 37 6 180 12 6 181 102 6 182 3 47 183 168 47 184 176 47 185 7 48 186 166 48 187 168 48 188 13 49 189 175 49 190 166 49 191 22 10 192 175 10 193 17 10 194 26 50 195 170 50 196 22 50 197 31 51 198 173 51 199 26 51 200 34 13 201 171 13 202 31 13 203 38 14 204 172 14 205 34 14 206 43 52 207 169 52 208 38 52 209 47 53 210 174 53 211 43 53 212 52 54 213 167 54 214 47 54 215 58 55 216 165 55 217 52 55 218 62 56 219 177 56 220 58 56 221 67 20 222 159 20 223 62 20 224 71 57 225 161 57 226 67 57 227 71 58 228 157 58 229 163 58 230 74 59 231 155 59 232 157 59 233 78 60 234 154 60 235 155 60 236 80 61 237 156 61 238 154 61 239 84 62 240 158 62 241 156 62 242 87 27 243 164 27 244 158 27 245 90 63 246 162 63 247 164 63 248 93 64 249 160 64 250 162 64 251 96 65 252 176 65 253 160 65 254 3 6 255 87 6 256 58 6 257 2 66 258 187 66 259 190 66 260 6 48 261 189 48 262 187 48 263 8 67 264 188 67 265 189 67 266 15 33 267 188 33 268 11 33 269 18 68 270 200 68 271 15 68 272 21 51 273 199 51 274 18 51 275 24 13 276 197 13 277 21 13 278 27 35 279 198 35 280 24 35 281 30 69 282 196 69 283 27 69 284 32 70 285 201 70 286 30 70 287 36 54 288 194 54 289 32 54 290 39 71 291 195 71 292 36 71 293 41 72 294 193 72 295 39 72 296 44 20 297 192 20 298 41 20 299 48 73 300 191 73 301 44 73 302 48 74 303 181 74 304 183 74 305 50 75 306 178 75 307 181 75 308 54 60 309 179 60 310 178 60 311 56 61 312 180 61 313 179 61 314 60 76 315 182 76 316 180 76 317 63 44 318 184 44 319 182 44 320 65 77 321 186 77 322 184 77 323 69 64 324 185 64 325 186 64 326 72 78 327 190 78 328 185 78 329 54 6 330 41 6 331 18 6 332 202 2 333 203 2 334 206 2 335 5 0 336 209 0 337 207 0 338 0 1 339 209 1 340 5 1 341 0 6 342 205 6 343 202 6 344 10 0 345 20 0 346 19 0 347 205 1 348 204 1 349 42 1 350 19 1 351 20 1 352 202 1 353 20 1 354 203 1 355 202 1 356 205 1 357 42 1 358 35 1 359 19 1 360 202 1 361 205 1 362 42 2 363 29 2 364 23 2 365 29 3 366 10 3 367 9 3 368 35 4 369 23 4 370 9 4 371 120 6 372 106 6 373 10 6 374 29 79 375 126 79 376 127 79 377 29 80 378 127 80 379 124 80 380 118 6 381 120 6 382 10 6 383 123 6 384 118 6 385 10 6 386 29 6 387 124 6 388 129 6 389 29 81 390 129 81 391 121 81 392 123 6 393 10 6 394 122 6 395 10 6 396 29 6 397 122 6 398 146 6 399 130 6 400 20 6 401 10 6 402 106 6 403 103 6 404 10 82 405 103 82 406 99 82 407 145 6 408 146 6 409 20 6 410 143 6 411 145 6 412 20 6 413 10 83 414 99 83 415 100 83 416 10 84 417 100 84 418 101 84 419 143 6 420 20 6 421 144 6 422 20 6 423 10 6 424 144 6 425 144 85 426 10 85 427 101 85 428 147 6 429 144 6 430 101 6 431 147 86 432 101 86 433 105 86 434 153 87 435 147 87 436 105 87 437 153 88 438 105 88 439 116 88 440 148 6 441 153 6 442 116 6 443 148 89 444 116 89 445 109 89 446 128 6 447 149 6 448 125 6 449 149 6 450 150 6 451 113 6 452 125 6 453 149 6 454 115 6 455 150 6 456 148 6 457 109 6 458 150 90 459 109 90 460 107 90 461 115 6 462 149 6 463 112 6 464 112 6 465 149 6 466 110 6 467 150 91 468 107 91 469 113 91 470 155 6 471 154 6 472 126 6 473 154 6 474 128 6 475 126 6 476 126 92 477 29 92 478 159 92 479 29 93 480 174 93 481 167 93 482 29 94 483 167 94 484 165 94 485 157 6 486 155 6 487 126 6 488 163 6 489 157 6 490 126 6 491 29 95 492 165 95 493 177 95 494 29 96 495 177 96 496 159 96 497 161 6 498 163 6 499 126 6 500 169 6 501 174 6 502 29 6 503 42 6 504 188 6 505 200 6 506 42 97 507 200 97 508 199 97 509 172 6 510 169 6 511 29 6 512 171 6 513 172 6 514 29 6 515 42 98 516 199 98 517 197 98 518 42 99 519 197 99 520 198 99 521 171 6 522 29 6 523 173 6 524 29 6 525 42 6 526 173 6 527 173 85 528 42 85 529 198 85 530 170 6 531 173 6 532 198 6 533 170 100 534 198 100 535 196 100 536 175 101 537 170 101 538 196 101 539 175 102 540 196 102 541 201 102 542 166 6 543 175 6 544 201 6 545 166 103 546 201 103 547 194 103 548 168 6 549 166 6 550 194 6 551 168 104 552 194 104 553 195 104 554 176 6 555 168 6 556 193 6 557 168 105 558 195 105 559 193 105 560 160 6 561 176 6 562 209 6 563 176 106 564 193 106 565 209 106 566 193 6 567 192 6 568 209 6 569 162 6 570 160 6 571 209 6 572 192 6 573 191 6 574 209 6 575 164 107 576 162 107 577 209 107 578 191 108 579 183 108 580 209 108 581 158 109 582 164 109 583 209 109 584 183 6 585 181 6 586 209 6 587 128 6 588 154 6 589 156 6 590 156 6 591 158 6 592 128 6 593 178 6 594 179 6 595 207 6 596 158 6 597 209 6 598 128 6 599 181 110 600 178 110 601 207 110 602 209 111 603 181 111 604 207 111 605 149 6 606 128 6 607 208 6 608 208 6 609 128 6 610 209 6 611 206 6 612 151 6 613 208 6 614 189 6 615 188 6 616 42 6 617 42 6 618 204 6 619 185 6 620 204 112 621 207 112 622 180 112 623 185 6 624 204 6 625 186 6 626 207 113 627 179 113 628 180 113 629 180 6 630 182 6 631 204 6 632 187 6 633 189 6 634 42 6 635 190 6 636 187 6 637 42 6 638 182 6 639 184 6 640 204 6 641 184 6 642 186 6 643 204 6 644 20 114 645 130 114 646 132 114 647 20 115 648 132 115 649 131 115 650 206 116 651 203 116 652 140 116 653 203 6 654 20 6 655 134 6 656 152 6 657 151 6 658 206 6 659 142 6 660 152 6 661 206 6 662 20 117 663 131 117 664 135 117 665 20 118 666 135 118 667 134 118 668 136 119 669 142 119 670 206 119 671 139 6 672 136 6 673 206 6 674 203 120 675 134 120 676 133 120 677 203 121 678 133 121 679 141 121 680 138 6 681 139 6 682 206 6 683 140 122 684 138 122 685 206 122 686 203 6 687 141 6 688 137 6 689 1 123 690 14 123 691 110 123 692 14 124 693 28 124 694 112 124 695 28 125 696 40 125 697 115 125 698 46 126 699 125 126 700 115 126 701 49 127 702 128 127 703 125 127 704 51 128 705 126 128 706 128 128 707 55 129 708 127 129 709 126 129 710 57 130 711 124 130 712 127 130 713 61 52 714 129 52 715 124 52 716 64 16 717 121 16 718 129 16 719 68 131 720 122 131 721 121 131 722 73 132 723 123 132 724 122 132 725 75 133 726 118 133 727 123 133 728 77 134 729 120 134 730 118 134 731 79 21 732 106 21 733 120 21 734 79 22 735 82 22 736 103 22 737 82 135 738 83 135 739 99 135 740 83 136 741 86 136 742 100 136 743 86 137 744 88 137 745 101 137 746 88 138 747 91 138 748 105 138 749 91 139 750 92 139 751 116 139 752 92 140 753 94 140 754 109 140 755 94 141 756 97 141 757 107 141 758 97 30 759 1 30 760 113 30 761 77 142 762 75 142 763 73 142 764 73 143 765 68 143 766 64 143 767 64 6 768 61 6 769 57 6 770 57 6 771 55 6 772 64 6 773 55 6 774 51 6 775 64 6 776 51 6 777 49 6 778 28 6 779 49 6 780 46 6 781 28 6 782 46 6 783 40 6 784 28 6 785 28 6 786 14 6 787 1 6 788 1 6 789 97 6 790 94 6 791 94 6 792 92 6 793 91 6 794 91 6 795 88 6 796 94 6 797 88 6 798 86 6 799 94 6 800 86 6 801 83 6 802 77 6 803 83 6 804 82 6 805 77 6 806 82 6 807 79 6 808 77 6 809 77 6 810 73 6 811 51 6 812 73 6 813 64 6 814 51 6 815 28 6 816 1 6 817 51 6 818 1 6 819 94 6 820 51 6 821 94 6 822 86 6 823 51 6 824 4 144 825 12 144 826 134 144 827 12 124 828 16 124 829 133 124 830 16 32 831 25 32 832 141 32 833 33 145 834 137 145 835 141 145 836 37 146 837 140 146 838 137 146 839 45 128 840 138 128 841 140 128 842 53 129 843 139 129 844 138 129 845 59 147 846 136 147 847 139 147 848 66 148 849 142 148 850 136 148 851 70 149 852 152 149 853 142 149 854 76 131 855 151 131 856 152 131 857 81 71 858 149 71 859 151 71 860 85 39 861 150 39 862 149 39 863 89 134 864 148 134 865 150 134 866 95 150 867 153 150 868 148 150 869 95 151 870 98 151 871 147 151 872 98 152 873 102 152 874 144 152 875 102 136 876 104 136 877 143 136 878 104 137 879 108 137 880 145 137 881 108 153 882 111 153 883 146 153 884 111 44 885 114 44 886 130 44 887 114 45 888 117 45 889 132 45 890 117 141 891 119 141 892 131 141 893 119 154 894 4 154 895 135 154 896 102 155 897 98 155 898 85 155 899 98 6 900 95 6 901 85 6 902 95 156 903 89 156 904 85 156 905 85 6 906 81 6 907 76 6 908 76 157 909 70 157 910 66 157 911 66 158 912 59 158 913 53 158 914 53 6 915 45 6 916 66 6 917 45 6 918 37 6 919 66 6 920 37 159 921 33 159 922 12 159 923 33 6 924 25 6 925 12 6 926 25 143 927 16 143 928 12 143 929 12 6 930 4 6 931 119 6 932 119 6 933 117 6 934 114 6 935 114 160 936 111 160 937 108 160 938 108 161 939 104 161 940 114 161 941 104 162 942 102 162 943 114 162 944 85 6 945 76 6 946 102 6 947 76 163 948 66 163 949 102 163 950 12 6 951 119 6 952 102 6 953 119 6 954 114 6 955 102 6 956 66 6 957 37 6 958 102 6 959 3 7 960 7 7 961 168 7 962 7 164 963 13 164 964 166 164 965 13 165 966 17 165 967 175 165 968 22 166 969 170 166 970 175 166 971 26 127 972 173 127 973 170 127 974 31 128 975 171 128 976 173 128 977 34 167 978 172 167 979 171 167 980 38 168 981 169 168 982 172 168 983 43 52 984 174 52 985 169 52 986 47 169 987 167 169 988 174 169 989 52 170 990 165 170 991 167 170 992 58 171 993 177 171 994 165 171 995 62 172 996 159 172 997 177 172 998 67 173 999 161 173 1000 159 173 1001 71 174 1002 163 174 1003 161 174 1004 71 22 1005 74 22 1006 157 22 1007 74 175 1008 78 175 1009 155 175 1010 78 176 1011 80 176 1012 154 176 1013 80 177 1014 84 177 1015 156 177 1016 84 178 1017 87 178 1018 158 178 1019 87 179 1020 90 179 1021 164 179 1022 90 180 1023 93 180 1024 162 180 1025 93 141 1026 96 141 1027 160 141 1028 96 181 1029 3 181 1030 176 181 1031 87 6 1032 84 6 1033 80 6 1034 80 182 1035 78 182 1036 74 182 1037 74 6 1038 71 6 1039 67 6 1040 67 6 1041 62 6 1042 74 6 1043 62 6 1044 58 6 1045 74 6 1046 58 6 1047 52 6 1048 38 6 1049 52 6 1050 47 6 1051 38 6 1052 47 6 1053 43 6 1054 38 6 1055 38 6 1056 34 6 1057 31 6 1058 31 6 1059 26 6 1060 22 6 1061 22 6 1062 17 6 1063 13 6 1064 13 6 1065 7 6 1066 22 6 1067 7 6 1068 3 6 1069 22 6 1070 3 6 1071 96 6 1072 87 6 1073 96 6 1074 93 6 1075 87 6 1076 93 6 1077 90 6 1078 87 6 1079 87 6 1080 80 6 1081 58 6 1082 80 6 1083 74 6 1084 58 6 1085 38 6 1086 31 6 1087 58 6 1088 31 6 1089 22 6 1090 58 6 1091 22 6 1092 3 6 1093 58 6 1094 2 183 1095 6 183 1096 187 183 1097 6 164 1098 8 164 1099 189 164 1100 8 184 1101 11 184 1102 188 184 1103 15 33 1104 200 33 1105 188 33 1106 18 146 1107 199 146 1108 200 146 1109 21 128 1110 197 128 1111 199 128 1112 24 167 1113 198 167 1114 197 167 1115 27 185 1116 196 185 1117 198 185 1118 30 148 1119 201 148 1120 196 148 1121 32 186 1122 194 186 1123 201 186 1124 36 170 1125 195 170 1126 194 170 1127 39 187 1128 193 187 1129 195 187 1130 41 188 1131 192 188 1132 193 188 1133 44 173 1134 191 173 1135 192 173 1136 48 189 1137 183 189 1138 191 189 1139 48 151 1140 50 151 1141 181 151 1142 50 190 1143 54 190 1144 178 190 1145 54 176 1146 56 176 1147 179 176 1148 56 177 1149 60 177 1150 180 177 1151 60 191 1152 63 191 1153 182 191 1154 63 192 1155 65 192 1156 184 192 1157 65 193 1158 69 193 1159 186 193 1160 69 141 1161 72 141 1162 185 141 1163 72 194 1164 2 194 1165 190 194 1166 18 159 1167 15 159 1168 6 159 1169 15 6 1170 11 6 1171 6 6 1172 11 195 1173 8 195 1174 6 195 1175 6 6 1176 2 6 1177 72 6 1178 72 6 1179 69 6 1180 65 6 1181 65 196 1182 63 196 1183 60 196 1184 60 197 1185 56 197 1186 65 197 1187 56 198 1188 54 198 1189 65 198 1190 54 155 1191 50 155 1192 41 155 1193 50 6 1194 48 6 1195 41 6 1196 48 195 1197 44 195 1198 41 195 1199 41 6 1200 39 6 1201 36 6 1202 36 157 1203 32 157 1204 30 157 1205 30 160 1206 27 160 1207 24 160 1208 24 6 1209 21 6 1210 30 6 1211 21 6 1212 18 6 1213 30 6 1214 6 6 1215 72 6 1216 18 6 1217 72 199 1218 65 199 1219 18 199 1220 41 6 1221 36 6 1222 18 6 1223 36 6 1224 30 6 1225 18 6 1226 65 6 1227 54 6 1228 18 6 1229 206 2 1230 208 2 1231 0 2 1232 0 2 1233 202 2 1234 206 2 1235 204 0 1236 205 0 1237 207 0 1238 205 0 1239 5 0 1240 207 0 1241 0 1 1242 208 1 1243 209 1 1244 0 6 1245 5 6 1246 205 6 1247</p>
        </triangles>
      </mesh>
    </geometry>
    <geometry id="Cube_002-mesh" name="Cube.002">
      <mesh>
        <source id="Cube_002-mesh-positions">
          <float_array id="Cube_002-mesh-positions-array" count="24">-0.329271 -0.4710238 30.00117 -0.329271 -0.4710238 31.00117 -0.329271 0.5289762 30.00117 -0.329271 0.5289762 31.00117 0.670729 -0.4710238 30.00117 0.670729 -0.4710238 31.00117 0.670729 0.5289762 30.00117 0.670729 0.5289762 31.00117</float_array>
          <technique_common>
            <accessor source="#Cube_002-mesh-positions-array" count="8" stride="3">
              <param name="X" type="float"/>
              <param name="Y" type="float"/>
              <param name="Z" type="float"/>
            </accessor>
          </technique_common>
        </source>
        <source id="Cube_002-mesh-normals">
          <float_array id="Cube_002-mesh-normals-array" count="18">-1 0 0 0 1 0 1 0 0 0 -1 0 0 0 -1 0 0 1</float_array>
          <technique_common>
            <accessor source="#Cube_002-mesh-normals-array" count="6" stride="3">
              <param name="X" type="float"/>
              <param name="Y" type="float"/>
              <param name="Z" type="float"/>
            </accessor>
          </technique_common>
        </source>
        <source id="Cube_002-mesh-map-0">
          <float_array id="Cube_002-mesh-map-0-array" count="72">0.625 0 0.375 0.25 0.375 0 0.625 0.25 0.375 0.5 0.375 0.25 0.625 0.5 0.375 0.75 0.375 0.5 0.625 0.75 0.375 1 0.375 0.75 0.375 0.5 0.125 0.75 0.125 0.5 0.8750001 0.5 0.625 0.75 0.625 0.5 0.625 0 0.625 0.25 0.375 0.25 0.625 0.25 0.625 0.5 0.375 0.5 0.625 0.5 0.625 0.75 0.375 0.75 0.625 0.75 0.625 1 0.375 1 0.375 0.5 0.375 0.75 0.125 0.75 0.8750001 0.5 0.8750001 0.75 0.625 0.75</float_array>
          <technique_common>
            <accessor source="#Cube_002-mesh-map-0-array" count="36" stride="2">
              <param name="S" type="float"/>
              <param name="T" type="float"/>
            </accessor>
          </technique_common>
        </source>
        <vertices id="Cube_002-mesh-vertices">
          <input semantic="POSITION" source="#Cube_002-mesh-positions"/>
        </vertices>
        <triangles material="LabelMat-material" count="12">
          <input semantic="VERTEX" source="#Cube_002-mesh-vertices" offset="0"/>
          <input semantic="NORMAL" source="#Cube_002-mesh-normals" offset="1"/>
          <input semantic="TEXCOORD" source="#Cube_002-mesh-map-0" offset="2" set="0"/>
          <p>1 0 0 2 0 1 0 0 2 3 1 3 6 1 4 2 1 5 7 2 6 4 2 7 6 2 8 5 3 9 0 3 10 4 3 11 6 4 12 0 4 13 2 4 14 3 5 15 5 5 16 7 5 17 1 0 18 3 0 19 2 0 20 3 1 21 7 1 22 6 1 23 7 2 24 5 2 25 4 2 26 5 3 27 1 3 28 0 3 29 6 4 30 4 4 31 0 4 32 3 5 33 1 5 34 5 5 35</p>
        </triangles>
      </mesh>
    </geometry>
    <geometry id="Text-mesh" name="Text">
      <mesh>
        <source id="Text-mesh-positions">
          <float_array id="Text-mesh-positions-array" count="1164">2.72189 -0.6608968 31.7011 2.690579 -0.850761 31.7011 2.638331 -1.02691 31.7011 2.565094 -1.188423 31.7011 2.470815 -1.334381 31.7011 2.355441 -1.463863 31.7011 2.218922 -1.575949 31.7011 2.061204 -1.669719 31.7011 1.882237 -1.744253 31.7011 1.681968 -1.798631 31.7011 1.460345 -1.831933 31.7011 1.217315 -1.843238 31.7011 1.038125 -1.834731 31.7011 0.8621302 -1.808932 31.7011 0.69169 -1.765425 31.7011 0.5291672 -1.703794 31.7011 0.3769221 -1.62362 31.7011 0.2373151 -1.524488 31.7011 0.112708 -1.405981 31.7011 0.005463123 -1.267682 31.7011 -0.08205986 -1.109175 31.7011 -0.1475 -0.9300433 31.7011 -0.1884951 -0.7298699 31.7011 -0.2026848 -0.5082378 31.7011 -0.2026848 1.611762 31.7011 0.2873149 1.611762 31.7011 0.2873149 -0.4032377 31.7011 0.2883892 -0.4949279 31.7011 0.2917371 -0.5780058 31.7011 0.2975502 -0.6532377 31.7011 0.3060188 -0.7213858 31.7011 0.3173351 -0.7832148 31.7011 0.3316898 -0.8394877 31.7011 0.3492742 -0.8909692 31.7011 0.3702779 -0.9384229 31.7011 0.3948941 -0.9826127 31.7011 0.4233112 -1.024302 31.7011 0.4557209 -1.064256 31.7011 0.4923153 -1.103238 31.7011 0.5421071 -1.149907 31.7011 0.5939832 -1.192428 31.7011 0.6479411 -1.230816 31.7011 0.7039828 -1.265089 31.7011 0.7621079 -1.295266 31.7011 0.8223162 -1.321363 31.7011 0.8846083 -1.343397 31.7011 0.9489832 -1.361386 31.7011 1.015441 -1.375347 31.7011 1.083982 -1.385298 31.7011 1.154607 -1.391256 31.7011 1.227315 -1.393238 31.7011 1.318872 -1.390787 31.7011 1.406019 -1.383631 31.7011 1.488722 -1.372066 31.7011 1.566945 -1.356386 31.7011 1.640654 -1.336887 31.7011 1.709815 -1.313863 31.7011 1.774393 -1.28761 31.7011 1.834352 -1.258423 31.7011 1.889659 -1.226597 31.7011 1.940278 -1.192428 31.7011 1.986175 -1.156209 31.7011 2.027316 -1.118238 31.7011 2.068307 -1.072928 31.7011 2.104005 -1.024511 31.7011 2.134737 -0.9730034 31.7011 2.160834 -0.9184229 31.7011 2.182625 -0.860787 31.7011 2.20044 -0.8001128 31.7011 2.21461 -0.7364178 31.7011 2.225464 -0.6697189 31.7011 2.233331 -0.6000348 31.7011 2.238542 -0.5273808 31.7011 2.241427 -0.4517769 31.7011 2.242316 -0.3732377 31.7011 2.242316 1.611762 31.7011 2.732316 1.611762 31.7011 2.732316 -0.4582379 31.7011 -1.357685 -1.798238 31.7011 -1.357685 0.8567624 31.7011 -1.367685 0.8567624 31.7011 -2.417685 -0.4632378 31.7011 -2.497685 -0.4632378 31.7011 -3.547685 0.8567624 31.7011 -3.557685 0.8567624 31.7011 -3.557685 -1.798238 31.7011 -4.047685 -1.798238 31.7011 -4.047685 1.611762 31.7011 -3.587685 1.611762 31.7011 -2.457685 0.2117621 31.7011 -1.322685 1.611762 31.7011 -0.8676849 1.611762 31.7011 -0.8676849 -1.798238 31.7011 -5.282685 -1.798238 31.7011 -5.282685 1.611762 31.7011 -4.792685 1.611762 31.7011 -4.792685 -1.798238 31.7011 2.72189 -0.6608968 30.7011 2.690579 -0.850761 30.7011 2.638331 -1.02691 30.7011 2.565094 -1.188423 30.7011 2.470815 -1.334381 30.7011 2.355441 -1.463863 30.7011 2.218922 -1.575949 30.7011 2.061204 -1.669719 30.7011 1.882237 -1.744253 30.7011 1.681968 -1.798631 30.7011 1.460345 -1.831933 30.7011 1.217315 -1.843238 30.7011 1.038125 -1.834731 30.7011 0.8621302 -1.808932 30.7011 0.69169 -1.765425 30.7011 0.5291672 -1.703794 30.7011 0.3769221 -1.62362 30.7011 0.2373151 -1.524488 30.7011 0.112708 -1.405981 30.7011 0.005463123 -1.267682 30.7011 -0.08205986 -1.109175 30.7011 -0.1475 -0.9300433 30.7011 -0.1884951 -0.7298699 30.7011 -0.2026848 -0.5082378 30.7011 -0.2026848 1.611762 30.7011 0.2873149 1.611762 30.7011 0.2873149 -0.4032377 30.7011 0.2883892 -0.4949279 30.7011 0.2917371 -0.5780058 30.7011 0.2975502 -0.6532377 30.7011 0.3060188 -0.7213858 30.7011 0.3173351 -0.7832148 30.7011 0.3316898 -0.8394877 30.7011 0.3492742 -0.8909692 30.7011 0.3702779 -0.9384229 30.7011 0.3948941 -0.9826127 30.7011 0.4233112 -1.024302 30.7011 0.4557209 -1.064256 30.7011 0.4923153 -1.103238 30.7011 0.5421071 -1.149907 30.7011 0.5939832 -1.192428 30.7011 0.6479411 -1.230816 30.7011 0.7039828 -1.265089 30.7011 0.7621079 -1.295266 30.7011 0.8223162 -1.321363 30.7011 0.8846083 -1.343397 30.7011 0.9489832 -1.361386 30.7011 1.015441 -1.375347 30.7011 1.083982 -1.385298 30.7011 1.154607 -1.391256 30.7011 1.227315 -1.393238 30.7011 1.318872 -1.390787 30.7011 1.406019 -1.383631 30.7011 1.488722 -1.372066 30.7011 1.566945 -1.356386 30.7011 1.640654 -1.336887 30.7011 1.709815 -1.313863 30.7011 1.774393 -1.28761 30.7011 1.834352 -1.258423 30.7011 1.889659 -1.226597 30.7011 1.940278 -1.192428 30.7011 1.986175 -1.156209 30.7011 2.027316 -1.118238 30.7011 2.068307 -1.072928 30.7011 2.104005 -1.024511 30.7011 2.134737 -0.9730034 30.7011 2.160834 -0.9184229 30.7011 2.182625 -0.860787 30.7011 2.20044 -0.8001128 30.7011 2.21461 -0.7364178 30.7011 2.225464 -0.6697189 30.7011 2.233331 -0.6000348 30.7011 2.238542 -0.5273808 30.7011 2.241427 -0.4517769 30.7011 2.242316 -0.3732377 30.7011 2.242316 1.611762 30.7011 2.732316 1.611762 30.7011 2.732316 -0.4582379 30.7011 -1.357685 -1.798238 30.7011 -1.357685 0.8567624 30.7011 -1.367685 0.8567624 30.7011 -2.417685 -0.4632378 30.7011 -2.497685 -0.4632378 30.7011 -3.547685 0.8567624 30.7011 -3.557685 0.8567624 30.7011 -3.557685 -1.798238 30.7011 -4.047685 -1.798238 30.7011 -4.047685 1.611762 30.7011 -3.587685 1.611762 30.7011 -2.457685 0.2117621 30.7011 -1.322685 1.611762 30.7011 -0.8676849 1.611762 30.7011 -0.8676849 -1.798238 30.7011 -5.282685 -1.798238 30.7011 -5.282685 1.611762 30.7011 -4.792685 1.611762 30.7011 -4.792685 -1.798238 30.7011 -5.282685 -1.798238 30.7011 -5.282685 -1.798238 31.7011 -5.282685 1.611762 30.7011 -5.282685 1.611762 31.7011 -4.792685 1.611762 30.7011 -4.792685 1.611762 31.7011 -4.792685 -1.798238 30.7011 -4.792685 -1.798238 31.7011 -1.357685 -1.798238 30.7011 -1.357685 -1.798238 31.7011 -1.357685 0.8567624 30.7011 -1.357685 0.8567624 31.7011 -1.367685 0.8567624 30.7011 -1.367685 0.8567624 31.7011 -2.417685 -0.4632378 30.7011 -2.417685 -0.4632378 31.7011 -2.497685 -0.4632378 30.7011 -2.497685 -0.4632378 31.7011 -3.547685 0.8567624 30.7011 -3.547685 0.8567624 31.7011 -3.557685 0.8567624 30.7011 -3.557685 0.8567624 31.7011 -3.557685 -1.798238 30.7011 -3.557685 -1.798238 31.7011 -4.047685 -1.798238 30.7011 -4.047685 -1.798238 31.7011 -4.047685 1.611762 30.7011 -4.047685 1.611762 31.7011 -3.587685 1.611762 30.7011 -3.587685 1.611762 31.7011 -2.457685 0.2117621 30.7011 -2.457685 0.2117621 31.7011 -1.322685 1.611762 30.7011 -1.322685 1.611762 31.7011 -0.8676849 1.611762 30.7011 -0.8676849 1.611762 31.7011 -0.8676849 -1.798238 30.7011 -0.8676849 -1.798238 31.7011 2.72189 -0.6608968 30.7011 2.72189 -0.6608968 31.7011 2.690579 -0.850761 30.7011 2.690579 -0.850761 31.7011 2.638331 -1.02691 30.7011 2.638331 -1.02691 31.7011 2.565094 -1.188423 30.7011 2.565094 -1.188423 31.7011 2.470815 -1.334381 30.7011 2.470815 -1.334381 31.7011 2.355441 -1.463863 30.7011 2.355441 -1.463863 31.7011 2.218922 -1.575949 30.7011 2.218922 -1.575949 31.7011 2.061204 -1.669719 30.7011 2.061204 -1.669719 31.7011 1.882237 -1.744253 30.7011 1.882237 -1.744253 31.7011 1.681968 -1.798631 30.7011 1.681968 -1.798631 31.7011 1.460345 -1.831933 30.7011 1.460345 -1.831933 31.7011 1.217315 -1.843238 30.7011 1.217315 -1.843238 31.7011 1.038125 -1.834731 30.7011 1.038125 -1.834731 31.7011 0.8621302 -1.808932 30.7011 0.8621302 -1.808932 31.7011 0.69169 -1.765425 30.7011 0.69169 -1.765425 31.7011 0.5291672 -1.703794 30.7011 0.5291672 -1.703794 31.7011 0.3769221 -1.62362 30.7011 0.3769221 -1.62362 31.7011 0.2373151 -1.524488 30.7011 0.2373151 -1.524488 31.7011 0.112708 -1.405981 30.7011 0.112708 -1.405981 31.7011 0.005463123 -1.267682 30.7011 0.005463123 -1.267682 31.7011 -0.08205986 -1.109175 30.7011 -0.08205986 -1.109175 31.7011 -0.1475 -0.9300433 30.7011 -0.1475 -0.9300433 31.7011 -0.1884951 -0.7298699 30.7011 -0.1884951 -0.7298699 31.7011 -0.2026848 -0.5082378 30.7011 -0.2026848 -0.5082378 31.7011 -0.2026848 1.611762 30.7011 -0.2026848 1.611762 31.7011 0.2873149 1.611762 30.7011 0.2873149 1.611762 31.7011 0.2873149 -0.4032377 30.7011 0.2873149 -0.4032377 31.7011 0.2883892 -0.4949279 30.7011 0.2883892 -0.4949279 31.7011 0.2917371 -0.5780058 30.7011 0.2917371 -0.5780058 31.7011 0.2975502 -0.6532377 30.7011 0.2975502 -0.6532377 31.7011 0.3060188 -0.7213858 30.7011 0.3060188 -0.7213858 31.7011 0.3173351 -0.7832148 30.7011 0.3173351 -0.7832148 31.7011 0.3316898 -0.8394877 30.7011 0.3316898 -0.8394877 31.7011 0.3492742 -0.8909692 30.7011 0.3492742 -0.8909692 31.7011 0.3702779 -0.9384229 30.7011 0.3702779 -0.9384229 31.7011 0.3948941 -0.9826127 30.7011 0.3948941 -0.9826127 31.7011 0.4233112 -1.024302 30.7011 0.4233112 -1.024302 31.7011 0.4557209 -1.064256 30.7011 0.4557209 -1.064256 31.7011 0.4923153 -1.103238 30.7011 0.4923153 -1.103238 31.7011 0.5421071 -1.149907 30.7011 0.5421071 -1.149907 31.7011 0.5939832 -1.192428 30.7011 0.5939832 -1.192428 31.7011 0.6479411 -1.230816 30.7011 0.6479411 -1.230816 31.7011 0.7039828 -1.265089 30.7011 0.7039828 -1.265089 31.7011 0.7621079 -1.295266 30.7011 0.7621079 -1.295266 31.7011 0.8223162 -1.321363 30.7011 0.8223162 -1.321363 31.7011 0.8846083 -1.343397 30.7011 0.8846083 -1.343397 31.7011 0.9489832 -1.361386 30.7011 0.9489832 -1.361386 31.7011 1.015441 -1.375347 30.7011 1.015441 -1.375347 31.7011 1.083982 -1.385298 30.7011 1.083982 -1.385298 31.7011 1.154607 -1.391256 30.7011 1.154607 -1.391256 31.7011 1.227315 -1.393238 30.7011 1.227315 -1.393238 31.7011 1.318872 -1.390787 30.7011 1.318872 -1.390787 31.7011 1.406019 -1.383631 30.7011 1.406019 -1.383631 31.7011 1.488722 -1.372066 30.7011 1.488722 -1.372066 31.7011 1.566945 -1.356386 30.7011 1.566945 -1.356386 31.7011 1.640654 -1.336887 30.7011 1.640654 -1.336887 31.7011 1.709815 -1.313863 30.7011 1.709815 -1.313863 31.7011 1.774393 -1.28761 30.7011 1.774393 -1.28761 31.7011 1.834352 -1.258423 30.7011 1.834352 -1.258423 31.7011 1.889659 -1.226597 30.7011 1.889659 -1.226597 31.7011 1.940278 -1.192428 30.7011 1.940278 -1.192428 31.7011 1.986175 -1.156209 30.7011 1.986175 -1.156209 31.7011 2.027316 -1.118238 30.7011 2.027316 -1.118238 31.7011 2.068307 -1.072928 30.7011 2.068307 -1.072928 31.7011 2.104005 -1.024511 30.7011 2.104005 -1.024511 31.7011 2.134737 -0.9730034 30.7011 2.134737 -0.9730034 31.7011 2.160834 -0.9184229 30.7011 2.160834 -0.9184229 31.7011 2.182625 -0.860787 30.7011 2.182625 -0.860787 31.7011 2.20044 -0.8001128 30.7011 2.20044 -0.8001128 31.7011 2.21461 -0.7364178 30.7011 2.21461 -0.7364178 31.7011 2.225464 -0.6697189 30.7011 2.225464 -0.6697189 31.7011 2.233331 -0.6000348 30.7011 2.233331 -0.6000348 31.7011 2.238542 -0.5273808 30.7011 2.238542 -0.5273808 31.7011 2.241427 -0.4517769 30.7011 2.241427 -0.4517769 31.7011 2.242316 -0.3732377 30.7011 2.242316 -0.3732377 31.7011 2.242316 1.611762 30.7011 2.242316 1.611762 31.7011 2.732316 1.611762 30.7011 2.732316 1.611762 31.7011 2.732316 -0.4582379 30.7011 2.732316 -0.4582379 31.7011</float_array>
          <technique_common>
            <accessor source="#Text-mesh-positions-array" count="388" stride="3">
              <param name="X" type="float"/>
              <param name="Y" type="float"/>
              <param name="Z" type="float"/>
            </accessor>
          </technique_common>
        </source>
        <source id="Text-mesh-normals">
          <float_array id="Text-mesh-normals-array" count="771">0 0 1 -1.54543e-5 0 1 1.05867e-5 0 1 1.60522e-6 0 1 -4.39118e-6 0 1 -2.89101e-5 0 1 -2.53051e-5 0 1 9.07854e-6 0 1 1.65034e-5 0 1 -2.58582e-6 0 1 -8.63976e-6 0 1 -1.72227e-6 0 1 1.75029e-5 0 1 2.49993e-6 0 1 -1.06219e-5 0 1 1.05008e-5 0 1 1.94971e-5 0 1 -2.34469e-6 0 1 -1.1404e-5 0 1 -6.65434e-6 0 1 -2.29571e-5 0 1 4.07159e-6 0 1 2.70684e-5 0 1 -5.16569e-5 0 1 9.50394e-6 0 1 -2.08102e-6 0 1 4.41143e-6 0 1 -9.52946e-6 0 1 -1.4562e-5 0 1 8.48466e-6 0 1 5.00912e-6 0 1 -1.00182e-5 0 1 0 0 -1 1.23662e-5 0 -1 1.05867e-5 0 -1 4.81565e-6 0 -1 4.39118e-6 0 -1 -1.41193e-5 0 -1 7.77334e-6 0 -1 4.81328e-6 0 -1 1.07213e-5 0 -1 -9.77349e-6 0 -1 -1.29291e-6 0 -1 9.85531e-6 0 -1 8.63976e-6 0 -1 1.72227e-6 0 -1 -1.75029e-5 0 -1 2.49993e-6 0 -1 5.31096e-6 0 -1 3.76742e-5 0 -1 2.34469e-6 0 -1 1.1404e-5 0 -1 6.65434e-6 0 -1 -4.07159e-6 0 -1 -7.12796e-6 0 -1 -9.22075e-7 0 -1 2.08102e-6 0 -1 -1.86241e-6 0 -1 -6.37072e-6 0 -1 1.4562e-5 0 -1 1.69693e-5 0 -1 9.57084e-6 0 -1 -7.62254e-6 0 -1 -5.00912e-6 0 -1 1.00182e-5 0 -1 -0.7071068 0.7071068 0 -0.7071068 -0.7071068 0 -0.7071068 -0.7071068 0 0.7071068 0.7071068 0 -0.7071068 0.7071068 0 0.7071068 -0.7071068 0 0.7071068 0.7071068 0 0.7071068 -0.7071068 0 -0.7071237 -0.7070899 -3.12924e-7 -0.7071238 -0.7070899 -3.07974e-5 -0.7071238 -0.7070899 -2.37259e-4 0.4344452 -0.9006983 0 -0.7071238 -0.7070899 0 -0.7070899 -0.7071238 0 0.434435 -0.9007033 -9.07481e-6 0.434435 -0.9007032 -1.98821e-5 0.434435 -0.9007032 0 -0.4344452 -0.9006983 -2.08523e-5 0.4344452 -0.9006983 2.08523e-5 0.4344452 -0.9006983 -2.07539e-5 -0.434435 -0.9007033 -1.49012e-7 -0.4344348 -0.9007033 2.97602e-5 -0.4344348 -0.9007033 -2.07539e-5 0.7071238 -0.7070899 0 -0.4344452 -0.9006983 0 -0.4344452 -0.9006983 0 0.7071238 -0.7070899 -1.42306e-5 0.7071238 -0.7070899 -1.71871e-5 0.7071238 -0.7070899 0 0.7071238 -0.7070899 3.39403e-5 0.7070899 -0.7071238 -2.37259e-4 0.4312308 0.9022417 0 0.001080095 0.9999995 0 0.4312312 0.9022415 0 -0.4302576 0.9027062 0 0.001080274 0.9999994 0 0.7071068 0.7071068 0 -0.430258 0.902706 0 -0.7070899 -0.7071238 -3.39386e-5 0.9745942 -0.2239781 0 0.9942358 -0.1072161 0 0.9942358 -0.1072161 0 0.9369391 -0.3494929 0 0.9745942 -0.2239781 0 0.8777678 -0.4790864 0 0.9369395 -0.3494919 0 0.7956719 -0.6057278 0 0.8777689 -0.4790843 0 0.6926763 -0.7212486 0 0.7956729 -0.6057267 0 0.5744369 -0.818549 0 0.6926764 -0.7212486 0 0.4488778 -0.8935933 0 0.5744376 -0.8185484 0 0.3239265 -0.9460824 0 0.4488794 -0.8935923 0 0.2056609 -0.9786234 0 0.3239274 -0.9460821 0 0.09765875 -0.99522 0 0.2056605 -0.9786234 0 -4.77348e-4 -1 0 0.09765827 -0.99522 0 -0.09634482 -0.9953481 0 -4.77345e-4 -1 0 -0.1964518 -0.9805135 0 -0.3014329 -0.9534875 0 -0.4110323 -0.9116208 0 -0.3014329 -0.9534874 0 -0.5236101 -0.851958 0 -0.4110323 -0.9116208 0 -0.635677 -0.7719553 0 -0.5236101 -0.851958 0 -0.7418026 -0.6706182 0 -0.635677 -0.7719551 0 -0.8353357 -0.5497402 0 -0.7418037 -0.6706172 0 -0.910054 -0.4144898 0 -0.8353365 -0.549739 0 -0.9621176 -0.2726348 0 -0.9100543 -0.4144891 0 -0.9911724 -0.1325791 0 -0.9621179 -0.2726342 0 -0.9994891 -0.03196281 0 -0.9911724 -0.1325792 0 0.9999828 0.005858063 0 0.9996621 0.02599328 0 0.9982779 0.05866241 0 0.9996621 0.02599328 0 0.9949667 0.1002066 0 0.9884205 0.1517395 0 0.9768925 0.2137313 0 0.9884206 0.1517399 0 0.9584002 0.2854278 0 0.9768924 0.2137321 0 0.9312682 0.3643343 0 0.9584001 0.2854282 0 0.8949536 0.4461592 0 0.931268 0.3643352 0 0.8508121 0.5254701 0 0.8949527 0.446161 0 0.8021518 0.5971202 0 0.8508116 0.525471 0 0.7533384 0.6576331 0 0.7068307 0.7073827 0 0.7533385 0.6576331 0 0.6592541 0.7519203 0 0.7068308 0.7073827 0 0.6071656 0.7945755 0 0.659254 0.7519204 0 0.5510541 0.8344696 0 0.6071656 0.7945754 0 0.4915555 0.8708463 0 0.5510541 0.8344697 0 0.4294919 0.9030708 0 0.4915555 0.8708463 0 0.3658006 0.9306933 0 0.3014743 0.9534743 0 0.3658006 0.9306933 0 0.2374862 0.971391 0 0.3014743 0.9534744 0 0.174719 0.9846184 0 0.2374863 0.971391 0 0.1139178 0.9934902 0 0.1747191 0.9846184 0 0.05567705 0.9984489 0 0.1139178 0.9934902 0 2.46196e-4 1 0 0.05567711 0.9984489 0 -0.05431795 0.9985238 0 2.46252e-4 1 0 -0.1102101 0.9939084 0 -0.05431795 0.9985238 0 -0.1675908 0.9858567 0 -0.1102101 0.9939084 0 -0.2262493 0.9740694 0 -0.1675908 0.9858567 0 -0.2859439 0.9582464 0 -0.2262493 0.9740694 0 -0.3464111 0.9380829 0 -0.4073679 0.9132642 0 -0.4684998 0.8834636 0 -0.4073678 0.9132642 0 -0.5294644 0.8483322 0 -0.4684992 0.8834639 0 -0.5898883 0.8074849 0 -0.5294637 0.8483326 0 -0.6493389 0.7604992 0 -0.5898882 0.8074849 0 -0.7106211 0.703575 0 -0.6493389 0.7604992 0 -0.7741926 0.6329501 0 -0.7106201 0.7035759 0 -0.8328062 0.5535647 0 -0.7741912 0.632952 0 -0.8813996 0.4723715 0 -0.8328055 0.5535657 0 -0.9195998 0.3928567 0 -0.9481189 0.3179161 0 -0.9196 0.3928561 0 -0.9683537 0.2495819 0 -0.9481191 0.3179155 0 -0.9819836 0.1889664 0 -0.9683537 0.2495819 0 -0.990648 0.1364424 0 -0.9819837 0.1889659 0 -0.9957699 0.09188175 0 -0.9906481 0.1364419 0 -0.9984951 0.05484151 0 -0.9957699 0.09188193 0 -0.9996942 0.02472829 0 -0.9984951 0.05484169 0 -0.999984 0.005661249 0 -0.9996942 0.02472823 0 -0.999984 0.005661189 0 0.9996698 -0.02569884 0 0.9996698 -0.02569884 0 -0.7071238 -0.7070899 1.71871e-5 -0.7071238 -0.7070899 0 -0.7071238 -0.7070899 1.42306e-5 0.4344452 -0.9006983 0 0.4344349 -0.9007033 -2.97602e-5 0.434435 -0.9007033 1.45775e-4 0.434435 -0.9007033 0 -0.4344452 -0.9006983 2.07539e-5 -0.434435 -0.9007033 1.98821e-5 -0.434435 -0.9007033 0 -0.4344348 -0.9007033 9.11951e-6 0.7070899 -0.7071238 0 0.7071238 -0.7070899 3.07974e-5 0.7071238 -0.7070899 2.37259e-4 0.7071237 -0.7070899 3.12924e-7 -0.7071237 -0.7070899 2.3727e-4</float_array>
          <technique_common>
            <accessor source="#Text-mesh-normals-array" count="257" stride="3">
              <param name="X" type="float"/>
              <param name="Y" type="float"/>
              <param name="Z" type="float"/>
            </accessor>
          </technique_common>
        </source>
        <source id="Text-mesh-map-0">
          <float_array id="Text-mesh-map-0-array" count="2256">0.2987013 0 0.3246753 0 0.3116883 0 0.2987013 0 0.3376623 0 0.3246753 0 0.961039 0 0.987013 0 0.974026 0 0.961039 0 1 0 0.987013 0 0.9480519 0 1 0 0.961039 0 0.2987013 0 0.3506494 0 0.3376623 0 0.9350649 0 1 0 0.9480519 0 0.9350649 0 0 0 1 0 0.2987013 0 0.3636364 0 0.3506494 0 0.2857143 0 0.3636364 0 0.2987013 0 0.9220779 0 0 0 0.9350649 0 0.2857143 0 0.3766233 0 0.3636364 0 0.9090909 0 0 0 0.9220779 0 0.2857143 0 0.3896104 0 0.3766233 0 0.9090909 0 0.01298695 0 0 0 0.8961039 0 0.01298695 0 0.9090909 0 0.2857143 0 0.4025974 0 0.3896104 0 0.2727273 0 0.4025974 0 0.2857143 0 0.8831169 0 0.01298695 0 0.8961039 0 0.2727273 0 0.4155844 0 0.4025974 0 0.8701299 0 0.01298695 0 0.8831169 0 0.2727273 0 0.4285714 0 0.4155844 0 0.8701299 0 0.02597397 0 0.01298695 0 0.8571429 0 0.02597397 0 0.8701299 0 0.2727273 0 0.4415584 0 0.4285714 0 0.8441559 0 0.02597397 0 0.8571429 0 0.2597402 0 0.4415584 0 0.2727273 0 0.2597402 0 0.4545454 0 0.4415584 0 0.8311688 0 0.02597397 0 0.8441559 0 0.2597402 0 0.4675325 0 0.4545454 0 0.2597402 0 0.4805195 0 0.4675325 0 0.8181818 0 0.02597397 0 0.8311688 0 0.8181818 0 0.03896099 0 0.02597397 0 0.2597402 0 0.4935065 0 0.4805195 0 0.8051948 0 0.03896099 0 0.8181818 0 0.2597402 0 0.5064935 0 0.4935065 0 0.2467532 0 0.5064935 0 0.2597402 0 0.7922078 0 0.03896099 0 0.8051948 0 0.2467532 0 0.5194805 0 0.5064935 0 0.7792208 0 0.03896099 0 0.7922078 0 0.7792208 0 0.05194801 0 0.03896099 0 0.2467532 0 0.5324676 0 0.5194805 0 0.7662338 0 0.05194801 0 0.7792208 0 0.7532467 0 0.05194801 0 0.7662338 0 0.2467532 0 0.5454546 0 0.5324676 0 0.7402598 0 0.05194801 0 0.7532467 0 0.2467532 0 0.5584416 0 0.5454546 0 0.2337661 0 0.5584416 0 0.2467532 0 0.7272728 0 0.05194801 0 0.7402598 0 0.2337661 0 0.5714286 0 0.5584416 0 0.7142857 0 0.05194801 0 0.7272728 0 0.2337661 0 0.5844156 0 0.5714286 0 0.7142857 0 0.06493502 0 0.05194801 0 0.7012987 0 0.06493502 0 0.7142857 0 0.2337661 0 0.5974026 0 0.5844156 0 0.6883117 0 0.06493502 0 0.7012987 0 0.2337661 0 0.6103896 0 0.5974026 0 0.6753247 0 0.06493502 0 0.6883117 0 0.2337661 0 0.6233766 0 0.6103896 0 0.6623377 0 0.06493502 0 0.6753247 0 0.2337661 0 0.6363636 0 0.6233766 0 0.6493507 0 0.06493502 0 0.6623377 0 0.2337661 0 0.6493507 0 0.6363636 0 0.2337661 0 0.06493502 0 0.6493507 0 0.2207792 0 0.06493502 0 0.2337661 0 0.2207792 0 0.07792204 0 0.06493502 0 0.2077922 0 0.07792204 0 0.2207792 0 0.2077922 0 0.09090906 0 0.07792204 0 0.1948052 0 0.09090906 0 0.2077922 0 0.1948052 0 0.1038961 0 0.09090906 0 0.1818181 0 0.1038961 0 0.1948052 0 0.1818181 0 0.116883 0 0.1038961 0 0.1688311 0 0.116883 0 0.1818181 0 0.1688311 0 0.1298701 0 0.116883 0 0.1558441 0 0.1298701 0 0.1688311 0 0.1558441 0 0.1428571 0 0.1298701 0 0.5714286 0 0.7142857 0 0.6428571 0 0.5714286 0 0.4285714 0 0.7142857 0 0.4285714 0 0.3571429 0 0.7142857 0 0.3571429 0 0.7857143 0 0.7142857 0 0.7857143 0 0.9285714 0 0.8571429 0 0.7857143 0 0.1428571 0 0.9285714 0 0.1428571 0 0.07142853 0 0.9285714 0 0.07142853 0 1 0 0.9285714 0 0.5714286 0 0.5 0 0.4285714 0 0.2857143 0 0.7857143 0 0.3571429 0 0.7857143 0 0.2142857 0 0.1428571 0 0 0 1 0 0.07142853 0 0.2857143 0 0.2142857 0 0.7857143 0 0 0 0.6666667 0 0.3333333 0 0 0 1 0 0.6666667 0 0.2987013 0 0.3116883 0 0.3246753 0 0.2987013 0 0.3246753 0 0.3376623 0 0.961039 0 0.974026 0 0.987013 0 0.961039 0 0.987013 0 1 0 0.9480519 0 0.961039 0 1 0 0.2987013 0 0.3376623 0 0.3506494 0 0.9350649 0 0.9480519 0 1 0 0.9350649 0 1 0 0 0 0.2987013 0 0.3506494 0 0.3636364 0 0.2857143 0 0.2987013 0 0.3636364 0 0.9220779 0 0.9350649 0 0 0 0.2857143 0 0.3636364 0 0.3766233 0 0.9090909 0 0.9220779 0 0 0 0.2857143 0 0.3766233 0 0.3896104 0 0.9090909 0 0 0 0.01298695 0 0.8961039 0 0.9090909 0 0.01298695 0 0.2857143 0 0.3896104 0 0.4025974 0 0.2727273 0 0.2857143 0 0.4025974 0 0.8831169 0 0.8961039 0 0.01298695 0 0.2727273 0 0.4025974 0 0.4155844 0 0.8701299 0 0.8831169 0 0.01298695 0 0.2727273 0 0.4155844 0 0.4285714 0 0.8701299 0 0.01298695 0 0.02597397 0 0.8571429 0 0.8701299 0 0.02597397 0 0.2727273 0 0.4285714 0 0.4415584 0 0.8441559 0 0.8571429 0 0.02597397 0 0.2597402 0 0.2727273 0 0.4415584 0 0.2597402 0 0.4415584 0 0.4545454 0 0.8311688 0 0.8441559 0 0.02597397 0 0.2597402 0 0.4545454 0 0.4675325 0 0.2597402 0 0.4675325 0 0.4805195 0 0.8181818 0 0.8311688 0 0.02597397 0 0.8181818 0 0.02597397 0 0.03896099 0 0.2597402 0 0.4805195 0 0.4935065 0 0.8051948 0 0.8181818 0 0.03896099 0 0.2597402 0 0.4935065 0 0.5064935 0 0.2467532 0 0.2597402 0 0.5064935 0 0.7922078 0 0.8051948 0 0.03896099 0 0.2467532 0 0.5064935 0 0.5194805 0 0.7792208 0 0.7922078 0 0.03896099 0 0.7792208 0 0.03896099 0 0.05194801 0 0.2467532 0 0.5194805 0 0.5324676 0 0.7662338 0 0.7792208 0 0.05194801 0 0.7532467 0 0.7662338 0 0.05194801 0 0.2467532 0 0.5324676 0 0.5454546 0 0.7402598 0 0.7532467 0 0.05194801 0 0.2467532 0 0.5454546 0 0.5584416 0 0.2337661 0 0.2467532 0 0.5584416 0 0.7272728 0 0.7402598 0 0.05194801 0 0.2337661 0 0.5584416 0 0.5714286 0 0.7142857 0 0.7272728 0 0.05194801 0 0.2337661 0 0.5714286 0 0.5844156 0 0.7142857 0 0.05194801 0 0.06493502 0 0.7012987 0 0.7142857 0 0.06493502 0 0.2337661 0 0.5844156 0 0.5974026 0 0.6883117 0 0.7012987 0 0.06493502 0 0.2337661 0 0.5974026 0 0.6103896 0 0.6753247 0 0.6883117 0 0.06493502 0 0.2337661 0 0.6103896 0 0.6233766 0 0.6623377 0 0.6753247 0 0.06493502 0 0.2337661 0 0.6233766 0 0.6363636 0 0.6493507 0 0.6623377 0 0.06493502 0 0.2337661 0 0.6363636 0 0.6493507 0 0.2337661 0 0.6493507 0 0.06493502 0 0.2207792 0 0.2337661 0 0.06493502 0 0.2207792 0 0.06493502 0 0.07792204 0 0.2077922 0 0.2207792 0 0.07792204 0 0.2077922 0 0.07792204 0 0.09090906 0 0.1948052 0 0.2077922 0 0.09090906 0 0.1948052 0 0.09090906 0 0.1038961 0 0.1818181 0 0.1948052 0 0.1038961 0 0.1818181 0 0.1038961 0 0.116883 0 0.1688311 0 0.1818181 0 0.116883 0 0.1688311 0 0.116883 0 0.1298701 0 0.1558441 0 0.1688311 0 0.1298701 0 0.1558441 0 0.1298701 0 0.1428571 0 0.5714286 0 0.6428571 0 0.7142857 0 0.5714286 0 0.7142857 0 0.4285714 0 0.4285714 0 0.7142857 0 0.3571429 0 0.3571429 0 0.7142857 0 0.7857143 0 0.7857143 0 0.8571429 0 0.9285714 0 0.7857143 0 0.9285714 0 0.1428571 0 0.1428571 0 0.9285714 0 0.07142853 0 0.07142853 0 0.9285714 0 1 0 0.5714286 0 0.4285714 0 0.5 0 0.2857143 0 0.3571429 0 0.7857143 0 0.7857143 0 0.1428571 0 0.2142857 0 0 0 0.07142853 0 1 0 0.2857143 0 0.7857143 0 0.2142857 0 0 0 0.3333333 0 0.6666667 0 0 0 0.6666667 0 1 0 0.25 1 0 0 0 1 0.5 1 0.25 0 0.25 1 0.75 1 0.5 0 0.5 1 1 1 0.75 0 0.75 1 0.06666666 1 0 0 0 1 0.1333333 1 0.06666666 0 0.06666666 1 0.2 1 0.1333333 0 0.1333333 1 0.2666667 1 0.2 0 0.2 1 0.3333333 1 0.2666667 0 0.2666667 1 0.4 1 0.3333333 0 0.3333333 1 0.4666666 1 0.4 0 0.4 1 0.5333334 1 0.4666666 0 0.4666666 1 0.6 1 0.5333334 0 0.5333334 1 0.6666667 1 0.6 0 0.6 1 0.7333334 1 0.6666667 0 0.6666667 1 0.8 1 0.7333334 0 0.7333334 1 0.8666667 1 0.8 0 0.8 1 0.9333333 1 0.8666667 0 0.8666667 1 1 1 0.9333333 0 0.9333333 1 0.01282048 1 0 0 0 1 0.02564102 1 0.01282048 0 0.01282048 1 0.03846144 1 0.02564102 0 0.02564102 1 0.05128198 1 0.03846144 0 0.03846144 1 0.06410253 1 0.05128198 0 0.05128198 1 0.07692307 1 0.06410253 0 0.06410253 1 0.08974355 1 0.07692307 0 0.07692307 1 0.1025641 1 0.08974355 0 0.08974355 1 0.1153846 1 0.1025641 0 0.1025641 1 0.1282051 1 0.1153846 0 0.1153846 1 0.1410256 1 0.1282051 0 0.1282051 1 0.1538462 1 0.1410256 0 0.1410256 1 0.1666666 1 0.1538462 0 0.1538462 1 0.1794872 1 0.1666666 0 0.1666666 1 0.1923077 1 0.1794872 0 0.1794872 1 0.2051282 1 0.1923077 0 0.1923077 1 0.2179487 1 0.2051282 0 0.2051282 1 0.2307692 1 0.2179487 0 0.2179487 1 0.2435896 1 0.2307692 0 0.2307692 1 0.2564103 1 0.2435896 0 0.2435896 1 0.2692308 1 0.2564103 0 0.2564103 1 0.2820513 1 0.2692308 0 0.2692308 1 0.2948718 1 0.2820513 0 0.2820513 1 0.3076923 1 0.2948718 0 0.2948718 1 0.3205128 1 0.3076923 0 0.3076923 1 0.3333333 1 0.3205128 0 0.3205128 1 0.3461539 1 0.3333333 0 0.3333333 1 0.3589743 1 0.3461539 0 0.3461539 1 0.3717949 1 0.3589743 0 0.3589743 1 0.3846154 1 0.3717949 0 0.3717949 1 0.3974359 1 0.3846154 0 0.3846154 1 0.4102564 1 0.3974359 0 0.3974359 1 0.4230769 1 0.4102564 0 0.4102564 1 0.4358974 1 0.4230769 0 0.4230769 1 0.448718 1 0.4358974 0 0.4358974 1 0.4615384 1 0.448718 0 0.448718 1 0.474359 1 0.4615384 0 0.4615384 1 0.4871795 1 0.474359 0 0.474359 1 0.5 1 0.4871795 0 0.4871795 1 0.5128206 1 0.5 0 0.5 1 0.525641 1 0.5128206 0 0.5128206 1 0.5384616 1 0.525641 0 0.525641 1 0.5512821 1 0.5384616 0 0.5384616 1 0.5641026 1 0.5512821 0 0.5512821 1 0.5769231 1 0.5641026 0 0.5641026 1 0.5897436 1 0.5769231 0 0.5769231 1 0.6025641 1 0.5897436 0 0.5897436 1 0.6153846 1 0.6025641 0 0.6025641 1 0.6282051 1 0.6153846 0 0.6153846 1 0.6410257 1 0.6282051 0 0.6282051 1 0.6538462 1 0.6410257 0 0.6410257 1 0.6666667 1 0.6538462 0 0.6538462 1 0.6794872 1 0.6666667 0 0.6666667 1 0.6923077 1 0.6794872 0 0.6794872 1 0.7051282 1 0.6923077 0 0.6923077 1 0.7179487 1 0.7051282 0 0.7051282 1 0.7307692 1 0.7179487 0 0.7179487 1 0.7435898 1 0.7307692 0 0.7307692 1 0.7564103 1 0.7435898 0 0.7435898 1 0.7692308 1 0.7564103 0 0.7564103 1 0.7820513 1 0.7692308 0 0.7692308 1 0.7948718 1 0.7820513 0 0.7820513 1 0.8076923 1 0.7948718 0 0.7948718 1 0.8205128 1 0.8076923 0 0.8076923 1 0.8333333 1 0.8205128 0 0.8205128 1 0.8461539 1 0.8333333 0 0.8333333 1 0.8589743 1 0.8461539 0 0.8461539 1 0.8717949 1 0.8589743 0 0.8589743 1 0.8846154 1 0.8717949 0 0.8717949 1 0.8974359 1 0.8846154 0 0.8846154 1 0.9102564 1 0.8974359 0 0.8974359 1 0.9230769 1 0.9102564 0 0.9102564 1 0.9358974 1 0.9230769 0 0.9230769 1 0.948718 1 0.9358974 0 0.9358974 1 0.9615384 1 0.948718 0 0.948718 1 0.974359 1 0.9615384 0 0.9615384 1 0.9871795 1 0.974359 0 0.974359 1 1 1 0.9871795 0 0.9871795 1 0.25 1 0.25 0 0 0 0.5 1 0.5 0 0.25 0 0.75 1 0.75 0 0.5 0 1 1 1 0 0.75 0 0.06666666 1 0.06666666 0 0 0 0.1333333 1 0.1333333 0 0.06666666 0 0.2 1 0.2 0 0.1333333 0 0.2666667 1 0.2666667 0 0.2 0 0.3333333 1 0.3333333 0 0.2666667 0 0.4 1 0.4 0 0.3333333 0 0.4666666 1 0.4666666 0 0.4 0 0.5333334 1 0.5333334 0 0.4666666 0 0.6 1 0.6 0 0.5333334 0 0.6666667 1 0.6666667 0 0.6 0 0.7333334 1 0.7333334 0 0.6666667 0 0.8 1 0.8 0 0.7333334 0 0.8666667 1 0.8666667 0 0.8 0 0.9333333 1 0.9333333 0 0.8666667 0 1 1 1 0 0.9333333 0 0.01282048 1 0.01282048 0 0 0 0.02564102 1 0.02564102 0 0.01282048 0 0.03846144 1 0.03846144 0 0.02564102 0 0.05128198 1 0.05128198 0 0.03846144 0 0.06410253 1 0.06410253 0 0.05128198 0 0.07692307 1 0.07692307 0 0.06410253 0 0.08974355 1 0.08974355 0 0.07692307 0 0.1025641 1 0.1025641 0 0.08974355 0 0.1153846 1 0.1153846 0 0.1025641 0 0.1282051 1 0.1282051 0 0.1153846 0 0.1410256 1 0.1410256 0 0.1282051 0 0.1538462 1 0.1538462 0 0.1410256 0 0.1666666 1 0.1666666 0 0.1538462 0 0.1794872 1 0.1794872 0 0.1666666 0 0.1923077 1 0.1923077 0 0.1794872 0 0.2051282 1 0.2051282 0 0.1923077 0 0.2179487 1 0.2179487 0 0.2051282 0 0.2307692 1 0.2307692 0 0.2179487 0 0.2435896 1 0.2435896 0 0.2307692 0 0.2564103 1 0.2564103 0 0.2435896 0 0.2692308 1 0.2692308 0 0.2564103 0 0.2820513 1 0.2820513 0 0.2692308 0 0.2948718 1 0.2948718 0 0.2820513 0 0.3076923 1 0.3076923 0 0.2948718 0 0.3205128 1 0.3205128 0 0.3076923 0 0.3333333 1 0.3333333 0 0.3205128 0 0.3461539 1 0.3461539 0 0.3333333 0 0.3589743 1 0.3589743 0 0.3461539 0 0.3717949 1 0.3717949 0 0.3589743 0 0.3846154 1 0.3846154 0 0.3717949 0 0.3974359 1 0.3974359 0 0.3846154 0 0.4102564 1 0.4102564 0 0.3974359 0 0.4230769 1 0.4230769 0 0.4102564 0 0.4358974 1 0.4358974 0 0.4230769 0 0.448718 1 0.448718 0 0.4358974 0 0.4615384 1 0.4615384 0 0.448718 0 0.474359 1 0.474359 0 0.4615384 0 0.4871795 1 0.4871795 0 0.474359 0 0.5 1 0.5 0 0.4871795 0 0.5128206 1 0.5128206 0 0.5 0 0.525641 1 0.525641 0 0.5128206 0 0.5384616 1 0.5384616 0 0.525641 0 0.5512821 1 0.5512821 0 0.5384616 0 0.5641026 1 0.5641026 0 0.5512821 0 0.5769231 1 0.5769231 0 0.5641026 0 0.5897436 1 0.5897436 0 0.5769231 0 0.6025641 1 0.6025641 0 0.5897436 0 0.6153846 1 0.6153846 0 0.6025641 0 0.6282051 1 0.6282051 0 0.6153846 0 0.6410257 1 0.6410257 0 0.6282051 0 0.6538462 1 0.6538462 0 0.6410257 0 0.6666667 1 0.6666667 0 0.6538462 0 0.6794872 1 0.6794872 0 0.6666667 0 0.6923077 1 0.6923077 0 0.6794872 0 0.7051282 1 0.7051282 0 0.6923077 0 0.7179487 1 0.7179487 0 0.7051282 0 0.7307692 1 0.7307692 0 0.7179487 0 0.7435898 1 0.7435898 0 0.7307692 0 0.7564103 1 0.7564103 0 0.7435898 0 0.7692308 1 0.7692308 0 0.7564103 0 0.7820513 1 0.7820513 0 0.7692308 0 0.7948718 1 0.7948718 0 0.7820513 0 0.8076923 1 0.8076923 0 0.7948718 0 0.8205128 1 0.8205128 0 0.8076923 0 0.8333333 1 0.8333333 0 0.8205128 0 0.8461539 1 0.8461539 0 0.8333333 0 0.8589743 1 0.8589743 0 0.8461539 0 0.8717949 1 0.8717949 0 0.8589743 0 0.8846154 1 0.8846154 0 0.8717949 0 0.8974359 1 0.8974359 0 0.8846154 0 0.9102564 1 0.9102564 0 0.8974359 0 0.9230769 1 0.9230769 0 0.9102564 0 0.9358974 1 0.9358974 0 0.9230769 0 0.948718 1 0.948718 0 0.9358974 0 0.9615384 1 0.9615384 0 0.948718 0 0.974359 1 0.974359 0 0.9615384 0 0.9871795 1 0.9871795 0 0.974359 0 1 1 1 0 0.9871795 0</float_array>
          <technique_common>
            <accessor source="#Text-mesh-map-0-array" count="1128" stride="2">
              <param name="S" type="float"/>
              <param name="T" type="float"/>
            </accessor>
          </technique_common>
        </source>
        <vertices id="Text-mesh-vertices">
          <input semantic="POSITION" source="#Text-mesh-positions"/>
        </vertices>
        <triangles material="TextMat-material" count="376">
          <input semantic="VERTEX" source="#Text-mesh-vertices" offset="0"/>
          <input semantic="NORMAL" source="#Text-mesh-normals" offset="1"/>
          <input semantic="TEXCOORD" source="#Text-mesh-map-0" offset="2" set="0"/>
          <p>23 0 0 25 0 1 24 0 2 23 1 3 26 1 4 25 1 5 74 0 6 76 0 7 75 0 8 74 0 9 77 0 10 76 0 11 73 0 12 77 0 13 74 0 14 23 2 15 27 2 16 26 2 17 72 3 18 77 3 19 73 3 20 72 0 21 0 0 22 77 0 23 23 0 24 28 0 25 27 0 26 22 4 27 28 4 28 23 4 29 71 0 30 0 0 31 72 0 32 22 0 33 29 0 34 28 0 35 70 0 36 0 0 37 71 0 38 22 0 39 30 0 40 29 0 41 70 0 42 1 0 43 0 0 44 69 5 45 1 5 46 70 5 47 22 0 48 31 0 49 30 0 50 21 0 51 31 0 52 22 0 53 68 0 54 1 0 55 69 0 56 21 6 57 32 6 58 31 6 59 67 0 60 1 0 61 68 0 62 21 7 63 33 7 64 32 7 65 67 0 66 2 0 67 1 0 68 66 0 69 2 0 70 67 0 71 21 0 72 34 0 73 33 0 74 65 8 75 2 8 76 66 8 77 20 9 78 34 9 79 21 9 80 20 0 81 35 0 82 34 0 83 64 10 84 2 10 85 65 10 86 20 0 87 36 0 88 35 0 89 20 0 90 37 0 91 36 0 92 63 11 93 2 11 94 64 11 95 63 0 96 3 0 97 2 0 98 20 0 99 38 0 100 37 0 101 62 12 102 3 12 103 63 12 104 20 0 105 39 0 106 38 0 107 19 13 108 39 13 109 20 13 110 61 0 111 3 0 112 62 0 113 19 0 114 40 0 115 39 0 116 60 14 117 3 14 118 61 14 119 60 15 120 4 15 121 3 15 122 19 0 123 41 0 124 40 0 125 59 0 126 4 0 127 60 0 128 58 16 129 4 16 130 59 16 131 19 0 132 42 0 133 41 0 134 57 0 135 4 0 136 58 0 137 19 0 138 43 0 139 42 0 140 18 17 141 43 17 142 19 17 143 56 0 144 4 0 145 57 0 146 18 0 147 44 0 148 43 0 149 55 0 150 4 0 151 56 0 152 18 18 153 45 18 154 44 18 155 55 0 156 5 0 157 4 0 158 54 0 159 5 0 160 55 0 161 18 19 162 46 19 163 45 19 164 53 20 165 5 20 166 54 20 167 18 21 168 47 21 169 46 21 170 52 22 171 5 22 172 53 22 173 18 0 174 48 0 175 47 0 176 51 0 177 5 0 178 52 0 179 18 0 180 49 0 181 48 0 182 50 23 183 5 23 184 51 23 185 18 24 186 50 24 187 49 24 188 18 0 189 5 0 190 50 0 191 17 0 192 5 0 193 18 0 194 17 25 195 6 25 196 5 25 197 16 0 198 6 0 199 17 0 200 16 0 201 7 0 202 6 0 203 15 0 204 7 0 205 16 0 206 15 26 207 8 26 208 7 26 209 14 0 210 8 0 211 15 0 212 14 0 213 9 0 214 8 0 215 13 0 216 9 0 217 14 0 218 13 27 219 10 27 220 9 27 221 12 0 222 10 0 223 13 0 224 12 28 225 11 28 226 10 28 227 86 0 228 88 0 229 87 0 230 86 29 231 84 29 232 88 29 233 84 0 234 83 0 235 88 0 236 83 0 237 89 0 238 88 0 239 89 0 240 91 0 241 90 0 242 89 0 243 80 0 244 91 0 245 80 0 246 79 0 247 91 0 248 79 0 249 92 0 250 91 0 251 86 0 252 85 0 253 84 0 254 82 30 255 89 30 256 83 30 257 89 31 258 81 31 259 80 31 260 78 0 261 92 0 262 79 0 263 82 0 264 81 0 265 89 0 266 93 0 267 95 0 268 94 0 269 93 0 270 96 0 271 95 0 272 120 32 273 121 32 274 122 32 275 120 32 276 122 32 277 123 32 278 171 32 279 172 32 280 173 32 281 171 32 282 173 32 283 174 32 284 170 33 285 171 33 286 174 33 287 120 34 288 123 34 289 124 34 290 169 35 291 170 35 292 174 35 293 169 32 294 174 32 295 97 32 296 120 32 297 124 32 298 125 32 299 119 36 300 120 36 301 125 36 302 168 32 303 169 32 304 97 32 305 119 32 306 125 32 307 126 32 308 167 32 309 168 32 310 97 32 311 119 37 312 126 37 313 127 37 314 167 32 315 97 32 316 98 32 317 166 32 318 167 32 319 98 32 320 119 38 321 127 38 322 128 38 323 118 39 324 119 39 325 128 39 326 165 32 327 166 32 328 98 32 329 118 32 330 128 32 331 129 32 332 164 32 333 165 32 334 98 32 335 118 32 336 129 32 337 130 32 338 164 40 339 98 40 340 99 40 341 163 32 342 164 32 343 99 32 344 118 41 345 130 41 346 131 41 347 162 32 348 163 32 349 99 32 350 117 42 351 118 42 352 131 42 353 117 43 354 131 43 355 132 43 356 161 44 357 162 44 358 99 44 359 117 32 360 132 32 361 133 32 362 117 32 363 133 32 364 134 32 365 160 45 366 161 45 367 99 45 368 160 32 369 99 32 370 100 32 371 117 32 372 134 32 373 135 32 374 159 46 375 160 46 376 100 46 377 117 32 378 135 32 379 136 32 380 116 47 381 117 47 382 136 47 383 158 32 384 159 32 385 100 32 386 116 32 387 136 32 388 137 32 389 157 48 390 158 48 391 100 48 392 157 32 393 100 32 394 101 32 395 116 32 396 137 32 397 138 32 398 156 49 399 157 49 400 101 49 401 155 32 402 156 32 403 101 32 404 116 32 405 138 32 406 139 32 407 154 32 408 155 32 409 101 32 410 116 32 411 139 32 412 140 32 413 115 50 414 116 50 415 140 50 416 153 32 417 154 32 418 101 32 419 115 32 420 140 32 421 141 32 422 152 32 423 153 32 424 101 32 425 115 51 426 141 51 427 142 51 428 152 32 429 101 32 430 102 32 431 151 32 432 152 32 433 102 32 434 115 52 435 142 52 436 143 52 437 150 32 438 151 32 439 102 32 440 115 53 441 143 53 442 144 53 443 149 32 444 150 32 445 102 32 446 115 32 447 144 32 448 145 32 449 148 32 450 149 32 451 102 32 452 115 32 453 145 32 454 146 32 455 147 32 456 148 32 457 102 32 458 115 54 459 146 54 460 147 54 461 115 32 462 147 32 463 102 32 464 114 55 465 115 55 466 102 55 467 114 56 468 102 56 469 103 56 470 113 32 471 114 32 472 103 32 473 113 32 474 103 32 475 104 32 476 112 57 477 113 57 478 104 57 479 112 32 480 104 32 481 105 32 482 111 32 483 112 32 484 105 32 485 111 32 486 105 32 487 106 32 488 110 58 489 111 58 490 106 58 491 110 32 492 106 32 493 107 32 494 109 32 495 110 32 496 107 32 497 109 59 498 107 59 499 108 59 500 183 32 501 184 32 502 185 32 503 183 60 504 185 60 505 181 60 506 181 32 507 185 32 508 180 32 509 180 61 510 185 61 511 186 61 512 186 32 513 187 32 514 188 32 515 186 62 516 188 62 517 177 62 518 177 32 519 188 32 520 176 32 521 176 32 522 188 32 523 189 32 524 183 32 525 181 32 526 182 32 527 179 63 528 180 63 529 186 63 530 186 64 531 177 64 532 178 64 533 175 32 534 176 32 535 189 32 536 179 32 537 186 32 538 178 32 539 190 32 540 191 32 541 192 32 542 190 32 543 192 32 544 193 32 545 197 65 546 194 66 547 195 67 548 199 68 549 196 69 550 197 65 551 201 70 552 198 71 553 199 68 554 195 67 555 200 72 556 201 70 557 205 73 558 202 74 559 203 75 560 207 76 561 204 77 562 205 78 563 209 79 564 206 80 565 207 81 566 211 82 567 208 83 568 209 84 569 213 85 570 210 86 571 211 87 572 215 88 573 212 89 574 213 90 575 217 91 576 214 92 577 215 93 578 219 67 579 216 94 580 217 95 581 221 65 582 218 66 583 219 67 584 223 96 585 220 69 586 221 65 587 225 97 588 222 98 589 223 96 590 227 99 591 224 100 592 225 97 593 229 101 594 226 102 595 227 99 596 231 70 597 228 71 598 229 101 599 203 103 600 230 72 601 231 70 602 235 104 603 232 105 604 233 106 605 237 107 606 234 108 607 235 104 608 239 109 609 236 110 610 237 107 611 241 111 612 238 112 613 239 109 614 243 113 615 240 114 616 241 111 617 245 115 618 242 116 619 243 113 620 247 117 621 244 118 622 245 115 623 249 119 624 246 120 625 247 117 626 251 121 627 248 122 628 249 119 629 253 123 630 250 124 631 251 121 632 255 125 633 252 126 634 253 123 635 257 127 636 254 128 637 255 125 638 259 129 639 256 127 640 257 127 641 261 130 642 258 129 643 259 129 644 263 131 645 260 132 646 261 130 647 265 133 648 262 134 649 263 131 650 267 135 651 264 136 652 265 133 653 269 137 654 266 138 655 267 135 656 271 139 657 268 140 658 269 137 659 273 141 660 270 142 661 271 139 662 275 143 663 272 144 664 273 141 665 277 145 666 274 146 667 275 143 668 279 147 669 276 148 670 277 145 671 281 65 672 278 147 673 279 147 674 283 68 675 280 69 676 281 65 677 285 149 678 282 68 679 283 68 680 287 150 681 284 149 682 285 149 683 289 151 684 286 152 685 287 150 686 291 153 687 288 151 688 289 151 689 293 154 690 290 153 691 291 153 692 295 155 693 292 156 694 293 154 695 297 157 696 294 158 697 295 155 698 299 159 699 296 160 700 297 157 701 301 161 702 298 162 703 299 159 704 303 163 705 300 164 706 301 161 707 305 165 708 302 166 709 303 163 710 307 167 711 304 165 712 305 165 713 309 168 714 306 169 715 307 167 716 311 170 717 308 171 718 309 168 719 313 172 720 310 173 721 311 170 722 315 174 723 312 175 724 313 172 725 317 176 726 314 177 727 315 174 728 319 178 729 316 179 730 317 176 731 321 180 732 318 178 733 319 178 734 323 181 735 320 182 736 321 180 737 325 183 738 322 184 739 323 181 740 327 185 741 324 186 742 325 183 743 329 187 744 326 188 745 327 185 746 331 189 747 328 190 748 329 187 749 333 191 750 330 192 751 331 189 752 335 193 753 332 194 754 333 191 755 337 195 756 334 196 757 335 193 758 339 197 759 336 198 760 337 195 761 341 199 762 338 200 763 339 197 764 343 201 765 340 202 766 341 199 767 345 203 768 342 201 769 343 201 770 347 204 771 344 203 772 345 203 773 349 205 774 346 206 775 347 204 776 351 207 777 348 208 778 349 205 779 353 209 780 350 210 781 351 207 782 355 211 783 352 212 784 353 209 785 357 213 786 354 214 787 355 211 788 359 215 789 356 216 790 357 213 791 361 217 792 358 218 793 359 215 794 363 219 795 360 220 796 361 217 797 365 221 798 362 219 799 363 219 800 367 222 801 364 223 802 365 221 803 369 224 804 366 225 805 367 222 806 371 226 807 368 227 808 369 224 809 373 228 810 370 229 811 371 226 812 375 230 813 372 231 814 373 228 815 377 232 816 374 233 817 375 230 818 379 234 819 376 235 820 377 232 821 381 236 822 378 237 823 379 234 824 383 69 825 380 238 826 381 236 827 385 68 828 382 69 829 383 69 830 387 239 831 384 101 832 385 68 833 233 106 834 386 240 835 387 239 836 197 65 837 196 69 838 194 66 839 199 68 840 198 71 841 196 69 842 201 70 843 200 72 844 198 71 845 195 67 846 194 66 847 200 72 848 205 241 849 204 242 850 202 243 851 207 76 852 206 244 853 204 77 854 209 245 855 208 246 856 206 247 857 211 82 858 210 248 859 208 83 860 213 249 861 212 250 862 210 251 863 215 88 864 214 252 865 212 89 866 217 253 867 216 254 868 214 255 869 219 67 870 218 66 871 216 94 872 221 65 873 220 69 874 218 66 875 223 96 876 222 98 877 220 69 878 225 97 879 224 100 880 222 98 881 227 99 882 226 102 883 224 100 884 229 101 885 228 71 886 226 102 887 231 70 888 230 72 889 228 71 890 203 103 891 202 256 892 230 72 893 235 104 894 234 108 895 232 105 896 237 107 897 236 110 898 234 108 899 239 109 900 238 112 901 236 110 902 241 111 903 240 114 904 238 112 905 243 113 906 242 116 907 240 114 908 245 115 909 244 118 910 242 116 911 247 117 912 246 120 913 244 118 914 249 119 915 248 122 916 246 120 917 251 121 918 250 124 919 248 122 920 253 123 921 252 126 922 250 124 923 255 125 924 254 128 925 252 126 926 257 127 927 256 127 928 254 128 929 259 129 930 258 129 931 256 127 932 261 130 933 260 132 934 258 129 935 263 131 936 262 134 937 260 132 938 265 133 939 264 136 940 262 134 941 267 135 942 266 138 943 264 136 944 269 137 945 268 140 946 266 138 947 271 139 948 270 142 949 268 140 950 273 141 951 272 144 952 270 142 953 275 143 954 274 146 955 272 144 956 277 145 957 276 148 958 274 146 959 279 147 960 278 147 961 276 148 962 281 65 963 280 69 964 278 147 965 283 68 966 282 68 967 280 69 968 285 149 969 284 149 970 282 68 971 287 150 972 286 152 973 284 149 974 289 151 975 288 151 976 286 152 977 291 153 978 290 153 979 288 151 980 293 154 981 292 156 982 290 153 983 295 155 984 294 158 985 292 156 986 297 157 987 296 160 988 294 158 989 299 159 990 298 162 991 296 160 992 301 161 993 300 164 994 298 162 995 303 163 996 302 166 997 300 164 998 305 165 999 304 165 1000 302 166 1001 307 167 1002 306 169 1003 304 165 1004 309 168 1005 308 171 1006 306 169 1007 311 170 1008 310 173 1009 308 171 1010 313 172 1011 312 175 1012 310 173 1013 315 174 1014 314 177 1015 312 175 1016 317 176 1017 316 179 1018 314 177 1019 319 178 1020 318 178 1021 316 179 1022 321 180 1023 320 182 1024 318 178 1025 323 181 1026 322 184 1027 320 182 1028 325 183 1029 324 186 1030 322 184 1031 327 185 1032 326 188 1033 324 186 1034 329 187 1035 328 190 1036 326 188 1037 331 189 1038 330 192 1039 328 190 1040 333 191 1041 332 194 1042 330 192 1043 335 193 1044 334 196 1045 332 194 1046 337 195 1047 336 198 1048 334 196 1049 339 197 1050 338 200 1051 336 198 1052 341 199 1053 340 202 1054 338 200 1055 343 201 1056 342 201 1057 340 202 1058 345 203 1059 344 203 1060 342 201 1061 347 204 1062 346 206 1063 344 203 1064 349 205 1065 348 208 1066 346 206 1067 351 207 1068 350 210 1069 348 208 1070 353 209 1071 352 212 1072 350 210 1073 355 211 1074 354 214 1075 352 212 1076 357 213 1077 356 216 1078 354 214 1079 359 215 1080 358 218 1081 356 216 1082 361 217 1083 360 220 1084 358 218 1085 363 219 1086 362 219 1087 360 220 1088 365 221 1089 364 223 1090 362 219 1091 367 222 1092 366 225 1093 364 223 1094 369 224 1095 368 227 1096 366 225 1097 371 226 1098 370 229 1099 368 227 1100 373 228 1101 372 231 1102 370 229 1103 375 230 1104 374 233 1105 372 231 1106 377 232 1107 376 235 1108 374 233 1109 379 234 1110 378 237 1111 376 235 1112 381 236 1113 380 238 1114 378 237 1115 383 69 1116 382 69 1117 380 238 1118 385 68 1119 384 101 1120 382 69 1121 387 239 1122 386 240 1123 384 101 1124 233 106 1125 232 105 1126 386 240 1127</p>
        </triangles>
      </mesh>
    </geometry>
    <geometry id="Text_001-mesh" name="Text.001">
      <mesh>
        <source id="Text_001-mesh-positions">
          <float_array id="Text_001-mesh-positions-array" count="4776">11.61584 0.7006691 31.7011 11.92184 1.352669 31.7011 11.57384 2.058669 31.7011 11.77584 2.058669 31.7011 12.01784 1.552669 31.7011 12.24984 2.058669 31.7011 12.44984 2.058669 31.7011 11.81384 0.7006691 31.7011 10.88938 2.008046 31.7011 10.90904 2.020188 31.7011 10.92884 2.031106 31.7011 10.9488 2.040817 31.7011 10.96896 2.049334 31.7011 10.98934 2.056669 31.7011 11.00997 2.062838 31.7011 11.03087 2.067854 31.7011 11.05209 2.071732 31.7011 11.07363 2.074484 31.7011 11.09554 2.076125 31.7011 11.11784 2.076669 31.7011 11.17253 2.072782 31.7011 11.22436 2.061401 31.7011 11.27296 2.04295 31.7011 11.31799 2.017854 31.7011 11.35906 1.986536 31.7011 11.39584 1.949419 31.7011 11.42794 1.906927 31.7011 11.45502 1.859484 31.7011 11.47671 1.807513 31.7011 11.49265 1.751438 31.7011 11.50248 1.691682 31.7011 11.50584 1.628669 31.7011 11.50212 1.555245 31.7011 11.49111 1.487114 31.7011 11.47302 1.424482 31.7011 11.44806 1.367558 31.7011 11.41643 1.316551 31.7011 11.37834 1.271669 31.7011 11.334 1.23312 31.7011 11.28361 1.201113 31.7011 11.2274 1.175857 31.7011 11.16556 1.157558 31.7011 11.0983 1.146426 31.7011 11.02584 1.142669 31.7011 10.99616 1.143205 31.7011 10.96623 1.144789 31.7011 10.93624 1.147388 31.7011 10.90636 1.150965 31.7011 10.87674 1.155487 31.7011 10.84759 1.160919 31.7011 10.81905 1.167226 31.7011 10.79132 1.174373 31.7011 10.76455 1.182325 31.7011 10.73894 1.191049 31.7011 10.71464 1.200508 31.7011 10.69184 1.210669 31.7011 10.69184 2.524669 31.7011 10.86984 2.524669 31.7011 10.86984 1.994669 31.7011 10.88331 1.334757 31.7011 10.89761 1.331039 31.7011 10.91259 1.327544 31.7011 10.92806 1.324299 31.7011 10.94386 1.321331 31.7011 10.95984 1.318669 31.7011 10.97581 1.31634 31.7011 10.99162 1.314373 31.7011 11.00709 1.312794 31.7011 11.02206 1.311632 31.7011 11.03636 1.310914 31.7011 11.04984 1.310669 31.7011 11.08884 1.313168 31.7011 11.12569 1.320493 31.7011 11.16015 1.332388 31.7011 11.19198 1.348595 31.7011 11.22096 1.368858 31.7011 11.24684 1.392919 31.7011 11.26938 1.420522 31.7011 11.28835 1.45141 31.7011 11.30352 1.485325 31.7011 11.31465 1.522012 31.7011 11.3215 1.561212 31.7011 11.32384 1.602669 31.7011 11.32178 1.648761 31.7011 11.31573 1.691901 31.7011 11.30587 1.731888 31.7011 11.29236 1.768521 31.7011 11.27537 1.801599 31.7011 11.25509 1.830919 31.7011 11.23168 1.856281 31.7011 11.20532 1.877484 31.7011 11.17618 1.894325 31.7011 11.14444 1.906604 31.7011 11.11027 1.914119 31.7011 11.07384 1.916669 31.7011 11.05573 1.916158 31.7011 11.03831 1.914577 31.7011 11.02143 1.911857 31.7011 11.00495 1.907928 31.7011 10.98871 1.902722 31.7011 10.97259 1.896169 31.7011 10.95642 1.888199 31.7011 10.94006 1.878743 31.7011 10.92337 1.867732 31.7011 10.9062 1.855095 31.7011 10.8884 1.840764 31.7011 10.86984 1.824669 31.7011 10.86984 1.338669 31.7011 9.521838 1.160669 31.7011 9.45696 1.164417 31.7011 9.396485 1.175484 31.7011 9.340649 1.193606 31.7011 9.289689 1.218521 31.7011 9.243839 1.249963 31.7011 9.203337 1.287669 31.7011 9.168418 1.331375 31.7011 9.139318 1.380817 31.7011 9.116274 1.435732 31.7011 9.099522 1.495854 31.7011 9.089299 1.560921 31.7011 9.085837 1.630669 31.7011 9.08965 1.694063 31.7011 9.100829 1.753984 31.7011 9.118994 1.810044 31.7011 9.143763 1.861854 31.7011 9.174756 1.909026 31.7011 9.211586 1.951169 31.7011 9.253877 1.987896 31.7011 9.301244 2.018817 31.7011 9.353306 2.043544 31.7011 9.409679 2.061688 31.7011 9.469985 2.072859 31.7011 9.533837 2.076669 31.7011 9.548766 2.076457 31.7011 9.563596 2.075808 31.7011 9.578399 2.0747 31.7011 9.593244 2.073114 31.7011 9.608201 2.071027 31.7011 9.623337 2.068419 31.7011 9.638723 2.06527 31.7011 9.65443 2.061558 31.7011 9.670524 2.057263 31.7011 9.687078 2.052364 31.7011 9.704159 2.046839 31.7011 9.721837 2.040669 31.7011 9.721837 2.524669 31.7011 9.899837 2.524669 31.7011 9.899837 1.160669 31.7011 9.707112 1.88838 31.7011 9.692874 1.893521 31.7011 9.679024 1.898107 31.7011 9.665466 1.902151 31.7011 9.652103 1.905667 31.7011 9.638837 1.908669 31.7011 9.625571 1.911171 31.7011 9.612207 1.913188 31.7011 9.598649 1.914732 31.7011 9.5848 1.915817 31.7011 9.570561 1.916458 31.7011 9.555837 1.916669 31.7011 9.514039 1.91412 31.7011 9.474781 1.906613 31.7011 9.438274 1.894357 31.7011 9.404726 1.877558 31.7011 9.374344 1.856426 31.7011 9.347337 1.831169 31.7011 9.323913 1.801995 31.7011 9.304282 1.769114 31.7011 9.288649 1.732732 31.7011 9.277226 1.693058 31.7011 9.270219 1.650301 31.7011 9.267837 1.604669 31.7011 9.269294 1.563593 31.7011 9.273828 1.524558 31.7011 9.281682 1.487857 31.7011 9.293096 1.45378 31.7011 9.308317 1.422621 31.7011 9.327588 1.394669 31.7011 9.351148 1.370218 31.7011 9.379244 1.349558 31.7011 9.412118 1.332982 31.7011 9.450013 1.32078 31.7011 9.493172 1.313246 31.7011 9.541837 1.310669 31.7011 9.721837 1.310669 31.7011 9.721837 1.882669 31.7011 8.689837 1.160669 31.7011 8.689837 2.524669 31.7011 8.867837 2.524669 31.7011 8.867837 1.160669 31.7011 8.251837 1.160669 31.7011 8.251837 2.058669 31.7011 8.429837 2.058669 31.7011 8.429837 1.160669 31.7011 8.327567 2.225647 31.7011 8.313846 2.228493 31.7011 8.300806 2.233075 31.7011 8.288578 2.239262 31.7011 8.277295 2.24692 31.7011 8.267086 2.255919 31.7011 8.258088 2.266126 31.7011 8.25043 2.27741 31.7011 8.244243 2.289638 31.7011 8.239661 2.302678 31.7011 8.236815 2.316399 31.7011 8.235837 2.330669 31.7011 8.236815 2.344939 31.7011 8.239661 2.35866 31.7011 8.244243 2.3717 31.7011 8.25043 2.383928 31.7011 8.258088 2.395212 31.7011 8.267086 2.405419 31.7011 8.277295 2.414418 31.7011 8.288578 2.422076 31.7011 8.300806 2.428263 31.7011 8.313846 2.432845 31.7011 8.327567 2.435691 31.7011 8.341837 2.436669 31.7011 8.356107 2.435691 31.7011 8.369828 2.432845 31.7011 8.382868 2.428263 31.7011 8.395096 2.422077 31.7011 8.40638 2.414418 31.7011 8.416587 2.405419 31.7011 8.425586 2.395212 31.7011 8.433245 2.383928 31.7011 8.439431 2.3717 31.7011 8.444013 2.35866 31.7011 8.446859 2.344939 31.7011 8.447837 2.330669 31.7011 8.446859 2.316399 31.7011 8.444013 2.302678 31.7011 8.439431 2.289638 31.7011 8.433244 2.27741 31.7011 8.425586 2.266126 31.7011 8.416587 2.255919 31.7011 8.40638 2.24692 31.7011 8.395096 2.239262 31.7011 8.382868 2.233075 31.7011 8.369828 2.228493 31.7011 8.356107 2.225647 31.7011 8.341837 2.224669 31.7011 7.817837 1.274669 31.7011 7.798738 1.255266 31.7011 7.77855 1.237113 31.7011 7.757431 1.220294 31.7011 7.73554 1.204891 31.7011 7.713038 1.190988 31.7011 7.690086 1.178669 31.7011 7.666842 1.168016 31.7011 7.643466 1.159114 31.7011 7.620118 1.152044 31.7011 7.596957 1.146891 31.7011 7.574143 1.143738 31.7011 7.551836 1.142669 31.7011 7.507504 1.145359 31.7011 7.46568 1.153354 31.7011 7.426618 1.166544 31.7011 7.390578 1.184817 31.7011 7.357815 1.208063 31.7011 7.328587 1.236169 31.7011 7.303151 1.269026 31.7011 7.281763 1.306521 31.7011 7.264681 1.348544 31.7011 7.252161 1.394984 31.7011 7.244461 1.445729 31.7011 7.241837 1.500669 31.7011 7.241837 2.058669 31.7011 7.419837 2.058669 31.7011 7.419837 1.488669 31.7011 7.421128 1.458305 31.7011 7.424993 1.430253 31.7011 7.431431 1.404575 31.7011 7.44043 1.381336 31.7011 7.451983 1.360596 31.7011 7.466086 1.342419 31.7011 7.482732 1.326867 31.7011 7.501911 1.314002 31.7011 7.523618 1.303888 31.7011 7.547846 1.296586 31.7011 7.574588 1.292159 31.7011 7.603837 1.290669 31.7011 7.623746 1.291582 31.7011 7.643439 1.294308 31.7011 7.662868 1.298825 31.7011 7.681985 1.305114 31.7011 7.700741 1.313152 31.7011 7.719087 1.322919 31.7011 7.736975 1.334395 31.7011 7.754355 1.347558 31.7011 7.771181 1.362388 31.7011 7.787402 1.378863 31.7011 7.80297 1.396964 31.7011 7.817837 1.416669 31.7011 7.817837 2.058669 31.7011 7.995837 2.058669 31.7011 7.995837 1.160669 31.7011 7.817837 1.160669 31.7011 6.437383 2.008046 31.7011 6.45704 2.020188 31.7011 6.476837 2.031106 31.7011 6.496799 2.040817 31.7011 6.516957 2.049334 31.7011 6.537337 2.056669 31.7011 6.557966 2.062838 31.7011 6.578874 2.067854 31.7011 6.600087 2.071732 31.7011 6.621633 2.074484 31.7011 6.64354 2.076125 31.7011 6.665837 2.076669 31.7011 6.720527 2.072782 31.7011 6.772356 2.061401 31.7011 6.820962 2.04295 31.7011 6.865985 2.017854 31.7011 6.907063 1.986536 31.7011 6.943837 1.949419 31.7011 6.975943 1.906927 31.7011 7.003022 1.859484 31.7011 7.024712 1.807513 31.7011 7.040651 1.751438 31.7011 7.05048 1.691682 31.7011 7.053837 1.628669 31.7011 7.050121 1.555245 31.7011 7.039114 1.487114 31.7011 7.021024 1.424482 31.7011 6.996059 1.367558 31.7011 6.964427 1.316551 31.7011 6.926337 1.271669 31.7011 6.881997 1.23312 31.7011 6.831614 1.201113 31.7011 6.775399 1.175857 31.7011 6.713559 1.157558 31.7011 6.646302 1.146426 31.7011 6.573837 1.142669 31.7011 6.544157 1.143205 31.7011 6.514235 1.144789 31.7011 6.484243 1.147388 31.7011 6.454355 1.150965 31.7011 6.424745 1.155487 31.7011 6.395586 1.160919 31.7011 6.367053 1.167226 31.7011 6.339318 1.174373 31.7011 6.312555 1.182325 31.7011 6.286939 1.191049 31.7011 6.262641 1.200508 31.7011 6.239837 1.210669 31.7011 6.239837 2.524669 31.7011 6.417837 2.524669 31.7011 6.417837 1.994669 31.7011 6.431309 1.334757 31.7011 6.445614 1.331039 31.7011 6.460587 1.327544 31.7011 6.476059 1.324299 31.7011 6.491865 1.321331 31.7011 6.507837 1.318669 31.7011 6.523809 1.31634 31.7011 6.539615 1.314373 31.7011 6.555087 1.312794 31.7011 6.570059 1.311632 31.7011 6.584364 1.310914 31.7011 6.597836 1.310669 31.7011 6.636839 1.313168 31.7011 6.673688 1.320493 31.7011 6.708149 1.332388 31.7011 6.739985 1.348595 31.7011 6.768959 1.368858 31.7011 6.794837 1.392919 31.7011 6.817381 1.420522 31.7011 6.836355 1.45141 31.7011 6.851524 1.485325 31.7011 6.862652 1.522012 31.7011 6.869501 1.561212 31.7011 6.871837 1.602669 31.7011 6.869782 1.648761 31.7011 6.863735 1.691901 31.7011 6.853868 1.731888 31.7011 6.840355 1.768521 31.7011 6.82337 1.801599 31.7011 6.803087 1.830919 31.7011 6.779678 1.856281 31.7011 6.753318 1.877484 31.7011 6.72418 1.894325 31.7011 6.692439 1.906604 31.7011 6.658266 1.914119 31.7011 6.621837 1.916669 31.7011 6.603729 1.916158 31.7011 6.586309 1.914577 31.7011 6.56943 1.911857 31.7011 6.552948 1.907928 31.7011 6.536715 1.902722 31.7011 6.520586 1.896169 31.7011 6.504416 1.888199 31.7011 6.488059 1.878743 31.7011 6.471368 1.867732 31.7011 6.454198 1.855095 31.7011 6.436403 1.840764 31.7011 6.417837 1.824669 31.7011 6.417837 1.338669 31.7011 11.61584 0.7006691 30.7011 11.92184 1.352669 30.7011 11.57384 2.058669 30.7011 11.77584 2.058669 30.7011 12.01784 1.552669 30.7011 12.24984 2.058669 30.7011 12.44984 2.058669 30.7011 11.81384 0.7006691 30.7011 10.88938 2.008046 30.7011 10.90904 2.020188 30.7011 10.92884 2.031106 30.7011 10.9488 2.040817 30.7011 10.96896 2.049334 30.7011 10.98934 2.056669 30.7011 11.00997 2.062838 30.7011 11.03087 2.067854 30.7011 11.05209 2.071732 30.7011 11.07363 2.074484 30.7011 11.09554 2.076125 30.7011 11.11784 2.076669 30.7011 11.17253 2.072782 30.7011 11.22436 2.061401 30.7011 11.27296 2.04295 30.7011 11.31799 2.017854 30.7011 11.35906 1.986536 30.7011 11.39584 1.949419 30.7011 11.42794 1.906927 30.7011 11.45502 1.859484 30.7011 11.47671 1.807513 30.7011 11.49265 1.751438 30.7011 11.50248 1.691682 30.7011 11.50584 1.628669 30.7011 11.50212 1.555245 30.7011 11.49111 1.487114 30.7011 11.47302 1.424482 30.7011 11.44806 1.367558 30.7011 11.41643 1.316551 30.7011 11.37834 1.271669 30.7011 11.334 1.23312 30.7011 11.28361 1.201113 30.7011 11.2274 1.175857 30.7011 11.16556 1.157558 30.7011 11.0983 1.146426 30.7011 11.02584 1.142669 30.7011 10.99616 1.143205 30.7011 10.96623 1.144789 30.7011 10.93624 1.147388 30.7011 10.90636 1.150965 30.7011 10.87674 1.155487 30.7011 10.84759 1.160919 30.7011 10.81905 1.167226 30.7011 10.79132 1.174373 30.7011 10.76455 1.182325 30.7011 10.73894 1.191049 30.7011 10.71464 1.200508 30.7011 10.69184 1.210669 30.7011 10.69184 2.524669 30.7011 10.86984 2.524669 30.7011 10.86984 1.994669 30.7011 10.88331 1.334757 30.7011 10.89761 1.331039 30.7011 10.91259 1.327544 30.7011 10.92806 1.324299 30.7011 10.94386 1.321331 30.7011 10.95984 1.318669 30.7011 10.97581 1.31634 30.7011 10.99162 1.314373 30.7011 11.00709 1.312794 30.7011 11.02206 1.311632 30.7011 11.03636 1.310914 30.7011 11.04984 1.310669 30.7011 11.08884 1.313168 30.7011 11.12569 1.320493 30.7011 11.16015 1.332388 30.7011 11.19198 1.348595 30.7011 11.22096 1.368858 30.7011 11.24684 1.392919 30.7011 11.26938 1.420522 30.7011 11.28835 1.45141 30.7011 11.30352 1.485325 30.7011 11.31465 1.522012 30.7011 11.3215 1.561212 30.7011 11.32384 1.602669 30.7011 11.32178 1.648761 30.7011 11.31573 1.691901 30.7011 11.30587 1.731888 30.7011 11.29236 1.768521 30.7011 11.27537 1.801599 30.7011 11.25509 1.830919 30.7011 11.23168 1.856281 30.7011 11.20532 1.877484 30.7011 11.17618 1.894325 30.7011 11.14444 1.906604 30.7011 11.11027 1.914119 30.7011 11.07384 1.916669 30.7011 11.05573 1.916158 30.7011 11.03831 1.914577 30.7011 11.02143 1.911857 30.7011 11.00495 1.907928 30.7011 10.98871 1.902722 30.7011 10.97259 1.896169 30.7011 10.95642 1.888199 30.7011 10.94006 1.878743 30.7011 10.92337 1.867732 30.7011 10.9062 1.855095 30.7011 10.8884 1.840764 30.7011 10.86984 1.824669 30.7011 10.86984 1.338669 30.7011 9.521838 1.160669 30.7011 9.45696 1.164417 30.7011 9.396485 1.175484 30.7011 9.340649 1.193606 30.7011 9.289689 1.218521 30.7011 9.243839 1.249963 30.7011 9.203337 1.287669 30.7011 9.168418 1.331375 30.7011 9.139318 1.380817 30.7011 9.116274 1.435732 30.7011 9.099522 1.495854 30.7011 9.089299 1.560921 30.7011 9.085837 1.630669 30.7011 9.08965 1.694063 30.7011 9.100829 1.753984 30.7011 9.118994 1.810044 30.7011 9.143763 1.861854 30.7011 9.174756 1.909026 30.7011 9.211586 1.951169 30.7011 9.253877 1.987896 30.7011 9.301244 2.018817 30.7011 9.353306 2.043544 30.7011 9.409679 2.061688 30.7011 9.469985 2.072859 30.7011 9.533837 2.076669 30.7011 9.548766 2.076457 30.7011 9.563596 2.075808 30.7011 9.578399 2.0747 30.7011 9.593244 2.073114 30.7011 9.608201 2.071027 30.7011 9.623337 2.068419 30.7011 9.638723 2.06527 30.7011 9.65443 2.061558 30.7011 9.670524 2.057263 30.7011 9.687078 2.052364 30.7011 9.704159 2.046839 30.7011 9.721837 2.040669 30.7011 9.721837 2.524669 30.7011 9.899837 2.524669 30.7011 9.899837 1.160669 30.7011 9.707112 1.88838 30.7011 9.692874 1.893521 30.7011 9.679024 1.898107 30.7011 9.665466 1.902151 30.7011 9.652103 1.905667 30.7011 9.638837 1.908669 30.7011 9.625571 1.911171 30.7011 9.612207 1.913188 30.7011 9.598649 1.914732 30.7011 9.5848 1.915817 30.7011 9.570561 1.916458 30.7011 9.555837 1.916669 30.7011 9.514039 1.91412 30.7011 9.474781 1.906613 30.7011 9.438274 1.894357 30.7011 9.404726 1.877558 30.7011 9.374344 1.856426 30.7011 9.347337 1.831169 30.7011 9.323913 1.801995 30.7011 9.304282 1.769114 30.7011 9.288649 1.732732 30.7011 9.277226 1.693058 30.7011 9.270219 1.650301 30.7011 9.267837 1.604669 30.7011 9.269294 1.563593 30.7011 9.273828 1.524558 30.7011 9.281682 1.487857 30.7011 9.293096 1.45378 30.7011 9.308317 1.422621 30.7011 9.327588 1.394669 30.7011 9.351148 1.370218 30.7011 9.379244 1.349558 30.7011 9.412118 1.332982 30.7011 9.450013 1.32078 30.7011 9.493172 1.313246 30.7011 9.541837 1.310669 30.7011 9.721837 1.310669 30.7011 9.721837 1.882669 30.7011 8.689837 1.160669 30.7011 8.689837 2.524669 30.7011 8.867837 2.524669 30.7011 8.867837 1.160669 30.7011 8.251837 1.160669 30.7011 8.251837 2.058669 30.7011 8.429837 2.058669 30.7011 8.429837 1.160669 30.7011 8.327567 2.225647 30.7011 8.313846 2.228493 30.7011 8.300806 2.233075 30.7011 8.288578 2.239262 30.7011 8.277295 2.24692 30.7011 8.267086 2.255919 30.7011 8.258088 2.266126 30.7011 8.25043 2.27741 30.7011 8.244243 2.289638 30.7011 8.239661 2.302678 30.7011 8.236815 2.316399 30.7011 8.235837 2.330669 30.7011 8.236815 2.344939 30.7011 8.239661 2.35866 30.7011 8.244243 2.3717 30.7011 8.25043 2.383928 30.7011 8.258088 2.395212 30.7011 8.267086 2.405419 30.7011 8.277295 2.414418 30.7011 8.288578 2.422076 30.7011 8.300806 2.428263 30.7011 8.313846 2.432845 30.7011 8.327567 2.435691 30.7011 8.341837 2.436669 30.7011 8.356107 2.435691 30.7011 8.369828 2.432845 30.7011 8.382868 2.428263 30.7011 8.395096 2.422077 30.7011 8.40638 2.414418 30.7011 8.416587 2.405419 30.7011 8.425586 2.395212 30.7011 8.433245 2.383928 30.7011 8.439431 2.3717 30.7011 8.444013 2.35866 30.7011 8.446859 2.344939 30.7011 8.447837 2.330669 30.7011 8.446859 2.316399 30.7011 8.444013 2.302678 30.7011 8.439431 2.289638 30.7011 8.433244 2.27741 30.7011 8.425586 2.266126 30.7011 8.416587 2.255919 30.7011 8.40638 2.24692 30.7011 8.395096 2.239262 30.7011 8.382868 2.233075 30.7011 8.369828 2.228493 30.7011 8.356107 2.225647 30.7011 8.341837 2.224669 30.7011 7.817837 1.274669 30.7011 7.798738 1.255266 30.7011 7.77855 1.237113 30.7011 7.757431 1.220294 30.7011 7.73554 1.204891 30.7011 7.713038 1.190988 30.7011 7.690086 1.178669 30.7011 7.666842 1.168016 30.7011 7.643466 1.159114 30.7011 7.620118 1.152044 30.7011 7.596957 1.146891 30.7011 7.574143 1.143738 30.7011 7.551836 1.142669 30.7011 7.507504 1.145359 30.7011 7.46568 1.153354 30.7011 7.426618 1.166544 30.7011 7.390578 1.184817 30.7011 7.357815 1.208063 30.7011 7.328587 1.236169 30.7011 7.303151 1.269026 30.7011 7.281763 1.306521 30.7011 7.264681 1.348544 30.7011 7.252161 1.394984 30.7011 7.244461 1.445729 30.7011 7.241837 1.500669 30.7011 7.241837 2.058669 30.7011 7.419837 2.058669 30.7011 7.419837 1.488669 30.7011 7.421128 1.458305 30.7011 7.424993 1.430253 30.7011 7.431431 1.404575 30.7011 7.44043 1.381336 30.7011 7.451983 1.360596 30.7011 7.466086 1.342419 30.7011 7.482732 1.326867 30.7011 7.501911 1.314002 30.7011 7.523618 1.303888 30.7011 7.547846 1.296586 30.7011 7.574588 1.292159 30.7011 7.603837 1.290669 30.7011 7.623746 1.291582 30.7011 7.643439 1.294308 30.7011 7.662868 1.298825 30.7011 7.681985 1.305114 30.7011 7.700741 1.313152 30.7011 7.719087 1.322919 30.7011 7.736975 1.334395 30.7011 7.754355 1.347558 30.7011 7.771181 1.362388 30.7011 7.787402 1.378863 30.7011 7.80297 1.396964 30.7011 7.817837 1.416669 30.7011 7.817837 2.058669 30.7011 7.995837 2.058669 30.7011 7.995837 1.160669 30.7011 7.817837 1.160669 30.7011 6.437383 2.008046 30.7011 6.45704 2.020188 30.7011 6.476837 2.031106 30.7011 6.496799 2.040817 30.7011 6.516957 2.049334 30.7011 6.537337 2.056669 30.7011 6.557966 2.062838 30.7011 6.578874 2.067854 30.7011 6.600087 2.071732 30.7011 6.621633 2.074484 30.7011 6.64354 2.076125 30.7011 6.665837 2.076669 30.7011 6.720527 2.072782 30.7011 6.772356 2.061401 30.7011 6.820962 2.04295 30.7011 6.865985 2.017854 30.7011 6.907063 1.986536 30.7011 6.943837 1.949419 30.7011 6.975943 1.906927 30.7011 7.003022 1.859484 30.7011 7.024712 1.807513 30.7011 7.040651 1.751438 30.7011 7.05048 1.691682 30.7011 7.053837 1.628669 30.7011 7.050121 1.555245 30.7011 7.039114 1.487114 30.7011 7.021024 1.424482 30.7011 6.996059 1.367558 30.7011 6.964427 1.316551 30.7011 6.926337 1.271669 30.7011 6.881997 1.23312 30.7011 6.831614 1.201113 30.7011 6.775399 1.175857 30.7011 6.713559 1.157558 30.7011 6.646302 1.146426 30.7011 6.573837 1.142669 30.7011 6.544157 1.143205 30.7011 6.514235 1.144789 30.7011 6.484243 1.147388 30.7011 6.454355 1.150965 30.7011 6.424745 1.155487 30.7011 6.395586 1.160919 30.7011 6.367053 1.167226 30.7011 6.339318 1.174373 30.7011 6.312555 1.182325 30.7011 6.286939 1.191049 30.7011 6.262641 1.200508 30.7011 6.239837 1.210669 30.7011 6.239837 2.524669 30.7011 6.417837 2.524669 30.7011 6.417837 1.994669 30.7011 6.431309 1.334757 30.7011 6.445614 1.331039 30.7011 6.460587 1.327544 30.7011 6.476059 1.324299 30.7011 6.491865 1.321331 30.7011 6.507837 1.318669 30.7011 6.523809 1.31634 30.7011 6.539615 1.314373 30.7011 6.555087 1.312794 30.7011 6.570059 1.311632 30.7011 6.584364 1.310914 30.7011 6.597836 1.310669 30.7011 6.636839 1.313168 30.7011 6.673688 1.320493 30.7011 6.708149 1.332388 30.7011 6.739985 1.348595 30.7011 6.768959 1.368858 30.7011 6.794837 1.392919 30.7011 6.817381 1.420522 30.7011 6.836355 1.45141 30.7011 6.851524 1.485325 30.7011 6.862652 1.522012 30.7011 6.869501 1.561212 30.7011 6.871837 1.602669 30.7011 6.869782 1.648761 30.7011 6.863735 1.691901 30.7011 6.853868 1.731888 30.7011 6.840355 1.768521 30.7011 6.82337 1.801599 30.7011 6.803087 1.830919 30.7011 6.779678 1.856281 30.7011 6.753318 1.877484 30.7011 6.72418 1.894325 30.7011 6.692439 1.906604 30.7011 6.658266 1.914119 30.7011 6.621837 1.916669 30.7011 6.603729 1.916158 30.7011 6.586309 1.914577 30.7011 6.56943 1.911857 30.7011 6.552948 1.907928 30.7011 6.536715 1.902722 30.7011 6.520586 1.896169 30.7011 6.504416 1.888199 30.7011 6.488059 1.878743 30.7011 6.471368 1.867732 30.7011 6.454198 1.855095 30.7011 6.436403 1.840764 30.7011 6.417837 1.824669 30.7011 6.417837 1.338669 30.7011 6.437383 2.008046 30.7011 6.437383 2.008046 31.7011 6.45704 2.020188 30.7011 6.45704 2.020188 31.7011 6.476837 2.031106 30.7011 6.476837 2.031106 31.7011 6.496799 2.040817 30.7011 6.496799 2.040817 31.7011 6.516957 2.049334 30.7011 6.516957 2.049334 31.7011 6.537337 2.056669 30.7011 6.537337 2.056669 31.7011 6.557966 2.062838 30.7011 6.557966 2.062838 31.7011 6.578874 2.067854 30.7011 6.578874 2.067854 31.7011 6.600087 2.071732 30.7011 6.600087 2.071732 31.7011 6.621633 2.074484 30.7011 6.621633 2.074484 31.7011 6.64354 2.076125 30.7011 6.64354 2.076125 31.7011 6.665837 2.076669 30.7011 6.665837 2.076669 31.7011 6.720527 2.072782 30.7011 6.720527 2.072782 31.7011 6.772356 2.061401 30.7011 6.772356 2.061401 31.7011 6.820962 2.04295 30.7011 6.820962 2.04295 31.7011 6.865985 2.017854 30.7011 6.865985 2.017854 31.7011 6.907063 1.986536 30.7011 6.907063 1.986536 31.7011 6.943837 1.949419 30.7011 6.943837 1.949419 31.7011 6.975943 1.906927 30.7011 6.975943 1.906927 31.7011 7.003022 1.859484 30.7011 7.003022 1.859484 31.7011 7.024712 1.807513 30.7011 7.024712 1.807513 31.7011 7.040651 1.751438 30.7011 7.040651 1.751438 31.7011 7.05048 1.691682 30.7011 7.05048 1.691682 31.7011 7.053837 1.628669 30.7011 7.053837 1.628669 31.7011 7.050121 1.555245 30.7011 7.050121 1.555245 31.7011 7.039114 1.487114 30.7011 7.039114 1.487114 31.7011 7.021024 1.424482 30.7011 7.021024 1.424482 31.7011 6.996059 1.367558 30.7011 6.996059 1.367558 31.7011 6.964427 1.316551 30.7011 6.964427 1.316551 31.7011 6.926337 1.271669 30.7011 6.926337 1.271669 31.7011 6.881997 1.23312 30.7011 6.881997 1.23312 31.7011 6.831614 1.201113 30.7011 6.831614 1.201113 31.7011 6.775399 1.175857 30.7011 6.775399 1.175857 31.7011 6.713559 1.157558 30.7011 6.713559 1.157558 31.7011 6.646302 1.146426 30.7011 6.646302 1.146426 31.7011 6.573837 1.142669 30.7011 6.573837 1.142669 31.7011 6.544157 1.143205 30.7011 6.544157 1.143205 31.7011 6.514235 1.144789 30.7011 6.514235 1.144789 31.7011 6.484243 1.147388 30.7011 6.484243 1.147388 31.7011 6.454355 1.150965 30.7011 6.454355 1.150965 31.7011 6.424745 1.155487 30.7011 6.424745 1.155487 31.7011 6.395586 1.160919 30.7011 6.395586 1.160919 31.7011 6.367053 1.167226 30.7011 6.367053 1.167226 31.7011 6.339318 1.174373 30.7011 6.339318 1.174373 31.7011 6.312555 1.182325 30.7011 6.312555 1.182325 31.7011 6.286939 1.191049 30.7011 6.286939 1.191049 31.7011 6.262641 1.200508 30.7011 6.262641 1.200508 31.7011 6.239837 1.210669 30.7011 6.239837 1.210669 31.7011 6.239837 2.524669 30.7011 6.239837 2.524669 31.7011 6.417837 2.524669 30.7011 6.417837 2.524669 31.7011 6.417837 1.994669 30.7011 6.417837 1.994669 31.7011 6.431309 1.334757 30.7011 6.431309 1.334757 31.7011 6.445614 1.331039 30.7011 6.445614 1.331039 31.7011 6.460587 1.327544 30.7011 6.460587 1.327544 31.7011 6.476059 1.324299 30.7011 6.476059 1.324299 31.7011 6.491865 1.321331 30.7011 6.491865 1.321331 31.7011 6.507837 1.318669 30.7011 6.507837 1.318669 31.7011 6.523809 1.31634 30.7011 6.523809 1.31634 31.7011 6.539615 1.314373 30.7011 6.539615 1.314373 31.7011 6.555087 1.312794 30.7011 6.555087 1.312794 31.7011 6.570059 1.311632 30.7011 6.570059 1.311632 31.7011 6.584364 1.310914 30.7011 6.584364 1.310914 31.7011 6.597836 1.310669 30.7011 6.597836 1.310669 31.7011 6.636839 1.313168 30.7011 6.636839 1.313168 31.7011 6.673688 1.320493 30.7011 6.673688 1.320493 31.7011 6.708149 1.332388 30.7011 6.708149 1.332388 31.7011 6.739985 1.348595 30.7011 6.739985 1.348595 31.7011 6.768959 1.368858 30.7011 6.768959 1.368858 31.7011 6.794837 1.392919 30.7011 6.794837 1.392919 31.7011 6.817381 1.420522 30.7011 6.817381 1.420522 31.7011 6.836355 1.45141 30.7011 6.836355 1.45141 31.7011 6.851524 1.485325 30.7011 6.851524 1.485325 31.7011 6.862652 1.522012 30.7011 6.862652 1.522012 31.7011 6.869501 1.561212 30.7011 6.869501 1.561212 31.7011 6.871837 1.602669 30.7011 6.871837 1.602669 31.7011 6.869782 1.648761 30.7011 6.869782 1.648761 31.7011 6.863735 1.691901 30.7011 6.863735 1.691901 31.7011 6.853868 1.731888 30.7011 6.853868 1.731888 31.7011 6.840355 1.768521 30.7011 6.840355 1.768521 31.7011 6.82337 1.801599 30.7011 6.82337 1.801599 31.7011 6.803087 1.830919 30.7011 6.803087 1.830919 31.7011 6.779678 1.856281 30.7011 6.779678 1.856281 31.7011 6.753318 1.877484 30.7011 6.753318 1.877484 31.7011 6.72418 1.894325 30.7011 6.72418 1.894325 31.7011 6.692439 1.906604 30.7011 6.692439 1.906604 31.7011 6.658266 1.914119 30.7011 6.658266 1.914119 31.7011 6.621837 1.916669 30.7011 6.621837 1.916669 31.7011 6.603729 1.916158 30.7011 6.603729 1.916158 31.7011 6.586309 1.914577 30.7011 6.586309 1.914577 31.7011 6.56943 1.911857 30.7011 6.56943 1.911857 31.7011 6.552948 1.907928 30.7011 6.552948 1.907928 31.7011 6.536715 1.902722 30.7011 6.536715 1.902722 31.7011 6.520586 1.896169 30.7011 6.520586 1.896169 31.7011 6.504416 1.888199 30.7011 6.504416 1.888199 31.7011 6.488059 1.878743 30.7011 6.488059 1.878743 31.7011 6.471368 1.867732 30.7011 6.471368 1.867732 31.7011 6.454198 1.855095 30.7011 6.454198 1.855095 31.7011 6.436403 1.840764 30.7011 6.436403 1.840764 31.7011 6.417837 1.824669 30.7011 6.417837 1.824669 31.7011 6.417837 1.338669 30.7011 6.417837 1.338669 31.7011 7.817837 1.274669 30.7011 7.817837 1.274669 31.7011 7.798738 1.255266 30.7011 7.798738 1.255266 31.7011 7.77855 1.237113 30.7011 7.77855 1.237113 31.7011 7.757431 1.220294 30.7011 7.757431 1.220294 31.7011 7.73554 1.204891 30.7011 7.73554 1.204891 31.7011 7.713038 1.190988 30.7011 7.713038 1.190988 31.7011 7.690086 1.178669 30.7011 7.690086 1.178669 31.7011 7.666842 1.168016 30.7011 7.666842 1.168016 31.7011 7.643466 1.159114 30.7011 7.643466 1.159114 31.7011 7.620118 1.152044 30.7011 7.620118 1.152044 31.7011 7.596957 1.146891 30.7011 7.596957 1.146891 31.7011 7.574143 1.143738 30.7011 7.574143 1.143738 31.7011 7.551836 1.142669 30.7011 7.551836 1.142669 31.7011 7.507504 1.145359 30.7011 7.507504 1.145359 31.7011 7.46568 1.153354 30.7011 7.46568 1.153354 31.7011 7.426618 1.166544 30.7011 7.426618 1.166544 31.7011 7.390578 1.184817 30.7011 7.390578 1.184817 31.7011 7.357815 1.208063 30.7011 7.357815 1.208063 31.7011 7.328587 1.236169 30.7011 7.328587 1.236169 31.7011 7.303151 1.269026 30.7011 7.303151 1.269026 31.7011 7.281763 1.306521 30.7011 7.281763 1.306521 31.7011 7.264681 1.348544 30.7011 7.264681 1.348544 31.7011 7.252161 1.394984 30.7011 7.252161 1.394984 31.7011 7.244461 1.445729 30.7011 7.244461 1.445729 31.7011 7.241837 1.500669 30.7011 7.241837 1.500669 31.7011 7.241837 2.058669 30.7011 7.241837 2.058669 31.7011 7.419837 2.058669 30.7011 7.419837 2.058669 31.7011 7.419837 1.488669 30.7011 7.419837 1.488669 31.7011 7.421128 1.458305 30.7011 7.421128 1.458305 31.7011 7.424993 1.430253 30.7011 7.424993 1.430253 31.7011 7.431431 1.404575 30.7011 7.431431 1.404575 31.7011 7.44043 1.381336 30.7011 7.44043 1.381336 31.7011 7.451983 1.360596 30.7011 7.451983 1.360596 31.7011 7.466086 1.342419 30.7011 7.466086 1.342419 31.7011 7.482732 1.326867 30.7011 7.482732 1.326867 31.7011 7.501911 1.314002 30.7011 7.501911 1.314002 31.7011 7.523618 1.303888 30.7011 7.523618 1.303888 31.7011 7.547846 1.296586 30.7011 7.547846 1.296586 31.7011 7.574588 1.292159 30.7011 7.574588 1.292159 31.7011 7.603837 1.290669 30.7011 7.603837 1.290669 31.7011 7.623746 1.291582 30.7011 7.623746 1.291582 31.7011 7.643439 1.294308 30.7011 7.643439 1.294308 31.7011 7.662868 1.298825 30.7011 7.662868 1.298825 31.7011 7.681985 1.305114 30.7011 7.681985 1.305114 31.7011 7.700741 1.313152 30.7011 7.700741 1.313152 31.7011 7.719087 1.322919 30.7011 7.719087 1.322919 31.7011 7.736975 1.334395 30.7011 7.736975 1.334395 31.7011 7.754355 1.347558 30.7011 7.754355 1.347558 31.7011 7.771181 1.362388 30.7011 7.771181 1.362388 31.7011 7.787402 1.378863 30.7011 7.787402 1.378863 31.7011 7.80297 1.396964 30.7011 7.80297 1.396964 31.7011 7.817837 1.416669 30.7011 7.817837 1.416669 31.7011 7.817837 2.058669 30.7011 7.817837 2.058669 31.7011 7.995837 2.058669 30.7011 7.995837 2.058669 31.7011 7.995837 1.160669 30.7011 7.995837 1.160669 31.7011 7.817837 1.160669 30.7011 7.817837 1.160669 31.7011 8.251837 1.160669 30.7011 8.251837 1.160669 31.7011 8.251837 2.058669 30.7011 8.251837 2.058669 31.7011 8.429837 2.058669 30.7011 8.429837 2.058669 31.7011 8.429837 1.160669 30.7011 8.429837 1.160669 31.7011 8.327567 2.225647 30.7011 8.327567 2.225647 31.7011 8.313846 2.228493 30.7011 8.313846 2.228493 31.7011 8.300806 2.233075 30.7011 8.300806 2.233075 31.7011 8.288578 2.239262 30.7011 8.288578 2.239262 31.7011 8.277295 2.24692 30.7011 8.277295 2.24692 31.7011 8.267086 2.255919 30.7011 8.267086 2.255919 31.7011 8.258088 2.266126 30.7011 8.258088 2.266126 31.7011 8.25043 2.27741 30.7011 8.25043 2.27741 31.7011 8.244243 2.289638 30.7011 8.244243 2.289638 31.7011 8.239661 2.302678 30.7011 8.239661 2.302678 31.7011 8.236815 2.316399 30.7011 8.236815 2.316399 31.7011 8.235837 2.330669 30.7011 8.235837 2.330669 31.7011 8.236815 2.344939 30.7011 8.236815 2.344939 31.7011 8.239661 2.35866 30.7011 8.239661 2.35866 31.7011 8.244243 2.3717 30.7011 8.244243 2.3717 31.7011 8.25043 2.383928 30.7011 8.25043 2.383928 31.7011 8.258088 2.395212 30.7011 8.258088 2.395212 31.7011 8.267086 2.405419 30.7011 8.267086 2.405419 31.7011 8.277295 2.414418 30.7011 8.277295 2.414418 31.7011 8.288578 2.422076 30.7011 8.288578 2.422076 31.7011 8.300806 2.428263 30.7011 8.300806 2.428263 31.7011 8.313846 2.432845 30.7011 8.313846 2.432845 31.7011 8.327567 2.435691 30.7011 8.327567 2.435691 31.7011 8.341837 2.436669 30.7011 8.341837 2.436669 31.7011 8.356107 2.435691 30.7011 8.356107 2.435691 31.7011 8.369828 2.432845 30.7011 8.369828 2.432845 31.7011 8.382868 2.428263 30.7011 8.382868 2.428263 31.7011 8.395096 2.422077 30.7011 8.395096 2.422077 31.7011 8.40638 2.414418 30.7011 8.40638 2.414418 31.7011 8.416587 2.405419 30.7011 8.416587 2.405419 31.7011 8.425586 2.395212 30.7011 8.425586 2.395212 31.7011 8.433245 2.383928 30.7011 8.433245 2.383928 31.7011 8.439431 2.3717 30.7011 8.439431 2.3717 31.7011 8.444013 2.35866 30.7011 8.444013 2.35866 31.7011 8.446859 2.344939 30.7011 8.446859 2.344939 31.7011 8.447837 2.330669 30.7011 8.447837 2.330669 31.7011 8.446859 2.316399 30.7011 8.446859 2.316399 31.7011 8.444013 2.302678 30.7011 8.444013 2.302678 31.7011 8.439431 2.289638 30.7011 8.439431 2.289638 31.7011 8.433244 2.27741 30.7011 8.433244 2.27741 31.7011 8.425586 2.266126 30.7011 8.425586 2.266126 31.7011 8.416587 2.255919 30.7011 8.416587 2.255919 31.7011 8.40638 2.24692 30.7011 8.40638 2.24692 31.7011 8.395096 2.239262 30.7011 8.395096 2.239262 31.7011 8.382868 2.233075 30.7011 8.382868 2.233075 31.7011 8.369828 2.228493 30.7011 8.369828 2.228493 31.7011 8.356107 2.225647 30.7011 8.356107 2.225647 31.7011 8.341837 2.224669 30.7011 8.341837 2.224669 31.7011 8.689837 1.160669 30.7011 8.689837 1.160669 31.7011 8.689837 2.524669 30.7011 8.689837 2.524669 31.7011 8.867837 2.524669 30.7011 8.867837 2.524669 31.7011 8.867837 1.160669 30.7011 8.867837 1.160669 31.7011 9.521838 1.160669 30.7011 9.521838 1.160669 31.7011 9.45696 1.164417 30.7011 9.45696 1.164417 31.7011 9.396485 1.175484 30.7011 9.396485 1.175484 31.7011 9.340649 1.193606 30.7011 9.340649 1.193606 31.7011 9.289689 1.218521 30.7011 9.289689 1.218521 31.7011 9.243839 1.249963 30.7011 9.243839 1.249963 31.7011 9.203337 1.287669 30.7011 9.203337 1.287669 31.7011 9.168418 1.331375 30.7011 9.168418 1.331375 31.7011 9.139318 1.380817 30.7011 9.139318 1.380817 31.7011 9.116274 1.435732 30.7011 9.116274 1.435732 31.7011 9.099522 1.495854 30.7011 9.099522 1.495854 31.7011 9.089299 1.560921 30.7011 9.089299 1.560921 31.7011 9.085837 1.630669 30.7011 9.085837 1.630669 31.7011 9.08965 1.694063 30.7011 9.08965 1.694063 31.7011 9.100829 1.753984 30.7011 9.100829 1.753984 31.7011 9.118994 1.810044 30.7011 9.118994 1.810044 31.7011 9.143763 1.861854 30.7011 9.143763 1.861854 31.7011 9.174756 1.909026 30.7011 9.174756 1.909026 31.7011 9.211586 1.951169 30.7011 9.211586 1.951169 31.7011 9.253877 1.987896 30.7011 9.253877 1.987896 31.7011 9.301244 2.018817 30.7011 9.301244 2.018817 31.7011 9.353306 2.043544 30.7011 9.353306 2.043544 31.7011 9.409679 2.061688 30.7011 9.409679 2.061688 31.7011 9.469985 2.072859 30.7011 9.469985 2.072859 31.7011 9.533837 2.076669 30.7011 9.533837 2.076669 31.7011 9.548766 2.076457 30.7011 9.548766 2.076457 31.7011 9.563596 2.075808 30.7011 9.563596 2.075808 31.7011 9.578399 2.0747 30.7011 9.578399 2.0747 31.7011 9.593244 2.073114 30.7011 9.593244 2.073114 31.7011 9.608201 2.071027 30.7011 9.608201 2.071027 31.7011 9.623337 2.068419 30.7011 9.623337 2.068419 31.7011 9.638723 2.06527 30.7011 9.638723 2.06527 31.7011 9.65443 2.061558 30.7011 9.65443 2.061558 31.7011 9.670524 2.057263 30.7011 9.670524 2.057263 31.7011 9.687078 2.052364 30.7011 9.687078 2.052364 31.7011 9.704159 2.046839 30.7011 9.704159 2.046839 31.7011 9.721837 2.040669 30.7011 9.721837 2.040669 31.7011 9.721837 2.524669 30.7011 9.721837 2.524669 31.7011 9.899837 2.524669 30.7011 9.899837 2.524669 31.7011 9.899837 1.160669 30.7011 9.899837 1.160669 31.7011 9.707112 1.88838 30.7011 9.707112 1.88838 31.7011 9.692874 1.893521 30.7011 9.692874 1.893521 31.7011 9.679024 1.898107 30.7011 9.679024 1.898107 31.7011 9.665466 1.902151 30.7011 9.665466 1.902151 31.7011 9.652103 1.905667 30.7011 9.652103 1.905667 31.7011 9.638837 1.908669 30.7011 9.638837 1.908669 31.7011 9.625571 1.911171 30.7011 9.625571 1.911171 31.7011 9.612207 1.913188 30.7011 9.612207 1.913188 31.7011 9.598649 1.914732 30.7011 9.598649 1.914732 31.7011 9.5848 1.915817 30.7011 9.5848 1.915817 31.7011 9.570561 1.916458 30.7011 9.570561 1.916458 31.7011 9.555837 1.916669 30.7011 9.555837 1.916669 31.7011 9.514039 1.91412 30.7011 9.514039 1.91412 31.7011 9.474781 1.906613 30.7011 9.474781 1.906613 31.7011 9.438274 1.894357 30.7011 9.438274 1.894357 31.7011 9.404726 1.877558 30.7011 9.404726 1.877558 31.7011 9.374344 1.856426 30.7011 9.374344 1.856426 31.7011 9.347337 1.831169 30.7011 9.347337 1.831169 31.7011 9.323913 1.801995 30.7011 9.323913 1.801995 31.7011 9.304282 1.769114 30.7011 9.304282 1.769114 31.7011 9.288649 1.732732 30.7011 9.288649 1.732732 31.7011 9.277226 1.693058 30.7011 9.277226 1.693058 31.7011 9.270219 1.650301 30.7011 9.270219 1.650301 31.7011 9.267837 1.604669 30.7011 9.267837 1.604669 31.7011 9.269294 1.563593 30.7011 9.269294 1.563593 31.7011 9.273828 1.524558 30.7011 9.273828 1.524558 31.7011 9.281682 1.487857 30.7011 9.281682 1.487857 31.7011 9.293096 1.45378 30.7011 9.293096 1.45378 31.7011 9.308317 1.422621 30.7011 9.308317 1.422621 31.7011 9.327588 1.394669 30.7011 9.327588 1.394669 31.7011 9.351148 1.370218 30.7011 9.351148 1.370218 31.7011 9.379244 1.349558 30.7011 9.379244 1.349558 31.7011 9.412118 1.332982 30.7011 9.412118 1.332982 31.7011 9.450013 1.32078 30.7011 9.450013 1.32078 31.7011 9.493172 1.313246 30.7011 9.493172 1.313246 31.7011 9.541837 1.310669 30.7011 9.541837 1.310669 31.7011 9.721837 1.310669 30.7011 9.721837 1.310669 31.7011 9.721837 1.882669 30.7011 9.721837 1.882669 31.7011 10.88938 2.008046 30.7011 10.88938 2.008046 31.7011 10.90904 2.020188 30.7011 10.90904 2.020188 31.7011 10.92884 2.031106 30.7011 10.92884 2.031106 31.7011 10.9488 2.040817 30.7011 10.9488 2.040817 31.7011 10.96896 2.049334 30.7011 10.96896 2.049334 31.7011 10.98934 2.056669 30.7011 10.98934 2.056669 31.7011 11.00997 2.062838 30.7011 11.00997 2.062838 31.7011 11.03087 2.067854 30.7011 11.03087 2.067854 31.7011 11.05209 2.071732 30.7011 11.05209 2.071732 31.7011 11.07363 2.074484 30.7011 11.07363 2.074484 31.7011 11.09554 2.076125 30.7011 11.09554 2.076125 31.7011 11.11784 2.076669 30.7011 11.11784 2.076669 31.7011 11.17253 2.072782 30.7011 11.17253 2.072782 31.7011 11.22436 2.061401 30.7011 11.22436 2.061401 31.7011 11.27296 2.04295 30.7011 11.27296 2.04295 31.7011 11.31799 2.017854 30.7011 11.31799 2.017854 31.7011 11.35906 1.986536 30.7011 11.35906 1.986536 31.7011 11.39584 1.949419 30.7011 11.39584 1.949419 31.7011 11.42794 1.906927 30.7011 11.42794 1.906927 31.7011 11.45502 1.859484 30.7011 11.45502 1.859484 31.7011 11.47671 1.807513 30.7011 11.47671 1.807513 31.7011 11.49265 1.751438 30.7011 11.49265 1.751438 31.7011 11.50248 1.691682 30.7011 11.50248 1.691682 31.7011 11.50584 1.628669 30.7011 11.50584 1.628669 31.7011 11.50212 1.555245 30.7011 11.50212 1.555245 31.7011 11.49111 1.487114 30.7011 11.49111 1.487114 31.7011 11.47302 1.424482 30.7011 11.47302 1.424482 31.7011 11.44806 1.367558 30.7011 11.44806 1.367558 31.7011 11.41643 1.316551 30.7011 11.41643 1.316551 31.7011 11.37834 1.271669 30.7011 11.37834 1.271669 31.7011 11.334 1.23312 30.7011 11.334 1.23312 31.7011 11.28361 1.201113 30.7011 11.28361 1.201113 31.7011 11.2274 1.175857 30.7011 11.2274 1.175857 31.7011 11.16556 1.157558 30.7011 11.16556 1.157558 31.7011 11.0983 1.146426 30.7011 11.0983 1.146426 31.7011 11.02584 1.142669 30.7011 11.02584 1.142669 31.7011 10.99616 1.143205 30.7011 10.99616 1.143205 31.7011 10.96623 1.144789 30.7011 10.96623 1.144789 31.7011 10.93624 1.147388 30.7011 10.93624 1.147388 31.7011 10.90636 1.150965 30.7011 10.90636 1.150965 31.7011 10.87674 1.155487 30.7011 10.87674 1.155487 31.7011 10.84759 1.160919 30.7011 10.84759 1.160919 31.7011 10.81905 1.167226 30.7011 10.81905 1.167226 31.7011 10.79132 1.174373 30.7011 10.79132 1.174373 31.7011 10.76455 1.182325 30.7011 10.76455 1.182325 31.7011 10.73894 1.191049 30.7011 10.73894 1.191049 31.7011 10.71464 1.200508 30.7011 10.71464 1.200508 31.7011 10.69184 1.210669 30.7011 10.69184 1.210669 31.7011 10.69184 2.524669 30.7011 10.69184 2.524669 31.7011 10.86984 2.524669 30.7011 10.86984 2.524669 31.7011 10.86984 1.994669 30.7011 10.86984 1.994669 31.7011 10.88331 1.334757 30.7011 10.88331 1.334757 31.7011 10.89761 1.331039 30.7011 10.89761 1.331039 31.7011 10.91259 1.327544 30.7011 10.91259 1.327544 31.7011 10.92806 1.324299 30.7011 10.92806 1.324299 31.7011 10.94386 1.321331 30.7011 10.94386 1.321331 31.7011 10.95984 1.318669 30.7011 10.95984 1.318669 31.7011 10.97581 1.31634 30.7011 10.97581 1.31634 31.7011 10.99162 1.314373 30.7011 10.99162 1.314373 31.7011 11.00709 1.312794 30.7011 11.00709 1.312794 31.7011 11.02206 1.311632 30.7011 11.02206 1.311632 31.7011 11.03636 1.310914 30.7011 11.03636 1.310914 31.7011 11.04984 1.310669 30.7011 11.04984 1.310669 31.7011 11.08884 1.313168 30.7011 11.08884 1.313168 31.7011 11.12569 1.320493 30.7011 11.12569 1.320493 31.7011 11.16015 1.332388 30.7011 11.16015 1.332388 31.7011 11.19198 1.348595 30.7011 11.19198 1.348595 31.7011 11.22096 1.368858 30.7011 11.22096 1.368858 31.7011 11.24684 1.392919 30.7011 11.24684 1.392919 31.7011 11.26938 1.420522 30.7011 11.26938 1.420522 31.7011 11.28835 1.45141 30.7011 11.28835 1.45141 31.7011 11.30352 1.485325 30.7011 11.30352 1.485325 31.7011 11.31465 1.522012 30.7011 11.31465 1.522012 31.7011 11.3215 1.561212 30.7011 11.3215 1.561212 31.7011 11.32384 1.602669 30.7011 11.32384 1.602669 31.7011 11.32178 1.648761 30.7011 11.32178 1.648761 31.7011 11.31573 1.691901 30.7011 11.31573 1.691901 31.7011 11.30587 1.731888 30.7011 11.30587 1.731888 31.7011 11.29236 1.768521 30.7011 11.29236 1.768521 31.7011 11.27537 1.801599 30.7011 11.27537 1.801599 31.7011 11.25509 1.830919 30.7011 11.25509 1.830919 31.7011 11.23168 1.856281 30.7011 11.23168 1.856281 31.7011 11.20532 1.877484 30.7011 11.20532 1.877484 31.7011 11.17618 1.894325 30.7011 11.17618 1.894325 31.7011 11.14444 1.906604 30.7011 11.14444 1.906604 31.7011 11.11027 1.914119 30.7011 11.11027 1.914119 31.7011 11.07384 1.916669 30.7011 11.07384 1.916669 31.7011 11.05573 1.916158 30.7011 11.05573 1.916158 31.7011 11.03831 1.914577 30.7011 11.03831 1.914577 31.7011 11.02143 1.911857 30.7011 11.02143 1.911857 31.7011 11.00495 1.907928 30.7011 11.00495 1.907928 31.7011 10.98871 1.902722 30.7011 10.98871 1.902722 31.7011 10.97259 1.896169 30.7011 10.97259 1.896169 31.7011 10.95642 1.888199 30.7011 10.95642 1.888199 31.7011 10.94006 1.878743 30.7011 10.94006 1.878743 31.7011 10.92337 1.867732 30.7011 10.92337 1.867732 31.7011 10.9062 1.855095 30.7011 10.9062 1.855095 31.7011 10.8884 1.840764 30.7011 10.8884 1.840764 31.7011 10.86984 1.824669 30.7011 10.86984 1.824669 31.7011 10.86984 1.338669 30.7011 10.86984 1.338669 31.7011 11.61584 0.7006691 30.7011 11.61584 0.7006691 31.7011 11.92184 1.352669 30.7011 11.92184 1.352669 31.7011 11.57384 2.058669 30.7011 11.57384 2.058669 31.7011 11.77584 2.058669 30.7011 11.77584 2.058669 31.7011 12.01784 1.552669 30.7011 12.01784 1.552669 31.7011 12.24984 2.058669 30.7011 12.24984 2.058669 31.7011 12.44984 2.058669 30.7011 12.44984 2.058669 31.7011 11.81384 0.7006691 30.7011 11.81384 0.7006691 31.7011</float_array>
          <technique_common>
            <accessor source="#Text_001-mesh-positions-array" count="1592" stride="3">
              <param name="X" type="float"/>
              <param name="Y" type="float"/>
              <param name="Z" type="float"/>
            </accessor>
          </technique_common>
        </source>
        <source id="Text_001-mesh-normals">
          <float_array id="Text_001-mesh-normals-array" count="2913">0 0 1 -2.88077e-5 0 1 -4.04355e-5 0 1 7.46491e-5 0 1 -2.4122e-5 0 1 2.69585e-5 0 1 -1.1019e-5 0 1 8.92092e-6 0 1 -8.6221e-6 0 1 -1.76072e-4 0 1 2.25829e-4 0 1 -6.06953e-6 0 1 1.77144e-5 0 1 2.09422e-5 0 1 1.67746e-5 0 1 -2.09995e-5 0 1 2.33556e-5 0 1 -1.67399e-5 0 1 3.84334e-5 0 1 -3.57361e-5 0 1 -1.60596e-6 0 1 1.91319e-5 0 1 -1.10803e-4 0 1 -3.59508e-5 0 1 1.77287e-5 0 1 -5.90207e-5 0 1 -7.16081e-5 0 1 5.49994e-5 0 1 -6.54999e-6 0 1 8.24659e-5 0 1 -3.00826e-5 0 1 4.66185e-5 0 1 -3.53786e-5 0 1 -1.26293e-4 0 1 2.40098e-4 0 1 -5.09313e-6 0 1 1.00349e-5 0 1 -1.02853e-5 0 1 9.14679e-6 0 1 -8.1248e-5 0 1 -1.89926e-5 0 1 1.45503e-4 0 1 -5.05548e-5 0 1 -1.35091e-5 0 1 1.64368e-5 0 1 1.10976e-5 0 1 -1.67312e-5 0 1 1.49418e-5 0 1 -4.25005e-4 0 1 1.35639e-4 0 1 0.001713037 0 0.9999986 -0.001727819 0 0.9999986 2.28618e-5 0 1 -1.26978e-5 0 1 5.23683e-6 0 1 -2.45972e-5 0 1 -3.09077e-5 0 1 -2.46688e-6 0 1 -1.93309e-5 0 1 -5.12332e-6 0 1 2.07464e-5 0 1 -3.19884e-5 0 1 -2.50546e-6 0 1 1.8916e-5 0 1 -3.22298e-5 0 1 4.0983e-5 0 1 5.50982e-6 0 1 -2.06086e-5 0 1 -5.81862e-6 0 1 2.15594e-5 0 1 -2.44958e-5 0 1 -4.99306e-6 0 1 -1.81299e-5 0 1 2.99312e-5 0 1 -1.16488e-5 0 1 4.51584e-5 0 1 -2.88434e-5 0 1 -1.27499e-5 0 1 -2.38651e-5 0 1 -1.22293e-5 0 1 -1.97757e-5 0 1 2.55546e-5 0 1 2.60804e-4 0 1 -2.08594e-5 0 1 2.96261e-5 0 1 -3.33489e-5 0 1 -7.13058e-6 0 1 -1.72061e-5 0 1 -2.14949e-5 0 1 8.29996e-5 0 1 6.07098e-5 0 1 -1.6372e-5 0 1 2.75706e-5 0 1 1.20677e-5 0 1 -3.74086e-6 0 1 1.46285e-5 0 1 1.71742e-6 0 1 -1.37202e-5 0 1 1.55593e-5 0 1 2.36072e-5 0 1 2.83263e-5 0 1 -1.15966e-5 0 1 6.93674e-5 0 1 -4.04356e-5 0 1 8.92114e-6 0 1 -1.7607e-4 0 1 2.25836e-4 0 1 -6.06951e-6 0 1 2.09424e-5 0 1 -2.09994e-5 0 1 3.84335e-5 0 1 -1.60598e-6 0 1 1.9132e-5 0 1 -1.10801e-4 0 1 -3.59497e-5 0 1 1.77293e-5 0 1 -7.161e-5 0 1 8.24638e-5 0 1 -3.00834e-5 0 1 -3.53775e-5 0 1 -1.26298e-4 0 1 2.40108e-4 0 1 -5.09311e-6 0 1 -1.02855e-5 0 1 -8.12546e-5 0 1 0 0 -1 2.88077e-5 0 -1 -7.46491e-5 0 -1 2.4122e-5 0 -1 -2.69585e-5 0 -1 1.1019e-5 0 -1 -8.92092e-6 0 -1 8.6221e-6 0 -1 -3.02155e-4 0 -1 1.76072e-4 0 -1 1.97724e-4 0 -1 -2.10812e-4 0 -1 6.06953e-6 0 -1 -1.77144e-5 0 -1 -1.67746e-5 0 -1 2.09995e-5 0 -1 -2.33556e-5 0 -1 1.67399e-5 0 -1 -3.84334e-5 0 -1 3.57361e-5 0 -1 -3.89188e-5 0 -1 1.60596e-6 0 -1 -1.91319e-5 0 -1 -8.61802e-5 0 -1 3.59508e-5 0 -1 7.68245e-5 0 -1 -1.29846e-4 0 -1 1.67086e-4 0 -1 -5.49994e-5 0 -1 6.54999e-6 0 -1 -8.24659e-5 0 -1 3.00826e-5 0 -1 6.81347e-5 0 -1 3.53786e-5 0 -1 -1.55097e-5 0 -1 -7.3976e-5 0 -1 -1.00349e-5 0 -1 1.02853e-5 0 -1 -8.49618e-6 0 -1 -9.14679e-6 0 -1 8.1248e-5 0 -1 1.89926e-5 0 -1 -1.45503e-4 0 -1 5.05548e-5 0 -1 1.35091e-5 0 -1 -1.64368e-5 0 -1 -1.10976e-5 0 -1 1.67312e-5 0 -1 -1.49418e-5 0 -1 -4.3931e-4 0 -1 4.25005e-4 0 -1 -0.001713037 0 -0.9999986 -2.28618e-5 0 -1 1.26978e-5 0 -1 -5.23683e-6 0 -1 2.45972e-5 0 -1 3.09077e-5 0 -1 2.46688e-6 0 -1 1.93309e-5 0 -1 2.56166e-6 0 -1 -2.07464e-5 0 -1 3.19884e-5 0 -1 2.50546e-6 0 -1 -1.8916e-5 0 -1 3.22298e-5 0 -1 -2.04915e-5 0 -1 -5.50982e-6 0 -1 2.06086e-5 0 -1 5.81862e-6 0 -1 -2.15594e-5 0 -1 2.44958e-5 0 -1 4.99306e-6 0 -1 1.81299e-5 0 -1 -2.99312e-5 0 -1 -2.25792e-5 0 -1 2.88434e-5 0 -1 1.27499e-5 0 -1 1.22293e-5 0 -1 1.97757e-5 0 -1 -2.55546e-5 0 -1 -1.33014e-4 0 -1 2.08594e-5 0 -1 -2.96261e-5 0 -1 3.33489e-5 0 -1 7.13058e-6 0 -1 1.48386e-4 0 -1 1.72061e-5 0 -1 2.14949e-5 0 -1 -8.29996e-5 0 -1 -6.07098e-5 0 -1 1.6372e-5 0 -1 -2.75706e-5 0 -1 -2.31938e-4 0 -1 6.31218e-6 0 -1 -1.20677e-5 0 -1 3.74086e-6 0 -1 -1.46285e-5 0 -1 5.14308e-6 0 -1 -1.71742e-6 0 -1 1.37202e-5 0 -1 -1.55593e-5 0 -1 -2.36072e-5 0 -1 -2.83263e-5 0 -1 1.15966e-5 0 -1 -6.93674e-5 0 -1 -8.92114e-6 0 -1 1.7607e-4 0 -1 1.97719e-4 0 -1 -2.10801e-4 0 -1 6.06951e-6 0 -1 2.09994e-5 0 -1 -3.84335e-5 0 -1 -3.89185e-5 0 -1 1.60598e-6 0 -1 -1.9132e-5 0 -1 -8.61782e-5 0 -1 3.59497e-5 0 -1 7.68268e-5 0 -1 1.6709e-4 0 -1 -8.24638e-5 0 -1 3.00834e-5 0 -1 3.53775e-5 0 -1 -1.55102e-5 0 -1 -7.39791e-5 0 -1 1.02855e-5 0 -1 8.12546e-5 0 -1 -0.5043833 0.8634799 0 -0.5452859 0.8382502 0 -0.4603479 0.8877387 0 -0.4134539 0.910525 0 -0.4603561 0.8877344 0 -0.3640655 0.9313734 0 -0.4134547 0.9105247 0 -0.3127056 0.9498501 0 -0.3640576 0.9313765 0 -0.2600044 0.9656074 0 -0.3126996 0.9498521 0 -0.206627 0.9784199 0 -0.2599984 0.9656091 0 -0.1533049 0.988179 0 -0.2066308 0.978419 0 -0.1007446 0.9949123 0 -0.1533088 0.9881784 0 -0.04956823 0.9987708 0 -0.1007429 0.9949125 0 0.0232824 0.999729 0 -0.04956716 0.9987708 0 0.1430689 0.9897128 0 0.02328246 0.9997289 0 0.2854468 0.9583946 0 0.1430677 0.989713 0 0.4219983 0.9065966 0 0.285442 0.958396 0 0.5479827 0.8364898 0 0.4219954 0.9065981 0 0.6599233 0.7513331 0 0.5479826 0.8364897 0 0.7558075 0.654794 0 0.659928 0.7513289 0 0.8348955 0.5504086 0 0.7558115 0.6547893 0 0.8973795 0.4412598 0 0.9440293 0.3298618 0 0.8973765 0.4412658 0 0.9759007 0.2182152 0 0.9440273 0.3298676 0 0.9941614 0.1079037 0 0.9758992 0.218222 0 0.9999992 0.001324117 0 0.9941598 0.1079183 0 0.994454 -0.1051729 0 0.9999991 0.001331448 0 0.9757493 -0.2188914 0 0.9944547 -0.1051663 0 0.9403131 -0.3403107 0 0.9757508 -0.2188845 0 0.8850424 -0.4655104 0 0.9403132 -0.3403102 0 0.8083722 -0.5886718 0 0.8850455 -0.4655047 0 0.711309 -0.7028795 0 0.8083725 -0.5886713 0 0.5978396 -0.8016158 0 0.7113048 -0.7028837 0 0.4742512 -0.8803897 0 0.5978363 -0.8016183 0 0.3475686 -0.9376547 0 0.4742475 -0.8803917 0 0.2239441 -0.974602 0 0.1077038 -0.9941831 0 0.2239441 -0.974602 0 0.01687026 -0.9998578 0 0.1077041 -0.994183 0 -0.03547137 -0.9993707 0 0.01687085 -0.9998578 0 -0.06960582 -0.9975746 0 -0.03547108 -0.9993707 0 -0.1025988 -0.9947229 0 -0.06960451 -0.9975748 0 -0.1349293 -0.9908552 0 -0.1025956 -0.9947232 0 -0.1670713 -0.9859449 0 -0.1349252 -0.9908559 0 -0.199503 -0.9798972 0 -0.167069 -0.9859452 0 -0.2327162 -0.9725447 0 -0.1994996 -0.979898 0 -0.2672326 -0.9636321 0 -0.2327128 -0.9725455 0 -0.3036546 -0.9527823 0 -0.2672331 -0.963632 0 -0.342654 -0.9394618 0 -0.303655 -0.9527822 0 -0.3850054 -0.9229143 0 -0.342654 -0.9394617 0 -0.8387485 -0.5445193 0 -0.7071068 0.7071068 0 -0.8387484 -0.5445192 0 0.7071068 0.7071068 0 -0.7071068 0.7071068 0 0.4664881 0.8845275 0 0.4664869 0.8845282 0 0.2394569 0.9709071 0 0.2652164 0.964189 0 0.265215 0.9641894 0 0.21633 0.9763203 0 0.2394423 0.9709106 0 0.1949188 0.9808195 0 0.2163232 0.9763219 0 0.1744723 0.9846621 0 0.1949241 0.9808183 0 0.1543393 0.9880179 0 0.1744776 0.9846612 0 0.1339119 0.9909933 0 0.1125301 0.9936484 0 0.1339083 0.9909938 0 0.08945113 0.9959912 0 0.1125295 0.9936484 0 0.06374543 0.9979662 0 0.08945178 0.9959912 0 0.03415977 0.9994164 0 0.06374138 0.9979665 0 -0.02288222 0.9997382 0 0.03415882 0.9994164 0 -0.1297386 0.9915482 0 -0.02288156 0.9997383 0 -0.2612269 0.9652775 0 -0.129741 0.991548 0 -0.3909152 0.9204267 0 -0.2612292 0.9652768 0 -0.5146362 0.8574087 0 -0.3909153 0.9204267 0 -0.6285258 0.7777888 0 -0.5146363 0.8574086 0 -0.7294318 0.6840536 0 -0.6285327 0.7777832 0 -0.8151202 0.5792921 0 -0.7294379 0.6840471 0 -0.8843386 0.4668464 0 -0.9367626 0.3499656 0 -0.9728079 0.2316139 0 -0.9367626 0.3499656 0 -0.9934374 0.1143772 0 -0.9728078 0.2316139 0 -0.9999828 0.00586909 0 -0.9934374 0.1143773 0 -0.9957789 -0.09178543 0 -0.9999828 0.00586915 0 -0.9818904 -0.18945 0 -0.9957798 -0.09177505 0 -0.9560292 -0.2932717 0 -0.9818924 -0.1894397 0 -0.9155671 -0.4021655 0 -0.9560292 -0.2932717 0 -0.8578183 -0.5139532 0 -0.9155671 -0.4021655 0 -0.7805374 -0.6251091 0 -0.8578183 -0.5139532 0 -0.6826779 -0.7307195 0 -0.7805312 -0.625117 0 -0.5652514 -0.8249189 0 -0.6826643 -0.7307322 0 -0.4318944 -0.9019242 0 -0.5652384 -0.8249276 0 -0.2886223 -0.9574431 0 -0.4318926 -0.901925 0 -0.1426839 -0.9897683 0 -0.2886298 -0.9574409 0 -0.02081483 -0.9997834 0 -0.1426867 -0.9897679 0 0.05934357 -0.9982377 0 -0.02081483 -0.9997834 0 0.1248139 -0.9921802 0 0.05934113 -0.9982378 0 0.1955948 -0.9806848 0 0.1248158 -0.9921799 0 0.2688009 -0.9631958 0 0.1955991 -0.9806839 0 0.3411439 -0.9400112 0 0.268809 -0.9631935 0 0.4095342 -0.9122949 0 0.3411519 -0.9400082 0 0.4715544 -0.881837 0 0.409523 -0.9122999 0 0.5258098 -0.8506023 0 0.4715436 -0.8818429 0 0.5719004 -0.8203231 0 0.6101247 -0.7923054 0 0.6412293 -0.7673494 0 0.6101349 -0.7922976 0 0.9096786 -0.4153131 0 0.6412385 -0.7673418 0 0.7996401 0.6004796 0 0.9096781 -0.415314 0 0.7996461 0.6004716 0 0.6909632 -0.72289 0 -0.379028 -0.9253852 0 -0.3790276 -0.9253855 0 0.6460835 -0.7632669 0 0.6909716 -0.722882 0 0.5994883 -0.8003837 0 0.6460923 -0.7632593 0 0.5507873 -0.8346457 0 0.5994802 -0.8003897 0 0.4995033 -0.866312 0 0.5507789 -0.8346513 0 0.4450003 -0.8955305 0 0.4995033 -0.8663121 0 0.3864753 -0.9222998 0 0.4450002 -0.8955305 0 0.323039 -0.9463858 0 0.3864815 -0.9222972 0 0.2536559 -0.9672945 0 0.3230453 -0.9463835 0 0.1771838 -0.9841778 0 0.2536558 -0.9672945 0 0.09248793 -0.9957139 0 0.1771811 -0.9841783 0 -0.006348907 -0.9999799 0 0.09248411 -0.9957143 0 -0.1244218 -0.9922294 0 -0.006349325 -0.9999799 0 -0.2544375 -0.9670892 0 -0.1244192 -0.9922298 0 -0.3870686 -0.9220509 0 -0.254432 -0.9670907 0 -0.5168452 -0.856079 0 -0.3870605 -0.9220543 0 -0.6376566 -0.7703208 0 -0.5168465 -0.8560782 0 -0.7439226 -0.6682659 0 -0.6376618 -0.7703165 0 -0.8317261 -0.5551862 0 -0.7439285 -0.6682592 0 -0.8994755 -0.4369715 0 -0.8317311 -0.5551788 0 -0.9477453 -0.3190279 0 -0.8994714 -0.43698 0 -0.9786599 -0.205487 0 -0.9477396 -0.3190451 0 -0.9950884 -0.09899061 0 -0.9786582 -0.2054951 0 -0.9997155 -0.02385658 0 -0.9950876 -0.09899854 0 -0.9997153 -0.0238648 0 0.7071067 0.7071068 0 -0.7071067 0.7071068 0 0.9997743 0.0212484 0 0.7071068 0.7071068 0 0.9959785 0.08959263 0 0.9997746 0.02123302 0 0.9817612 0.1901184 0 0.9959785 0.08959352 0 0.9530811 0.3027152 0 0.9817581 0.1901344 0 0.9052392 0.4249026 0 0.9530811 0.3027151 0 0.8342308 0.5514156 0 0.9052392 0.4249026 0 0.7387403 0.6739902 0 0.8342307 0.5514157 0 0.6218889 0.7831054 0 0.7387403 0.6739901 0 0.4911858 0.871055 0 0.6218801 0.7831127 0 0.3563801 0.9343411 0 0.4911686 0.8710646 0 0.226414 0.9740312 0 0.3563724 0.934344 0 0.1072658 0.9942305 0 0.226414 0.9740312 0 0.002522647 0.9999969 0 0.1072658 0.9942304 0 -0.09155565 0.9958 0 0.002522647 0.9999969 0 -0.1819661 0.9833049 0 -0.09155893 0.9957997 0 -0.2697304 0.9629359 0 -0.1819745 0.9833033 0 -0.3535239 0.9354255 0 -0.2697356 0.9629345 0 -0.4323174 0.9017215 0 -0.3535245 0.9354253 0 -0.5053738 0.8629006 0 -0.432318 0.9017213 0 -0.5722861 0.8200541 0 -0.6329239 0.774214 0 -0.5722861 0.8200542 0 -0.687341 0.7263349 0 -0.6329132 0.7742228 0 -0.7357818 0.6772187 0 -0.687331 0.7263444 0 -0.778611 0.627507 0 -0.7357919 0.6772078 0 -0.9482308 0.317582 0 -0.7786203 0.6274954 0 -0.9482308 0.3175822 0 0.7071068 -0.7071068 0 0.7071068 0.7071068 0 -0.7071068 -0.7071068 0 0.7071068 -0.7071068 0 -0.7071068 -0.7071068 0 -0.7071068 -0.7071068 0 -0.2678954 -0.9634481 0 -0.1360669 -0.9906997 0 -0.1360535 -0.9907016 0 -0.3923159 -0.9198307 0 -0.2679303 -0.9634383 0 -0.5075487 -0.8616231 0 -0.3923366 -0.9198217 0 -0.6126377 -0.7903639 0 -0.5075486 -0.8616232 0 -0.7070904 -0.7071232 0 -0.6126376 -0.790364 0 -0.7903499 -0.6126559 0 -0.7070903 -0.7071232 0 -0.8616154 -0.507562 0 -0.7903497 -0.612656 0 -0.9198036 -0.3923795 0 -0.8616465 -0.507509 0 -0.9634373 -0.2679344 0 -0.9198529 -0.3922637 0 -0.9907099 -0.1359931 0 -0.9634544 -0.2678724 0 -1 6.47655e-5 0 -0.9907009 -0.1360585 0 -0.990701 0.1360573 0 -1 -6.70523e-5 0 -0.9634537 0.2678751 0 -0.99071 0.1359919 0 -0.9198517 0.3922662 0 -0.9634364 0.2679372 0 -0.861649 0.5075048 0 -0.9198023 0.3923821 0 -0.7903492 0.6126567 0 -0.8616178 0.5075578 0 -0.7070909 0.7071228 0 -0.7903493 0.6126567 0 -0.6126428 0.79036 0 -0.707091 0.7071225 0 -0.5075486 0.8616232 0 -0.6126429 0.79036 0 -0.3923366 0.9198217 0 -0.5075487 0.8616231 0 -0.2679223 0.9634406 0 -0.3923159 0.9198307 0 -0.1360586 0.9907008 0 -0.2678874 0.9634503 0 0 1 0 -0.1360452 0.9907027 0 0.1360589 0.9907009 0 4.52373e-6 1 0 0.2679005 0.9634466 0 0.1360498 0.990702 0 0.3922871 0.9198429 0 0.2678871 0.9634503 0 0.5075469 0.8616243 0 0.392287 0.9198429 0 0.6126657 0.7903423 0 0.5075468 0.8616243 0 0.7070913 0.7071223 0 0.612702 0.7903141 0 0.7903493 0.6126567 0 0.7071236 0.7070899 0 0.8616491 0.5075047 0 0.7903141 0.6127021 0 0.919852 0.3922656 0 0.8616199 0.5075542 0 0.9634535 0.2678756 0 0.9198266 0.3923251 0 0.9907009 0.1360579 0 0.9634363 0.2679378 0 1 -1.14104e-6 0 0.9907009 0.1360579 0 0.9907007 -0.1360591 0 1 -1.14579e-6 0 0.963437 -0.2679351 0 0.9907007 -0.136059 0 0.9198034 -0.3923795 0 0.9634543 -0.2678728 0 0.8616155 -0.5075616 0 0.9198529 -0.3922635 0 0.7903497 -0.612656 0 0.8616469 -0.5075085 0 0.7071231 -0.7070905 0 0.7903499 -0.6126559 0 0.6126739 -0.7903359 0 0.7070907 -0.7071229 0 0.5075486 -0.8616232 0 0.6126377 -0.7903639 0 0.3923156 -0.9198308 0 0.5075487 -0.8616231 0 0.2678952 -0.9634482 0 0.3923157 -0.9198307 0 0.136058 -0.990701 0 0.2679085 -0.9634444 0 4.52373e-6 -1 0 0.1360672 -0.9906997 0 0 -1 0 -0.7071067 -0.7071068 0 0.7071067 -0.7071068 0 -0.1190657 -0.9928864 0 -0.02884548 -0.999584 0 -0.02884632 -0.9995838 0 -0.244904 -0.9695473 0 -0.1190676 -0.9928863 0 -0.3748958 -0.9270669 0 -0.2449066 -0.9695467 0 -0.5037386 -0.8638561 0 -0.3748958 -0.9270671 0 -0.6251984 -0.7804659 0 -0.5037305 -0.8638609 0 -0.7333053 -0.6798995 0 -0.6252 -0.7804647 0 -0.8236135 -0.5671515 0 -0.7333218 -0.6798817 0 -0.8939843 -0.4480983 0 -0.8236209 -0.5671409 0 -0.9445679 -0.328316 0 -0.893978 -0.4481111 0 -0.977233 -0.2121695 0 -0.9445635 -0.328329 0 -0.994729 -0.1025389 0 -0.9772331 -0.2121689 0 -0.9999863 0.005239665 0 -0.994729 -0.1025391 0 -0.9925361 0.1219518 0 -0.9999863 0.005239665 0 -0.9691839 0.2463387 0 -0.992536 0.1219522 0 -0.9287925 0.3706001 0 -0.9691838 0.246339 0 -0.870971 0.4913346 0 -0.9287926 0.3706001 0 -0.7962282 0.6049964 0 -0.870971 0.4913346 0 -0.7060037 0.7082082 0 -0.7962282 0.6049965 0 -0.6025778 0.7980602 0 -0.705996 0.7082158 0 -0.4889447 0.8723149 0 -0.6025692 0.7980667 0 -0.3684989 0.9296282 0 -0.4889387 0.8723183 0 -0.2447606 0.9695836 0 -0.368497 0.929629 0 -0.1210884 0.9926418 0 -0.2447626 0.969583 0 -0.02270811 0.9997422 0 -0.1210857 0.9926421 0 0.0289666 0.9995805 0 -0.02270811 0.9997422 0 0.05919075 0.9982467 0 0.0289694 0.9995803 0 0.09046083 0.9959001 0 0.05919349 0.9982466 0 0.1222549 0.9924988 0 0.09046089 0.9959 0 0.1540036 0.9880703 0 0.1222463 0.9924998 0 0.1851784 0.982705 0 0.153995 0.9880717 0 0.2152903 0.9765501 0 0.1851665 0.9827072 0 0.2439438 0.9697894 0 0.2152785 0.9765528 0 0.2708443 0.9626232 0 0.2439439 0.9697895 0 0.2957887 0.9552534 0 0.2708443 0.9626232 0 0.3186612 0.9478687 0 0.2957733 0.9552583 0 -0.578992 0.8153334 0 0.3186302 0.9478791 0 -0.5790041 0.8153246 0 0.7071068 -0.7071068 0 -0.3270244 -0.9450159 0 -0.3506275 -0.9365151 0 -0.3506271 -0.9365152 0 -0.3001154 -0.9539029 0 -0.3269851 -0.9450295 0 -0.2701889 -0.9628074 0 -0.3000778 -0.9539148 0 -0.2376397 -0.9713534 0 -0.2701706 -0.9628125 0 -0.2030839 -0.9791613 0 -0.2376397 -0.9713534 0 -0.1673052 -0.9859052 0 -0.2030712 -0.979164 0 -0.1311864 -0.9913578 0 -0.1672821 -0.9859092 0 -0.09566444 -0.9954137 0 -0.1311838 -0.9913581 0 -0.06158351 -0.998102 0 -0.09566694 -0.9954134 0 -0.02965021 -0.9995604 0 -0.06157523 -0.9981025 0 0.0232951 -0.9997287 0 -0.02964812 -0.9995604 0 0.1245972 -0.9922074 0 0.02329552 -0.9997286 0 0.2536302 -0.9673013 0 0.1245986 -0.9922073 0 0.3839532 -0.9233526 0 0.2536228 -0.9673033 0 0.5106825 -0.8597695 0 0.3839564 -0.9233513 0 0.6286495 -0.7776888 0 0.5106921 -0.8597637 0 0.7332509 -0.6799582 0 0.6286629 -0.7776781 0 0.8211429 -0.5707227 0 0.7332627 -0.6799456 0 0.8906424 -0.4547046 0 0.8211548 -0.5707057 0 0.9417208 -0.3363958 0 0.8906524 -0.454685 0 0.9755919 -0.2195919 0 0.9417209 -0.3363954 0 0.9942485 -0.1070976 0 0.9755962 -0.2195725 0 0.9999653 -0.008348882 0 0.9942507 -0.1070772 0 0.9971479 0.07547283 0 0.9999653 -0.008348882 0 0.9867116 0.1624812 0 0.9971479 0.07547295 0 0.9645695 0.2638294 0 0.9867079 0.1625045 0 0.9253683 0.3790696 0 0.9645569 0.2638749 0 0.8633215 0.5046544 0 0.9253593 0.3790914 0 0.7742902 0.6328307 0 0.8633101 0.5046738 0 0.65863 0.752467 0 0.7742633 0.6328636 0 0.5231327 0.8522514 0 0.6586271 0.7524695 0 0.37951 0.9251878 0 0.5231559 0.8522371 0 0.2398124 0.9708194 0 0.3795139 0.9251862 0 0.1126251 0.9936376 0 0.2398054 0.970821 0 0.02644413 0.9996504 0 0.1126241 0.9936377 0 0.02644318 0.9996504 0 -0.8250887 -0.5650032 0 -0.7071068 0.7071068 0 -0.825101 -0.5649852 0 -0.5043658 0.8634901 0 -0.4603552 0.887735 0 -0.5043831 0.86348 0 -0.4134638 0.9105206 0 -0.4603564 0.8877342 0 -0.3640636 0.9313741 0 -0.4134469 0.9105283 0 -0.3127137 0.9498475 0 -0.3640637 0.9313741 0 -0.2599933 0.9656104 0 -0.3127138 0.9498475 0 -0.2066297 0.9784193 0 -0.2599934 0.9656104 0 -0.15331 0.9881781 0 -0.2066296 0.9784193 0 -0.1007401 0.9949128 0 -0.15331 0.9881781 0 -0.04956662 0.9987709 0 0.023283 0.9997289 0 -0.04956763 0.9987708 0 0.1430695 0.9897127 0 0.02328079 0.999729 0 0.2854437 0.9583955 0 0.1430683 0.9897128 0 0.4219954 0.906598 0 0.7558073 0.6547942 0 0.6599233 0.751333 0 0.8973761 0.4412668 0 0.944032 0.329854 0 0.8973764 0.4412661 0 0.9759007 0.2182151 0 0.9440324 0.3298527 0 0.9941606 0.1079108 0 0.9759041 0.2182 0 0.9999992 0.001316905 0 0.9941607 0.1079102 0 0.9944555 -0.1051594 0 0.9757505 -0.2188858 0 0.9944541 -0.1051722 0 0.9403109 -0.3403167 0 0.9757508 -0.2188849 0 0.8850456 -0.4655044 0 0.9403156 -0.3403036 0 0.8083685 -0.5886769 0 0.8850396 -0.4655159 0 0.7113008 -0.7028878 0 0.8083678 -0.5886778 0 0.5978431 -0.8016132 0 0.7113091 -0.7028793 0 0.474255 -0.8803875 0 0.5978431 -0.8016132 0 0.4742551 -0.8803876 0 0.01686996 -0.9998578 0 0.1077038 -0.9941831 0 -0.03546994 -0.9993708 0 0.01687049 -0.9998578 0 -0.06960415 -0.9975747 0 -0.03547102 -0.9993707 0 -0.102597 -0.9947231 0 -0.1349228 -0.9908561 0 -0.1026006 -0.9947227 0 -0.1670637 -0.9859461 0 -0.1349312 -0.990855 0 -0.1994968 -0.9798986 0 -0.1670741 -0.9859443 0 -0.2327128 -0.9725455 0 -0.1995024 -0.9798973 0 -0.267228 -0.9636334 0 -0.2327207 -0.9725436 0 -0.3036553 -0.952782 0 -0.2672364 -0.9636311 0 -0.3426468 -0.9394643 0 -0.3036558 -0.9527818 0 -0.3849934 -0.9229193 0 -0.3426591 -0.9394598 0 0.2394501 0.9709087 0 0.2652241 0.9641868 0 0.2652241 0.9641869 0 0.2163232 0.9763219 0 0.2394501 0.9709087 0 0.1744722 0.9846621 0 0.1949188 0.9808194 0 0.1744722 0.9846622 0 0.1339082 0.9909937 0 0.1125265 0.9936488 0 0.1339083 0.9909937 0 0.08945363 0.995991 0 0.1125326 0.9936481 0 0.06374788 0.9979661 0 0.08945488 0.9959909 0 0.03416043 0.9994164 0 0.06373971 0.9979667 0 -0.0228824 0.9997382 0 0.03415584 0.9994165 0 -0.1297394 0.9915482 0 -0.02288365 0.9997382 0 -0.261231 0.9652764 0 -0.1297394 0.9915482 0 -0.3909193 0.9204251 0 -0.2612309 0.9652764 0 -0.514623 0.8574166 0 -0.6285212 0.7777925 0 -0.514636 0.8574088 0 -0.7294448 0.6840398 0 -0.6285189 0.7777944 0 -0.8151262 0.5792835 0 -0.7294324 0.684053 0 -0.8151261 0.5792835 0 -0.9728024 0.2316368 0 -0.9934335 0.1144114 0 -0.9728077 0.2316145 0 -0.9999828 0.005859255 0 -0.9934387 0.1143666 0 -0.995779 -0.09178441 0 -0.999983 0.005837023 0 -0.9818944 -0.1894291 0 -0.995779 -0.09178447 0 -0.9560326 -0.2932607 0 -0.9818945 -0.1894291 0 -0.9155714 -0.4021555 0 -0.956026 -0.293282 0 -0.8578127 -0.5139626 0 -0.9155624 -0.4021759 0 -0.7805245 -0.6251254 0 -0.8578237 -0.5139442 0 -0.6826707 -0.7307263 0 -0.780538 -0.6251085 0 -0.5652573 -0.8249147 0 -0.6826706 -0.7307263 0 -0.4319007 -0.9019212 0 -0.5652458 -0.8249226 0 -0.288625 -0.9574422 0 -0.4318882 -0.9019272 0 -0.1426876 -0.9897678 0 -0.2886251 -0.9574422 0 -0.0208165 -0.9997834 0 -0.1426858 -0.989768 0 0.05934286 -0.9982377 0 -0.02081316 -0.9997834 0 0.1248183 -0.9921797 0 0.05933946 -0.998238 0 0.1955927 -0.9806852 0 0.1248134 -0.9921802 0 0.2687946 -0.9631975 0 0.1955927 -0.9806852 0 0.3411438 -0.9400112 0 0.2687946 -0.9631976 0 0.409545 -0.91229 0 0.341163 -0.9400042 0 0.4715646 -0.8818317 0 0.4095419 -0.9122914 0 0.5258095 -0.8506025 0 0.4715216 -0.8818547 0 0.5257882 -0.8506155 0 0.6101455 -0.7922895 0 0.641249 -0.7673329 0 0.6101251 -0.7923052 0 0.6412284 -0.7673501 0 0.7996458 0.600472 0 0.7996463 0.6004716 0 -0.9999541 -0.009579479 0 -0.8440558 -0.5362555 0 -0.8440557 -0.5362555 0 -0.8491539 0.5281457 0 -0.9999542 -0.009578883 0 0.5331716 0.8460071 0 -0.8491535 0.5281462 0 -0.008105397 0.9999672 0 -0.5400108 0.8416581 0 -0.008104205 0.9999672 0 0.8438382 0.5365978 0 -0.5400099 0.8416587 0 0.5365977 -0.8438382 0 0.8438382 0.5365979 0 0.5365978 -0.8438382 0</float_array>
          <technique_common>
            <accessor source="#Text_001-mesh-normals-array" count="971" stride="3">
              <param name="X" type="float"/>
              <param name="Y" type="float"/>
              <param name="Z" type="float"/>
            </accessor>
          </technique_common>
        </source>
        <source id="Text_001-mesh-map-0">
          <float_array id="Text_001-mesh-map-0-array" count="9432">0.1428571 0 0.4285714 0 0.2857143 0 0.1428571 0 0.5714286 0 0.4285714 0 0.5714286 0 0.8571429 0 0.7142857 0 0.5714286 0 1 0 0.8571429 0 0.1428571 0 1 0 0.5714286 0 0 0 1 0 0.1428571 0 0.4747475 0 0.4949495 0 0.4848485 0 0.4747475 0 0.5050505 0 0.4949495 0 0.1010101 0 0.1212121 0 0.1111111 0 0.09090906 0 0.1212121 0 0.1010101 0 0.08080804 0 0.1212121 0 0.09090906 0 0.08080804 0 0.1313131 0 0.1212121 0 0.07070702 0 0.1313131 0 0.08080804 0 0.06060606 0 0.1313131 0 0.07070702 0 0.05050504 0 0.1313131 0 0.06060606 0 0.05050504 0 0.1414141 0 0.1313131 0 0.04040402 0 0.1414141 0 0.05050504 0 0.030303 0 0.1414141 0 0.04040402 0 0.030303 0 0.1515151 0 0.1414141 0 0.02020198 0 0.1515151 0 0.030303 0 0.01010096 0 0.1515151 0 0.02020198 0 0 0 0.1515151 0 0.01010096 0 0 0 0.1616162 0 0.1515151 0 0.5050505 0 0.1616162 0 0 0 0.4747475 0 0.989899 0 0.5050505 0 0.989899 0 0.979798 0 0.5050505 0 0.979798 0 0.969697 0 0.5050505 0 0.969697 0 0.959596 0 0.5050505 0 0.959596 0 0.949495 0 0.5050505 0 0.949495 0 0.9393939 0 0.5050505 0 0.9393939 0 0.9292929 0 0.5050505 0 0.9292929 0 0.9191919 0 0.5050505 0 0.9191919 0 0.9090909 0 0.5050505 0 0.9090909 0 0.8989899 0 0.5050505 0 0.8989899 0 0.1616162 0 0.5050505 0 0.8989899 0 0.8888889 0 0.1616162 0 0.8888889 0 0.1717171 0 0.1616162 0 0.8888889 0 0.8787879 0 0.1717171 0 0.8787879 0 0.8686869 0 0.1717171 0 0.8686869 0 0.1818181 0 0.1717171 0 0.8585858 0 0.1818181 0 0.8686869 0 0.8484849 0 0.1818181 0 0.8585858 0 0.8484849 0 0.1919192 0 0.1818181 0 0.8383839 0 0.1919192 0 0.8484849 0 0.8282828 0 0.1919192 0 0.8383839 0 0.8181818 0 0.1919192 0 0.8282828 0 0.8181818 0 0.2020202 0 0.1919192 0 0.8080808 0 0.2020202 0 0.8181818 0 0.7979798 0 0.2020202 0 0.8080808 0 0.4747475 0 1 0 0.989899 0 0.7979798 0 0.2121212 0 0.2020202 0 0.7878788 0 0.2121212 0 0.7979798 0 0.7777778 0 0.2121212 0 0.7878788 0 0.7777778 0 0.2222222 0 0.2121212 0 0.7676768 0 0.2222222 0 0.7777778 0 0.7575758 0 0.2222222 0 0.7676768 0 0.7575758 0 0.2323232 0 0.2222222 0 0.7474747 0 0.2323232 0 0.7575758 0 0.7474747 0 0.2424242 0 0.2323232 0 0.7373737 0 0.2424242 0 0.7474747 0 0.7272728 0 0.2424242 0 0.7373737 0 0.7272728 0 0.2525252 0 0.2424242 0 0.7171717 0 0.2525252 0 0.7272728 0 0.7171717 0 0.2626262 0 0.2525252 0 0.7070707 0 0.2626262 0 0.7171717 0 0.6969697 0 0.2626262 0 0.7070707 0 0.6969697 0 0.2727273 0 0.2626262 0 0.6868687 0 0.2727273 0 0.6969697 0 0.6767677 0 0.2727273 0 0.6868687 0 0.6666667 0 0.2727273 0 0.6767677 0 0.6666667 0 0.2828283 0 0.2727273 0 0.6565657 0 0.2828283 0 0.6666667 0 0.4747475 0 0.5151515 0 1 0 0.4747475 0 0.5252525 0 0.5151515 0 0.6464647 0 0.2828283 0 0.6565657 0 0.4747475 0 0.5353536 0 0.5252525 0 0.4747475 0 0.5454546 0 0.5353536 0 0.4747475 0 0.5555556 0 0.5454546 0 0.4747475 0 0.5656566 0 0.5555556 0 0.6363636 0 0.2828283 0 0.6464647 0 0.4747475 0 0.5757576 0 0.5656566 0 0.6363636 0 0.2929293 0 0.2828283 0 0.4747475 0 0.5858586 0 0.5757576 0 0.4747475 0 0.5959596 0 0.5858586 0 0.6262626 0 0.2929293 0 0.6363636 0 0.4747475 0 0.6060606 0 0.5959596 0 0.4747475 0 0.6161617 0 0.6060606 0 0.4747475 0 0.6262626 0 0.6161617 0 0.4747475 0 0.2929293 0 0.6262626 0 0.4747475 0 0.3030303 0 0.2929293 0 0.4747475 0 0.3131313 0 0.3030303 0 0.4646465 0 0.3131313 0 0.4747475 0 0.4646465 0 0.3232323 0 0.3131313 0 0.4545454 0 0.3232323 0 0.4646465 0 0.4444444 0 0.3232323 0 0.4545454 0 0.4343434 0 0.3232323 0 0.4444444 0 0.4343434 0 0.3333333 0 0.3232323 0 0.4242424 0 0.3333333 0 0.4343434 0 0.4141414 0 0.3333333 0 0.4242424 0 0.4040404 0 0.3333333 0 0.4141414 0 0.4040404 0 0.3434343 0 0.3333333 0 0.3939394 0 0.3434343 0 0.4040404 0 0.3838384 0 0.3434343 0 0.3939394 0 0.3737373 0 0.3434343 0 0.3838384 0 0.3737373 0 0.3535354 0 0.3434343 0 0.3636364 0 0.3535354 0 0.3737373 0 0.4675325 0 0.4935065 0 0.4805195 0 0.4675325 0 0.5064935 0 0.4935065 0 0.2987013 0 0.3246753 0 0.3116883 0 0.2987013 0 0.3376623 0 0.3246753 0 0.2987013 0 0.3506494 0 0.3376623 0 0.2987013 0 0.3636364 0 0.3506494 0 0.2987013 0 0.3766233 0 0.3636364 0 0.2857143 0 0.3766233 0 0.2987013 0 0.2857143 0 0.3896104 0 0.3766233 0 0.2857143 0 0.4025974 0 0.3896104 0 0.2857143 0 0.4155844 0 0.4025974 0 0.2727273 0 0.4155844 0 0.2857143 0 0.2727273 0 0.4285714 0 0.4155844 0 0.2727273 0 0.4415584 0 0.4285714 0 0.2727273 0 0.4545454 0 0.4415584 0 0.2727273 0 0.4675325 0 0.4545454 0 0.2597402 0 0.4675325 0 0.2727273 0 0.2597402 0 0.5454546 0 0.4675325 0 0.5454546 0 0.5324676 0 0.4675325 0 0.5324676 0 0.5194805 0 0.4675325 0 0.5194805 0 1 0 0.4675325 0 1 0 0.5064935 0 0.4675325 0 0.2467532 0 0.5844156 0 0.2597402 0 0.5844156 0 0.5714286 0 0.2597402 0 0.5714286 0 0.5584416 0 0.2597402 0 0.5584416 0 0.5454546 0 0.2597402 0 0.2337661 0 0.6233766 0 0.2467532 0 0.6233766 0 0.6103896 0 0.2467532 0 0.6103896 0 0.5974026 0 0.2467532 0 0.5974026 0 0.5844156 0 0.2467532 0 0.2207792 0 0.6623377 0 0.2337661 0 0.6623377 0 0.6493507 0 0.2337661 0 0.6493507 0 0.6363636 0 0.2337661 0 0.6363636 0 0.6233766 0 0.2337661 0 0.2207792 0 0.6753247 0 0.6623377 0 0.2207792 0 0.6883117 0 0.6753247 0 0.2077922 0 0.6883117 0 0.2207792 0 0.2077922 0 0.7012987 0 0.6883117 0 0.2077922 0 0.7142857 0 0.7012987 0 0.987013 0 0.5064935 0 1 0 0.2077922 0 0.7272728 0 0.7142857 0 0.1948052 0 0.7272728 0 0.2077922 0 0.1948052 0 0.7402598 0 0.7272728 0 0.1948052 0 0.7532467 0 0.7402598 0 0.1818181 0 0.7532467 0 0.1948052 0 0.1818181 0 0.7662338 0 0.7532467 0 0.1818181 0 0.7792208 0 0.7662338 0 0.1688311 0 0.7792208 0 0.1818181 0 0.1688311 0 0.7922078 0 0.7792208 0 0.1558441 0 0.7922078 0 0.1688311 0 0.1558441 0 0.8051948 0 0.7922078 0 0.1558441 0 0.8181818 0 0.8051948 0 0.1428571 0 0.8181818 0 0.1558441 0 0.1428571 0 0.8311688 0 0.8181818 0 0.1428571 0 0.8441559 0 0.8311688 0 0.1298701 0 0.8441559 0 0.1428571 0 0.1298701 0 0.8571429 0 0.8441559 0 0.116883 0 0.8571429 0 0.1298701 0 0.116883 0 0.8701299 0 0.8571429 0 0.116883 0 0.8831169 0 0.8701299 0 0.1038961 0 0.8831169 0 0.116883 0 0.1038961 0 0.8961039 0 0.8831169 0 0.1038961 0 0.9090909 0 0.8961039 0 0.09090906 0 0.9090909 0 0.1038961 0 0.09090906 0 0.9220779 0 0.9090909 0 0.09090906 0 0.9350649 0 0.9220779 0 0.09090906 0 0.9480519 0 0.9350649 0 0.07792204 0 0.9480519 0 0.09090906 0 0.07792204 0 0.961039 0 0.9480519 0 0.07792204 0 0.974026 0 0.961039 0 0.07792204 0 0.987013 0 0.974026 0 0.07792204 0 0.5064935 0 0.987013 0 0.06493502 0 0.5064935 0 0.07792204 0 0.05194801 0 0.5064935 0 0.06493502 0 0.03896099 0 0.5064935 0 0.05194801 0 0.02597397 0 0.5064935 0 0.03896099 0 0.01298695 0 0.5064935 0 0.02597397 0 0 0 0.5064935 0 0.01298695 0 0 0 0.6666667 0 0.3333333 0 0 0 1 0 0.6666667 0 0.509804 0 0.5490196 0 0.5294118 0 0.509804 0 0.5686275 0 0.5490196 0 0.4901961 0 0.5686275 0 0.509804 0 0.4901961 0 0.5882353 0 0.5686275 0 0.4705882 0 0.5882353 0 0.4901961 0 0.4705882 0 0.6078432 0 0.5882353 0 0.4509804 0 0.6078432 0 0.4705882 0 0.4509804 0 0.627451 0 0.6078432 0 0.4313725 0 0.627451 0 0.4509804 0 0.4313725 0 0.6470589 0 0.627451 0 0.4117647 0 0.6470589 0 0.4313725 0 0.4117647 0 0.6666667 0 0.6470589 0 0.3921568 0 0.6666667 0 0.4117647 0 0.3921568 0 0.6862745 0 0.6666667 0 0.372549 0 0.6862745 0 0.3921568 0 0.372549 0 0.7058824 0 0.6862745 0 0.3529412 0 0.7058824 0 0.372549 0 0.3529412 0 0.7254902 0 0.7058824 0 0.3333333 0 0.7254902 0 0.3529412 0 0.3333333 0 0.7450981 0 0.7254902 0 0.3137255 0 0.7450981 0 0.3333333 0 0.3137255 0 0.7647059 0 0.7450981 0 0.2941176 0 0.7647059 0 0.3137255 0 0.2745098 0 0.7647059 0 0.2941176 0 0.2745098 0 0.7843137 0 0.7647059 0 0.2745098 0 0.8039216 0 0.7843137 0 0.254902 0 0.8039216 0 0.2745098 0 0.254902 0 0.8235294 0 0.8039216 0 0.2352941 0 0.8235294 0 0.254902 0 0.2352941 0 0.8431373 0 0.8235294 0 0.2156863 0 0.8431373 0 0.2352941 0 0.2156863 0 0.8627451 0 0.8431373 0 0.1960784 0 0.8627451 0 0.2156863 0 0.1960784 0 0.882353 0 0.8627451 0 0.1764706 0 0.882353 0 0.1960784 0 0.1764706 0 0.9019608 0 0.882353 0 0.1568627 0 0.9019608 0 0.1764706 0 0.1568627 0 0.9215686 0 0.9019608 0 0.1372549 0 0.9215686 0 0.1568627 0 0.1372549 0 0.9411765 0 0.9215686 0 0.1176471 0 0.9411765 0 0.1372549 0 0.1176471 0 0.9607843 0 0.9411765 0 0.0980392 0 0.9607843 0 0.1176471 0 0.0980392 0 0.9803922 0 0.9607843 0 0.07843136 0 0.9803922 0 0.0980392 0 0.07843136 0 1 0 0.9803922 0 0 0 0.03921568 0 0.01960784 0 0 0 0.05882346 0 0.03921568 0 0.4363636 0 0.4727272 0 0.4545454 0 0.4363636 0 0.4909091 0 0.4727272 0 0.9272727 0 0.9636363 0 0.9454545 0 0.9272727 0 0.9818182 0 0.9636363 0 0.4181818 0 0.4909091 0 0.4363636 0 0.4181818 0 0.5090909 0 0.4909091 0 0.4181818 0 0.5272727 0 0.5090909 0 0.4 0 0.5272727 0 0.4181818 0 0.4 0 0.5454546 0 0.5272727 0 0.9090909 0 0.9818182 0 0.9272727 0 0.4 0 0.5636364 0 0.5454546 0 0.8909091 0 0.9818182 0 0.9090909 0 0.3818182 0 0.5636364 0 0.4 0 0.3818182 0 0.5818182 0 0.5636364 0 0.8727273 0 0.9818182 0 0.8909091 0 0.8545455 0 0.9818182 0 0.8727273 0 0.3818182 0 0.6 0 0.5818182 0 0.3636364 0 0.6 0 0.3818182 0 0.8363636 0 0.9818182 0 0.8545455 0 0.3636364 0 0.6181818 0 0.6 0 0.8181818 0 0 0 0.8363636 0 0 0 0.9818182 0 0.8363636 0 0.3636364 0 0.6363636 0 0.6181818 0 0.8 0 0 0 0.8181818 0 0.3636364 0 0.6545454 0 0.6363636 0 0.7818182 0 0 0 0.8 0 0.3454545 0 0.6545454 0 0.3636364 0 0.7636364 0 0 0 0.7818182 0 0.3454545 0 0.6727273 0 0.6545454 0 0.7454546 0 0 0 0.7636364 0 0.3454545 0 0.6909091 0 0.6727273 0 0.7272728 0 0 0 0.7454546 0 0.3454545 0 0.7090909 0 0.6909091 0 0.7090909 0 0 0 0.7272728 0 0.3454545 0 0 0 0.7090909 0 0.3454545 0 0.0181818 0 0 0 1 0 0.9818182 0 0 0 0.3272727 0 0.0181818 0 0.3454545 0 0.3272727 0 0.0363636 0 0.0181818 0 0.3272727 0 0.0545454 0 0.0363636 0 0.3090909 0 0.0545454 0 0.3272727 0 0.3090909 0 0.07272726 0 0.0545454 0 0.2909091 0 0.07272726 0 0.3090909 0 0.2909091 0 0.09090906 0 0.07272726 0 0.2909091 0 0.1090909 0 0.09090906 0 0.2727273 0 0.1090909 0 0.2909091 0 0.2727273 0 0.1272727 0 0.1090909 0 0.2727273 0 0.1454545 0 0.1272727 0 0.2545455 0 0.1454545 0 0.2727273 0 0.2545455 0 0.1636363 0 0.1454545 0 0.2363636 0 0.1636363 0 0.2545455 0 0.2363636 0 0.1818181 0 0.1636363 0 0.2363636 0 0.2 0 0.1818181 0 0.2181818 0 0.2 0 0.2363636 0 0.4747475 0 0.4949495 0 0.4848485 0 0.4747475 0 0.5050505 0 0.4949495 0 0.1010101 0 0.1212121 0 0.1111111 0 0.09090906 0 0.1212121 0 0.1010101 0 0.08080804 0 0.1212121 0 0.09090906 0 0.08080804 0 0.1313131 0 0.1212121 0 0.07070702 0 0.1313131 0 0.08080804 0 0.06060606 0 0.1313131 0 0.07070702 0 0.05050504 0 0.1313131 0 0.06060606 0 0.05050504 0 0.1414141 0 0.1313131 0 0.04040402 0 0.1414141 0 0.05050504 0 0.030303 0 0.1414141 0 0.04040402 0 0.030303 0 0.1515151 0 0.1414141 0 0.02020198 0 0.1515151 0 0.030303 0 0.01010096 0 0.1515151 0 0.02020198 0 0 0 0.1515151 0 0.01010096 0 0 0 0.1616162 0 0.1515151 0 0.5050505 0 0.1616162 0 0 0 0.4747475 0 0.989899 0 0.5050505 0 0.989899 0 0.979798 0 0.5050505 0 0.979798 0 0.969697 0 0.5050505 0 0.969697 0 0.959596 0 0.5050505 0 0.959596 0 0.949495 0 0.5050505 0 0.949495 0 0.9393939 0 0.5050505 0 0.9393939 0 0.9292929 0 0.5050505 0 0.9292929 0 0.9191919 0 0.5050505 0 0.9191919 0 0.9090909 0 0.5050505 0 0.9090909 0 0.8989899 0 0.5050505 0 0.8989899 0 0.1616162 0 0.5050505 0 0.8989899 0 0.8888889 0 0.1616162 0 0.8888889 0 0.1717171 0 0.1616162 0 0.8888889 0 0.8787879 0 0.1717171 0 0.8787879 0 0.8686869 0 0.1717171 0 0.8686869 0 0.1818181 0 0.1717171 0 0.8585858 0 0.1818181 0 0.8686869 0 0.8484849 0 0.1818181 0 0.8585858 0 0.8484849 0 0.1919192 0 0.1818181 0 0.8383839 0 0.1919192 0 0.8484849 0 0.8282828 0 0.1919192 0 0.8383839 0 0.8181818 0 0.1919192 0 0.8282828 0 0.8181818 0 0.2020202 0 0.1919192 0 0.8080808 0 0.2020202 0 0.8181818 0 0.7979798 0 0.2020202 0 0.8080808 0 0.4747475 0 1 0 0.989899 0 0.7979798 0 0.2121212 0 0.2020202 0 0.7878788 0 0.2121212 0 0.7979798 0 0.7777778 0 0.2121212 0 0.7878788 0 0.7777778 0 0.2222222 0 0.2121212 0 0.7676768 0 0.2222222 0 0.7777778 0 0.7575758 0 0.2222222 0 0.7676768 0 0.7575758 0 0.2323232 0 0.2222222 0 0.7474747 0 0.2323232 0 0.7575758 0 0.7474747 0 0.2424242 0 0.2323232 0 0.7373737 0 0.2424242 0 0.7474747 0 0.7272728 0 0.2424242 0 0.7373737 0 0.7272728 0 0.2525252 0 0.2424242 0 0.7171717 0 0.2525252 0 0.7272728 0 0.7171717 0 0.2626262 0 0.2525252 0 0.7070707 0 0.2626262 0 0.7171717 0 0.6969697 0 0.2626262 0 0.7070707 0 0.6969697 0 0.2727273 0 0.2626262 0 0.6868687 0 0.2727273 0 0.6969697 0 0.6767677 0 0.2727273 0 0.6868687 0 0.6666667 0 0.2727273 0 0.6767677 0 0.6666667 0 0.2828283 0 0.2727273 0 0.6565657 0 0.2828283 0 0.6666667 0 0.4747475 0 0.5151515 0 1 0 0.4747475 0 0.5252525 0 0.5151515 0 0.6464647 0 0.2828283 0 0.6565657 0 0.4747475 0 0.5353536 0 0.5252525 0 0.4747475 0 0.5454546 0 0.5353536 0 0.4747475 0 0.5555556 0 0.5454546 0 0.4747475 0 0.5656566 0 0.5555556 0 0.6363636 0 0.2828283 0 0.6464647 0 0.4747475 0 0.5757576 0 0.5656566 0 0.6363636 0 0.2929293 0 0.2828283 0 0.4747475 0 0.5858586 0 0.5757576 0 0.4747475 0 0.5959596 0 0.5858586 0 0.6262626 0 0.2929293 0 0.6363636 0 0.4747475 0 0.6060606 0 0.5959596 0 0.4747475 0 0.6161617 0 0.6060606 0 0.4747475 0 0.6262626 0 0.6161617 0 0.4747475 0 0.2929293 0 0.6262626 0 0.4747475 0 0.3030303 0 0.2929293 0 0.4747475 0 0.3131313 0 0.3030303 0 0.4646465 0 0.3131313 0 0.4747475 0 0.4646465 0 0.3232323 0 0.3131313 0 0.4545454 0 0.3232323 0 0.4646465 0 0.4444444 0 0.3232323 0 0.4545454 0 0.4343434 0 0.3232323 0 0.4444444 0 0.4343434 0 0.3333333 0 0.3232323 0 0.4242424 0 0.3333333 0 0.4343434 0 0.4141414 0 0.3333333 0 0.4242424 0 0.4040404 0 0.3333333 0 0.4141414 0 0.4040404 0 0.3434343 0 0.3333333 0 0.3939394 0 0.3434343 0 0.4040404 0 0.3838384 0 0.3434343 0 0.3939394 0 0.3737373 0 0.3434343 0 0.3838384 0 0.3737373 0 0.3535354 0 0.3434343 0 0.3636364 0 0.3535354 0 0.3737373 0 0.1428571 0 0.2857143 0 0.4285714 0 0.1428571 0 0.4285714 0 0.5714286 0 0.5714286 0 0.7142857 0 0.8571429 0 0.5714286 0 0.8571429 0 1 0 0.1428571 0 0.5714286 0 1 0 0 0 0.1428571 0 1 0 0.4747475 0 0.4848485 0 0.4949495 0 0.4747475 0 0.4949495 0 0.5050505 0 0.1010101 0 0.1111111 0 0.1212121 0 0.09090906 0 0.1010101 0 0.1212121 0 0.08080804 0 0.09090906 0 0.1212121 0 0.08080804 0 0.1212121 0 0.1313131 0 0.07070702 0 0.08080804 0 0.1313131 0 0.06060606 0 0.07070702 0 0.1313131 0 0.05050504 0 0.06060606 0 0.1313131 0 0.05050504 0 0.1313131 0 0.1414141 0 0.04040402 0 0.05050504 0 0.1414141 0 0.030303 0 0.04040402 0 0.1414141 0 0.030303 0 0.1414141 0 0.1515151 0 0.02020198 0 0.030303 0 0.1515151 0 0.01010096 0 0.02020198 0 0.1515151 0 0 0 0.01010096 0 0.1515151 0 0 0 0.1515151 0 0.1616162 0 0.5050505 0 0 0 0.1616162 0 0.4747475 0 0.5050505 0 0.989899 0 0.989899 0 0.5050505 0 0.979798 0 0.979798 0 0.5050505 0 0.969697 0 0.969697 0 0.5050505 0 0.959596 0 0.959596 0 0.5050505 0 0.949495 0 0.949495 0 0.5050505 0 0.9393939 0 0.9393939 0 0.5050505 0 0.9292929 0 0.9292929 0 0.5050505 0 0.9191919 0 0.9191919 0 0.5050505 0 0.9090909 0 0.9090909 0 0.5050505 0 0.8989899 0 0.8989899 0 0.5050505 0 0.1616162 0 0.8989899 0 0.1616162 0 0.8888889 0 0.8888889 0 0.1616162 0 0.1717171 0 0.8888889 0 0.1717171 0 0.8787879 0 0.8787879 0 0.1717171 0 0.8686869 0 0.8686869 0 0.1717171 0 0.1818181 0 0.8585858 0 0.8686869 0 0.1818181 0 0.8484849 0 0.8585858 0 0.1818181 0 0.8484849 0 0.1818181 0 0.1919192 0 0.8383839 0 0.8484849 0 0.1919192 0 0.8282828 0 0.8383839 0 0.1919192 0 0.8181818 0 0.8282828 0 0.1919192 0 0.8181818 0 0.1919192 0 0.2020202 0 0.8080808 0 0.8181818 0 0.2020202 0 0.7979798 0 0.8080808 0 0.2020202 0 0.4747475 0 0.989899 0 1 0 0.7979798 0 0.2020202 0 0.2121212 0 0.7878788 0 0.7979798 0 0.2121212 0 0.7777778 0 0.7878788 0 0.2121212 0 0.7777778 0 0.2121212 0 0.2222222 0 0.7676768 0 0.7777778 0 0.2222222 0 0.7575758 0 0.7676768 0 0.2222222 0 0.7575758 0 0.2222222 0 0.2323232 0 0.7474747 0 0.7575758 0 0.2323232 0 0.7474747 0 0.2323232 0 0.2424242 0 0.7373737 0 0.7474747 0 0.2424242 0 0.7272728 0 0.7373737 0 0.2424242 0 0.7272728 0 0.2424242 0 0.2525252 0 0.7171717 0 0.7272728 0 0.2525252 0 0.7171717 0 0.2525252 0 0.2626262 0 0.7070707 0 0.7171717 0 0.2626262 0 0.6969697 0 0.7070707 0 0.2626262 0 0.6969697 0 0.2626262 0 0.2727273 0 0.6868687 0 0.6969697 0 0.2727273 0 0.6767677 0 0.6868687 0 0.2727273 0 0.6666667 0 0.6767677 0 0.2727273 0 0.6666667 0 0.2727273 0 0.2828283 0 0.6565657 0 0.6666667 0 0.2828283 0 0.4747475 0 1 0 0.5151515 0 0.4747475 0 0.5151515 0 0.5252525 0 0.6464647 0 0.6565657 0 0.2828283 0 0.4747475 0 0.5252525 0 0.5353536 0 0.4747475 0 0.5353536 0 0.5454546 0 0.4747475 0 0.5454546 0 0.5555556 0 0.4747475 0 0.5555556 0 0.5656566 0 0.6363636 0 0.6464647 0 0.2828283 0 0.4747475 0 0.5656566 0 0.5757576 0 0.6363636 0 0.2828283 0 0.2929293 0 0.4747475 0 0.5757576 0 0.5858586 0 0.4747475 0 0.5858586 0 0.5959596 0 0.6262626 0 0.6363636 0 0.2929293 0 0.4747475 0 0.5959596 0 0.6060606 0 0.4747475 0 0.6060606 0 0.6161617 0 0.4747475 0 0.6161617 0 0.6262626 0 0.4747475 0 0.6262626 0 0.2929293 0 0.4747475 0 0.2929293 0 0.3030303 0 0.4747475 0 0.3030303 0 0.3131313 0 0.4646465 0 0.4747475 0 0.3131313 0 0.4646465 0 0.3131313 0 0.3232323 0 0.4545454 0 0.4646465 0 0.3232323 0 0.4444444 0 0.4545454 0 0.3232323 0 0.4343434 0 0.4444444 0 0.3232323 0 0.4343434 0 0.3232323 0 0.3333333 0 0.4242424 0 0.4343434 0 0.3333333 0 0.4141414 0 0.4242424 0 0.3333333 0 0.4040404 0 0.4141414 0 0.3333333 0 0.4040404 0 0.3333333 0 0.3434343 0 0.3939394 0 0.4040404 0 0.3434343 0 0.3838384 0 0.3939394 0 0.3434343 0 0.3737373 0 0.3838384 0 0.3434343 0 0.3737373 0 0.3434343 0 0.3535354 0 0.3636364 0 0.3737373 0 0.3535354 0 0.4675325 0 0.4805195 0 0.4935065 0 0.4675325 0 0.4935065 0 0.5064935 0 0.2987013 0 0.3116883 0 0.3246753 0 0.2987013 0 0.3246753 0 0.3376623 0 0.2987013 0 0.3376623 0 0.3506494 0 0.2987013 0 0.3506494 0 0.3636364 0 0.2987013 0 0.3636364 0 0.3766233 0 0.2857143 0 0.2987013 0 0.3766233 0 0.2857143 0 0.3766233 0 0.3896104 0 0.2857143 0 0.3896104 0 0.4025974 0 0.2857143 0 0.4025974 0 0.4155844 0 0.2727273 0 0.2857143 0 0.4155844 0 0.2727273 0 0.4155844 0 0.4285714 0 0.2727273 0 0.4285714 0 0.4415584 0 0.2727273 0 0.4415584 0 0.4545454 0 0.2727273 0 0.4545454 0 0.4675325 0 0.2597402 0 0.2727273 0 0.4675325 0 0.2597402 0 0.4675325 0 0.5454546 0 0.5454546 0 0.4675325 0 0.5324676 0 0.5324676 0 0.4675325 0 0.5194805 0 0.5194805 0 0.4675325 0 1 0 1 0 0.4675325 0 0.5064935 0 0.2467532 0 0.2597402 0 0.5844156 0 0.5844156 0 0.2597402 0 0.5714286 0 0.5714286 0 0.2597402 0 0.5584416 0 0.5584416 0 0.2597402 0 0.5454546 0 0.2337661 0 0.2467532 0 0.6233766 0 0.6233766 0 0.2467532 0 0.6103896 0 0.6103896 0 0.2467532 0 0.5974026 0 0.5974026 0 0.2467532 0 0.5844156 0 0.2207792 0 0.2337661 0 0.6623377 0 0.6623377 0 0.2337661 0 0.6493507 0 0.6493507 0 0.2337661 0 0.6363636 0 0.6363636 0 0.2337661 0 0.6233766 0 0.2207792 0 0.6623377 0 0.6753247 0 0.2207792 0 0.6753247 0 0.6883117 0 0.2077922 0 0.2207792 0 0.6883117 0 0.2077922 0 0.6883117 0 0.7012987 0 0.2077922 0 0.7012987 0 0.7142857 0 0.987013 0 1 0 0.5064935 0 0.2077922 0 0.7142857 0 0.7272728 0 0.1948052 0 0.2077922 0 0.7272728 0 0.1948052 0 0.7272728 0 0.7402598 0 0.1948052 0 0.7402598 0 0.7532467 0 0.1818181 0 0.1948052 0 0.7532467 0 0.1818181 0 0.7532467 0 0.7662338 0 0.1818181 0 0.7662338 0 0.7792208 0 0.1688311 0 0.1818181 0 0.7792208 0 0.1688311 0 0.7792208 0 0.7922078 0 0.1558441 0 0.1688311 0 0.7922078 0 0.1558441 0 0.7922078 0 0.8051948 0 0.1558441 0 0.8051948 0 0.8181818 0 0.1428571 0 0.1558441 0 0.8181818 0 0.1428571 0 0.8181818 0 0.8311688 0 0.1428571 0 0.8311688 0 0.8441559 0 0.1298701 0 0.1428571 0 0.8441559 0 0.1298701 0 0.8441559 0 0.8571429 0 0.116883 0 0.1298701 0 0.8571429 0 0.116883 0 0.8571429 0 0.8701299 0 0.116883 0 0.8701299 0 0.8831169 0 0.1038961 0 0.116883 0 0.8831169 0 0.1038961 0 0.8831169 0 0.8961039 0 0.1038961 0 0.8961039 0 0.9090909 0 0.09090906 0 0.1038961 0 0.9090909 0 0.09090906 0 0.9090909 0 0.9220779 0 0.09090906 0 0.9220779 0 0.9350649 0 0.09090906 0 0.9350649 0 0.9480519 0 0.07792204 0 0.09090906 0 0.9480519 0 0.07792204 0 0.9480519 0 0.961039 0 0.07792204 0 0.961039 0 0.974026 0 0.07792204 0 0.974026 0 0.987013 0 0.07792204 0 0.987013 0 0.5064935 0 0.06493502 0 0.07792204 0 0.5064935 0 0.05194801 0 0.06493502 0 0.5064935 0 0.03896099 0 0.05194801 0 0.5064935 0 0.02597397 0 0.03896099 0 0.5064935 0 0.01298695 0 0.02597397 0 0.5064935 0 0 0 0.01298695 0 0.5064935 0 0 0 0.3333333 0 0.6666667 0 0 0 0.6666667 0 1 0 0.509804 0 0.5294118 0 0.5490196 0 0.509804 0 0.5490196 0 0.5686275 0 0.4901961 0 0.509804 0 0.5686275 0 0.4901961 0 0.5686275 0 0.5882353 0 0.4705882 0 0.4901961 0 0.5882353 0 0.4705882 0 0.5882353 0 0.6078432 0 0.4509804 0 0.4705882 0 0.6078432 0 0.4509804 0 0.6078432 0 0.627451 0 0.4313725 0 0.4509804 0 0.627451 0 0.4313725 0 0.627451 0 0.6470589 0 0.4117647 0 0.4313725 0 0.6470589 0 0.4117647 0 0.6470589 0 0.6666667 0 0.3921568 0 0.4117647 0 0.6666667 0 0.3921568 0 0.6666667 0 0.6862745 0 0.372549 0 0.3921568 0 0.6862745 0 0.372549 0 0.6862745 0 0.7058824 0 0.3529412 0 0.372549 0 0.7058824 0 0.3529412 0 0.7058824 0 0.7254902 0 0.3333333 0 0.3529412 0 0.7254902 0 0.3333333 0 0.7254902 0 0.7450981 0 0.3137255 0 0.3333333 0 0.7450981 0 0.3137255 0 0.7450981 0 0.7647059 0 0.2941176 0 0.3137255 0 0.7647059 0 0.2745098 0 0.2941176 0 0.7647059 0 0.2745098 0 0.7647059 0 0.7843137 0 0.2745098 0 0.7843137 0 0.8039216 0 0.254902 0 0.2745098 0 0.8039216 0 0.254902 0 0.8039216 0 0.8235294 0 0.2352941 0 0.254902 0 0.8235294 0 0.2352941 0 0.8235294 0 0.8431373 0 0.2156863 0 0.2352941 0 0.8431373 0 0.2156863 0 0.8431373 0 0.8627451 0 0.1960784 0 0.2156863 0 0.8627451 0 0.1960784 0 0.8627451 0 0.882353 0 0.1764706 0 0.1960784 0 0.882353 0 0.1764706 0 0.882353 0 0.9019608 0 0.1568627 0 0.1764706 0 0.9019608 0 0.1568627 0 0.9019608 0 0.9215686 0 0.1372549 0 0.1568627 0 0.9215686 0 0.1372549 0 0.9215686 0 0.9411765 0 0.1176471 0 0.1372549 0 0.9411765 0 0.1176471 0 0.9411765 0 0.9607843 0 0.0980392 0 0.1176471 0 0.9607843 0 0.0980392 0 0.9607843 0 0.9803922 0 0.07843136 0 0.0980392 0 0.9803922 0 0.07843136 0 0.9803922 0 1 0 0 0 0.01960784 0 0.03921568 0 0 0 0.03921568 0 0.05882346 0 0.4363636 0 0.4545454 0 0.4727272 0 0.4363636 0 0.4727272 0 0.4909091 0 0.9272727 0 0.9454545 0 0.9636363 0 0.9272727 0 0.9636363 0 0.9818182 0 0.4181818 0 0.4363636 0 0.4909091 0 0.4181818 0 0.4909091 0 0.5090909 0 0.4181818 0 0.5090909 0 0.5272727 0 0.4 0 0.4181818 0 0.5272727 0 0.4 0 0.5272727 0 0.5454546 0 0.9090909 0 0.9272727 0 0.9818182 0 0.4 0 0.5454546 0 0.5636364 0 0.8909091 0 0.9090909 0 0.9818182 0 0.3818182 0 0.4 0 0.5636364 0 0.3818182 0 0.5636364 0 0.5818182 0 0.8727273 0 0.8909091 0 0.9818182 0 0.8545455 0 0.8727273 0 0.9818182 0 0.3818182 0 0.5818182 0 0.6 0 0.3636364 0 0.3818182 0 0.6 0 0.8363636 0 0.8545455 0 0.9818182 0 0.3636364 0 0.6 0 0.6181818 0 0.8181818 0 0.8363636 0 0 0 0 0 0.8363636 0 0.9818182 0 0.3636364 0 0.6181818 0 0.6363636 0 0.8 0 0.8181818 0 0 0 0.3636364 0 0.6363636 0 0.6545454 0 0.7818182 0 0.8 0 0 0 0.3454545 0 0.3636364 0 0.6545454 0 0.7636364 0 0.7818182 0 0 0 0.3454545 0 0.6545454 0 0.6727273 0 0.7454546 0 0.7636364 0 0 0 0.3454545 0 0.6727273 0 0.6909091 0 0.7272728 0 0.7454546 0 0 0 0.3454545 0 0.6909091 0 0.7090909 0 0.7090909 0 0.7272728 0 0 0 0.3454545 0 0.7090909 0 0 0 0.3454545 0 0 0 0.0181818 0 1 0 0 0 0.9818182 0 0.3272727 0 0.3454545 0 0.0181818 0 0.3272727 0 0.0181818 0 0.0363636 0 0.3272727 0 0.0363636 0 0.0545454 0 0.3090909 0 0.3272727 0 0.0545454 0 0.3090909 0 0.0545454 0 0.07272726 0 0.2909091 0 0.3090909 0 0.07272726 0 0.2909091 0 0.07272726 0 0.09090906 0 0.2909091 0 0.09090906 0 0.1090909 0 0.2727273 0 0.2909091 0 0.1090909 0 0.2727273 0 0.1090909 0 0.1272727 0 0.2727273 0 0.1272727 0 0.1454545 0 0.2545455 0 0.2727273 0 0.1454545 0 0.2545455 0 0.1454545 0 0.1636363 0 0.2363636 0 0.2545455 0 0.1636363 0 0.2363636 0 0.1636363 0 0.1818181 0 0.2363636 0 0.1818181 0 0.2 0 0.2181818 0 0.2363636 0 0.2 0 0.4747475 0 0.4848485 0 0.4949495 0 0.4747475 0 0.4949495 0 0.5050505 0 0.1010101 0 0.1111111 0 0.1212121 0 0.09090906 0 0.1010101 0 0.1212121 0 0.08080804 0 0.09090906 0 0.1212121 0 0.08080804 0 0.1212121 0 0.1313131 0 0.07070702 0 0.08080804 0 0.1313131 0 0.06060606 0 0.07070702 0 0.1313131 0 0.05050504 0 0.06060606 0 0.1313131 0 0.05050504 0 0.1313131 0 0.1414141 0 0.04040402 0 0.05050504 0 0.1414141 0 0.030303 0 0.04040402 0 0.1414141 0 0.030303 0 0.1414141 0 0.1515151 0 0.02020198 0 0.030303 0 0.1515151 0 0.01010096 0 0.02020198 0 0.1515151 0 0 0 0.01010096 0 0.1515151 0 0 0 0.1515151 0 0.1616162 0 0.5050505 0 0 0 0.1616162 0 0.4747475 0 0.5050505 0 0.989899 0 0.989899 0 0.5050505 0 0.979798 0 0.979798 0 0.5050505 0 0.969697 0 0.969697 0 0.5050505 0 0.959596 0 0.959596 0 0.5050505 0 0.949495 0 0.949495 0 0.5050505 0 0.9393939 0 0.9393939 0 0.5050505 0 0.9292929 0 0.9292929 0 0.5050505 0 0.9191919 0 0.9191919 0 0.5050505 0 0.9090909 0 0.9090909 0 0.5050505 0 0.8989899 0 0.8989899 0 0.5050505 0 0.1616162 0 0.8989899 0 0.1616162 0 0.8888889 0 0.8888889 0 0.1616162 0 0.1717171 0 0.8888889 0 0.1717171 0 0.8787879 0 0.8787879 0 0.1717171 0 0.8686869 0 0.8686869 0 0.1717171 0 0.1818181 0 0.8585858 0 0.8686869 0 0.1818181 0 0.8484849 0 0.8585858 0 0.1818181 0 0.8484849 0 0.1818181 0 0.1919192 0 0.8383839 0 0.8484849 0 0.1919192 0 0.8282828 0 0.8383839 0 0.1919192 0 0.8181818 0 0.8282828 0 0.1919192 0 0.8181818 0 0.1919192 0 0.2020202 0 0.8080808 0 0.8181818 0 0.2020202 0 0.7979798 0 0.8080808 0 0.2020202 0 0.4747475 0 0.989899 0 1 0 0.7979798 0 0.2020202 0 0.2121212 0 0.7878788 0 0.7979798 0 0.2121212 0 0.7777778 0 0.7878788 0 0.2121212 0 0.7777778 0 0.2121212 0 0.2222222 0 0.7676768 0 0.7777778 0 0.2222222 0 0.7575758 0 0.7676768 0 0.2222222 0 0.7575758 0 0.2222222 0 0.2323232 0 0.7474747 0 0.7575758 0 0.2323232 0 0.7474747 0 0.2323232 0 0.2424242 0 0.7373737 0 0.7474747 0 0.2424242 0 0.7272728 0 0.7373737 0 0.2424242 0 0.7272728 0 0.2424242 0 0.2525252 0 0.7171717 0 0.7272728 0 0.2525252 0 0.7171717 0 0.2525252 0 0.2626262 0 0.7070707 0 0.7171717 0 0.2626262 0 0.6969697 0 0.7070707 0 0.2626262 0 0.6969697 0 0.2626262 0 0.2727273 0 0.6868687 0 0.6969697 0 0.2727273 0 0.6767677 0 0.6868687 0 0.2727273 0 0.6666667 0 0.6767677 0 0.2727273 0 0.6666667 0 0.2727273 0 0.2828283 0 0.6565657 0 0.6666667 0 0.2828283 0 0.4747475 0 1 0 0.5151515 0 0.4747475 0 0.5151515 0 0.5252525 0 0.6464647 0 0.6565657 0 0.2828283 0 0.4747475 0 0.5252525 0 0.5353536 0 0.4747475 0 0.5353536 0 0.5454546 0 0.4747475 0 0.5454546 0 0.5555556 0 0.4747475 0 0.5555556 0 0.5656566 0 0.6363636 0 0.6464647 0 0.2828283 0 0.4747475 0 0.5656566 0 0.5757576 0 0.6363636 0 0.2828283 0 0.2929293 0 0.4747475 0 0.5757576 0 0.5858586 0 0.4747475 0 0.5858586 0 0.5959596 0 0.6262626 0 0.6363636 0 0.2929293 0 0.4747475 0 0.5959596 0 0.6060606 0 0.4747475 0 0.6060606 0 0.6161617 0 0.4747475 0 0.6161617 0 0.6262626 0 0.4747475 0 0.6262626 0 0.2929293 0 0.4747475 0 0.2929293 0 0.3030303 0 0.4747475 0 0.3030303 0 0.3131313 0 0.4646465 0 0.4747475 0 0.3131313 0 0.4646465 0 0.3131313 0 0.3232323 0 0.4545454 0 0.4646465 0 0.3232323 0 0.4444444 0 0.4545454 0 0.3232323 0 0.4343434 0 0.4444444 0 0.3232323 0 0.4343434 0 0.3232323 0 0.3333333 0 0.4242424 0 0.4343434 0 0.3333333 0 0.4141414 0 0.4242424 0 0.3333333 0 0.4040404 0 0.4141414 0 0.3333333 0 0.4040404 0 0.3333333 0 0.3434343 0 0.3939394 0 0.4040404 0 0.3434343 0 0.3838384 0 0.3939394 0 0.3434343 0 0.3737373 0 0.3838384 0 0.3434343 0 0.3737373 0 0.3434343 0 0.3535354 0 0.3636364 0 0.3737373 0 0.3535354 0 0.01960784 1 0 0 0 1 0.03921568 1 0.01960784 0 0.01960784 1 0.05882346 1 0.03921568 0 0.03921568 1 0.07843136 1 0.05882346 0 0.05882346 1 0.0980392 1 0.07843136 0 0.07843136 1 0.1176471 1 0.0980392 0 0.0980392 1 0.1372549 1 0.1176471 0 0.1176471 1 0.1568627 1 0.1372549 0 0.1372549 1 0.1764706 1 0.1568627 0 0.1568627 1 0.1960784 1 0.1764706 0 0.1764706 1 0.2156863 1 0.1960784 0 0.1960784 1 0.2352941 1 0.2156863 0 0.2156863 1 0.254902 1 0.2352941 0 0.2352941 1 0.2745098 1 0.254902 0 0.254902 1 0.2941176 1 0.2745098 0 0.2745098 1 0.3137255 1 0.2941176 0 0.2941176 1 0.3333333 1 0.3137255 0 0.3137255 1 0.3529412 1 0.3333333 0 0.3333333 1 0.372549 1 0.3529412 0 0.3529412 1 0.3921568 1 0.372549 0 0.372549 1 0.4117647 1 0.3921568 0 0.3921568 1 0.4313725 1 0.4117647 0 0.4117647 1 0.4509804 1 0.4313725 0 0.4313725 1 0.4705882 1 0.4509804 0 0.4509804 1 0.4901961 1 0.4705882 0 0.4705882 1 0.509804 1 0.4901961 0 0.4901961 1 0.5294118 1 0.509804 0 0.509804 1 0.5490196 1 0.5294118 0 0.5294118 1 0.5686275 1 0.5490196 0 0.5490196 1 0.5882353 1 0.5686275 0 0.5686275 1 0.6078432 1 0.5882353 0 0.5882353 1 0.627451 1 0.6078432 0 0.6078432 1 0.6470589 1 0.627451 0 0.627451 1 0.6666667 1 0.6470589 0 0.6470589 1 0.6862745 1 0.6666667 0 0.6666667 1 0.7058824 1 0.6862745 0 0.6862745 1 0.7254902 1 0.7058824 0 0.7058824 1 0.7450981 1 0.7254902 0 0.7254902 1 0.7647059 1 0.7450981 0 0.7450981 1 0.7843137 1 0.7647059 0 0.7647059 1 0.8039216 1 0.7843137 0 0.7843137 1 0.8235294 1 0.8039216 0 0.8039216 1 0.8431373 1 0.8235294 0 0.8235294 1 0.8627451 1 0.8431373 0 0.8431373 1 0.882353 1 0.8627451 0 0.8627451 1 0.9019608 1 0.882353 0 0.882353 1 0.9215686 1 0.9019608 0 0.9019608 1 0.9411765 1 0.9215686 0 0.9215686 1 0.9607843 1 0.9411765 0 0.9411765 1 0.9803922 1 0.9607843 0 0.9607843 1 1 1 0.9803922 0 0.9803922 1 0.02040815 1 0 0 0 1 0.04081624 1 0.02040815 0 0.02040815 1 0.06122446 1 0.04081624 0 0.04081624 1 0.08163261 1 0.06122446 0 0.06122446 1 0.1020408 1 0.08163261 0 0.08163261 1 0.1224489 1 0.1020408 0 0.1020408 1 0.1428571 1 0.1224489 0 0.1224489 1 0.1632653 1 0.1428571 0 0.1428571 1 0.1836735 1 0.1632653 0 0.1632653 1 0.2040815 1 0.1836735 0 0.1836735 1 0.2244898 1 0.2040815 0 0.2040815 1 0.2448979 1 0.2244898 0 0.2244898 1 0.2653061 1 0.2448979 0 0.2448979 1 0.2857143 1 0.2653061 0 0.2653061 1 0.3061224 1 0.2857143 0 0.2857143 1 0.3265306 1 0.3061224 0 0.3061224 1 0.3469388 1 0.3265306 0 0.3265306 1 0.367347 1 0.3469388 0 0.3469388 1 0.3877551 1 0.367347 0 0.367347 1 0.4081633 1 0.3877551 0 0.3877551 1 0.4285714 1 0.4081633 0 0.4081633 1 0.4489796 1 0.4285714 0 0.4285714 1 0.4693878 1 0.4489796 0 0.4489796 1 0.4897959 1 0.4693878 0 0.4693878 1 0.5102041 1 0.4897959 0 0.4897959 1 0.5306122 1 0.5102041 0 0.5102041 1 0.5510204 1 0.5306122 0 0.5306122 1 0.5714286 1 0.5510204 0 0.5510204 1 0.5918368 1 0.5714286 0 0.5714286 1 0.6122449 1 0.5918368 0 0.5918368 1 0.6326531 1 0.6122449 0 0.6122449 1 0.6530612 1 0.6326531 0 0.6326531 1 0.6734694 1 0.6530612 0 0.6530612 1 0.6938776 1 0.6734694 0 0.6734694 1 0.7142857 1 0.6938776 0 0.6938776 1 0.7346939 1 0.7142857 0 0.7142857 1 0.755102 1 0.7346939 0 0.7346939 1 0.7755102 1 0.755102 0 0.755102 1 0.7959184 1 0.7755102 0 0.7755102 1 0.8163266 1 0.7959184 0 0.7959184 1 0.8367347 1 0.8163266 0 0.8163266 1 0.8571429 1 0.8367347 0 0.8367347 1 0.877551 1 0.8571429 0 0.8571429 1 0.8979592 1 0.877551 0 0.877551 1 0.9183673 1 0.8979592 0 0.8979592 1 0.9387755 1 0.9183673 0 0.9183673 1 0.9591837 1 0.9387755 0 0.9387755 1 0.9795919 1 0.9591837 0 0.9591837 1 1 1 0.9795919 0 0.9795919 1 0.01785713 1 0 0 0 1 0.0357142 1 0.01785713 0 0.01785713 1 0.0535714 1 0.0357142 0 0.0357142 1 0.07142853 1 0.0535714 0 0.0535714 1 0.08928567 1 0.07142853 0 0.07142853 1 0.1071428 1 0.08928567 0 0.08928567 1 0.125 1 0.1071428 0 0.1071428 1 0.1428571 1 0.125 0 0.125 1 0.1607143 1 0.1428571 0 0.1428571 1 0.1785714 1 0.1607143 0 0.1607143 1 0.1964285 1 0.1785714 0 0.1785714 1 0.2142857 1 0.1964285 0 0.1964285 1 0.2321428 1 0.2142857 0 0.2142857 1 0.25 1 0.2321428 0 0.2321428 1 0.2678571 1 0.25 0 0.25 1 0.2857143 1 0.2678571 0 0.2678571 1 0.3035714 1 0.2857143 0 0.2857143 1 0.3214285 1 0.3035714 0 0.3035714 1 0.3392857 1 0.3214285 0 0.3214285 1 0.3571429 1 0.3392857 0 0.3392857 1 0.375 1 0.3571429 0 0.3571429 1 0.3928571 1 0.375 0 0.375 1 0.4107143 1 0.3928571 0 0.3928571 1 0.4285714 1 0.4107143 0 0.4107143 1 0.4464285 1 0.4285714 0 0.4285714 1 0.4642857 1 0.4464285 0 0.4464285 1 0.4821429 1 0.4642857 0 0.4642857 1 0.5 1 0.4821429 0 0.4821429 1 0.5178571 1 0.5 0 0.5 1 0.5357143 1 0.5178571 0 0.5178571 1 0.5535714 1 0.5357143 0 0.5357143 1 0.5714286 1 0.5535714 0 0.5535714 1 0.5892857 1 0.5714286 0 0.5714286 1 0.6071429 1 0.5892857 0 0.5892857 1 0.625 1 0.6071429 0 0.6071429 1 0.6428571 1 0.625 0 0.625 1 0.6607143 1 0.6428571 0 0.6428571 1 0.6785714 1 0.6607143 0 0.6607143 1 0.6964286 1 0.6785714 0 0.6785714 1 0.7142857 1 0.6964286 0 0.6964286 1 0.7321429 1 0.7142857 0 0.7142857 1 0.75 1 0.7321429 0 0.7321429 1 0.7678571 1 0.75 0 0.75 1 0.7857143 1 0.7678571 0 0.7678571 1 0.8035714 1 0.7857143 0 0.7857143 1 0.8214286 1 0.8035714 0 0.8035714 1 0.8392857 1 0.8214286 0 0.8214286 1 0.8571429 1 0.8392857 0 0.8392857 1 0.8750001 1 0.8571429 0 0.8571429 1 0.8928571 1 0.8750001 0 0.8750001 1 0.9107143 1 0.8928571 0 0.8928571 1 0.9285714 1 0.9107143 0 0.9107143 1 0.9464286 1 0.9285714 0 0.9285714 1 0.9642857 1 0.9464286 0 0.9464286 1 0.9821429 1 0.9642857 0 0.9642857 1 1 1 0.9821429 0 0.9821429 1 0.25 1 0 0 0 1 0.5 1 0.25 0 0.25 1 0.75 1 0.5 0 0.5 1 1 1 0.75 0 0.75 1 0.02083331 1 0 0 0 1 0.04166656 1 0.02083331 0 0.02083331 1 0.0625 1 0.04166656 0 0.04166656 1 0.08333331 1 0.0625 0 0.0625 1 0.1041666 1 0.08333331 0 0.08333331 1 0.125 1 0.1041666 0 0.1041666 1 0.1458333 1 0.125 0 0.125 1 0.1666666 1 0.1458333 0 0.1458333 1 0.1875 1 0.1666666 0 0.1666666 1 0.2083333 1 0.1875 0 0.1875 1 0.2291666 1 0.2083333 0 0.2083333 1 0.25 1 0.2291666 0 0.2291666 1 0.2708333 1 0.25 0 0.25 1 0.2916666 1 0.2708333 0 0.2708333 1 0.3125 1 0.2916666 0 0.2916666 1 0.3333333 1 0.3125 0 0.3125 1 0.3541666 1 0.3333333 0 0.3333333 1 0.375 1 0.3541666 0 0.3541666 1 0.3958333 1 0.375 0 0.375 1 0.4166666 1 0.3958333 0 0.3958333 1 0.4375 1 0.4166666 0 0.4166666 1 0.4583333 1 0.4375 0 0.4375 1 0.4791666 1 0.4583333 0 0.4583333 1 0.5 1 0.4791666 0 0.4791666 1 0.5208333 1 0.5 0 0.5 1 0.5416667 1 0.5208333 0 0.5208333 1 0.5625 1 0.5416667 0 0.5416667 1 0.5833333 1 0.5625 0 0.5625 1 0.6041667 1 0.5833333 0 0.5833333 1 0.625 1 0.6041667 0 0.6041667 1 0.6458333 1 0.625 0 0.625 1 0.6666667 1 0.6458333 0 0.6458333 1 0.6875 1 0.6666667 0 0.6666667 1 0.7083333 1 0.6875 0 0.6875 1 0.7291667 1 0.7083333 0 0.7083333 1 0.75 1 0.7291667 0 0.7291667 1 0.7708333 1 0.75 0 0.75 1 0.7916667 1 0.7708333 0 0.7708333 1 0.8125 1 0.7916667 0 0.7916667 1 0.8333333 1 0.8125 0 0.8125 1 0.8541667 1 0.8333333 0 0.8333333 1 0.8750001 1 0.8541667 0 0.8541667 1 0.8958333 1 0.8750001 0 0.8750001 1 0.9166667 1 0.8958333 0 0.8958333 1 0.9375 1 0.9166667 0 0.9166667 1 0.9583333 1 0.9375 0 0.9375 1 0.9791667 1 0.9583333 0 0.9583333 1 1 1 0.9791667 0 0.9791667 1 0.25 1 0 0 0 1 0.5 1 0.25 0 0.25 1 0.75 1 0.5 0 0.5 1 1 1 0.75 0 0.75 1 0.02499997 1 0 0 0 1 0.04999995 1 0.02499997 0 0.02499997 1 0.07499998 1 0.04999995 0 0.04999995 1 0.1 1 0.07499998 0 0.07499998 1 0.125 1 0.1 0 0.1 1 0.15 1 0.125 0 0.125 1 0.175 1 0.15 0 0.15 1 0.2 1 0.175 0 0.175 1 0.225 1 0.2 0 0.2 1 0.25 1 0.225 0 0.225 1 0.275 1 0.25 0 0.25 1 0.3 1 0.275 0 0.275 1 0.325 1 0.3 0 0.3 1 0.35 1 0.325 0 0.325 1 0.375 1 0.35 0 0.35 1 0.4 1 0.375 0 0.375 1 0.425 1 0.4 0 0.4 1 0.45 1 0.425 0 0.425 1 0.475 1 0.45 0 0.45 1 0.5 1 0.475 0 0.475 1 0.525 1 0.5 0 0.5 1 0.55 1 0.525 0 0.525 1 0.5750001 1 0.55 0 0.55 1 0.6 1 0.5750001 0 0.5750001 1 0.625 1 0.6 0 0.6 1 0.65 1 0.625 0 0.625 1 0.675 1 0.65 0 0.65 1 0.7 1 0.675 0 0.675 1 0.725 1 0.7 0 0.7 1 0.75 1 0.725 0 0.725 1 0.775 1 0.75 0 0.75 1 0.8 1 0.775 0 0.775 1 0.8250001 1 0.8 0 0.8 1 0.85 1 0.8250001 0 0.8250001 1 0.8750001 1 0.85 0 0.85 1 0.9 1 0.8750001 0 0.8750001 1 0.9250001 1 0.9 0 0.9 1 0.95 1 0.9250001 0 0.9250001 1 0.975 1 0.95 0 0.95 1 1 1 0.975 0 0.975 1 0.02631568 1 0 0 0 1 0.05263149 1 0.02631568 0 0.02631568 1 0.07894736 1 0.05263149 0 0.05263149 1 0.1052631 1 0.07894736 0 0.07894736 1 0.1315789 1 0.1052631 0 0.1052631 1 0.1578947 1 0.1315789 0 0.1315789 1 0.1842105 1 0.1578947 0 0.1578947 1 0.2105263 1 0.1842105 0 0.1842105 1 0.236842 1 0.2105263 0 0.2105263 1 0.2631579 1 0.236842 0 0.236842 1 0.2894737 1 0.2631579 0 0.2631579 1 0.3157895 1 0.2894737 0 0.2894737 1 0.3421053 1 0.3157895 0 0.3157895 1 0.368421 1 0.3421053 0 0.3421053 1 0.3947368 1 0.368421 0 0.368421 1 0.4210526 1 0.3947368 0 0.3947368 1 0.4473684 1 0.4210526 0 0.4210526 1 0.4736842 1 0.4473684 0 0.4473684 1 0.5 1 0.4736842 0 0.4736842 1 0.5263158 1 0.5 0 0.5 1 0.5526316 1 0.5263158 0 0.5263158 1 0.5789474 1 0.5526316 0 0.5526316 1 0.6052632 1 0.5789474 0 0.5789474 1 0.6315789 1 0.6052632 0 0.6052632 1 0.6578947 1 0.6315789 0 0.6315789 1 0.6842105 1 0.6578947 0 0.6578947 1 0.7105263 1 0.6842105 0 0.6842105 1 0.7368421 1 0.7105263 0 0.7105263 1 0.7631579 1 0.7368421 0 0.7368421 1 0.7894737 1 0.7631579 0 0.7631579 1 0.8157895 1 0.7894737 0 0.7894737 1 0.8421053 1 0.8157895 0 0.8157895 1 0.8684211 1 0.8421053 0 0.8421053 1 0.8947368 1 0.8684211 0 0.8684211 1 0.9210526 1 0.8947368 0 0.8947368 1 0.9473685 1 0.9210526 0 0.9210526 1 0.9736842 1 0.9473685 0 0.9473685 1 1 1 0.9736842 0 0.9736842 1 0.01960784 1 0 0 0 1 0.03921568 1 0.01960784 0 0.01960784 1 0.05882346 1 0.03921568 0 0.03921568 1 0.07843136 1 0.05882346 0 0.05882346 1 0.0980392 1 0.07843136 0 0.07843136 1 0.1176471 1 0.0980392 0 0.0980392 1 0.1372549 1 0.1176471 0 0.1176471 1 0.1568627 1 0.1372549 0 0.1372549 1 0.1764706 1 0.1568627 0 0.1568627 1 0.1960784 1 0.1764706 0 0.1764706 1 0.2156863 1 0.1960784 0 0.1960784 1 0.2352941 1 0.2156863 0 0.2156863 1 0.254902 1 0.2352941 0 0.2352941 1 0.2745098 1 0.254902 0 0.254902 1 0.2941176 1 0.2745098 0 0.2745098 1 0.3137255 1 0.2941176 0 0.2941176 1 0.3333333 1 0.3137255 0 0.3137255 1 0.3529412 1 0.3333333 0 0.3333333 1 0.372549 1 0.3529412 0 0.3529412 1 0.3921568 1 0.372549 0 0.372549 1 0.4117647 1 0.3921568 0 0.3921568 1 0.4313725 1 0.4117647 0 0.4117647 1 0.4509804 1 0.4313725 0 0.4313725 1 0.4705882 1 0.4509804 0 0.4509804 1 0.4901961 1 0.4705882 0 0.4705882 1 0.509804 1 0.4901961 0 0.4901961 1 0.5294118 1 0.509804 0 0.509804 1 0.5490196 1 0.5294118 0 0.5294118 1 0.5686275 1 0.5490196 0 0.5490196 1 0.5882353 1 0.5686275 0 0.5686275 1 0.6078432 1 0.5882353 0 0.5882353 1 0.627451 1 0.6078432 0 0.6078432 1 0.6470589 1 0.627451 0 0.627451 1 0.6666667 1 0.6470589 0 0.6470589 1 0.6862745 1 0.6666667 0 0.6666667 1 0.7058824 1 0.6862745 0 0.6862745 1 0.7254902 1 0.7058824 0 0.7058824 1 0.7450981 1 0.7254902 0 0.7254902 1 0.7647059 1 0.7450981 0 0.7450981 1 0.7843137 1 0.7647059 0 0.7647059 1 0.8039216 1 0.7843137 0 0.7843137 1 0.8235294 1 0.8039216 0 0.8039216 1 0.8431373 1 0.8235294 0 0.8235294 1 0.8627451 1 0.8431373 0 0.8431373 1 0.882353 1 0.8627451 0 0.8627451 1 0.9019608 1 0.882353 0 0.882353 1 0.9215686 1 0.9019608 0 0.9019608 1 0.9411765 1 0.9215686 0 0.9215686 1 0.9607843 1 0.9411765 0 0.9411765 1 0.9803922 1 0.9607843 0 0.9607843 1 1 1 0.9803922 0 0.9803922 1 0.02040815 1 0 0 0 1 0.04081624 1 0.02040815 0 0.02040815 1 0.06122446 1 0.04081624 0 0.04081624 1 0.08163261 1 0.06122446 0 0.06122446 1 0.1020408 1 0.08163261 0 0.08163261 1 0.1224489 1 0.1020408 0 0.1020408 1 0.1428571 1 0.1224489 0 0.1224489 1 0.1632653 1 0.1428571 0 0.1428571 1 0.1836735 1 0.1632653 0 0.1632653 1 0.2040815 1 0.1836735 0 0.1836735 1 0.2244898 1 0.2040815 0 0.2040815 1 0.2448979 1 0.2244898 0 0.2244898 1 0.2653061 1 0.2448979 0 0.2448979 1 0.2857143 1 0.2653061 0 0.2653061 1 0.3061224 1 0.2857143 0 0.2857143 1 0.3265306 1 0.3061224 0 0.3061224 1 0.3469388 1 0.3265306 0 0.3265306 1 0.367347 1 0.3469388 0 0.3469388 1 0.3877551 1 0.367347 0 0.367347 1 0.4081633 1 0.3877551 0 0.3877551 1 0.4285714 1 0.4081633 0 0.4081633 1 0.4489796 1 0.4285714 0 0.4285714 1 0.4693878 1 0.4489796 0 0.4489796 1 0.4897959 1 0.4693878 0 0.4693878 1 0.5102041 1 0.4897959 0 0.4897959 1 0.5306122 1 0.5102041 0 0.5102041 1 0.5510204 1 0.5306122 0 0.5306122 1 0.5714286 1 0.5510204 0 0.5510204 1 0.5918368 1 0.5714286 0 0.5714286 1 0.6122449 1 0.5918368 0 0.5918368 1 0.6326531 1 0.6122449 0 0.6122449 1 0.6530612 1 0.6326531 0 0.6326531 1 0.6734694 1 0.6530612 0 0.6530612 1 0.6938776 1 0.6734694 0 0.6734694 1 0.7142857 1 0.6938776 0 0.6938776 1 0.7346939 1 0.7142857 0 0.7142857 1 0.755102 1 0.7346939 0 0.7346939 1 0.7755102 1 0.755102 0 0.755102 1 0.7959184 1 0.7755102 0 0.7755102 1 0.8163266 1 0.7959184 0 0.7959184 1 0.8367347 1 0.8163266 0 0.8163266 1 0.8571429 1 0.8367347 0 0.8367347 1 0.877551 1 0.8571429 0 0.8571429 1 0.8979592 1 0.877551 0 0.877551 1 0.9183673 1 0.8979592 0 0.8979592 1 0.9387755 1 0.9183673 0 0.9183673 1 0.9591837 1 0.9387755 0 0.9387755 1 0.9795919 1 0.9591837 0 0.9591837 1 1 1 0.9795919 0 0.9795919 1 0.125 1 0 0 0 1 0.25 1 0.125 0 0.125 1 0.375 1 0.25 0 0.25 1 0.5 1 0.375 0 0.375 1 0.625 1 0.5 0 0.5 1 0.75 1 0.625 0 0.625 1 0.8750001 1 0.75 0 0.75 1 1 1 0.8750001 0 0.8750001 1 0.01960784 1 0.01960784 0 0 0 0.03921568 1 0.03921568 0 0.01960784 0 0.05882346 1 0.05882346 0 0.03921568 0 0.07843136 1 0.07843136 0 0.05882346 0 0.0980392 1 0.0980392 0 0.07843136 0 0.1176471 1 0.1176471 0 0.0980392 0 0.1372549 1 0.1372549 0 0.1176471 0 0.1568627 1 0.1568627 0 0.1372549 0 0.1764706 1 0.1764706 0 0.1568627 0 0.1960784 1 0.1960784 0 0.1764706 0 0.2156863 1 0.2156863 0 0.1960784 0 0.2352941 1 0.2352941 0 0.2156863 0 0.254902 1 0.254902 0 0.2352941 0 0.2745098 1 0.2745098 0 0.254902 0 0.2941176 1 0.2941176 0 0.2745098 0 0.3137255 1 0.3137255 0 0.2941176 0 0.3333333 1 0.3333333 0 0.3137255 0 0.3529412 1 0.3529412 0 0.3333333 0 0.372549 1 0.372549 0 0.3529412 0 0.3921568 1 0.3921568 0 0.372549 0 0.4117647 1 0.4117647 0 0.3921568 0 0.4313725 1 0.4313725 0 0.4117647 0 0.4509804 1 0.4509804 0 0.4313725 0 0.4705882 1 0.4705882 0 0.4509804 0 0.4901961 1 0.4901961 0 0.4705882 0 0.509804 1 0.509804 0 0.4901961 0 0.5294118 1 0.5294118 0 0.509804 0 0.5490196 1 0.5490196 0 0.5294118 0 0.5686275 1 0.5686275 0 0.5490196 0 0.5882353 1 0.5882353 0 0.5686275 0 0.6078432 1 0.6078432 0 0.5882353 0 0.627451 1 0.627451 0 0.6078432 0 0.6470589 1 0.6470589 0 0.627451 0 0.6666667 1 0.6666667 0 0.6470589 0 0.6862745 1 0.6862745 0 0.6666667 0 0.7058824 1 0.7058824 0 0.6862745 0 0.7254902 1 0.7254902 0 0.7058824 0 0.7450981 1 0.7450981 0 0.7254902 0 0.7647059 1 0.7647059 0 0.7450981 0 0.7843137 1 0.7843137 0 0.7647059 0 0.8039216 1 0.8039216 0 0.7843137 0 0.8235294 1 0.8235294 0 0.8039216 0 0.8431373 1 0.8431373 0 0.8235294 0 0.8627451 1 0.8627451 0 0.8431373 0 0.882353 1 0.882353 0 0.8627451 0 0.9019608 1 0.9019608 0 0.882353 0 0.9215686 1 0.9215686 0 0.9019608 0 0.9411765 1 0.9411765 0 0.9215686 0 0.9607843 1 0.9607843 0 0.9411765 0 0.9803922 1 0.9803922 0 0.9607843 0 1 1 1 0 0.9803922 0 0.02040815 1 0.02040815 0 0 0 0.04081624 1 0.04081624 0 0.02040815 0 0.06122446 1 0.06122446 0 0.04081624 0 0.08163261 1 0.08163261 0 0.06122446 0 0.1020408 1 0.1020408 0 0.08163261 0 0.1224489 1 0.1224489 0 0.1020408 0 0.1428571 1 0.1428571 0 0.1224489 0 0.1632653 1 0.1632653 0 0.1428571 0 0.1836735 1 0.1836735 0 0.1632653 0 0.2040815 1 0.2040815 0 0.1836735 0 0.2244898 1 0.2244898 0 0.2040815 0 0.2448979 1 0.2448979 0 0.2244898 0 0.2653061 1 0.2653061 0 0.2448979 0 0.2857143 1 0.2857143 0 0.2653061 0 0.3061224 1 0.3061224 0 0.2857143 0 0.3265306 1 0.3265306 0 0.3061224 0 0.3469388 1 0.3469388 0 0.3265306 0 0.367347 1 0.367347 0 0.3469388 0 0.3877551 1 0.3877551 0 0.367347 0 0.4081633 1 0.4081633 0 0.3877551 0 0.4285714 1 0.4285714 0 0.4081633 0 0.4489796 1 0.4489796 0 0.4285714 0 0.4693878 1 0.4693878 0 0.4489796 0 0.4897959 1 0.4897959 0 0.4693878 0 0.5102041 1 0.5102041 0 0.4897959 0 0.5306122 1 0.5306122 0 0.5102041 0 0.5510204 1 0.5510204 0 0.5306122 0 0.5714286 1 0.5714286 0 0.5510204 0 0.5918368 1 0.5918368 0 0.5714286 0 0.6122449 1 0.6122449 0 0.5918368 0 0.6326531 1 0.6326531 0 0.6122449 0 0.6530612 1 0.6530612 0 0.6326531 0 0.6734694 1 0.6734694 0 0.6530612 0 0.6938776 1 0.6938776 0 0.6734694 0 0.7142857 1 0.7142857 0 0.6938776 0 0.7346939 1 0.7346939 0 0.7142857 0 0.755102 1 0.755102 0 0.7346939 0 0.7755102 1 0.7755102 0 0.755102 0 0.7959184 1 0.7959184 0 0.7755102 0 0.8163266 1 0.8163266 0 0.7959184 0 0.8367347 1 0.8367347 0 0.8163266 0 0.8571429 1 0.8571429 0 0.8367347 0 0.877551 1 0.877551 0 0.8571429 0 0.8979592 1 0.8979592 0 0.877551 0 0.9183673 1 0.9183673 0 0.8979592 0 0.9387755 1 0.9387755 0 0.9183673 0 0.9591837 1 0.9591837 0 0.9387755 0 0.9795919 1 0.9795919 0 0.9591837 0 1 1 1 0 0.9795919 0 0.01785713 1 0.01785713 0 0 0 0.0357142 1 0.0357142 0 0.01785713 0 0.0535714 1 0.0535714 0 0.0357142 0 0.07142853 1 0.07142853 0 0.0535714 0 0.08928567 1 0.08928567 0 0.07142853 0 0.1071428 1 0.1071428 0 0.08928567 0 0.125 1 0.125 0 0.1071428 0 0.1428571 1 0.1428571 0 0.125 0 0.1607143 1 0.1607143 0 0.1428571 0 0.1785714 1 0.1785714 0 0.1607143 0 0.1964285 1 0.1964285 0 0.1785714 0 0.2142857 1 0.2142857 0 0.1964285 0 0.2321428 1 0.2321428 0 0.2142857 0 0.25 1 0.25 0 0.2321428 0 0.2678571 1 0.2678571 0 0.25 0 0.2857143 1 0.2857143 0 0.2678571 0 0.3035714 1 0.3035714 0 0.2857143 0 0.3214285 1 0.3214285 0 0.3035714 0 0.3392857 1 0.3392857 0 0.3214285 0 0.3571429 1 0.3571429 0 0.3392857 0 0.375 1 0.375 0 0.3571429 0 0.3928571 1 0.3928571 0 0.375 0 0.4107143 1 0.4107143 0 0.3928571 0 0.4285714 1 0.4285714 0 0.4107143 0 0.4464285 1 0.4464285 0 0.4285714 0 0.4642857 1 0.4642857 0 0.4464285 0 0.4821429 1 0.4821429 0 0.4642857 0 0.5 1 0.5 0 0.4821429 0 0.5178571 1 0.5178571 0 0.5 0 0.5357143 1 0.5357143 0 0.5178571 0 0.5535714 1 0.5535714 0 0.5357143 0 0.5714286 1 0.5714286 0 0.5535714 0 0.5892857 1 0.5892857 0 0.5714286 0 0.6071429 1 0.6071429 0 0.5892857 0 0.625 1 0.625 0 0.6071429 0 0.6428571 1 0.6428571 0 0.625 0 0.6607143 1 0.6607143 0 0.6428571 0 0.6785714 1 0.6785714 0 0.6607143 0 0.6964286 1 0.6964286 0 0.6785714 0 0.7142857 1 0.7142857 0 0.6964286 0 0.7321429 1 0.7321429 0 0.7142857 0 0.75 1 0.75 0 0.7321429 0 0.7678571 1 0.7678571 0 0.75 0 0.7857143 1 0.7857143 0 0.7678571 0 0.8035714 1 0.8035714 0 0.7857143 0 0.8214286 1 0.8214286 0 0.8035714 0 0.8392857 1 0.8392857 0 0.8214286 0 0.8571429 1 0.8571429 0 0.8392857 0 0.8750001 1 0.8750001 0 0.8571429 0 0.8928571 1 0.8928571 0 0.8750001 0 0.9107143 1 0.9107143 0 0.8928571 0 0.9285714 1 0.9285714 0 0.9107143 0 0.9464286 1 0.9464286 0 0.9285714 0 0.9642857 1 0.9642857 0 0.9464286 0 0.9821429 1 0.9821429 0 0.9642857 0 1 1 1 0 0.9821429 0 0.25 1 0.25 0 0 0 0.5 1 0.5 0 0.25 0 0.75 1 0.75 0 0.5 0 1 1 1 0 0.75 0 0.02083331 1 0.02083331 0 0 0 0.04166656 1 0.04166656 0 0.02083331 0 0.0625 1 0.0625 0 0.04166656 0 0.08333331 1 0.08333331 0 0.0625 0 0.1041666 1 0.1041666 0 0.08333331 0 0.125 1 0.125 0 0.1041666 0 0.1458333 1 0.1458333 0 0.125 0 0.1666666 1 0.1666666 0 0.1458333 0 0.1875 1 0.1875 0 0.1666666 0 0.2083333 1 0.2083333 0 0.1875 0 0.2291666 1 0.2291666 0 0.2083333 0 0.25 1 0.25 0 0.2291666 0 0.2708333 1 0.2708333 0 0.25 0 0.2916666 1 0.2916666 0 0.2708333 0 0.3125 1 0.3125 0 0.2916666 0 0.3333333 1 0.3333333 0 0.3125 0 0.3541666 1 0.3541666 0 0.3333333 0 0.375 1 0.375 0 0.3541666 0 0.3958333 1 0.3958333 0 0.375 0 0.4166666 1 0.4166666 0 0.3958333 0 0.4375 1 0.4375 0 0.4166666 0 0.4583333 1 0.4583333 0 0.4375 0 0.4791666 1 0.4791666 0 0.4583333 0 0.5 1 0.5 0 0.4791666 0 0.5208333 1 0.5208333 0 0.5 0 0.5416667 1 0.5416667 0 0.5208333 0 0.5625 1 0.5625 0 0.5416667 0 0.5833333 1 0.5833333 0 0.5625 0 0.6041667 1 0.6041667 0 0.5833333 0 0.625 1 0.625 0 0.6041667 0 0.6458333 1 0.6458333 0 0.625 0 0.6666667 1 0.6666667 0 0.6458333 0 0.6875 1 0.6875 0 0.6666667 0 0.7083333 1 0.7083333 0 0.6875 0 0.7291667 1 0.7291667 0 0.7083333 0 0.75 1 0.75 0 0.7291667 0 0.7708333 1 0.7708333 0 0.75 0 0.7916667 1 0.7916667 0 0.7708333 0 0.8125 1 0.8125 0 0.7916667 0 0.8333333 1 0.8333333 0 0.8125 0 0.8541667 1 0.8541667 0 0.8333333 0 0.8750001 1 0.8750001 0 0.8541667 0 0.8958333 1 0.8958333 0 0.8750001 0 0.9166667 1 0.9166667 0 0.8958333 0 0.9375 1 0.9375 0 0.9166667 0 0.9583333 1 0.9583333 0 0.9375 0 0.9791667 1 0.9791667 0 0.9583333 0 1 1 1 0 0.9791667 0 0.25 1 0.25 0 0 0 0.5 1 0.5 0 0.25 0 0.75 1 0.75 0 0.5 0 1 1 1 0 0.75 0 0.02499997 1 0.02499997 0 0 0 0.04999995 1 0.04999995 0 0.02499997 0 0.07499998 1 0.07499998 0 0.04999995 0 0.1 1 0.1 0 0.07499998 0 0.125 1 0.125 0 0.1 0 0.15 1 0.15 0 0.125 0 0.175 1 0.175 0 0.15 0 0.2 1 0.2 0 0.175 0 0.225 1 0.225 0 0.2 0 0.25 1 0.25 0 0.225 0 0.275 1 0.275 0 0.25 0 0.3 1 0.3 0 0.275 0 0.325 1 0.325 0 0.3 0 0.35 1 0.35 0 0.325 0 0.375 1 0.375 0 0.35 0 0.4 1 0.4 0 0.375 0 0.425 1 0.425 0 0.4 0 0.45 1 0.45 0 0.425 0 0.475 1 0.475 0 0.45 0 0.5 1 0.5 0 0.475 0 0.525 1 0.525 0 0.5 0 0.55 1 0.55 0 0.525 0 0.5750001 1 0.5750001 0 0.55 0 0.6 1 0.6 0 0.5750001 0 0.625 1 0.625 0 0.6 0 0.65 1 0.65 0 0.625 0 0.675 1 0.675 0 0.65 0 0.7 1 0.7 0 0.675 0 0.725 1 0.725 0 0.7 0 0.75 1 0.75 0 0.725 0 0.775 1 0.775 0 0.75 0 0.8 1 0.8 0 0.775 0 0.8250001 1 0.8250001 0 0.8 0 0.85 1 0.85 0 0.8250001 0 0.8750001 1 0.8750001 0 0.85 0 0.9 1 0.9 0 0.8750001 0 0.9250001 1 0.9250001 0 0.9 0 0.95 1 0.95 0 0.9250001 0 0.975 1 0.975 0 0.95 0 1 1 1 0 0.975 0 0.02631568 1 0.02631568 0 0 0 0.05263149 1 0.05263149 0 0.02631568 0 0.07894736 1 0.07894736 0 0.05263149 0 0.1052631 1 0.1052631 0 0.07894736 0 0.1315789 1 0.1315789 0 0.1052631 0 0.1578947 1 0.1578947 0 0.1315789 0 0.1842105 1 0.1842105 0 0.1578947 0 0.2105263 1 0.2105263 0 0.1842105 0 0.236842 1 0.236842 0 0.2105263 0 0.2631579 1 0.2631579 0 0.236842 0 0.2894737 1 0.2894737 0 0.2631579 0 0.3157895 1 0.3157895 0 0.2894737 0 0.3421053 1 0.3421053 0 0.3157895 0 0.368421 1 0.368421 0 0.3421053 0 0.3947368 1 0.3947368 0 0.368421 0 0.4210526 1 0.4210526 0 0.3947368 0 0.4473684 1 0.4473684 0 0.4210526 0 0.4736842 1 0.4736842 0 0.4473684 0 0.5 1 0.5 0 0.4736842 0 0.5263158 1 0.5263158 0 0.5 0 0.5526316 1 0.5526316 0 0.5263158 0 0.5789474 1 0.5789474 0 0.5526316 0 0.6052632 1 0.6052632 0 0.5789474 0 0.6315789 1 0.6315789 0 0.6052632 0 0.6578947 1 0.6578947 0 0.6315789 0 0.6842105 1 0.6842105 0 0.6578947 0 0.7105263 1 0.7105263 0 0.6842105 0 0.7368421 1 0.7368421 0 0.7105263 0 0.7631579 1 0.7631579 0 0.7368421 0 0.7894737 1 0.7894737 0 0.7631579 0 0.8157895 1 0.8157895 0 0.7894737 0 0.8421053 1 0.8421053 0 0.8157895 0 0.8684211 1 0.8684211 0 0.8421053 0 0.8947368 1 0.8947368 0 0.8684211 0 0.9210526 1 0.9210526 0 0.8947368 0 0.9473685 1 0.9473685 0 0.9210526 0 0.9736842 1 0.9736842 0 0.9473685 0 1 1 1 0 0.9736842 0 0.01960784 1 0.01960784 0 0 0 0.03921568 1 0.03921568 0 0.01960784 0 0.05882346 1 0.05882346 0 0.03921568 0 0.07843136 1 0.07843136 0 0.05882346 0 0.0980392 1 0.0980392 0 0.07843136 0 0.1176471 1 0.1176471 0 0.0980392 0 0.1372549 1 0.1372549 0 0.1176471 0 0.1568627 1 0.1568627 0 0.1372549 0 0.1764706 1 0.1764706 0 0.1568627 0 0.1960784 1 0.1960784 0 0.1764706 0 0.2156863 1 0.2156863 0 0.1960784 0 0.2352941 1 0.2352941 0 0.2156863 0 0.254902 1 0.254902 0 0.2352941 0 0.2745098 1 0.2745098 0 0.254902 0 0.2941176 1 0.2941176 0 0.2745098 0 0.3137255 1 0.3137255 0 0.2941176 0 0.3333333 1 0.3333333 0 0.3137255 0 0.3529412 1 0.3529412 0 0.3333333 0 0.372549 1 0.372549 0 0.3529412 0 0.3921568 1 0.3921568 0 0.372549 0 0.4117647 1 0.4117647 0 0.3921568 0 0.4313725 1 0.4313725 0 0.4117647 0 0.4509804 1 0.4509804 0 0.4313725 0 0.4705882 1 0.4705882 0 0.4509804 0 0.4901961 1 0.4901961 0 0.4705882 0 0.509804 1 0.509804 0 0.4901961 0 0.5294118 1 0.5294118 0 0.509804 0 0.5490196 1 0.5490196 0 0.5294118 0 0.5686275 1 0.5686275 0 0.5490196 0 0.5882353 1 0.5882353 0 0.5686275 0 0.6078432 1 0.6078432 0 0.5882353 0 0.627451 1 0.627451 0 0.6078432 0 0.6470589 1 0.6470589 0 0.627451 0 0.6666667 1 0.6666667 0 0.6470589 0 0.6862745 1 0.6862745 0 0.6666667 0 0.7058824 1 0.7058824 0 0.6862745 0 0.7254902 1 0.7254902 0 0.7058824 0 0.7450981 1 0.7450981 0 0.7254902 0 0.7647059 1 0.7647059 0 0.7450981 0 0.7843137 1 0.7843137 0 0.7647059 0 0.8039216 1 0.8039216 0 0.7843137 0 0.8235294 1 0.8235294 0 0.8039216 0 0.8431373 1 0.8431373 0 0.8235294 0 0.8627451 1 0.8627451 0 0.8431373 0 0.882353 1 0.882353 0 0.8627451 0 0.9019608 1 0.9019608 0 0.882353 0 0.9215686 1 0.9215686 0 0.9019608 0 0.9411765 1 0.9411765 0 0.9215686 0 0.9607843 1 0.9607843 0 0.9411765 0 0.9803922 1 0.9803922 0 0.9607843 0 1 1 1 0 0.9803922 0 0.02040815 1 0.02040815 0 0 0 0.04081624 1 0.04081624 0 0.02040815 0 0.06122446 1 0.06122446 0 0.04081624 0 0.08163261 1 0.08163261 0 0.06122446 0 0.1020408 1 0.1020408 0 0.08163261 0 0.1224489 1 0.1224489 0 0.1020408 0 0.1428571 1 0.1428571 0 0.1224489 0 0.1632653 1 0.1632653 0 0.1428571 0 0.1836735 1 0.1836735 0 0.1632653 0 0.2040815 1 0.2040815 0 0.1836735 0 0.2244898 1 0.2244898 0 0.2040815 0 0.2448979 1 0.2448979 0 0.2244898 0 0.2653061 1 0.2653061 0 0.2448979 0 0.2857143 1 0.2857143 0 0.2653061 0 0.3061224 1 0.3061224 0 0.2857143 0 0.3265306 1 0.3265306 0 0.3061224 0 0.3469388 1 0.3469388 0 0.3265306 0 0.367347 1 0.367347 0 0.3469388 0 0.3877551 1 0.3877551 0 0.367347 0 0.4081633 1 0.4081633 0 0.3877551 0 0.4285714 1 0.4285714 0 0.4081633 0 0.4489796 1 0.4489796 0 0.4285714 0 0.4693878 1 0.4693878 0 0.4489796 0 0.4897959 1 0.4897959 0 0.4693878 0 0.5102041 1 0.5102041 0 0.4897959 0 0.5306122 1 0.5306122 0 0.5102041 0 0.5510204 1 0.5510204 0 0.5306122 0 0.5714286 1 0.5714286 0 0.5510204 0 0.5918368 1 0.5918368 0 0.5714286 0 0.6122449 1 0.6122449 0 0.5918368 0 0.6326531 1 0.6326531 0 0.6122449 0 0.6530612 1 0.6530612 0 0.6326531 0 0.6734694 1 0.6734694 0 0.6530612 0 0.6938776 1 0.6938776 0 0.6734694 0 0.7142857 1 0.7142857 0 0.6938776 0 0.7346939 1 0.7346939 0 0.7142857 0 0.755102 1 0.755102 0 0.7346939 0 0.7755102 1 0.7755102 0 0.755102 0 0.7959184 1 0.7959184 0 0.7755102 0 0.8163266 1 0.8163266 0 0.7959184 0 0.8367347 1 0.8367347 0 0.8163266 0 0.8571429 1 0.8571429 0 0.8367347 0 0.877551 1 0.877551 0 0.8571429 0 0.8979592 1 0.8979592 0 0.877551 0 0.9183673 1 0.9183673 0 0.8979592 0 0.9387755 1 0.9387755 0 0.9183673 0 0.9591837 1 0.9591837 0 0.9387755 0 0.9795919 1 0.9795919 0 0.9591837 0 1 1 1 0 0.9795919 0 0.125 1 0.125 0 0 0 0.25 1 0.25 0 0.125 0 0.375 1 0.375 0 0.25 0 0.5 1 0.5 0 0.375 0 0.625 1 0.625 0 0.5 0 0.75 1 0.75 0 0.625 0 0.8750001 1 0.8750001 0 0.75 0 1 1 1 0 0.8750001 0</float_array>
          <technique_common>
            <accessor source="#Text_001-mesh-map-0-array" count="4716" stride="2">
              <param name="S" type="float"/>
              <param name="T" type="float"/>
            </accessor>
          </technique_common>
        </source>
        <vertices id="Text_001-mesh-vertices">
          <input semantic="POSITION" source="#Text_001-mesh-positions"/>
        </vertices>
        <triangles material="TextMat-material" count="1572">
          <input semantic="VERTEX" source="#Text_001-mesh-vertices" offset="0"/>
          <input semantic="NORMAL" source="#Text_001-mesh-normals" offset="1"/>
          <input semantic="TEXCOORD" source="#Text_001-mesh-map-0" offset="2" set="0"/>
          <p>1 0 0 3 0 1 2 0 2 1 0 3 4 0 4 3 0 5 4 0 6 6 0 7 5 0 8 4 1 9 7 1 10 6 1 11 1 0 12 7 0 13 4 0 14 0 0 15 7 0 16 1 0 17 55 0 18 57 0 19 56 0 20 55 2 21 58 2 22 57 2 23 18 0 24 20 0 25 19 0 26 17 3 27 20 3 28 18 3 29 16 4 30 20 4 31 17 4 32 16 0 33 21 0 34 20 0 35 15 0 36 21 0 37 16 0 38 14 5 39 21 5 40 15 5 41 13 6 42 21 6 43 14 6 44 13 0 45 22 0 46 21 0 47 12 0 48 22 0 49 13 0 50 11 0 51 22 0 52 12 0 53 11 0 54 23 0 55 22 0 56 10 0 57 23 0 58 11 0 59 9 0 60 23 0 61 10 0 62 8 7 63 23 7 64 9 7 65 8 8 66 24 8 67 23 8 68 58 0 69 24 0 70 8 0 71 55 0 72 106 0 73 58 0 74 106 0 75 105 0 76 58 0 77 105 0 78 104 0 79 58 0 80 104 0 81 103 0 82 58 0 83 103 9 84 102 9 85 58 9 86 102 0 87 101 0 88 58 0 89 101 0 90 100 0 91 58 0 92 100 0 93 99 0 94 58 0 95 99 10 96 98 10 97 58 10 98 98 0 99 97 0 100 58 0 101 97 11 102 24 11 103 58 11 104 97 0 105 96 0 106 24 0 107 96 0 108 25 0 109 24 0 110 96 0 111 95 0 112 25 0 113 95 0 114 94 0 115 25 0 116 94 0 117 26 0 118 25 0 119 93 0 120 26 0 121 94 0 122 92 0 123 26 0 124 93 0 125 92 12 126 27 12 127 26 12 128 91 0 129 27 0 130 92 0 131 90 0 132 27 0 133 91 0 134 89 0 135 27 0 136 90 0 137 89 0 138 28 0 139 27 0 140 88 0 141 28 0 142 89 0 143 87 0 144 28 0 145 88 0 146 55 0 147 107 0 148 106 0 149 87 13 150 29 13 151 28 13 152 86 0 153 29 0 154 87 0 155 85 14 156 29 14 157 86 14 158 85 15 159 30 15 160 29 15 161 84 0 162 30 0 163 85 0 164 83 16 165 30 16 166 84 16 167 83 0 168 31 0 169 30 0 170 82 0 171 31 0 172 83 0 173 82 0 174 32 0 175 31 0 176 81 0 177 32 0 178 82 0 179 80 17 180 32 17 181 81 17 182 80 18 183 33 18 184 32 18 185 79 0 186 33 0 187 80 0 188 79 0 189 34 0 190 33 0 191 78 19 192 34 19 193 79 19 194 77 0 195 34 0 196 78 0 197 77 0 198 35 0 199 34 0 200 76 0 201 35 0 202 77 0 203 75 0 204 35 0 205 76 0 206 74 20 207 35 20 208 75 20 209 74 21 210 36 21 211 35 21 212 73 0 213 36 0 214 74 0 215 55 22 216 59 22 217 107 22 218 55 23 219 60 23 220 59 23 221 72 0 222 36 0 223 73 0 224 55 24 225 61 24 226 60 24 227 55 25 228 62 25 229 61 25 230 55 26 231 63 26 232 62 26 233 55 27 234 64 27 235 63 27 236 71 28 237 36 28 238 72 28 239 55 29 240 65 29 241 64 29 242 71 0 243 37 0 244 36 0 245 55 30 246 66 30 247 65 30 248 55 31 249 67 31 250 66 31 251 70 0 252 37 0 253 71 0 254 55 32 255 68 32 256 67 32 257 55 33 258 69 33 259 68 33 260 55 34 261 70 34 262 69 34 263 55 35 264 37 35 265 70 35 266 55 36 267 38 36 268 37 36 269 55 0 270 39 0 271 38 0 272 54 37 273 39 37 274 55 37 275 54 0 276 40 0 277 39 0 278 53 0 279 40 0 280 54 0 281 52 0 282 40 0 283 53 0 284 51 0 285 40 0 286 52 0 287 51 0 288 41 0 289 40 0 290 50 0 291 41 0 292 51 0 293 49 0 294 41 0 295 50 0 296 48 38 297 41 38 298 49 38 299 48 0 300 42 0 301 41 0 302 47 39 303 42 39 304 48 39 305 46 0 306 42 0 307 47 0 308 45 40 309 42 40 310 46 40 311 45 0 312 43 0 313 42 0 314 44 0 315 43 0 316 45 0 317 144 0 318 146 0 319 145 0 320 144 0 321 147 0 322 146 0 323 131 41 324 133 41 325 132 41 326 131 0 327 134 0 328 133 0 329 131 42 330 135 42 331 134 42 332 131 0 333 136 0 334 135 0 335 131 0 336 137 0 337 136 0 338 130 43 339 137 43 340 131 43 341 130 0 342 138 0 343 137 0 344 130 0 345 139 0 346 138 0 347 130 44 348 140 44 349 139 44 350 129 45 351 140 45 352 130 45 353 129 0 354 141 0 355 140 0 356 129 46 357 142 46 358 141 46 359 129 47 360 143 47 361 142 47 362 129 0 363 144 0 364 143 0 365 128 0 366 144 0 367 129 0 368 128 0 369 150 0 370 144 0 371 150 0 372 149 0 373 144 0 374 149 48 375 148 48 376 144 48 377 148 0 378 185 0 379 144 0 380 185 49 381 147 49 382 144 49 383 127 0 384 153 0 385 128 0 386 153 0 387 152 0 388 128 0 389 152 50 390 151 50 391 128 50 392 151 0 393 150 0 394 128 0 395 126 0 396 156 0 397 127 0 398 156 0 399 155 0 400 127 0 401 155 51 402 154 51 403 127 51 404 154 0 405 153 0 406 127 0 407 125 0 408 159 0 409 126 0 410 159 0 411 158 0 412 126 0 413 158 0 414 157 0 415 126 0 416 157 0 417 156 0 418 126 0 419 125 52 420 160 52 421 159 52 422 125 53 423 161 53 424 160 53 425 124 54 426 161 54 427 125 54 428 124 55 429 162 55 430 161 55 431 124 56 432 163 56 433 162 56 434 184 0 435 147 0 436 185 0 437 124 0 438 164 0 439 163 0 440 123 57 441 164 57 442 124 57 443 123 0 444 165 0 445 164 0 446 123 58 447 166 58 448 165 58 449 122 59 450 166 59 451 123 59 452 122 0 453 167 0 454 166 0 455 122 0 456 168 0 457 167 0 458 121 60 459 168 60 460 122 60 461 121 61 462 169 61 463 168 61 464 120 62 465 169 62 466 121 62 467 120 0 468 170 0 469 169 0 470 120 0 471 171 0 472 170 0 473 119 63 474 171 63 475 120 63 476 119 64 477 172 64 478 171 64 479 119 0 480 173 0 481 172 0 482 118 65 483 173 65 484 119 65 485 118 0 486 174 0 487 173 0 488 117 66 489 174 66 490 118 66 491 117 0 492 175 0 493 174 0 494 117 67 495 176 67 496 175 67 497 116 68 498 176 68 499 117 68 500 116 69 501 177 69 502 176 69 503 116 0 504 178 0 505 177 0 506 115 0 507 178 0 508 116 0 509 115 70 510 179 70 511 178 70 512 115 0 513 180 0 514 179 0 515 115 0 516 181 0 517 180 0 518 114 71 519 181 71 520 115 71 521 114 72 522 182 72 523 181 72 524 114 73 525 183 73 526 182 73 527 114 0 528 184 0 529 183 0 530 114 74 531 147 74 532 184 74 533 113 75 534 147 75 535 114 75 536 112 76 537 147 76 538 113 76 539 111 0 540 147 0 541 112 0 542 110 0 543 147 0 544 111 0 545 109 77 546 147 77 547 110 77 548 108 0 549 147 0 550 109 0 551 186 0 552 188 0 553 187 0 554 186 0 555 189 0 556 188 0 557 216 0 558 218 0 559 217 0 560 216 0 561 219 0 562 218 0 563 215 0 564 219 0 565 216 0 566 215 0 567 220 0 568 219 0 569 214 0 570 220 0 571 215 0 572 214 0 573 221 0 574 220 0 575 213 0 576 221 0 577 214 0 578 213 0 579 222 0 580 221 0 581 212 0 582 222 0 583 213 0 584 212 0 585 223 0 586 222 0 587 211 0 588 223 0 589 212 0 590 211 0 591 224 0 592 223 0 593 210 0 594 224 0 595 211 0 596 210 0 597 225 0 598 224 0 599 209 0 600 225 0 601 210 0 602 209 0 603 226 0 604 225 0 605 208 0 606 226 0 607 209 0 608 208 0 609 227 0 610 226 0 611 207 0 612 227 0 613 208 0 614 207 0 615 228 0 616 227 0 617 206 0 618 228 0 619 207 0 620 206 0 621 229 0 622 228 0 623 205 0 624 229 0 625 206 0 626 204 0 627 229 0 628 205 0 629 204 0 630 230 0 631 229 0 632 204 0 633 231 0 634 230 0 635 203 0 636 231 0 637 204 0 638 203 0 639 232 0 640 231 0 641 202 0 642 232 0 643 203 0 644 202 0 645 233 0 646 232 0 647 201 0 648 233 0 649 202 0 650 201 0 651 234 0 652 233 0 653 200 0 654 234 0 655 201 0 656 200 0 657 235 0 658 234 0 659 199 0 660 235 0 661 200 0 662 199 0 663 236 0 664 235 0 665 198 0 666 236 0 667 199 0 668 198 0 669 237 0 670 236 0 671 197 0 672 237 0 673 198 0 674 197 0 675 238 0 676 237 0 677 196 0 678 238 0 679 197 0 680 196 0 681 239 0 682 238 0 683 195 0 684 239 0 685 196 0 686 195 0 687 240 0 688 239 0 689 194 0 690 240 0 691 195 0 692 194 0 693 241 0 694 240 0 695 190 0 696 192 0 697 191 0 698 190 0 699 193 0 700 192 0 701 266 0 702 268 0 703 267 0 704 266 0 705 269 0 706 268 0 707 293 0 708 295 0 709 294 0 710 293 78 711 296 78 712 295 78 713 265 79 714 269 79 715 266 79 716 265 0 717 270 0 718 269 0 719 265 0 720 271 0 721 270 0 722 264 80 723 271 80 724 265 80 725 264 81 726 272 81 727 271 81 728 292 82 729 296 82 730 293 82 731 264 0 732 273 0 733 272 0 734 291 0 735 296 0 736 292 0 737 263 83 738 273 83 739 264 83 740 263 84 741 274 84 742 273 84 743 290 0 744 296 0 745 291 0 746 289 0 747 296 0 748 290 0 749 263 85 750 275 85 751 274 85 752 262 86 753 275 86 754 263 86 755 288 0 756 296 0 757 289 0 758 262 87 759 276 87 760 275 87 761 287 0 762 242 0 763 288 0 764 242 0 765 296 0 766 288 0 767 262 0 768 277 0 769 276 0 770 286 0 771 242 0 772 287 0 773 262 0 774 278 0 775 277 0 776 285 0 777 242 0 778 286 0 779 261 88 780 278 88 781 262 88 782 284 89 783 242 89 784 285 89 785 261 90 786 279 90 787 278 90 788 283 0 789 242 0 790 284 0 791 261 91 792 280 91 793 279 91 794 282 0 795 242 0 796 283 0 797 261 92 798 281 92 799 280 92 800 281 0 801 242 0 802 282 0 803 261 0 804 242 0 805 281 0 806 261 93 807 243 93 808 242 93 809 297 0 810 296 0 811 242 0 812 260 94 813 243 94 814 261 94 815 260 95 816 244 95 817 243 95 818 260 0 819 245 0 820 244 0 821 259 0 822 245 0 823 260 0 824 259 0 825 246 0 826 245 0 827 258 96 828 246 96 829 259 96 830 258 97 831 247 97 832 246 97 833 258 98 834 248 98 835 247 98 836 257 0 837 248 0 838 258 0 839 257 99 840 249 99 841 248 99 842 257 100 843 250 100 844 249 100 845 256 101 846 250 101 847 257 101 848 256 0 849 251 0 850 250 0 851 255 0 852 251 0 853 256 0 854 255 0 855 252 0 856 251 0 857 255 0 858 253 0 859 252 0 860 254 102 861 253 102 862 255 102 863 345 0 864 347 0 865 346 0 866 345 103 867 348 103 868 347 103 869 308 0 870 310 0 871 309 0 872 307 3 873 310 3 874 308 3 875 306 4 876 310 4 877 307 4 878 306 0 879 311 0 880 310 0 881 305 0 882 311 0 883 306 0 884 304 5 885 311 5 886 305 5 887 303 6 888 311 6 889 304 6 890 303 0 891 312 0 892 311 0 893 302 0 894 312 0 895 303 0 896 301 0 897 312 0 898 302 0 899 301 0 900 313 0 901 312 0 902 300 0 903 313 0 904 301 0 905 299 0 906 313 0 907 300 0 908 298 104 909 313 104 910 299 104 911 298 8 912 314 8 913 313 8 914 348 0 915 314 0 916 298 0 917 345 0 918 396 0 919 348 0 920 396 0 921 395 0 922 348 0 923 395 0 924 394 0 925 348 0 926 394 0 927 393 0 928 348 0 929 393 105 930 392 105 931 348 105 932 392 0 933 391 0 934 348 0 935 391 0 936 390 0 937 348 0 938 390 0 939 389 0 940 348 0 941 389 106 942 388 106 943 348 106 944 388 0 945 387 0 946 348 0 947 387 107 948 314 107 949 348 107 950 387 0 951 386 0 952 314 0 953 386 0 954 315 0 955 314 0 956 386 0 957 385 0 958 315 0 959 385 0 960 384 0 961 315 0 962 384 0 963 316 0 964 315 0 965 383 0 966 316 0 967 384 0 968 382 0 969 316 0 970 383 0 971 382 12 972 317 12 973 316 12 974 381 0 975 317 0 976 382 0 977 380 0 978 317 0 979 381 0 980 379 0 981 317 0 982 380 0 983 379 0 984 318 0 985 317 0 986 378 0 987 318 0 988 379 0 989 377 0 990 318 0 991 378 0 992 345 0 993 397 0 994 396 0 995 377 108 996 319 108 997 318 108 998 376 0 999 319 0 1000 377 0 1001 375 14 1002 319 14 1003 376 14 1004 375 109 1005 320 109 1006 319 109 1007 374 0 1008 320 0 1009 375 0 1010 373 16 1011 320 16 1012 374 16 1013 373 0 1014 321 0 1015 320 0 1016 372 0 1017 321 0 1018 373 0 1019 372 0 1020 322 0 1021 321 0 1022 371 0 1023 322 0 1024 372 0 1025 370 17 1026 322 17 1027 371 17 1028 370 110 1029 323 110 1030 322 110 1031 369 0 1032 323 0 1033 370 0 1034 369 0 1035 324 0 1036 323 0 1037 368 19 1038 324 19 1039 369 19 1040 367 0 1041 324 0 1042 368 0 1043 367 0 1044 325 0 1045 324 0 1046 366 0 1047 325 0 1048 367 0 1049 365 0 1050 325 0 1051 366 0 1052 364 111 1053 325 111 1054 365 111 1055 364 112 1056 326 112 1057 325 112 1058 363 0 1059 326 0 1060 364 0 1061 345 113 1062 349 113 1063 397 113 1064 345 114 1065 350 114 1066 349 114 1067 362 0 1068 326 0 1069 363 0 1070 345 115 1071 351 115 1072 350 115 1073 345 25 1074 352 25 1075 351 25 1076 345 116 1077 353 116 1078 352 116 1079 345 27 1080 354 27 1081 353 27 1082 361 28 1083 326 28 1084 362 28 1085 345 117 1086 355 117 1087 354 117 1088 361 0 1089 327 0 1090 326 0 1091 345 118 1092 356 118 1093 355 118 1094 345 31 1095 357 31 1096 356 31 1097 360 0 1098 327 0 1099 361 0 1100 345 119 1101 358 119 1102 357 119 1103 345 120 1104 359 120 1105 358 120 1106 345 121 1107 360 121 1108 359 121 1109 345 122 1110 327 122 1111 360 122 1112 345 36 1113 328 36 1114 327 36 1115 345 0 1116 329 0 1117 328 0 1118 344 123 1119 329 123 1120 345 123 1121 344 0 1122 330 0 1123 329 0 1124 343 0 1125 330 0 1126 344 0 1127 342 0 1128 330 0 1129 343 0 1130 341 0 1131 330 0 1132 342 0 1133 341 0 1134 331 0 1135 330 0 1136 340 0 1137 331 0 1138 341 0 1139 339 0 1140 331 0 1141 340 0 1142 338 38 1143 331 38 1144 339 38 1145 338 0 1146 332 0 1147 331 0 1148 337 124 1149 332 124 1150 338 124 1151 336 0 1152 332 0 1153 337 0 1154 335 40 1155 332 40 1156 336 40 1157 335 0 1158 333 0 1159 332 0 1160 334 0 1161 333 0 1162 335 0 1163 399 125 1164 400 125 1165 401 125 1166 399 125 1167 401 125 1168 402 125 1169 402 125 1170 403 125 1171 404 125 1172 402 126 1173 404 126 1174 405 126 1175 399 125 1176 402 125 1177 405 125 1178 398 125 1179 399 125 1180 405 125 1181 453 125 1182 454 125 1183 455 125 1184 453 125 1185 455 125 1186 456 125 1187 416 125 1188 417 125 1189 418 125 1190 415 127 1191 416 127 1192 418 127 1193 414 128 1194 415 128 1195 418 128 1196 414 125 1197 418 125 1198 419 125 1199 413 125 1200 414 125 1201 419 125 1202 412 129 1203 413 129 1204 419 129 1205 411 130 1206 412 130 1207 419 130 1208 411 125 1209 419 125 1210 420 125 1211 410 125 1212 411 125 1213 420 125 1214 409 125 1215 410 125 1216 420 125 1217 409 125 1218 420 125 1219 421 125 1220 408 125 1221 409 125 1222 421 125 1223 407 125 1224 408 125 1225 421 125 1226 406 131 1227 407 131 1228 421 131 1229 406 132 1230 421 132 1231 422 132 1232 456 125 1233 406 125 1234 422 125 1235 453 125 1236 456 125 1237 504 125 1238 504 133 1239 456 133 1240 503 133 1241 503 125 1242 456 125 1243 502 125 1244 502 125 1245 456 125 1246 501 125 1247 501 134 1248 456 134 1249 500 134 1250 500 125 1251 456 125 1252 499 125 1253 499 135 1254 456 135 1255 498 135 1256 498 136 1257 456 136 1258 497 136 1259 497 125 1260 456 125 1261 496 125 1262 496 125 1263 456 125 1264 495 125 1265 495 137 1266 456 137 1267 422 137 1268 495 125 1269 422 125 1270 494 125 1271 494 125 1272 422 125 1273 423 125 1274 494 125 1275 423 125 1276 493 125 1277 493 125 1278 423 125 1279 492 125 1280 492 125 1281 423 125 1282 424 125 1283 491 125 1284 492 125 1285 424 125 1286 490 125 1287 491 125 1288 424 125 1289 490 138 1290 424 138 1291 425 138 1292 489 125 1293 490 125 1294 425 125 1295 488 125 1296 489 125 1297 425 125 1298 487 125 1299 488 125 1300 425 125 1301 487 125 1302 425 125 1303 426 125 1304 486 125 1305 487 125 1306 426 125 1307 485 125 1308 486 125 1309 426 125 1310 453 125 1311 504 125 1312 505 125 1313 485 125 1314 426 125 1315 427 125 1316 484 125 1317 485 125 1318 427 125 1319 483 139 1320 484 139 1321 427 139 1322 483 140 1323 427 140 1324 428 140 1325 482 125 1326 483 125 1327 428 125 1328 481 141 1329 482 141 1330 428 141 1331 481 125 1332 428 125 1333 429 125 1334 480 125 1335 481 125 1336 429 125 1337 480 125 1338 429 125 1339 430 125 1340 479 125 1341 480 125 1342 430 125 1343 478 142 1344 479 142 1345 430 142 1346 478 143 1347 430 143 1348 431 143 1349 477 125 1350 478 125 1351 431 125 1352 477 125 1353 431 125 1354 432 125 1355 476 144 1356 477 144 1357 432 144 1358 475 125 1359 476 125 1360 432 125 1361 475 125 1362 432 125 1363 433 125 1364 474 145 1365 475 145 1366 433 145 1367 473 125 1368 474 125 1369 433 125 1370 472 146 1371 473 146 1372 433 146 1373 472 147 1374 433 147 1375 434 147 1376 471 125 1377 472 125 1378 434 125 1379 453 148 1380 505 148 1381 457 148 1382 453 149 1383 457 149 1384 458 149 1385 470 125 1386 471 125 1387 434 125 1388 453 150 1389 458 150 1390 459 150 1391 453 151 1392 459 151 1393 460 151 1394 453 152 1395 460 152 1396 461 152 1397 453 153 1398 461 153 1399 462 153 1400 469 154 1401 470 154 1402 434 154 1403 453 155 1404 462 155 1405 463 155 1406 469 125 1407 434 125 1408 435 125 1409 453 156 1410 463 156 1411 464 156 1412 453 157 1413 464 157 1414 465 157 1415 468 125 1416 469 125 1417 435 125 1418 453 158 1419 465 158 1420 466 158 1421 453 159 1422 466 159 1423 467 159 1424 453 160 1425 467 160 1426 468 160 1427 453 125 1428 468 125 1429 435 125 1430 453 161 1431 435 161 1432 436 161 1433 453 125 1434 436 125 1435 437 125 1436 452 162 1437 453 162 1438 437 162 1439 452 125 1440 437 125 1441 438 125 1442 451 125 1443 452 125 1444 438 125 1445 450 125 1446 451 125 1447 438 125 1448 449 163 1449 450 163 1450 438 163 1451 449 125 1452 438 125 1453 439 125 1454 448 125 1455 449 125 1456 439 125 1457 447 125 1458 448 125 1459 439 125 1460 446 164 1461 447 164 1462 439 164 1463 446 125 1464 439 125 1465 440 125 1466 445 165 1467 446 165 1468 440 165 1469 444 125 1470 445 125 1471 440 125 1472 443 166 1473 444 166 1474 440 166 1475 443 125 1476 440 125 1477 441 125 1478 442 125 1479 443 125 1480 441 125 1481 542 125 1482 543 125 1483 544 125 1484 542 125 1485 544 125 1486 545 125 1487 529 167 1488 530 167 1489 531 167 1490 529 125 1491 531 125 1492 532 125 1493 529 168 1494 532 168 1495 533 168 1496 529 125 1497 533 125 1498 534 125 1499 529 125 1500 534 125 1501 535 125 1502 528 169 1503 529 169 1504 535 169 1505 528 125 1506 535 125 1507 536 125 1508 528 125 1509 536 125 1510 537 125 1511 528 170 1512 537 170 1513 538 170 1514 527 171 1515 528 171 1516 538 171 1517 527 125 1518 538 125 1519 539 125 1520 527 172 1521 539 172 1522 540 172 1523 527 173 1524 540 173 1525 541 173 1526 527 125 1527 541 125 1528 542 125 1529 526 125 1530 527 125 1531 542 125 1532 526 125 1533 542 125 1534 548 125 1535 548 174 1536 542 174 1537 547 174 1538 547 175 1539 542 175 1540 546 175 1541 546 125 1542 542 125 1543 583 125 1544 583 125 1545 542 125 1546 545 125 1547 525 125 1548 526 125 1549 551 125 1550 551 125 1551 526 125 1552 550 125 1553 550 176 1554 526 176 1555 549 176 1556 549 125 1557 526 125 1558 548 125 1559 524 125 1560 525 125 1561 554 125 1562 554 125 1563 525 125 1564 553 125 1565 553 125 1566 525 125 1567 552 125 1568 552 125 1569 525 125 1570 551 125 1571 523 125 1572 524 125 1573 557 125 1574 557 125 1575 524 125 1576 556 125 1577 556 125 1578 524 125 1579 555 125 1580 555 125 1581 524 125 1582 554 125 1583 523 177 1584 557 177 1585 558 177 1586 523 178 1587 558 178 1588 559 178 1589 522 179 1590 523 179 1591 559 179 1592 522 180 1593 559 180 1594 560 180 1595 522 181 1596 560 181 1597 561 181 1598 582 125 1599 583 125 1600 545 125 1601 522 125 1602 561 125 1603 562 125 1604 521 182 1605 522 182 1606 562 182 1607 521 125 1608 562 125 1609 563 125 1610 521 183 1611 563 183 1612 564 183 1613 520 184 1614 521 184 1615 564 184 1616 520 125 1617 564 125 1618 565 125 1619 520 125 1620 565 125 1621 566 125 1622 519 185 1623 520 185 1624 566 185 1625 519 186 1626 566 186 1627 567 186 1628 518 187 1629 519 187 1630 567 187 1631 518 125 1632 567 125 1633 568 125 1634 518 125 1635 568 125 1636 569 125 1637 517 188 1638 518 188 1639 569 188 1640 517 189 1641 569 189 1642 570 189 1643 517 125 1644 570 125 1645 571 125 1646 516 190 1647 517 190 1648 571 190 1649 516 125 1650 571 125 1651 572 125 1652 515 191 1653 516 191 1654 572 191 1655 515 125 1656 572 125 1657 573 125 1658 515 192 1659 573 192 1660 574 192 1661 514 193 1662 515 193 1663 574 193 1664 514 194 1665 574 194 1666 575 194 1667 514 125 1668 575 125 1669 576 125 1670 513 125 1671 514 125 1672 576 125 1673 513 195 1674 576 195 1675 577 195 1676 513 125 1677 577 125 1678 578 125 1679 513 125 1680 578 125 1681 579 125 1682 512 196 1683 513 196 1684 579 196 1685 512 197 1686 579 197 1687 580 197 1688 512 198 1689 580 198 1690 581 198 1691 512 125 1692 581 125 1693 582 125 1694 512 125 1695 582 125 1696 545 125 1697 511 199 1698 512 199 1699 545 199 1700 510 200 1701 511 200 1702 545 200 1703 509 125 1704 510 125 1705 545 125 1706 508 125 1707 509 125 1708 545 125 1709 507 201 1710 508 201 1711 545 201 1712 506 125 1713 507 125 1714 545 125 1715 584 125 1716 585 125 1717 586 125 1718 584 125 1719 586 125 1720 587 125 1721 614 125 1722 615 125 1723 616 125 1724 614 125 1725 616 125 1726 617 125 1727 613 125 1728 614 125 1729 617 125 1730 613 125 1731 617 125 1732 618 125 1733 612 125 1734 613 125 1735 618 125 1736 612 125 1737 618 125 1738 619 125 1739 611 125 1740 612 125 1741 619 125 1742 611 125 1743 619 125 1744 620 125 1745 610 125 1746 611 125 1747 620 125 1748 610 125 1749 620 125 1750 621 125 1751 609 125 1752 610 125 1753 621 125 1754 609 125 1755 621 125 1756 622 125 1757 608 125 1758 609 125 1759 622 125 1760 608 125 1761 622 125 1762 623 125 1763 607 125 1764 608 125 1765 623 125 1766 607 125 1767 623 125 1768 624 125 1769 606 125 1770 607 125 1771 624 125 1772 606 125 1773 624 125 1774 625 125 1775 605 125 1776 606 125 1777 625 125 1778 605 125 1779 625 125 1780 626 125 1781 604 125 1782 605 125 1783 626 125 1784 604 125 1785 626 125 1786 627 125 1787 603 125 1788 604 125 1789 627 125 1790 602 125 1791 603 125 1792 627 125 1793 602 125 1794 627 125 1795 628 125 1796 602 125 1797 628 125 1798 629 125 1799 601 125 1800 602 125 1801 629 125 1802 601 125 1803 629 125 1804 630 125 1805 600 125 1806 601 125 1807 630 125 1808 600 125 1809 630 125 1810 631 125 1811 599 125 1812 600 125 1813 631 125 1814 599 125 1815 631 125 1816 632 125 1817 598 125 1818 599 125 1819 632 125 1820 598 125 1821 632 125 1822 633 125 1823 597 125 1824 598 125 1825 633 125 1826 597 125 1827 633 125 1828 634 125 1829 596 125 1830 597 125 1831 634 125 1832 596 125 1833 634 125 1834 635 125 1835 595 125 1836 596 125 1837 635 125 1838 595 125 1839 635 125 1840 636 125 1841 594 125 1842 595 125 1843 636 125 1844 594 125 1845 636 125 1846 637 125 1847 593 125 1848 594 125 1849 637 125 1850 593 125 1851 637 125 1852 638 125 1853 592 125 1854 593 125 1855 638 125 1856 592 125 1857 638 125 1858 639 125 1859 588 125 1860 589 125 1861 590 125 1862 588 125 1863 590 125 1864 591 125 1865 664 125 1866 665 125 1867 666 125 1868 664 125 1869 666 125 1870 667 125 1871 691 125 1872 692 125 1873 693 125 1874 691 125 1875 693 125 1876 694 125 1877 663 202 1878 664 202 1879 667 202 1880 663 125 1881 667 125 1882 668 125 1883 663 125 1884 668 125 1885 669 125 1886 662 203 1887 663 203 1888 669 203 1889 662 204 1890 669 204 1891 670 204 1892 690 125 1893 691 125 1894 694 125 1895 662 125 1896 670 125 1897 671 125 1898 689 205 1899 690 205 1900 694 205 1901 661 206 1902 662 206 1903 671 206 1904 661 207 1905 671 207 1906 672 207 1907 688 125 1908 689 125 1909 694 125 1910 687 125 1911 688 125 1912 694 125 1913 661 208 1914 672 208 1915 673 208 1916 660 209 1917 661 209 1918 673 209 1919 686 210 1920 687 210 1921 694 210 1922 660 211 1923 673 211 1924 674 211 1925 685 125 1926 686 125 1927 640 125 1928 640 125 1929 686 125 1930 694 125 1931 660 125 1932 674 125 1933 675 125 1934 684 125 1935 685 125 1936 640 125 1937 660 125 1938 675 125 1939 676 125 1940 683 125 1941 684 125 1942 640 125 1943 659 212 1944 660 212 1945 676 212 1946 682 213 1947 683 213 1948 640 213 1949 659 214 1950 676 214 1951 677 214 1952 681 125 1953 682 125 1954 640 125 1955 659 215 1956 677 215 1957 678 215 1958 680 125 1959 681 125 1960 640 125 1961 659 216 1962 678 216 1963 679 216 1964 679 217 1965 680 217 1966 640 217 1967 659 218 1968 679 218 1969 640 218 1970 659 219 1971 640 219 1972 641 219 1973 695 125 1974 640 125 1975 694 125 1976 658 220 1977 659 220 1978 641 220 1979 658 221 1980 641 221 1981 642 221 1982 658 125 1983 642 125 1984 643 125 1985 657 222 1986 658 222 1987 643 222 1988 657 125 1989 643 125 1990 644 125 1991 656 223 1992 657 223 1993 644 223 1994 656 224 1995 644 224 1996 645 224 1997 656 225 1998 645 225 1999 646 225 2000 655 125 2001 656 125 2002 646 125 2003 655 226 2004 646 226 2005 647 226 2006 655 227 2007 647 227 2008 648 227 2009 654 228 2010 655 228 2011 648 228 2012 654 125 2013 648 125 2014 649 125 2015 653 125 2016 654 125 2017 649 125 2018 653 125 2019 649 125 2020 650 125 2021 653 125 2022 650 125 2023 651 125 2024 652 229 2025 653 229 2026 651 229 2027 743 125 2028 744 125 2029 745 125 2030 743 125 2031 745 125 2032 746 125 2033 706 125 2034 707 125 2035 708 125 2036 705 127 2037 706 127 2038 708 127 2039 704 128 2040 705 128 2041 708 128 2042 704 125 2043 708 125 2044 709 125 2045 703 125 2046 704 125 2047 709 125 2048 702 129 2049 703 129 2050 709 129 2051 701 130 2052 702 130 2053 709 130 2054 701 125 2055 709 125 2056 710 125 2057 700 125 2058 701 125 2059 710 125 2060 699 125 2061 700 125 2062 710 125 2063 699 125 2064 710 125 2065 711 125 2066 698 125 2067 699 125 2068 711 125 2069 697 125 2070 698 125 2071 711 125 2072 696 230 2073 697 230 2074 711 230 2075 696 132 2076 711 132 2077 712 132 2078 746 125 2079 696 125 2080 712 125 2081 743 125 2082 746 125 2083 794 125 2084 794 133 2085 746 133 2086 793 133 2087 793 125 2088 746 125 2089 792 125 2090 792 125 2091 746 125 2092 791 125 2093 791 231 2094 746 231 2095 790 231 2096 790 125 2097 746 125 2098 789 125 2099 789 232 2100 746 232 2101 788 232 2102 788 233 2103 746 233 2104 787 233 2105 787 125 2106 746 125 2107 786 125 2108 786 125 2109 746 125 2110 785 125 2111 785 234 2112 746 234 2113 712 234 2114 785 125 2115 712 125 2116 784 125 2117 784 125 2118 712 125 2119 713 125 2120 784 125 2121 713 125 2122 783 125 2123 783 125 2124 713 125 2125 782 125 2126 782 125 2127 713 125 2128 714 125 2129 781 125 2130 782 125 2131 714 125 2132 780 125 2133 781 125 2134 714 125 2135 780 138 2136 714 138 2137 715 138 2138 779 125 2139 780 125 2140 715 125 2141 778 125 2142 779 125 2143 715 125 2144 777 125 2145 778 125 2146 715 125 2147 777 125 2148 715 125 2149 716 125 2150 776 125 2151 777 125 2152 716 125 2153 775 125 2154 776 125 2155 716 125 2156 743 125 2157 794 125 2158 795 125 2159 775 125 2160 716 125 2161 717 125 2162 774 125 2163 775 125 2164 717 125 2165 773 139 2166 774 139 2167 717 139 2168 773 235 2169 717 235 2170 718 235 2171 772 125 2172 773 125 2173 718 125 2174 771 141 2175 772 141 2176 718 141 2177 771 125 2178 718 125 2179 719 125 2180 770 125 2181 771 125 2182 719 125 2183 770 125 2184 719 125 2185 720 125 2186 769 125 2187 770 125 2188 720 125 2189 768 142 2190 769 142 2191 720 142 2192 768 236 2193 720 236 2194 721 236 2195 767 125 2196 768 125 2197 721 125 2198 767 125 2199 721 125 2200 722 125 2201 766 144 2202 767 144 2203 722 144 2204 765 125 2205 766 125 2206 722 125 2207 765 125 2208 722 125 2209 723 125 2210 764 237 2211 765 237 2212 723 237 2213 763 125 2214 764 125 2215 723 125 2216 762 238 2217 763 238 2218 723 238 2219 762 239 2220 723 239 2221 724 239 2222 761 125 2223 762 125 2224 724 125 2225 743 240 2226 795 240 2227 747 240 2228 743 241 2229 747 241 2230 748 241 2231 760 125 2232 761 125 2233 724 125 2234 743 242 2235 748 242 2236 749 242 2237 743 151 2238 749 151 2239 750 151 2240 743 243 2241 750 243 2242 751 243 2243 743 153 2244 751 153 2245 752 153 2246 759 154 2247 760 154 2248 724 154 2249 743 244 2250 752 244 2251 753 244 2252 759 125 2253 724 125 2254 725 125 2255 743 245 2256 753 245 2257 754 245 2258 743 157 2259 754 157 2260 755 157 2261 758 125 2262 759 125 2263 725 125 2264 743 246 2265 755 246 2266 756 246 2267 743 247 2268 756 247 2269 757 247 2270 743 248 2271 757 248 2272 758 248 2273 743 125 2274 758 125 2275 725 125 2276 743 161 2277 725 161 2278 726 161 2279 743 125 2280 726 125 2281 727 125 2282 742 249 2283 743 249 2284 727 249 2285 742 125 2286 727 125 2287 728 125 2288 741 125 2289 742 125 2290 728 125 2291 740 125 2292 741 125 2293 728 125 2294 739 163 2295 740 163 2296 728 163 2297 739 125 2298 728 125 2299 729 125 2300 738 125 2301 739 125 2302 729 125 2303 737 125 2304 738 125 2305 729 125 2306 736 164 2307 737 164 2308 729 164 2309 736 125 2310 729 125 2311 730 125 2312 735 250 2313 736 250 2314 730 250 2315 734 125 2316 735 125 2317 730 125 2318 733 166 2319 734 166 2320 730 166 2321 733 125 2322 730 125 2323 731 125 2324 732 125 2325 733 125 2326 731 125 2327 799 251 2328 796 252 2329 797 252 2330 801 253 2331 798 251 2332 799 251 2333 803 254 2334 800 255 2335 801 253 2336 805 256 2337 802 257 2338 803 254 2339 807 258 2340 804 259 2341 805 256 2342 809 260 2343 806 261 2344 807 258 2345 811 262 2346 808 263 2347 809 260 2348 813 264 2349 810 265 2350 811 262 2351 815 266 2352 812 267 2353 813 264 2354 817 268 2355 814 269 2356 815 266 2357 819 270 2358 816 271 2359 817 268 2360 821 272 2361 818 273 2362 819 270 2363 823 274 2364 820 275 2365 821 272 2366 825 276 2367 822 277 2368 823 274 2369 827 278 2370 824 279 2371 825 276 2372 829 280 2373 826 281 2374 827 278 2375 831 282 2376 828 283 2377 829 280 2378 833 284 2379 830 285 2380 831 282 2381 835 286 2382 832 284 2383 833 284 2384 837 287 2385 834 288 2386 835 286 2387 839 289 2388 836 290 2389 837 287 2390 841 291 2391 838 292 2392 839 289 2393 843 293 2394 840 294 2395 841 291 2396 845 295 2397 842 296 2398 843 293 2399 847 297 2400 844 298 2401 845 295 2402 849 299 2403 846 300 2404 847 297 2405 851 301 2406 848 302 2407 849 299 2408 853 303 2409 850 304 2410 851 301 2411 855 305 2412 852 306 2413 853 303 2414 857 307 2415 854 308 2416 855 305 2417 859 309 2418 856 310 2419 857 307 2420 861 311 2421 858 312 2422 859 309 2423 863 313 2424 860 311 2425 861 311 2426 865 314 2427 862 315 2428 863 313 2429 867 316 2430 864 317 2431 865 314 2432 869 318 2433 866 319 2434 867 316 2435 871 320 2436 868 321 2437 869 318 2438 873 322 2439 870 323 2440 871 320 2441 875 324 2442 872 325 2443 873 322 2444 877 326 2445 874 327 2446 875 324 2447 879 328 2448 876 329 2449 877 326 2450 881 330 2451 878 331 2452 879 328 2453 883 332 2454 880 333 2455 881 330 2456 885 334 2457 882 335 2458 883 332 2459 887 336 2460 884 337 2461 885 334 2462 889 338 2463 886 339 2464 887 336 2465 891 340 2466 888 338 2467 889 338 2468 893 341 2469 890 342 2470 891 340 2471 895 343 2472 892 344 2473 893 341 2474 897 345 2475 894 343 2476 895 343 2477 797 252 2478 896 346 2479 897 345 2480 901 347 2481 898 348 2482 899 349 2483 903 350 2484 900 351 2485 901 347 2486 905 352 2487 902 353 2488 903 350 2489 907 354 2490 904 355 2491 905 352 2492 909 356 2493 906 357 2494 907 354 2495 911 358 2496 908 356 2497 909 356 2498 913 359 2499 910 360 2500 911 358 2501 915 361 2502 912 362 2503 913 359 2504 917 363 2505 914 364 2506 915 361 2507 919 365 2508 916 366 2509 917 363 2510 921 367 2511 918 368 2512 919 365 2513 923 369 2514 920 370 2515 921 367 2516 925 371 2517 922 372 2518 923 369 2519 927 373 2520 924 374 2521 925 371 2522 929 375 2523 926 376 2524 927 373 2525 931 377 2526 928 378 2527 929 375 2528 933 379 2529 930 380 2530 931 377 2531 935 381 2532 932 382 2533 933 379 2534 937 383 2535 934 381 2536 935 381 2537 939 384 2538 936 383 2539 937 383 2540 941 385 2541 938 386 2542 939 384 2543 943 387 2544 940 388 2545 941 385 2546 945 389 2547 942 390 2548 943 387 2549 947 391 2550 944 392 2551 945 389 2552 949 393 2553 946 394 2554 947 391 2555 951 395 2556 948 396 2557 949 393 2558 953 397 2559 950 398 2560 951 395 2561 955 399 2562 952 400 2563 953 397 2564 957 401 2565 954 402 2566 955 399 2567 959 403 2568 956 404 2569 957 401 2570 961 405 2571 958 406 2572 959 403 2573 963 407 2574 960 408 2575 961 405 2576 965 409 2577 962 410 2578 963 407 2579 967 411 2580 964 412 2581 965 409 2582 969 413 2583 966 414 2584 967 411 2585 971 415 2586 968 416 2587 969 413 2588 973 417 2589 970 418 2590 971 415 2591 975 419 2592 972 420 2593 973 417 2594 977 421 2595 974 422 2596 975 419 2597 979 423 2598 976 424 2599 977 421 2600 981 425 2601 978 426 2602 979 423 2603 983 427 2604 980 428 2605 981 425 2606 985 429 2607 982 430 2608 983 427 2609 987 431 2610 984 429 2611 985 429 2612 989 432 2613 986 431 2614 987 431 2615 991 433 2616 988 434 2617 989 432 2618 993 435 2619 990 436 2620 991 433 2621 995 437 2622 992 438 2623 993 435 2624 899 349 2625 994 439 2626 995 437 2627 999 440 2628 996 441 2629 997 442 2630 1001 443 2631 998 444 2632 999 440 2633 1003 445 2634 1000 446 2635 1001 443 2636 1005 447 2637 1002 448 2638 1003 445 2639 1007 449 2640 1004 450 2641 1005 447 2642 1009 451 2643 1006 452 2644 1007 449 2645 1011 453 2646 1008 454 2647 1009 451 2648 1013 455 2649 1010 456 2650 1011 453 2651 1015 457 2652 1012 458 2653 1013 455 2654 1017 459 2655 1014 460 2656 1015 457 2657 1019 461 2658 1016 462 2659 1017 459 2660 1021 463 2661 1018 464 2662 1019 461 2663 1023 465 2664 1020 466 2665 1021 463 2666 1025 467 2667 1022 468 2668 1023 465 2669 1027 469 2670 1024 470 2671 1025 467 2672 1029 471 2673 1026 472 2674 1027 469 2675 1031 473 2676 1028 474 2677 1029 471 2678 1033 475 2679 1030 476 2680 1031 473 2681 1035 477 2682 1032 478 2683 1033 475 2684 1037 479 2685 1034 480 2686 1035 477 2687 1039 481 2688 1036 482 2689 1037 479 2690 1041 483 2691 1038 484 2692 1039 481 2693 1043 485 2694 1040 486 2695 1041 483 2696 1045 487 2697 1042 488 2698 1043 485 2699 1047 344 2700 1044 489 2701 1045 487 2702 1049 490 2703 1046 491 2704 1047 344 2705 1051 492 2706 1048 493 2707 1049 490 2708 1053 494 2709 1050 495 2710 1051 492 2711 1055 496 2712 1052 497 2713 1053 494 2714 1057 498 2715 1054 499 2716 1055 496 2717 1059 500 2718 1056 501 2719 1057 498 2720 1061 502 2721 1058 503 2722 1059 500 2723 1063 504 2724 1060 505 2725 1061 502 2726 1065 506 2727 1062 507 2728 1063 504 2729 1067 508 2730 1064 509 2731 1065 506 2732 1069 510 2733 1066 511 2734 1067 508 2735 1071 512 2736 1068 513 2737 1069 510 2738 1073 514 2739 1070 515 2740 1071 512 2741 1075 516 2742 1072 517 2743 1073 514 2744 1077 518 2745 1074 519 2746 1075 516 2747 1079 520 2748 1076 521 2749 1077 518 2750 1081 522 2751 1078 523 2752 1079 520 2753 1083 524 2754 1080 525 2755 1081 522 2756 1085 526 2757 1082 527 2758 1083 524 2759 1087 528 2760 1084 529 2761 1085 526 2762 1089 530 2763 1086 528 2764 1087 528 2765 1091 531 2766 1088 532 2767 1089 530 2768 1093 533 2769 1090 534 2770 1091 531 2771 1095 535 2772 1092 536 2773 1093 533 2774 1097 537 2775 1094 538 2776 1095 535 2777 1099 539 2778 1096 540 2779 1097 537 2780 1101 344 2781 1098 541 2782 1099 539 2783 1103 343 2784 1100 344 2785 1101 344 2786 1105 542 2787 1102 543 2788 1103 343 2789 1107 544 2790 1104 545 2791 1105 542 2792 997 442 2793 1106 546 2794 1107 544 2795 1111 341 2796 1108 547 2797 1109 544 2798 1113 343 2799 1110 344 2800 1111 341 2801 1115 542 2802 1112 543 2803 1113 343 2804 1109 544 2805 1114 545 2806 1115 542 2807 1119 548 2808 1116 549 2809 1117 550 2810 1121 551 2811 1118 552 2812 1119 548 2813 1123 553 2814 1120 554 2815 1121 551 2816 1125 555 2817 1122 556 2818 1123 553 2819 1127 557 2820 1124 558 2821 1125 555 2822 1129 559 2823 1126 560 2824 1127 557 2825 1131 561 2826 1128 562 2827 1129 559 2828 1133 563 2829 1130 564 2830 1131 561 2831 1135 565 2832 1132 566 2833 1133 563 2834 1137 567 2835 1134 568 2836 1135 565 2837 1139 569 2838 1136 570 2839 1137 567 2840 1141 571 2841 1138 572 2842 1139 569 2843 1143 573 2844 1140 574 2845 1141 571 2846 1145 575 2847 1142 576 2848 1143 573 2849 1147 577 2850 1144 578 2851 1145 575 2852 1149 579 2853 1146 580 2854 1147 577 2855 1151 581 2856 1148 582 2857 1149 579 2858 1153 583 2859 1150 584 2860 1151 581 2861 1155 585 2862 1152 586 2863 1153 583 2864 1157 587 2865 1154 588 2866 1155 585 2867 1159 589 2868 1156 590 2869 1157 587 2870 1161 591 2871 1158 592 2872 1159 589 2873 1163 593 2874 1160 594 2875 1161 591 2876 1165 595 2877 1162 596 2878 1163 593 2879 1167 597 2880 1164 598 2881 1165 595 2882 1169 599 2883 1166 600 2884 1167 597 2885 1171 601 2886 1168 602 2887 1169 599 2888 1173 603 2889 1170 604 2890 1171 601 2891 1175 605 2892 1172 606 2893 1173 603 2894 1177 607 2895 1174 608 2896 1175 605 2897 1179 609 2898 1176 610 2899 1177 607 2900 1181 611 2901 1178 612 2902 1179 609 2903 1183 613 2904 1180 614 2905 1181 611 2906 1185 615 2907 1182 616 2908 1183 613 2909 1187 617 2910 1184 618 2911 1185 615 2912 1189 619 2913 1186 620 2914 1187 617 2915 1191 621 2916 1188 622 2917 1189 619 2918 1193 623 2919 1190 624 2920 1191 621 2921 1195 625 2922 1192 626 2923 1193 623 2924 1197 627 2925 1194 628 2926 1195 625 2927 1199 629 2928 1196 630 2929 1197 627 2930 1201 631 2931 1198 632 2932 1199 629 2933 1203 633 2934 1200 634 2935 1201 631 2936 1205 635 2937 1202 636 2938 1203 633 2939 1207 637 2940 1204 638 2941 1205 635 2942 1209 639 2943 1206 640 2944 1207 637 2945 1211 641 2946 1208 642 2947 1209 639 2948 1117 550 2949 1210 643 2950 1211 641 2951 1215 341 2952 1212 547 2953 1213 644 2954 1217 490 2955 1214 491 2956 1215 341 2957 1219 542 2958 1216 543 2959 1217 490 2960 1213 644 2961 1218 645 2962 1219 542 2963 1223 646 2964 1220 647 2965 1221 648 2966 1225 649 2967 1222 650 2968 1223 646 2969 1227 651 2970 1224 652 2971 1225 649 2972 1229 653 2973 1226 654 2974 1227 651 2975 1231 655 2976 1228 656 2977 1229 653 2978 1233 657 2979 1230 658 2980 1231 655 2981 1235 659 2982 1232 660 2983 1233 657 2984 1237 661 2985 1234 662 2986 1235 659 2987 1239 663 2988 1236 664 2989 1237 661 2990 1241 665 2991 1238 666 2992 1239 663 2993 1243 667 2994 1240 668 2995 1241 665 2996 1245 669 2997 1242 670 2998 1243 667 2999 1247 671 3000 1244 672 3001 1245 669 3002 1249 673 3003 1246 674 3004 1247 671 3005 1251 675 3006 1248 676 3007 1249 673 3008 1253 677 3009 1250 678 3010 1251 675 3011 1255 679 3012 1252 680 3013 1253 677 3014 1257 681 3015 1254 682 3016 1255 679 3017 1259 683 3018 1256 684 3019 1257 681 3020 1261 685 3021 1258 686 3022 1259 683 3023 1263 687 3024 1260 688 3025 1261 685 3026 1265 689 3027 1262 690 3028 1263 687 3029 1267 691 3030 1264 692 3031 1265 689 3032 1269 693 3033 1266 694 3034 1267 691 3035 1271 695 3036 1268 696 3037 1269 693 3038 1273 697 3039 1270 698 3040 1271 695 3041 1275 699 3042 1272 700 3043 1273 697 3044 1277 701 3045 1274 702 3046 1275 699 3047 1279 703 3048 1276 704 3049 1277 701 3050 1281 705 3051 1278 706 3052 1279 703 3053 1283 707 3054 1280 708 3055 1281 705 3056 1285 709 3057 1282 710 3058 1283 707 3059 1287 711 3060 1284 712 3061 1285 709 3062 1289 713 3063 1286 714 3064 1287 711 3065 1291 715 3066 1288 716 3067 1289 713 3068 1293 717 3069 1290 718 3070 1291 715 3071 1295 341 3072 1292 719 3073 1293 717 3074 1297 343 3075 1294 344 3076 1295 341 3077 1299 542 3078 1296 543 3079 1297 343 3080 1221 648 3081 1298 720 3082 1299 542 3083 1303 721 3084 1300 722 3085 1301 723 3086 1305 724 3087 1302 725 3088 1303 721 3089 1307 726 3090 1304 727 3091 1305 724 3092 1309 728 3093 1306 729 3094 1307 726 3095 1311 730 3096 1308 731 3097 1309 728 3098 1313 732 3099 1310 733 3100 1311 730 3101 1315 734 3102 1312 735 3103 1313 732 3104 1317 736 3105 1314 737 3106 1315 734 3107 1319 738 3108 1316 739 3109 1317 736 3110 1321 740 3111 1318 741 3112 1319 738 3113 1323 742 3114 1320 743 3115 1321 740 3116 1325 744 3117 1322 745 3118 1323 742 3119 1327 746 3120 1324 747 3121 1325 744 3122 1329 748 3123 1326 749 3124 1327 746 3125 1331 750 3126 1328 751 3127 1329 748 3128 1333 752 3129 1330 753 3130 1331 750 3131 1335 754 3132 1332 755 3133 1333 752 3134 1337 756 3135 1334 757 3136 1335 754 3137 1339 758 3138 1336 759 3139 1337 756 3140 1341 760 3141 1338 761 3142 1339 758 3143 1343 762 3144 1340 763 3145 1341 760 3146 1345 764 3147 1342 765 3148 1343 762 3149 1347 766 3150 1344 767 3151 1345 764 3152 1349 768 3153 1346 769 3154 1347 766 3155 1351 770 3156 1348 771 3157 1349 768 3158 1353 772 3159 1350 773 3160 1351 770 3161 1355 774 3162 1352 775 3163 1353 772 3164 1357 776 3165 1354 777 3166 1355 774 3167 1359 778 3168 1356 779 3169 1357 776 3170 1361 780 3171 1358 781 3172 1359 778 3173 1363 782 3174 1360 783 3175 1361 780 3176 1365 784 3177 1362 785 3178 1363 782 3179 1367 786 3180 1364 787 3181 1365 784 3182 1369 788 3183 1366 789 3184 1367 786 3185 1371 790 3186 1368 791 3187 1369 788 3188 1373 341 3189 1370 792 3190 1371 790 3191 1375 793 3192 1372 794 3193 1373 341 3194 1301 723 3195 1374 795 3196 1375 793 3197 1379 796 3198 1376 252 3199 1377 252 3200 1381 797 3201 1378 798 3202 1379 796 3203 1383 799 3204 1380 800 3205 1381 797 3206 1385 801 3207 1382 802 3208 1383 799 3209 1387 803 3210 1384 804 3211 1385 801 3212 1389 805 3213 1386 806 3214 1387 803 3215 1391 807 3216 1388 808 3217 1389 805 3218 1393 809 3219 1390 810 3220 1391 807 3221 1395 811 3222 1392 812 3223 1393 809 3224 1397 813 3225 1394 811 3226 1395 811 3227 1399 814 3228 1396 815 3229 1397 813 3230 1401 816 3231 1398 817 3232 1399 814 3233 1403 818 3234 1400 819 3235 1401 816 3236 1405 820 3237 1402 818 3238 1403 818 3239 1407 278 3240 1404 279 3241 1405 820 3242 1409 280 3243 1406 281 3244 1407 278 3245 1411 821 3246 1408 822 3247 1409 280 3248 1413 284 3249 1410 821 3250 1411 821 3251 1415 823 3252 1412 284 3253 1413 284 3254 1417 824 3255 1414 825 3256 1415 823 3257 1419 826 3258 1416 827 3259 1417 824 3260 1421 828 3261 1418 829 3262 1419 826 3263 1423 830 3264 1420 831 3265 1421 828 3266 1425 832 3267 1422 296 3268 1423 830 3269 1427 833 3270 1424 834 3271 1425 832 3272 1429 835 3273 1426 836 3274 1427 833 3275 1431 837 3276 1428 838 3277 1429 835 3278 1433 839 3279 1430 840 3280 1431 837 3281 1435 841 3282 1432 842 3283 1433 839 3284 1437 843 3285 1434 844 3286 1435 841 3287 1439 845 3288 1436 846 3289 1437 843 3290 1441 311 3291 1438 847 3292 1439 845 3293 1443 313 3294 1440 311 3295 1441 311 3296 1445 314 3297 1442 315 3298 1443 313 3299 1447 848 3300 1444 849 3301 1445 314 3302 1449 850 3303 1446 851 3304 1447 848 3305 1451 852 3306 1448 853 3307 1449 850 3308 1453 854 3309 1450 320 3310 1451 852 3311 1455 855 3312 1452 856 3313 1453 854 3314 1457 857 3315 1454 858 3316 1455 855 3317 1459 859 3318 1456 860 3319 1457 857 3320 1461 861 3321 1458 862 3322 1459 859 3323 1463 863 3324 1460 864 3325 1461 861 3326 1465 865 3327 1462 866 3328 1463 863 3329 1467 867 3330 1464 868 3331 1465 865 3332 1469 869 3333 1466 870 3334 1467 867 3335 1471 340 3336 1468 338 3337 1469 869 3338 1473 341 3339 1470 342 3340 1471 340 3341 1475 490 3342 1472 491 3343 1473 341 3344 1477 345 3345 1474 343 3346 1475 490 3347 1377 252 3348 1476 346 3349 1477 345 3350 1481 871 3351 1478 872 3352 1479 873 3353 1483 874 3354 1480 875 3355 1481 871 3356 1485 352 3357 1482 353 3358 1483 874 3359 1487 876 3360 1484 877 3361 1485 352 3362 1489 356 3363 1486 878 3364 1487 876 3365 1491 879 3366 1488 356 3367 1489 356 3368 1493 880 3369 1490 881 3370 1491 879 3371 1495 882 3372 1492 883 3373 1493 880 3374 1497 884 3375 1494 885 3376 1495 882 3377 1499 886 3378 1496 887 3379 1497 884 3380 1501 888 3381 1498 889 3382 1499 886 3383 1503 890 3384 1500 891 3385 1501 888 3386 1505 892 3387 1502 893 3388 1503 890 3389 1507 894 3390 1504 895 3391 1505 892 3392 1509 896 3393 1506 894 3394 1507 894 3395 1511 897 3396 1508 898 3397 1509 896 3398 1513 899 3399 1510 900 3400 1511 897 3401 1515 901 3402 1512 902 3403 1513 899 3404 1517 383 3405 1514 903 3406 1515 901 3407 1519 384 3408 1516 383 3409 1517 383 3410 1521 904 3411 1518 386 3412 1519 384 3413 1523 905 3414 1520 906 3415 1521 904 3416 1525 907 3417 1522 908 3418 1523 905 3419 1527 909 3420 1524 910 3421 1525 907 3422 1529 911 3423 1526 912 3424 1527 909 3425 1531 913 3426 1528 914 3427 1529 911 3428 1533 915 3429 1530 916 3430 1531 913 3431 1535 917 3432 1532 918 3433 1533 915 3434 1537 919 3435 1534 920 3436 1535 917 3437 1539 921 3438 1536 922 3439 1537 919 3440 1541 923 3441 1538 924 3442 1539 921 3443 1543 925 3444 1540 926 3445 1541 923 3446 1545 927 3447 1542 928 3448 1543 925 3449 1547 929 3450 1544 930 3451 1545 927 3452 1549 931 3453 1546 932 3454 1547 929 3455 1551 933 3456 1548 934 3457 1549 931 3458 1553 935 3459 1550 936 3460 1551 933 3461 1555 937 3462 1552 938 3463 1553 935 3464 1557 939 3465 1554 940 3466 1555 937 3467 1559 941 3468 1556 942 3469 1557 939 3470 1561 943 3471 1558 944 3472 1559 941 3473 1563 945 3474 1560 946 3475 1561 943 3476 1565 947 3477 1562 948 3478 1563 945 3479 1567 431 3480 1564 949 3481 1565 947 3482 1569 950 3483 1566 431 3484 1567 431 3485 1571 951 3486 1568 952 3487 1569 950 3488 1573 435 3489 1570 953 3490 1571 951 3491 1575 954 3492 1572 438 3493 1573 435 3494 1479 873 3495 1574 955 3496 1575 954 3497 1579 956 3498 1576 957 3499 1577 958 3500 1581 959 3501 1578 960 3502 1579 956 3503 1583 961 3504 1580 962 3505 1581 959 3506 1585 963 3507 1582 961 3508 1583 961 3509 1587 964 3510 1584 965 3511 1585 963 3512 1589 966 3513 1586 967 3514 1587 964 3515 1591 968 3516 1588 969 3517 1589 966 3518 1577 958 3519 1590 970 3520 1591 968 3521 799 251 3522 798 251 3523 796 252 3524 801 253 3525 800 255 3526 798 251 3527 803 254 3528 802 257 3529 800 255 3530 805 256 3531 804 259 3532 802 257 3533 807 258 3534 806 261 3535 804 259 3536 809 260 3537 808 263 3538 806 261 3539 811 262 3540 810 265 3541 808 263 3542 813 264 3543 812 267 3544 810 265 3545 815 266 3546 814 269 3547 812 267 3548 817 268 3549 816 271 3550 814 269 3551 819 270 3552 818 273 3553 816 271 3554 821 272 3555 820 275 3556 818 273 3557 823 274 3558 822 277 3559 820 275 3560 825 276 3561 824 279 3562 822 277 3563 827 278 3564 826 281 3565 824 279 3566 829 280 3567 828 283 3568 826 281 3569 831 282 3570 830 285 3571 828 283 3572 833 284 3573 832 284 3574 830 285 3575 835 286 3576 834 288 3577 832 284 3578 837 287 3579 836 290 3580 834 288 3581 839 289 3582 838 292 3583 836 290 3584 841 291 3585 840 294 3586 838 292 3587 843 293 3588 842 296 3589 840 294 3590 845 295 3591 844 298 3592 842 296 3593 847 297 3594 846 300 3595 844 298 3596 849 299 3597 848 302 3598 846 300 3599 851 301 3600 850 304 3601 848 302 3602 853 303 3603 852 306 3604 850 304 3605 855 305 3606 854 308 3607 852 306 3608 857 307 3609 856 310 3610 854 308 3611 859 309 3612 858 312 3613 856 310 3614 861 311 3615 860 311 3616 858 312 3617 863 313 3618 862 315 3619 860 311 3620 865 314 3621 864 317 3622 862 315 3623 867 316 3624 866 319 3625 864 317 3626 869 318 3627 868 321 3628 866 319 3629 871 320 3630 870 323 3631 868 321 3632 873 322 3633 872 325 3634 870 323 3635 875 324 3636 874 327 3637 872 325 3638 877 326 3639 876 329 3640 874 327 3641 879 328 3642 878 331 3643 876 329 3644 881 330 3645 880 333 3646 878 331 3647 883 332 3648 882 335 3649 880 333 3650 885 334 3651 884 337 3652 882 335 3653 887 336 3654 886 339 3655 884 337 3656 889 338 3657 888 338 3658 886 339 3659 891 340 3660 890 342 3661 888 338 3662 893 341 3663 892 344 3664 890 342 3665 895 343 3666 894 343 3667 892 344 3668 897 345 3669 896 346 3670 894 343 3671 797 252 3672 796 252 3673 896 346 3674 901 347 3675 900 351 3676 898 348 3677 903 350 3678 902 353 3679 900 351 3680 905 352 3681 904 355 3682 902 353 3683 907 354 3684 906 357 3685 904 355 3686 909 356 3687 908 356 3688 906 357 3689 911 358 3690 910 360 3691 908 356 3692 913 359 3693 912 362 3694 910 360 3695 915 361 3696 914 364 3697 912 362 3698 917 363 3699 916 366 3700 914 364 3701 919 365 3702 918 368 3703 916 366 3704 921 367 3705 920 370 3706 918 368 3707 923 369 3708 922 372 3709 920 370 3710 925 371 3711 924 374 3712 922 372 3713 927 373 3714 926 376 3715 924 374 3716 929 375 3717 928 378 3718 926 376 3719 931 377 3720 930 380 3721 928 378 3722 933 379 3723 932 382 3724 930 380 3725 935 381 3726 934 381 3727 932 382 3728 937 383 3729 936 383 3730 934 381 3731 939 384 3732 938 386 3733 936 383 3734 941 385 3735 940 388 3736 938 386 3737 943 387 3738 942 390 3739 940 388 3740 945 389 3741 944 392 3742 942 390 3743 947 391 3744 946 394 3745 944 392 3746 949 393 3747 948 396 3748 946 394 3749 951 395 3750 950 398 3751 948 396 3752 953 397 3753 952 400 3754 950 398 3755 955 399 3756 954 402 3757 952 400 3758 957 401 3759 956 404 3760 954 402 3761 959 403 3762 958 406 3763 956 404 3764 961 405 3765 960 408 3766 958 406 3767 963 407 3768 962 410 3769 960 408 3770 965 409 3771 964 412 3772 962 410 3773 967 411 3774 966 414 3775 964 412 3776 969 413 3777 968 416 3778 966 414 3779 971 415 3780 970 418 3781 968 416 3782 973 417 3783 972 420 3784 970 418 3785 975 419 3786 974 422 3787 972 420 3788 977 421 3789 976 424 3790 974 422 3791 979 423 3792 978 426 3793 976 424 3794 981 425 3795 980 428 3796 978 426 3797 983 427 3798 982 430 3799 980 428 3800 985 429 3801 984 429 3802 982 430 3803 987 431 3804 986 431 3805 984 429 3806 989 432 3807 988 434 3808 986 431 3809 991 433 3810 990 436 3811 988 434 3812 993 435 3813 992 438 3814 990 436 3815 995 437 3816 994 439 3817 992 438 3818 899 349 3819 898 348 3820 994 439 3821 999 440 3822 998 444 3823 996 441 3824 1001 443 3825 1000 446 3826 998 444 3827 1003 445 3828 1002 448 3829 1000 446 3830 1005 447 3831 1004 450 3832 1002 448 3833 1007 449 3834 1006 452 3835 1004 450 3836 1009 451 3837 1008 454 3838 1006 452 3839 1011 453 3840 1010 456 3841 1008 454 3842 1013 455 3843 1012 458 3844 1010 456 3845 1015 457 3846 1014 460 3847 1012 458 3848 1017 459 3849 1016 462 3850 1014 460 3851 1019 461 3852 1018 464 3853 1016 462 3854 1021 463 3855 1020 466 3856 1018 464 3857 1023 465 3858 1022 468 3859 1020 466 3860 1025 467 3861 1024 470 3862 1022 468 3863 1027 469 3864 1026 472 3865 1024 470 3866 1029 471 3867 1028 474 3868 1026 472 3869 1031 473 3870 1030 476 3871 1028 474 3872 1033 475 3873 1032 478 3874 1030 476 3875 1035 477 3876 1034 480 3877 1032 478 3878 1037 479 3879 1036 482 3880 1034 480 3881 1039 481 3882 1038 484 3883 1036 482 3884 1041 483 3885 1040 486 3886 1038 484 3887 1043 485 3888 1042 488 3889 1040 486 3890 1045 487 3891 1044 489 3892 1042 488 3893 1047 344 3894 1046 491 3895 1044 489 3896 1049 490 3897 1048 493 3898 1046 491 3899 1051 492 3900 1050 495 3901 1048 493 3902 1053 494 3903 1052 497 3904 1050 495 3905 1055 496 3906 1054 499 3907 1052 497 3908 1057 498 3909 1056 501 3910 1054 499 3911 1059 500 3912 1058 503 3913 1056 501 3914 1061 502 3915 1060 505 3916 1058 503 3917 1063 504 3918 1062 507 3919 1060 505 3920 1065 506 3921 1064 509 3922 1062 507 3923 1067 508 3924 1066 511 3925 1064 509 3926 1069 510 3927 1068 513 3928 1066 511 3929 1071 512 3930 1070 515 3931 1068 513 3932 1073 514 3933 1072 517 3934 1070 515 3935 1075 516 3936 1074 519 3937 1072 517 3938 1077 518 3939 1076 521 3940 1074 519 3941 1079 520 3942 1078 523 3943 1076 521 3944 1081 522 3945 1080 525 3946 1078 523 3947 1083 524 3948 1082 527 3949 1080 525 3950 1085 526 3951 1084 529 3952 1082 527 3953 1087 528 3954 1086 528 3955 1084 529 3956 1089 530 3957 1088 532 3958 1086 528 3959 1091 531 3960 1090 534 3961 1088 532 3962 1093 533 3963 1092 536 3964 1090 534 3965 1095 535 3966 1094 538 3967 1092 536 3968 1097 537 3969 1096 540 3970 1094 538 3971 1099 539 3972 1098 541 3973 1096 540 3974 1101 344 3975 1100 344 3976 1098 541 3977 1103 343 3978 1102 543 3979 1100 344 3980 1105 542 3981 1104 545 3982 1102 543 3983 1107 544 3984 1106 546 3985 1104 545 3986 997 442 3987 996 441 3988 1106 546 3989 1111 341 3990 1110 344 3991 1108 547 3992 1113 343 3993 1112 543 3994 1110 344 3995 1115 542 3996 1114 545 3997 1112 543 3998 1109 544 3999 1108 547 4000 1114 545 4001 1119 548 4002 1118 552 4003 1116 549 4004 1121 551 4005 1120 554 4006 1118 552 4007 1123 553 4008 1122 556 4009 1120 554 4010 1125 555 4011 1124 558 4012 1122 556 4013 1127 557 4014 1126 560 4015 1124 558 4016 1129 559 4017 1128 562 4018 1126 560 4019 1131 561 4020 1130 564 4021 1128 562 4022 1133 563 4023 1132 566 4024 1130 564 4025 1135 565 4026 1134 568 4027 1132 566 4028 1137 567 4029 1136 570 4030 1134 568 4031 1139 569 4032 1138 572 4033 1136 570 4034 1141 571 4035 1140 574 4036 1138 572 4037 1143 573 4038 1142 576 4039 1140 574 4040 1145 575 4041 1144 578 4042 1142 576 4043 1147 577 4044 1146 580 4045 1144 578 4046 1149 579 4047 1148 582 4048 1146 580 4049 1151 581 4050 1150 584 4051 1148 582 4052 1153 583 4053 1152 586 4054 1150 584 4055 1155 585 4056 1154 588 4057 1152 586 4058 1157 587 4059 1156 590 4060 1154 588 4061 1159 589 4062 1158 592 4063 1156 590 4064 1161 591 4065 1160 594 4066 1158 592 4067 1163 593 4068 1162 596 4069 1160 594 4070 1165 595 4071 1164 598 4072 1162 596 4073 1167 597 4074 1166 600 4075 1164 598 4076 1169 599 4077 1168 602 4078 1166 600 4079 1171 601 4080 1170 604 4081 1168 602 4082 1173 603 4083 1172 606 4084 1170 604 4085 1175 605 4086 1174 608 4087 1172 606 4088 1177 607 4089 1176 610 4090 1174 608 4091 1179 609 4092 1178 612 4093 1176 610 4094 1181 611 4095 1180 614 4096 1178 612 4097 1183 613 4098 1182 616 4099 1180 614 4100 1185 615 4101 1184 618 4102 1182 616 4103 1187 617 4104 1186 620 4105 1184 618 4106 1189 619 4107 1188 622 4108 1186 620 4109 1191 621 4110 1190 624 4111 1188 622 4112 1193 623 4113 1192 626 4114 1190 624 4115 1195 625 4116 1194 628 4117 1192 626 4118 1197 627 4119 1196 630 4120 1194 628 4121 1199 629 4122 1198 632 4123 1196 630 4124 1201 631 4125 1200 634 4126 1198 632 4127 1203 633 4128 1202 636 4129 1200 634 4130 1205 635 4131 1204 638 4132 1202 636 4133 1207 637 4134 1206 640 4135 1204 638 4136 1209 639 4137 1208 642 4138 1206 640 4139 1211 641 4140 1210 643 4141 1208 642 4142 1117 550 4143 1116 549 4144 1210 643 4145 1215 341 4146 1214 491 4147 1212 547 4148 1217 490 4149 1216 543 4150 1214 491 4151 1219 542 4152 1218 645 4153 1216 543 4154 1213 644 4155 1212 547 4156 1218 645 4157 1223 646 4158 1222 650 4159 1220 647 4160 1225 649 4161 1224 652 4162 1222 650 4163 1227 651 4164 1226 654 4165 1224 652 4166 1229 653 4167 1228 656 4168 1226 654 4169 1231 655 4170 1230 658 4171 1228 656 4172 1233 657 4173 1232 660 4174 1230 658 4175 1235 659 4176 1234 662 4177 1232 660 4178 1237 661 4179 1236 664 4180 1234 662 4181 1239 663 4182 1238 666 4183 1236 664 4184 1241 665 4185 1240 668 4186 1238 666 4187 1243 667 4188 1242 670 4189 1240 668 4190 1245 669 4191 1244 672 4192 1242 670 4193 1247 671 4194 1246 674 4195 1244 672 4196 1249 673 4197 1248 676 4198 1246 674 4199 1251 675 4200 1250 678 4201 1248 676 4202 1253 677 4203 1252 680 4204 1250 678 4205 1255 679 4206 1254 682 4207 1252 680 4208 1257 681 4209 1256 684 4210 1254 682 4211 1259 683 4212 1258 686 4213 1256 684 4214 1261 685 4215 1260 688 4216 1258 686 4217 1263 687 4218 1262 690 4219 1260 688 4220 1265 689 4221 1264 692 4222 1262 690 4223 1267 691 4224 1266 694 4225 1264 692 4226 1269 693 4227 1268 696 4228 1266 694 4229 1271 695 4230 1270 698 4231 1268 696 4232 1273 697 4233 1272 700 4234 1270 698 4235 1275 699 4236 1274 702 4237 1272 700 4238 1277 701 4239 1276 704 4240 1274 702 4241 1279 703 4242 1278 706 4243 1276 704 4244 1281 705 4245 1280 708 4246 1278 706 4247 1283 707 4248 1282 710 4249 1280 708 4250 1285 709 4251 1284 712 4252 1282 710 4253 1287 711 4254 1286 714 4255 1284 712 4256 1289 713 4257 1288 716 4258 1286 714 4259 1291 715 4260 1290 718 4261 1288 716 4262 1293 717 4263 1292 719 4264 1290 718 4265 1295 341 4266 1294 344 4267 1292 719 4268 1297 343 4269 1296 543 4270 1294 344 4271 1299 542 4272 1298 720 4273 1296 543 4274 1221 648 4275 1220 647 4276 1298 720 4277 1303 721 4278 1302 725 4279 1300 722 4280 1305 724 4281 1304 727 4282 1302 725 4283 1307 726 4284 1306 729 4285 1304 727 4286 1309 728 4287 1308 731 4288 1306 729 4289 1311 730 4290 1310 733 4291 1308 731 4292 1313 732 4293 1312 735 4294 1310 733 4295 1315 734 4296 1314 737 4297 1312 735 4298 1317 736 4299 1316 739 4300 1314 737 4301 1319 738 4302 1318 741 4303 1316 739 4304 1321 740 4305 1320 743 4306 1318 741 4307 1323 742 4308 1322 745 4309 1320 743 4310 1325 744 4311 1324 747 4312 1322 745 4313 1327 746 4314 1326 749 4315 1324 747 4316 1329 748 4317 1328 751 4318 1326 749 4319 1331 750 4320 1330 753 4321 1328 751 4322 1333 752 4323 1332 755 4324 1330 753 4325 1335 754 4326 1334 757 4327 1332 755 4328 1337 756 4329 1336 759 4330 1334 757 4331 1339 758 4332 1338 761 4333 1336 759 4334 1341 760 4335 1340 763 4336 1338 761 4337 1343 762 4338 1342 765 4339 1340 763 4340 1345 764 4341 1344 767 4342 1342 765 4343 1347 766 4344 1346 769 4345 1344 767 4346 1349 768 4347 1348 771 4348 1346 769 4349 1351 770 4350 1350 773 4351 1348 771 4352 1353 772 4353 1352 775 4354 1350 773 4355 1355 774 4356 1354 777 4357 1352 775 4358 1357 776 4359 1356 779 4360 1354 777 4361 1359 778 4362 1358 781 4363 1356 779 4364 1361 780 4365 1360 783 4366 1358 781 4367 1363 782 4368 1362 785 4369 1360 783 4370 1365 784 4371 1364 787 4372 1362 785 4373 1367 786 4374 1366 789 4375 1364 787 4376 1369 788 4377 1368 791 4378 1366 789 4379 1371 790 4380 1370 792 4381 1368 791 4382 1373 341 4383 1372 794 4384 1370 792 4385 1375 793 4386 1374 795 4387 1372 794 4388 1301 723 4389 1300 722 4390 1374 795 4391 1379 796 4392 1378 798 4393 1376 252 4394 1381 797 4395 1380 800 4396 1378 798 4397 1383 799 4398 1382 802 4399 1380 800 4400 1385 801 4401 1384 804 4402 1382 802 4403 1387 803 4404 1386 806 4405 1384 804 4406 1389 805 4407 1388 808 4408 1386 806 4409 1391 807 4410 1390 810 4411 1388 808 4412 1393 809 4413 1392 812 4414 1390 810 4415 1395 811 4416 1394 811 4417 1392 812 4418 1397 813 4419 1396 815 4420 1394 811 4421 1399 814 4422 1398 817 4423 1396 815 4424 1401 816 4425 1400 819 4426 1398 817 4427 1403 818 4428 1402 818 4429 1400 819 4430 1405 820 4431 1404 279 4432 1402 818 4433 1407 278 4434 1406 281 4435 1404 279 4436 1409 280 4437 1408 822 4438 1406 281 4439 1411 821 4440 1410 821 4441 1408 822 4442 1413 284 4443 1412 284 4444 1410 821 4445 1415 823 4446 1414 825 4447 1412 284 4448 1417 824 4449 1416 827 4450 1414 825 4451 1419 826 4452 1418 829 4453 1416 827 4454 1421 828 4455 1420 831 4456 1418 829 4457 1423 830 4458 1422 296 4459 1420 831 4460 1425 832 4461 1424 834 4462 1422 296 4463 1427 833 4464 1426 836 4465 1424 834 4466 1429 835 4467 1428 838 4468 1426 836 4469 1431 837 4470 1430 840 4471 1428 838 4472 1433 839 4473 1432 842 4474 1430 840 4475 1435 841 4476 1434 844 4477 1432 842 4478 1437 843 4479 1436 846 4480 1434 844 4481 1439 845 4482 1438 847 4483 1436 846 4484 1441 311 4485 1440 311 4486 1438 847 4487 1443 313 4488 1442 315 4489 1440 311 4490 1445 314 4491 1444 849 4492 1442 315 4493 1447 848 4494 1446 851 4495 1444 849 4496 1449 850 4497 1448 853 4498 1446 851 4499 1451 852 4500 1450 320 4501 1448 853 4502 1453 854 4503 1452 856 4504 1450 320 4505 1455 855 4506 1454 858 4507 1452 856 4508 1457 857 4509 1456 860 4510 1454 858 4511 1459 859 4512 1458 862 4513 1456 860 4514 1461 861 4515 1460 864 4516 1458 862 4517 1463 863 4518 1462 866 4519 1460 864 4520 1465 865 4521 1464 868 4522 1462 866 4523 1467 867 4524 1466 870 4525 1464 868 4526 1469 869 4527 1468 338 4528 1466 870 4529 1471 340 4530 1470 342 4531 1468 338 4532 1473 341 4533 1472 491 4534 1470 342 4535 1475 490 4536 1474 343 4537 1472 491 4538 1477 345 4539 1476 346 4540 1474 343 4541 1377 252 4542 1376 252 4543 1476 346 4544 1481 871 4545 1480 875 4546 1478 872 4547 1483 874 4548 1482 353 4549 1480 875 4550 1485 352 4551 1484 877 4552 1482 353 4553 1487 876 4554 1486 878 4555 1484 877 4556 1489 356 4557 1488 356 4558 1486 878 4559 1491 879 4560 1490 881 4561 1488 356 4562 1493 880 4563 1492 883 4564 1490 881 4565 1495 882 4566 1494 885 4567 1492 883 4568 1497 884 4569 1496 887 4570 1494 885 4571 1499 886 4572 1498 889 4573 1496 887 4574 1501 888 4575 1500 891 4576 1498 889 4577 1503 890 4578 1502 893 4579 1500 891 4580 1505 892 4581 1504 895 4582 1502 893 4583 1507 894 4584 1506 894 4585 1504 895 4586 1509 896 4587 1508 898 4588 1506 894 4589 1511 897 4590 1510 900 4591 1508 898 4592 1513 899 4593 1512 902 4594 1510 900 4595 1515 901 4596 1514 903 4597 1512 902 4598 1517 383 4599 1516 383 4600 1514 903 4601 1519 384 4602 1518 386 4603 1516 383 4604 1521 904 4605 1520 906 4606 1518 386 4607 1523 905 4608 1522 908 4609 1520 906 4610 1525 907 4611 1524 910 4612 1522 908 4613 1527 909 4614 1526 912 4615 1524 910 4616 1529 911 4617 1528 914 4618 1526 912 4619 1531 913 4620 1530 916 4621 1528 914 4622 1533 915 4623 1532 918 4624 1530 916 4625 1535 917 4626 1534 920 4627 1532 918 4628 1537 919 4629 1536 922 4630 1534 920 4631 1539 921 4632 1538 924 4633 1536 922 4634 1541 923 4635 1540 926 4636 1538 924 4637 1543 925 4638 1542 928 4639 1540 926 4640 1545 927 4641 1544 930 4642 1542 928 4643 1547 929 4644 1546 932 4645 1544 930 4646 1549 931 4647 1548 934 4648 1546 932 4649 1551 933 4650 1550 936 4651 1548 934 4652 1553 935 4653 1552 938 4654 1550 936 4655 1555 937 4656 1554 940 4657 1552 938 4658 1557 939 4659 1556 942 4660 1554 940 4661 1559 941 4662 1558 944 4663 1556 942 4664 1561 943 4665 1560 946 4666 1558 944 4667 1563 945 4668 1562 948 4669 1560 946 4670 1565 947 4671 1564 949 4672 1562 948 4673 1567 431 4674 1566 431 4675 1564 949 4676 1569 950 4677 1568 952 4678 1566 431 4679 1571 951 4680 1570 953 4681 1568 952 4682 1573 435 4683 1572 438 4684 1570 953 4685 1575 954 4686 1574 955 4687 1572 438 4688 1479 873 4689 1478 872 4690 1574 955 4691 1579 956 4692 1578 960 4693 1576 957 4694 1581 959 4695 1580 962 4696 1578 960 4697 1583 961 4698 1582 961 4699 1580 962 4700 1585 963 4701 1584 965 4702 1582 961 4703 1587 964 4704 1586 967 4705 1584 965 4706 1589 966 4707 1588 969 4708 1586 967 4709 1591 968 4710 1590 970 4711 1588 969 4712 1577 958 4713 1576 957 4714 1590 970 4715</p>
        </triangles>
      </mesh>
    </geometry>
    <geometry id="Text_002-mesh" name="Text.002">
      <mesh>
        <source id="Text_002-mesh-positions">
          <float_array id="Text_002-mesh-positions-array" count="5760">10.86286 -0.6192713 31.7011 10.83096 -0.6008562 31.7011 10.79959 -0.584409 31.7011 10.76884 -0.5698848 31.7011 10.73881 -0.5572384 31.7011 10.70961 -0.5464246 31.7011 10.68132 -0.5373983 31.7011 10.65405 -0.5301144 31.7011 10.62791 -0.5245277 31.7011 10.60298 -0.5205931 31.7011 10.57937 -0.5182654 31.7011 10.55718 -0.5174996 31.7011 10.5345 -0.5184053 31.7011 10.51332 -0.5210625 31.7011 10.49372 -0.5253808 31.7011 10.47581 -0.5312699 31.7011 10.45967 -0.5386396 31.7011 10.44538 -0.5473996 31.7011 10.43305 -0.5574595 31.7011 10.42275 -0.5687292 31.7011 10.41459 -0.5811183 31.7011 10.40864 -0.5945367 31.7011 10.40501 -0.6088938 31.7011 10.40378 -0.6240996 31.7011 10.40543 -0.6373434 31.7011 10.41051 -0.651183 31.7011 10.41918 -0.6657809 31.7011 10.43161 -0.6812996 31.7011 10.44798 -0.6979017 31.7011 10.46846 -0.7157496 31.7011 10.49321 -0.7350058 31.7011 10.52242 -0.7558329 31.7011 10.55625 -0.7783933 31.7011 10.59487 -0.8028496 31.7011 10.63846 -0.8293642 31.7011 10.68718 -0.8580996 31.7011 10.73277 -0.8890242 31.7011 10.77344 -0.9182968 31.7011 10.80938 -0.9462152 31.7011 10.84077 -0.9730773 31.7011 10.8678 -0.9991812 31.7011 10.89063 -1.024825 31.7011 10.90946 -1.050305 31.7011 10.92446 -1.075922 31.7011 10.93581 -1.101971 31.7011 10.94369 -1.128752 31.7011 10.94829 -1.156562 31.7011 10.94978 -1.1857 31.7011 10.94643 -1.235601 31.7011 10.93662 -1.282441 31.7011 10.92073 -1.325978 31.7011 10.89913 -1.365966 31.7011 10.87218 -1.402163 31.7011 10.84026 -1.434325 31.7011 10.80373 -1.462207 31.7011 10.76297 -1.485566 31.7011 10.71834 -1.504159 31.7011 10.67022 -1.517741 31.7011 10.61898 -1.526069 31.7011 10.56498 -1.5289 31.7011 10.52984 -1.528292 31.7011 10.49576 -1.52642 31.7011 10.46248 -1.523212 31.7011 10.42978 -1.518596 31.7011 10.3974 -1.512499 31.7011 10.36511 -1.50485 31.7011 10.33265 -1.495575 31.7011 10.29978 -1.484603 31.7011 10.26626 -1.471862 31.7011 10.23186 -1.457279 31.7011 10.19631 -1.440783 31.7011 10.15938 -1.4223 31.7011 10.15938 -1.1727 31.7011 10.19679 -1.197565 31.7011 10.23355 -1.220174 31.7011 10.26956 -1.240543 31.7011 10.30469 -1.258692 31.7011 10.33885 -1.274638 31.7011 10.37193 -1.2884 31.7011 10.40382 -1.299994 31.7011 10.4344 -1.30944 31.7011 10.46358 -1.316756 31.7011 10.49124 -1.321959 31.7011 10.51728 -1.325067 31.7011 10.54158 -1.3261 31.7011 10.56462 -1.323987 31.7011 10.58679 -1.32025 31.7011 10.60788 -1.314887 31.7011 10.62767 -1.3079 31.7011 10.64594 -1.299287 31.7011 10.66248 -1.28905 31.7011 10.67707 -1.277187 31.7011 10.68949 -1.2637 31.7011 10.69953 -1.248587 31.7011 10.70697 -1.23185 31.7011 10.71159 -1.213487 31.7011 10.71318 -1.1935 31.7011 10.70244 -1.154594 31.7011 10.67274 -1.117774 31.7011 10.62787 -1.081984 31.7011 10.57163 -1.046166 31.7011 10.5078 -1.009265 31.7011 10.44018 -0.9702245 31.7011 10.37256 -0.927988 31.7011 10.30874 -0.8814995 31.7011 10.25249 -0.8297027 31.7011 10.20763 -0.7715412 31.7011 10.17792 -0.705959 31.7011 10.16718 -0.6318996 31.7011 10.17028 -0.5841488 31.7011 10.17943 -0.5397923 31.7011 10.1944 -0.4989746 31.7011 10.21494 -0.4618406 31.7011 10.24083 -0.4285336 31.7011 10.27183 -0.3991996 31.7011 10.3077 -0.3739816 31.7011 10.34822 -0.3530256 31.7011 10.39314 -0.3364747 31.7011 10.44223 -0.3244736 31.7011 10.49525 -0.3171676 31.7011 10.55198 -0.3146997 31.7011 10.57934 -0.3153516 31.7011 10.60683 -0.3173117 31.7011 10.63449 -0.3205906 31.7011 10.66234 -0.3251956 31.7011 10.6904 -0.3311377 31.7011 10.71871 -0.3384246 31.7011 10.74728 -0.3470656 31.7011 10.77616 -0.3570696 31.7011 10.80536 -0.3684466 31.7011 10.83491 -0.3812046 31.7011 10.86484 -0.3953526 31.7011 10.89518 -0.4108996 31.7011 10.89518 -0.6396996 31.7011 9.985778 -1.454437 31.7011 9.96266 -1.469015 31.7011 9.94151 -1.481734 31.7011 9.922012 -1.492692 31.7011 9.903849 -1.501989 31.7011 9.886707 -1.509725 31.7011 9.870268 -1.515997 31.7011 9.854218 -1.520907 31.7011 9.83824 -1.524553 31.7011 9.82202 -1.527034 31.7011 9.805238 -1.52845 31.7011 9.787581 -1.5289 31.7011 9.763198 -1.528135 31.7011 9.740721 -1.525818 31.7011 9.720104 -1.521912 31.7011 9.7013 -1.516381 31.7011 9.684266 -1.509189 31.7011 9.668956 -1.5003 31.7011 9.655325 -1.489677 31.7011 9.64333 -1.477285 31.7011 9.632923 -1.463087 31.7011 9.624058 -1.447048 31.7011 9.616694 -1.429131 31.7011 9.610781 -1.4093 31.7011 9.585326 -1.428584 31.7011 9.559672 -1.446145 31.7011 9.533838 -1.46199 31.7011 9.507841 -1.476129 31.7011 9.481699 -1.488571 31.7011 9.455431 -1.499325 31.7011 9.429056 -1.508399 31.7011 9.402588 -1.515803 31.7011 9.37605 -1.521546 31.7011 9.349457 -1.525637 31.7011 9.322829 -1.528086 31.7011 9.296181 -1.5289 31.7011 9.254507 -1.526152 31.7011 9.215414 -1.518187 31.7011 9.1791 -1.505418 31.7011 9.145767 -1.488263 31.7011 9.115611 -1.467135 31.7011 9.088831 -1.44245 31.7011 9.065628 -1.414623 31.7011 9.046196 -1.38407 31.7011 9.030737 -1.351206 31.7011 9.019451 -1.316446 31.7011 9.012532 -1.280205 31.7011 9.010182 -1.2429 31.7011 9.014433 -1.188316 31.7011 9.026648 -1.139899 31.7011 9.046013 -1.097096 31.7011 9.071716 -1.059359 31.7011 9.102943 -1.026135 31.7011 9.138881 -0.9968746 31.7011 9.178722 -0.9710266 31.7011 9.221649 -0.9480404 31.7011 9.266851 -0.9273652 31.7011 9.313515 -0.9084505 31.7011 9.36083 -0.8907456 31.7011 9.407981 -0.8736996 31.7011 9.613382 -0.8008996 31.7011 9.613382 -0.7384996 31.7011 9.61192 -0.703872 31.7011 9.607531 -0.6727292 31.7011 9.600219 -0.6449808 31.7011 9.589982 -0.6205366 31.7011 9.57682 -0.5993062 31.7011 9.560731 -0.5811995 31.7011 9.54172 -0.5661262 31.7011 9.519782 -0.5539958 31.7011 9.494918 -0.5447183 31.7011 9.467131 -0.5382033 31.7011 9.436419 -0.5343605 31.7011 9.402781 -0.5330997 31.7011 9.37089 -0.5343527 31.7011 9.338961 -0.5381429 31.7011 9.307068 -0.5445151 31.7011 9.275285 -0.5535143 31.7011 9.243681 -0.5651857 31.7011 9.212331 -0.5795745 31.7011 9.181305 -0.5967258 31.7011 9.150677 -0.6166847 31.7011 9.12052 -0.6394964 31.7011 9.090902 -0.6652061 31.7011 9.061899 -0.6938587 31.7011 9.033581 -0.7254996 31.7011 9.033581 -0.4732996 31.7011 9.057093 -0.4477856 31.7011 9.082139 -0.4245377 31.7011 9.108737 -0.4035466 31.7011 9.136908 -0.3848037 31.7011 9.166666 -0.3682987 31.7011 9.198032 -0.3540247 31.7011 9.231021 -0.3419706 31.7011 9.265656 -0.3321296 31.7011 9.301951 -0.3244896 31.7011 9.339924 -0.3190446 31.7011 9.379595 -0.3157846 31.7011 9.420982 -0.3146997 31.7011 9.479022 -0.3172066 31.7011 9.534526 -0.3247867 31.7011 9.587016 -0.3375306 31.7011 9.636012 -0.3555286 31.7011 9.681035 -0.3788716 31.7011 9.721607 -0.4076496 31.7011 9.757249 -0.4419526 31.7011 9.787486 -0.4818696 31.7011 9.811835 -0.5274933 31.7011 9.829819 -0.5789125 31.7011 9.840962 -0.6362179 31.7011 9.844781 -0.6994996 31.7011 9.844781 -1.3001 31.7011 9.845106 -1.310561 31.7011 9.84607 -1.319876 31.7011 9.847665 -1.32809 31.7011 9.849885 -1.335248 31.7011 9.852719 -1.341394 31.7011 9.856157 -1.346575 31.7011 9.860191 -1.350834 31.7011 9.864811 -1.354218 31.7011 9.87001 -1.356771 31.7011 9.875777 -1.358539 31.7011 9.882103 -1.359567 31.7011 9.888981 -1.3599 31.7011 9.895308 -1.359417 31.7011 9.902546 -1.357986 31.7011 9.910634 -1.355634 31.7011 9.919507 -1.352388 31.7011 9.929102 -1.348276 31.7011 9.939356 -1.343325 31.7011 9.950206 -1.33756 31.7011 9.961588 -1.331011 31.7011 9.973441 -1.323703 31.7011 9.985699 -1.315663 31.7011 9.998301 -1.30692 31.7011 10.01118 -1.2975 31.7011 10.01118 -1.4379 31.7011 9.564608 -0.9452402 31.7011 9.517421 -0.9624246 31.7011 9.472332 -0.9800965 31.7011 9.429841 -0.9984996 31.7011 9.390456 -1.017878 31.7011 9.354681 -1.038475 31.7011 9.323023 -1.060534 31.7011 9.295989 -1.0843 31.7011 9.274082 -1.110015 31.7011 9.257807 -1.137925 31.7011 9.247673 -1.168272 31.7011 9.244181 -1.2013 31.7011 9.245618 -1.224731 31.7011 9.249828 -1.246836 31.7011 9.256653 -1.267478 31.7011 9.265944 -1.286522 31.7011 9.277546 -1.303833 31.7011 9.291306 -1.319275 31.7011 9.30707 -1.332713 31.7011 9.324686 -1.344011 31.7011 9.343997 -1.353034 31.7011 9.364852 -1.359647 31.7011 9.387099 -1.363714 31.7011 9.410582 -1.3651 31.7011 9.428673 -1.364349 31.7011 9.446549 -1.362126 31.7011 9.464207 -1.358478 31.7011 9.481649 -1.353448 31.7011 9.498873 -1.347082 31.7011 9.515881 -1.339425 31.7011 9.532672 -1.330522 31.7011 9.549248 -1.320418 31.7011 9.565607 -1.309159 31.7011 9.581748 -1.29679 31.7011 9.597674 -1.283355 31.7011 9.613382 -1.2689 31.7011 9.613382 -0.9282996 31.7011 8.63023 -0.1210286 31.7011 8.612394 -0.1173286 31.7011 8.59544 -0.1113716 31.7011 8.579545 -0.1033296 31.7011 8.564875 -0.09337365 31.7011 8.551607 -0.08167457 31.7011 8.539908 -0.06840562 31.7011 8.529952 -0.05373656 31.7011 8.521909 -0.0378406 31.7011 8.515953 -0.02088761 31.7011 8.512252 -0.003050565 31.7011 8.510982 0.01550042 31.7011 8.512252 0.03405141 31.7011 8.515953 0.05188834 31.7011 8.521909 0.06884133 31.7011 8.529952 0.08473742 31.7011 8.539908 0.09940636 31.7011 8.551607 0.1126754 31.7011 8.564875 0.1243743 31.7011 8.579545 0.1343303 31.7011 8.59544 0.1423723 31.7011 8.612394 0.1483293 31.7011 8.63023 0.1520293 31.7011 8.648781 0.1533004 31.7011 8.667332 0.1520284 31.7011 8.68517 0.1483293 31.7011 8.702122 0.1423723 31.7011 8.718019 0.1343303 31.7011 8.732687 0.1243734 31.7011 8.745957 0.1126754 31.7011 8.757656 0.09940636 31.7011 8.767611 0.08473742 31.7011 8.775653 0.06884133 31.7011 8.781611 0.05188834 31.7011 8.78531 0.03405141 31.7011 8.786581 0.01550042 31.7011 8.78531 -0.003050565 31.7011 8.781611 -0.02088761 31.7011 8.775653 -0.0378406 31.7011 8.767611 -0.05373656 31.7011 8.757656 -0.06840562 31.7011 8.745957 -0.08167457 31.7011 8.732687 -0.09337365 31.7011 8.718019 -0.1033296 31.7011 8.702122 -0.1113716 31.7011 8.68517 -0.1173286 31.7011 8.667332 -0.1210286 31.7011 8.648781 -0.1222996 31.7011 8.761557 -1.718492 31.7011 8.756693 -1.772722 31.7011 8.748597 -1.821968 31.7011 8.737277 -1.866611 31.7011 8.722744 -1.907028 31.7011 8.705006 -1.9436 31.7011 8.684073 -1.976704 31.7011 8.659952 -2.006722 31.7011 8.632654 -2.034031 31.7011 8.602187 -2.059011 31.7011 8.56856 -2.082041 31.7011 8.531782 -2.1035 31.7011 8.357582 -1.9319 31.7011 8.38231 -1.92063 31.7011 8.405694 -1.907609 31.7011 8.427578 -1.892818 31.7011 8.447812 -1.87624 31.7011 8.466238 -1.857857 31.7011 8.482707 -1.83765 31.7011 8.497062 -1.815601 31.7011 8.509152 -1.791692 31.7011 8.518822 -1.765906 31.7011 8.525919 -1.738224 31.7011 8.530291 -1.708628 31.7011 8.531782 -1.6771 31.7011 8.531782 -0.3380996 31.7011 8.763181 -0.3380996 31.7011 8.763181 -1.6589 31.7011 8.2743 -0.9998327 31.7011 8.258782 -1.084131 31.7011 8.233512 -1.162543 31.7011 8.198982 -1.234618 31.7011 8.155675 -1.299904 31.7011 8.104082 -1.35795 31.7011 8.044688 -1.408303 31.7011 7.977981 -1.450514 31.7011 7.90445 -1.484131 31.7011 7.824581 -1.508701 31.7011 7.738862 -1.523775 31.7011 7.647781 -1.5289 31.7011 7.560284 -1.523576 31.7011 7.477553 -1.507979 31.7011 7.400131 -1.482668 31.7011 7.328559 -1.448203 31.7011 7.263379 -1.405144 31.7011 7.205131 -1.35405 31.7011 7.154359 -1.29548 31.7011 7.111603 -1.229996 31.7011 7.077406 -1.158156 31.7011 7.052309 -1.08052 31.7011 7.036853 -0.9976479 31.7011 7.031581 -0.9100996 31.7011 7.037052 -0.8279272 31.7011 7.053031 -0.7495375 31.7011 7.078868 -0.6755714 31.7011 7.113914 -0.60667 31.7011 7.157518 -0.543474 31.7011 7.209031 -0.4866246 31.7011 7.267802 -0.4367626 31.7011 7.333181 -0.3945296 31.7011 7.404519 -0.3605657 31.7011 7.481164 -0.3355116 31.7011 7.562469 -0.3200096 31.7011 7.647781 -0.3146997 31.7011 7.737224 -0.3198106 31.7011 7.821873 -0.3347896 31.7011 7.901159 -0.3591026 31.7011 7.974514 -0.3922176 31.7011 8.041371 -0.4336026 31.7011 8.101157 -0.4827246 31.7011 8.153306 -0.5390503 31.7011 8.197249 -0.6020476 31.7011 8.232416 -0.6711839 31.7011 8.258239 -0.7459264 31.7011 8.274151 -0.8257425 31.7011 8.279582 -0.9100996 31.7011 7.271329 -0.9700696 31.7011 7.28058 -1.026293 31.7011 7.295644 -1.07849 31.7011 7.316233 -1.126381 31.7011 7.342058 -1.169686 31.7011 7.372831 -1.208125 31.7011 7.408262 -1.241418 31.7011 7.448063 -1.269285 31.7011 7.491944 -1.291446 31.7011 7.539617 -1.307623 31.7011 7.590792 -1.317534 31.7011 7.645181 -1.3209 31.7011 7.704349 -1.317684 31.7011 7.759509 -1.308177 31.7011 7.810444 -1.292584 31.7011 7.856937 -1.271114 31.7011 7.898771 -1.243975 31.7011 7.935731 -1.211375 31.7011 7.967599 -1.17352 31.7011 7.994159 -1.130618 31.7011 8.015194 -1.082878 31.7011 8.030488 -1.030506 31.7011 8.039822 -0.9737108 31.7011 8.042982 -0.9126996 31.7011 8.039573 -0.8575082 31.7011 8.029584 -0.805269 31.7011 8.013366 -0.7563339 31.7011 7.99127 -0.7110551 31.7011 7.963649 -0.6697847 31.7011 7.930856 -0.6328746 31.7011 7.893242 -0.600677 31.7011 7.851159 -0.573544 31.7011 7.804959 -0.5518277 31.7011 7.754995 -0.5358801 31.7011 7.701618 -0.5260534 31.7011 7.645181 -0.5226997 31.7011 7.591884 -0.5260521 31.7011 7.541422 -0.5358683 31.7011 7.494137 -0.5517872 31.7011 7.450374 -0.5734479 31.7011 7.410474 -0.6004891 31.7011 7.374781 -0.6325497 31.7011 7.343638 -0.6692687 31.7011 7.317389 -0.7102848 31.7011 7.296375 -0.7552371 31.7011 7.280941 -0.8037644 31.7011 7.271428 -0.8555056 31.7011 7.268181 -0.9100996 31.7011 10.86286 -0.6192713 30.7011 10.83096 -0.6008562 30.7011 10.79959 -0.584409 30.7011 10.76884 -0.5698848 30.7011 10.73881 -0.5572384 30.7011 10.70961 -0.5464246 30.7011 10.68132 -0.5373983 30.7011 10.65405 -0.5301144 30.7011 10.62791 -0.5245277 30.7011 10.60298 -0.5205931 30.7011 10.57937 -0.5182654 30.7011 10.55718 -0.5174996 30.7011 10.5345 -0.5184053 30.7011 10.51332 -0.5210625 30.7011 10.49372 -0.5253808 30.7011 10.47581 -0.5312699 30.7011 10.45967 -0.5386396 30.7011 10.44538 -0.5473996 30.7011 10.43305 -0.5574595 30.7011 10.42275 -0.5687292 30.7011 10.41459 -0.5811183 30.7011 10.40864 -0.5945367 30.7011 10.40501 -0.6088938 30.7011 10.40378 -0.6240996 30.7011 10.40543 -0.6373434 30.7011 10.41051 -0.651183 30.7011 10.41918 -0.6657809 30.7011 10.43161 -0.6812996 30.7011 10.44798 -0.6979017 30.7011 10.46846 -0.7157496 30.7011 10.49321 -0.7350058 30.7011 10.52242 -0.7558329 30.7011 10.55625 -0.7783933 30.7011 10.59487 -0.8028496 30.7011 10.63846 -0.8293642 30.7011 10.68718 -0.8580996 30.7011 10.73277 -0.8890242 30.7011 10.77344 -0.9182968 30.7011 10.80938 -0.9462152 30.7011 10.84077 -0.9730773 30.7011 10.8678 -0.9991812 30.7011 10.89063 -1.024825 30.7011 10.90946 -1.050305 30.7011 10.92446 -1.075922 30.7011 10.93581 -1.101971 30.7011 10.94369 -1.128752 30.7011 10.94829 -1.156562 30.7011 10.94978 -1.1857 30.7011 10.94643 -1.235601 30.7011 10.93662 -1.282441 30.7011 10.92073 -1.325978 30.7011 10.89913 -1.365966 30.7011 10.87218 -1.402163 30.7011 10.84026 -1.434325 30.7011 10.80373 -1.462207 30.7011 10.76297 -1.485566 30.7011 10.71834 -1.504159 30.7011 10.67022 -1.517741 30.7011 10.61898 -1.526069 30.7011 10.56498 -1.5289 30.7011 10.52984 -1.528292 30.7011 10.49576 -1.52642 30.7011 10.46248 -1.523212 30.7011 10.42978 -1.518596 30.7011 10.3974 -1.512499 30.7011 10.36511 -1.50485 30.7011 10.33265 -1.495575 30.7011 10.29978 -1.484603 30.7011 10.26626 -1.471862 30.7011 10.23186 -1.457279 30.7011 10.19631 -1.440783 30.7011 10.15938 -1.4223 30.7011 10.15938 -1.1727 30.7011 10.19679 -1.197565 30.7011 10.23355 -1.220174 30.7011 10.26956 -1.240543 30.7011 10.30469 -1.258692 30.7011 10.33885 -1.274638 30.7011 10.37193 -1.2884 30.7011 10.40382 -1.299994 30.7011 10.4344 -1.30944 30.7011 10.46358 -1.316756 30.7011 10.49124 -1.321959 30.7011 10.51728 -1.325067 30.7011 10.54158 -1.3261 30.7011 10.56462 -1.323987 30.7011 10.58679 -1.32025 30.7011 10.60788 -1.314887 30.7011 10.62767 -1.3079 30.7011 10.64594 -1.299287 30.7011 10.66248 -1.28905 30.7011 10.67707 -1.277187 30.7011 10.68949 -1.2637 30.7011 10.69953 -1.248587 30.7011 10.70697 -1.23185 30.7011 10.71159 -1.213487 30.7011 10.71318 -1.1935 30.7011 10.70244 -1.154594 30.7011 10.67274 -1.117774 30.7011 10.62787 -1.081984 30.7011 10.57163 -1.046166 30.7011 10.5078 -1.009265 30.7011 10.44018 -0.9702245 30.7011 10.37256 -0.927988 30.7011 10.30874 -0.8814995 30.7011 10.25249 -0.8297027 30.7011 10.20763 -0.7715412 30.7011 10.17792 -0.705959 30.7011 10.16718 -0.6318996 30.7011 10.17028 -0.5841488 30.7011 10.17943 -0.5397923 30.7011 10.1944 -0.4989746 30.7011 10.21494 -0.4618406 30.7011 10.24083 -0.4285336 30.7011 10.27183 -0.3991996 30.7011 10.3077 -0.3739816 30.7011 10.34822 -0.3530256 30.7011 10.39314 -0.3364747 30.7011 10.44223 -0.3244736 30.7011 10.49525 -0.3171676 30.7011 10.55198 -0.3146997 30.7011 10.57934 -0.3153516 30.7011 10.60683 -0.3173117 30.7011 10.63449 -0.3205906 30.7011 10.66234 -0.3251956 30.7011 10.6904 -0.3311377 30.7011 10.71871 -0.3384246 30.7011 10.74728 -0.3470656 30.7011 10.77616 -0.3570696 30.7011 10.80536 -0.3684466 30.7011 10.83491 -0.3812046 30.7011 10.86484 -0.3953526 30.7011 10.89518 -0.4108996 30.7011 10.89518 -0.6396996 30.7011 9.985778 -1.454437 30.7011 9.96266 -1.469015 30.7011 9.94151 -1.481734 30.7011 9.922012 -1.492692 30.7011 9.903849 -1.501989 30.7011 9.886707 -1.509725 30.7011 9.870268 -1.515997 30.7011 9.854218 -1.520907 30.7011 9.83824 -1.524553 30.7011 9.82202 -1.527034 30.7011 9.805238 -1.52845 30.7011 9.787581 -1.5289 30.7011 9.763198 -1.528135 30.7011 9.740721 -1.525818 30.7011 9.720104 -1.521912 30.7011 9.7013 -1.516381 30.7011 9.684266 -1.509189 30.7011 9.668956 -1.5003 30.7011 9.655325 -1.489677 30.7011 9.64333 -1.477285 30.7011 9.632923 -1.463087 30.7011 9.624058 -1.447048 30.7011 9.616694 -1.429131 30.7011 9.610781 -1.4093 30.7011 9.585326 -1.428584 30.7011 9.559672 -1.446145 30.7011 9.533838 -1.46199 30.7011 9.507841 -1.476129 30.7011 9.481699 -1.488571 30.7011 9.455431 -1.499325 30.7011 9.429056 -1.508399 30.7011 9.402588 -1.515803 30.7011 9.37605 -1.521546 30.7011 9.349457 -1.525637 30.7011 9.322829 -1.528086 30.7011 9.296181 -1.5289 30.7011 9.254507 -1.526152 30.7011 9.215414 -1.518187 30.7011 9.1791 -1.505418 30.7011 9.145767 -1.488263 30.7011 9.115611 -1.467135 30.7011 9.088831 -1.44245 30.7011 9.065628 -1.414623 30.7011 9.046196 -1.38407 30.7011 9.030737 -1.351206 30.7011 9.019451 -1.316446 30.7011 9.012532 -1.280205 30.7011 9.010182 -1.2429 30.7011 9.014433 -1.188316 30.7011 9.026648 -1.139899 30.7011 9.046013 -1.097096 30.7011 9.071716 -1.059359 30.7011 9.102943 -1.026135 30.7011 9.138881 -0.9968746 30.7011 9.178722 -0.9710266 30.7011 9.221649 -0.9480404 30.7011 9.266851 -0.9273652 30.7011 9.313515 -0.9084505 30.7011 9.36083 -0.8907456 30.7011 9.407981 -0.8736996 30.7011 9.613382 -0.8008996 30.7011 9.613382 -0.7384996 30.7011 9.61192 -0.703872 30.7011 9.607531 -0.6727292 30.7011 9.600219 -0.6449808 30.7011 9.589982 -0.6205366 30.7011 9.57682 -0.5993062 30.7011 9.560731 -0.5811995 30.7011 9.54172 -0.5661262 30.7011 9.519782 -0.5539958 30.7011 9.494918 -0.5447183 30.7011 9.467131 -0.5382033 30.7011 9.436419 -0.5343605 30.7011 9.402781 -0.5330997 30.7011 9.37089 -0.5343527 30.7011 9.338961 -0.5381429 30.7011 9.307068 -0.5445151 30.7011 9.275285 -0.5535143 30.7011 9.243681 -0.5651857 30.7011 9.212331 -0.5795745 30.7011 9.181305 -0.5967258 30.7011 9.150677 -0.6166847 30.7011 9.12052 -0.6394964 30.7011 9.090902 -0.6652061 30.7011 9.061899 -0.6938587 30.7011 9.033581 -0.7254996 30.7011 9.033581 -0.4732996 30.7011 9.057093 -0.4477856 30.7011 9.082139 -0.4245377 30.7011 9.108737 -0.4035466 30.7011 9.136908 -0.3848037 30.7011 9.166666 -0.3682987 30.7011 9.198032 -0.3540247 30.7011 9.231021 -0.3419706 30.7011 9.265656 -0.3321296 30.7011 9.301951 -0.3244896 30.7011 9.339924 -0.3190446 30.7011 9.379595 -0.3157846 30.7011 9.420982 -0.3146997 30.7011 9.479022 -0.3172066 30.7011 9.534526 -0.3247867 30.7011 9.587016 -0.3375306 30.7011 9.636012 -0.3555286 30.7011 9.681035 -0.3788716 30.7011 9.721607 -0.4076496 30.7011 9.757249 -0.4419526 30.7011 9.787486 -0.4818696 30.7011 9.811835 -0.5274933 30.7011 9.829819 -0.5789125 30.7011 9.840962 -0.6362179 30.7011 9.844781 -0.6994996 30.7011 9.844781 -1.3001 30.7011 9.845106 -1.310561 30.7011 9.84607 -1.319876 30.7011 9.847665 -1.32809 30.7011 9.849885 -1.335248 30.7011 9.852719 -1.341394 30.7011 9.856157 -1.346575 30.7011 9.860191 -1.350834 30.7011 9.864811 -1.354218 30.7011 9.87001 -1.356771 30.7011 9.875777 -1.358539 30.7011 9.882103 -1.359567 30.7011 9.888981 -1.3599 30.7011 9.895308 -1.359417 30.7011 9.902546 -1.357986 30.7011 9.910634 -1.355634 30.7011 9.919507 -1.352388 30.7011 9.929102 -1.348276 30.7011 9.939356 -1.343325 30.7011 9.950206 -1.33756 30.7011 9.961588 -1.331011 30.7011 9.973441 -1.323703 30.7011 9.985699 -1.315663 30.7011 9.998301 -1.30692 30.7011 10.01118 -1.2975 30.7011 10.01118 -1.4379 30.7011 9.564608 -0.9452402 30.7011 9.517421 -0.9624246 30.7011 9.472332 -0.9800965 30.7011 9.429841 -0.9984996 30.7011 9.390456 -1.017878 30.7011 9.354681 -1.038475 30.7011 9.323023 -1.060534 30.7011 9.295989 -1.0843 30.7011 9.274082 -1.110015 30.7011 9.257807 -1.137925 30.7011 9.247673 -1.168272 30.7011 9.244181 -1.2013 30.7011 9.245618 -1.224731 30.7011 9.249828 -1.246836 30.7011 9.256653 -1.267478 30.7011 9.265944 -1.286522 30.7011 9.277546 -1.303833 30.7011 9.291306 -1.319275 30.7011 9.30707 -1.332713 30.7011 9.324686 -1.344011 30.7011 9.343997 -1.353034 30.7011 9.364852 -1.359647 30.7011 9.387099 -1.363714 30.7011 9.410582 -1.3651 30.7011 9.428673 -1.364349 30.7011 9.446549 -1.362126 30.7011 9.464207 -1.358478 30.7011 9.481649 -1.353448 30.7011 9.498873 -1.347082 30.7011 9.515881 -1.339425 30.7011 9.532672 -1.330522 30.7011 9.549248 -1.320418 30.7011 9.565607 -1.309159 30.7011 9.581748 -1.29679 30.7011 9.597674 -1.283355 30.7011 9.613382 -1.2689 30.7011 9.613382 -0.9282996 30.7011 8.63023 -0.1210286 30.7011 8.612394 -0.1173286 30.7011 8.59544 -0.1113716 30.7011 8.579545 -0.1033296 30.7011 8.564875 -0.09337365 30.7011 8.551607 -0.08167457 30.7011 8.539908 -0.06840562 30.7011 8.529952 -0.05373656 30.7011 8.521909 -0.0378406 30.7011 8.515953 -0.02088761 30.7011 8.512252 -0.003050565 30.7011 8.510982 0.01550042 30.7011 8.512252 0.03405141 30.7011 8.515953 0.05188834 30.7011 8.521909 0.06884133 30.7011 8.529952 0.08473742 30.7011 8.539908 0.09940636 30.7011 8.551607 0.1126754 30.7011 8.564875 0.1243743 30.7011 8.579545 0.1343303 30.7011 8.59544 0.1423723 30.7011 8.612394 0.1483293 30.7011 8.63023 0.1520293 30.7011 8.648781 0.1533004 30.7011 8.667332 0.1520284 30.7011 8.68517 0.1483293 30.7011 8.702122 0.1423723 30.7011 8.718019 0.1343303 30.7011 8.732687 0.1243734 30.7011 8.745957 0.1126754 30.7011 8.757656 0.09940636 30.7011 8.767611 0.08473742 30.7011 8.775653 0.06884133 30.7011 8.781611 0.05188834 30.7011 8.78531 0.03405141 30.7011 8.786581 0.01550042 30.7011 8.78531 -0.003050565 30.7011 8.781611 -0.02088761 30.7011 8.775653 -0.0378406 30.7011 8.767611 -0.05373656 30.7011 8.757656 -0.06840562 30.7011 8.745957 -0.08167457 30.7011 8.732687 -0.09337365 30.7011 8.718019 -0.1033296 30.7011 8.702122 -0.1113716 30.7011 8.68517 -0.1173286 30.7011 8.667332 -0.1210286 30.7011 8.648781 -0.1222996 30.7011 8.761557 -1.718492 30.7011 8.756693 -1.772722 30.7011 8.748597 -1.821968 30.7011 8.737277 -1.866611 30.7011 8.722744 -1.907028 30.7011 8.705006 -1.9436 30.7011 8.684073 -1.976704 30.7011 8.659952 -2.006722 30.7011 8.632654 -2.034031 30.7011 8.602187 -2.059011 30.7011 8.56856 -2.082041 30.7011 8.531782 -2.1035 30.7011 8.357582 -1.9319 30.7011 8.38231 -1.92063 30.7011 8.405694 -1.907609 30.7011 8.427578 -1.892818 30.7011 8.447812 -1.87624 30.7011 8.466238 -1.857857 30.7011 8.482707 -1.83765 30.7011 8.497062 -1.815601 30.7011 8.509152 -1.791692 30.7011 8.518822 -1.765906 30.7011 8.525919 -1.738224 30.7011 8.530291 -1.708628 30.7011 8.531782 -1.6771 30.7011 8.531782 -0.3380996 30.7011 8.763181 -0.3380996 30.7011 8.763181 -1.6589 30.7011 8.2743 -0.9998327 30.7011 8.258782 -1.084131 30.7011 8.233512 -1.162543 30.7011 8.198982 -1.234618 30.7011 8.155675 -1.299904 30.7011 8.104082 -1.35795 30.7011 8.044688 -1.408303 30.7011 7.977981 -1.450514 30.7011 7.90445 -1.484131 30.7011 7.824581 -1.508701 30.7011 7.738862 -1.523775 30.7011 7.647781 -1.5289 30.7011 7.560284 -1.523576 30.7011 7.477553 -1.507979 30.7011 7.400131 -1.482668 30.7011 7.328559 -1.448203 30.7011 7.263379 -1.405144 30.7011 7.205131 -1.35405 30.7011 7.154359 -1.29548 30.7011 7.111603 -1.229996 30.7011 7.077406 -1.158156 30.7011 7.052309 -1.08052 30.7011 7.036853 -0.9976479 30.7011 7.031581 -0.9100996 30.7011 7.037052 -0.8279272 30.7011 7.053031 -0.7495375 30.7011 7.078868 -0.6755714 30.7011 7.113914 -0.60667 30.7011 7.157518 -0.543474 30.7011 7.209031 -0.4866246 30.7011 7.267802 -0.4367626 30.7011 7.333181 -0.3945296 30.7011 7.404519 -0.3605657 30.7011 7.481164 -0.3355116 30.7011 7.562469 -0.3200096 30.7011 7.647781 -0.3146997 30.7011 7.737224 -0.3198106 30.7011 7.821873 -0.3347896 30.7011 7.901159 -0.3591026 30.7011 7.974514 -0.3922176 30.7011 8.041371 -0.4336026 30.7011 8.101157 -0.4827246 30.7011 8.153306 -0.5390503 30.7011 8.197249 -0.6020476 30.7011 8.232416 -0.6711839 30.7011 8.258239 -0.7459264 30.7011 8.274151 -0.8257425 30.7011 8.279582 -0.9100996 30.7011 7.271329 -0.9700696 30.7011 7.28058 -1.026293 30.7011 7.295644 -1.07849 30.7011 7.316233 -1.126381 30.7011 7.342058 -1.169686 30.7011 7.372831 -1.208125 30.7011 7.408262 -1.241418 30.7011 7.448063 -1.269285 30.7011 7.491944 -1.291446 30.7011 7.539617 -1.307623 30.7011 7.590792 -1.317534 30.7011 7.645181 -1.3209 30.7011 7.704349 -1.317684 30.7011 7.759509 -1.308177 30.7011 7.810444 -1.292584 30.7011 7.856937 -1.271114 30.7011 7.898771 -1.243975 30.7011 7.935731 -1.211375 30.7011 7.967599 -1.17352 30.7011 7.994159 -1.130618 30.7011 8.015194 -1.082878 30.7011 8.030488 -1.030506 30.7011 8.039822 -0.9737108 30.7011 8.042982 -0.9126996 30.7011 8.039573 -0.8575082 30.7011 8.029584 -0.805269 30.7011 8.013366 -0.7563339 30.7011 7.99127 -0.7110551 30.7011 7.963649 -0.6697847 30.7011 7.930856 -0.6328746 30.7011 7.893242 -0.600677 30.7011 7.851159 -0.573544 30.7011 7.804959 -0.5518277 30.7011 7.754995 -0.5358801 30.7011 7.701618 -0.5260534 30.7011 7.645181 -0.5226997 30.7011 7.591884 -0.5260521 30.7011 7.541422 -0.5358683 30.7011 7.494137 -0.5517872 30.7011 7.450374 -0.5734479 30.7011 7.410474 -0.6004891 30.7011 7.374781 -0.6325497 30.7011 7.343638 -0.6692687 30.7011 7.317389 -0.7102848 30.7011 7.296375 -0.7552371 30.7011 7.280941 -0.8037644 30.7011 7.271428 -0.8555056 30.7011 7.268181 -0.9100996 30.7011 8.2743 -0.9998327 30.7011 8.2743 -0.9998327 31.7011 8.258782 -1.084131 30.7011 8.258782 -1.084131 31.7011 8.233512 -1.162543 30.7011 8.233512 -1.162543 31.7011 8.198982 -1.234618 30.7011 8.198982 -1.234618 31.7011 8.155675 -1.299904 30.7011 8.155675 -1.299904 31.7011 8.104082 -1.35795 30.7011 8.104082 -1.35795 31.7011 8.044688 -1.408303 30.7011 8.044688 -1.408303 31.7011 7.977981 -1.450514 30.7011 7.977981 -1.450514 31.7011 7.90445 -1.484131 30.7011 7.90445 -1.484131 31.7011 7.824581 -1.508701 30.7011 7.824581 -1.508701 31.7011 7.738862 -1.523775 30.7011 7.738862 -1.523775 31.7011 7.647781 -1.5289 30.7011 7.647781 -1.5289 31.7011 7.560284 -1.523576 30.7011 7.560284 -1.523576 31.7011 7.477553 -1.507979 30.7011 7.477553 -1.507979 31.7011 7.400131 -1.482668 30.7011 7.400131 -1.482668 31.7011 7.328559 -1.448203 30.7011 7.328559 -1.448203 31.7011 7.263379 -1.405144 30.7011 7.263379 -1.405144 31.7011 7.205131 -1.35405 30.7011 7.205131 -1.35405 31.7011 7.154359 -1.29548 30.7011 7.154359 -1.29548 31.7011 7.111603 -1.229996 30.7011 7.111603 -1.229996 31.7011 7.077406 -1.158156 30.7011 7.077406 -1.158156 31.7011 7.052309 -1.08052 30.7011 7.052309 -1.08052 31.7011 7.036853 -0.9976479 30.7011 7.036853 -0.9976479 31.7011 7.031581 -0.9100996 30.7011 7.031581 -0.9100996 31.7011 7.037052 -0.8279272 30.7011 7.037052 -0.8279272 31.7011 7.053031 -0.7495375 30.7011 7.053031 -0.7495375 31.7011 7.078868 -0.6755714 30.7011 7.078868 -0.6755714 31.7011 7.113914 -0.60667 30.7011 7.113914 -0.60667 31.7011 7.157518 -0.543474 30.7011 7.157518 -0.543474 31.7011 7.209031 -0.4866246 30.7011 7.209031 -0.4866246 31.7011 7.267802 -0.4367626 30.7011 7.267802 -0.4367626 31.7011 7.333181 -0.3945296 30.7011 7.333181 -0.3945296 31.7011 7.404519 -0.3605657 30.7011 7.404519 -0.3605657 31.7011 7.481164 -0.3355116 30.7011 7.481164 -0.3355116 31.7011 7.562469 -0.3200096 30.7011 7.562469 -0.3200096 31.7011 7.647781 -0.3146997 30.7011 7.647781 -0.3146997 31.7011 7.737224 -0.3198106 30.7011 7.737224 -0.3198106 31.7011 7.821873 -0.3347896 30.7011 7.821873 -0.3347896 31.7011 7.901159 -0.3591026 30.7011 7.901159 -0.3591026 31.7011 7.974514 -0.3922176 30.7011 7.974514 -0.3922176 31.7011 8.041371 -0.4336026 30.7011 8.041371 -0.4336026 31.7011 8.101157 -0.4827246 30.7011 8.101157 -0.4827246 31.7011 8.153306 -0.5390503 30.7011 8.153306 -0.5390503 31.7011 8.197249 -0.6020476 30.7011 8.197249 -0.6020476 31.7011 8.232416 -0.6711839 30.7011 8.232416 -0.6711839 31.7011 8.258239 -0.7459264 30.7011 8.258239 -0.7459264 31.7011 8.274151 -0.8257425 30.7011 8.274151 -0.8257425 31.7011 8.279582 -0.9100996 30.7011 8.279582 -0.9100996 31.7011 7.271329 -0.9700696 30.7011 7.271329 -0.9700696 31.7011 7.28058 -1.026293 30.7011 7.28058 -1.026293 31.7011 7.295644 -1.07849 30.7011 7.295644 -1.07849 31.7011 7.316233 -1.126381 30.7011 7.316233 -1.126381 31.7011 7.342058 -1.169686 30.7011 7.342058 -1.169686 31.7011 7.372831 -1.208125 30.7011 7.372831 -1.208125 31.7011 7.408262 -1.241418 30.7011 7.408262 -1.241418 31.7011 7.448063 -1.269285 30.7011 7.448063 -1.269285 31.7011 7.491944 -1.291446 30.7011 7.491944 -1.291446 31.7011 7.539617 -1.307623 30.7011 7.539617 -1.307623 31.7011 7.590792 -1.317534 30.7011 7.590792 -1.317534 31.7011 7.645181 -1.3209 30.7011 7.645181 -1.3209 31.7011 7.704349 -1.317684 30.7011 7.704349 -1.317684 31.7011 7.759509 -1.308177 30.7011 7.759509 -1.308177 31.7011 7.810444 -1.292584 30.7011 7.810444 -1.292584 31.7011 7.856937 -1.271114 30.7011 7.856937 -1.271114 31.7011 7.898771 -1.243975 30.7011 7.898771 -1.243975 31.7011 7.935731 -1.211375 30.7011 7.935731 -1.211375 31.7011 7.967599 -1.17352 30.7011 7.967599 -1.17352 31.7011 7.994159 -1.130618 30.7011 7.994159 -1.130618 31.7011 8.015194 -1.082878 30.7011 8.015194 -1.082878 31.7011 8.030488 -1.030506 30.7011 8.030488 -1.030506 31.7011 8.039822 -0.9737108 30.7011 8.039822 -0.9737108 31.7011 8.042982 -0.9126996 30.7011 8.042982 -0.9126996 31.7011 8.039573 -0.8575082 30.7011 8.039573 -0.8575082 31.7011 8.029584 -0.805269 30.7011 8.029584 -0.805269 31.7011 8.013366 -0.7563339 30.7011 8.013366 -0.7563339 31.7011 7.99127 -0.7110551 30.7011 7.99127 -0.7110551 31.7011 7.963649 -0.6697847 30.7011 7.963649 -0.6697847 31.7011 7.930856 -0.6328746 30.7011 7.930856 -0.6328746 31.7011 7.893242 -0.600677 30.7011 7.893242 -0.600677 31.7011 7.851159 -0.573544 30.7011 7.851159 -0.573544 31.7011 7.804959 -0.5518277 30.7011 7.804959 -0.5518277 31.7011 7.754995 -0.5358801 30.7011 7.754995 -0.5358801 31.7011 7.701618 -0.5260534 30.7011 7.701618 -0.5260534 31.7011 7.645181 -0.5226997 30.7011 7.645181 -0.5226997 31.7011 7.591884 -0.5260521 30.7011 7.591884 -0.5260521 31.7011 7.541422 -0.5358683 30.7011 7.541422 -0.5358683 31.7011 7.494137 -0.5517872 30.7011 7.494137 -0.5517872 31.7011 7.450374 -0.5734479 30.7011 7.450374 -0.5734479 31.7011 7.410474 -0.6004891 30.7011 7.410474 -0.6004891 31.7011 7.374781 -0.6325497 30.7011 7.374781 -0.6325497 31.7011 7.343638 -0.6692687 30.7011 7.343638 -0.6692687 31.7011 7.317389 -0.7102848 30.7011 7.317389 -0.7102848 31.7011 7.296375 -0.7552371 30.7011 7.296375 -0.7552371 31.7011 7.280941 -0.8037644 30.7011 7.280941 -0.8037644 31.7011 7.271428 -0.8555056 30.7011 7.271428 -0.8555056 31.7011 7.268181 -0.9100996 30.7011 7.268181 -0.9100996 31.7011 8.761557 -1.718492 30.7011 8.761557 -1.718492 31.7011 8.756693 -1.772722 30.7011 8.756693 -1.772722 31.7011 8.748597 -1.821968 30.7011 8.748597 -1.821968 31.7011 8.737277 -1.866611 30.7011 8.737277 -1.866611 31.7011 8.722744 -1.907028 30.7011 8.722744 -1.907028 31.7011 8.705006 -1.9436 30.7011 8.705006 -1.9436 31.7011 8.684073 -1.976704 30.7011 8.684073 -1.976704 31.7011 8.659952 -2.006722 30.7011 8.659952 -2.006722 31.7011 8.632654 -2.034031 30.7011 8.632654 -2.034031 31.7011 8.602187 -2.059011 30.7011 8.602187 -2.059011 31.7011 8.56856 -2.082041 30.7011 8.56856 -2.082041 31.7011 8.531782 -2.1035 30.7011 8.531782 -2.1035 31.7011 8.357582 -1.9319 30.7011 8.357582 -1.9319 31.7011 8.38231 -1.92063 30.7011 8.38231 -1.92063 31.7011 8.405694 -1.907609 30.7011 8.405694 -1.907609 31.7011 8.427578 -1.892818 30.7011 8.427578 -1.892818 31.7011 8.447812 -1.87624 30.7011 8.447812 -1.87624 31.7011 8.466238 -1.857857 30.7011 8.466238 -1.857857 31.7011 8.482707 -1.83765 30.7011 8.482707 -1.83765 31.7011 8.497062 -1.815601 30.7011 8.497062 -1.815601 31.7011 8.509152 -1.791692 30.7011 8.509152 -1.791692 31.7011 8.518822 -1.765906 30.7011 8.518822 -1.765906 31.7011 8.525919 -1.738224 30.7011 8.525919 -1.738224 31.7011 8.530291 -1.708628 30.7011 8.530291 -1.708628 31.7011 8.531782 -1.6771 30.7011 8.531782 -1.6771 31.7011 8.531782 -0.3380996 30.7011 8.531782 -0.3380996 31.7011 8.763181 -0.3380996 30.7011 8.763181 -0.3380996 31.7011 8.763181 -1.6589 30.7011 8.763181 -1.6589 31.7011 8.63023 -0.1210286 30.7011 8.63023 -0.1210286 31.7011 8.612394 -0.1173286 30.7011 8.612394 -0.1173286 31.7011 8.59544 -0.1113716 30.7011 8.59544 -0.1113716 31.7011 8.579545 -0.1033296 30.7011 8.579545 -0.1033296 31.7011 8.564875 -0.09337365 30.7011 8.564875 -0.09337365 31.7011 8.551607 -0.08167457 30.7011 8.551607 -0.08167457 31.7011 8.539908 -0.06840562 30.7011 8.539908 -0.06840562 31.7011 8.529952 -0.05373656 30.7011 8.529952 -0.05373656 31.7011 8.521909 -0.0378406 30.7011 8.521909 -0.0378406 31.7011 8.515953 -0.02088761 30.7011 8.515953 -0.02088761 31.7011 8.512252 -0.003050565 30.7011 8.512252 -0.003050565 31.7011 8.510982 0.01550042 30.7011 8.510982 0.01550042 31.7011 8.512252 0.03405141 30.7011 8.512252 0.03405141 31.7011 8.515953 0.05188834 30.7011 8.515953 0.05188834 31.7011 8.521909 0.06884133 30.7011 8.521909 0.06884133 31.7011 8.529952 0.08473742 30.7011 8.529952 0.08473742 31.7011 8.539908 0.09940636 30.7011 8.539908 0.09940636 31.7011 8.551607 0.1126754 30.7011 8.551607 0.1126754 31.7011 8.564875 0.1243743 30.7011 8.564875 0.1243743 31.7011 8.579545 0.1343303 30.7011 8.579545 0.1343303 31.7011 8.59544 0.1423723 30.7011 8.59544 0.1423723 31.7011 8.612394 0.1483293 30.7011 8.612394 0.1483293 31.7011 8.63023 0.1520293 30.7011 8.63023 0.1520293 31.7011 8.648781 0.1533004 30.7011 8.648781 0.1533004 31.7011 8.667332 0.1520284 30.7011 8.667332 0.1520284 31.7011 8.68517 0.1483293 30.7011 8.68517 0.1483293 31.7011 8.702122 0.1423723 30.7011 8.702122 0.1423723 31.7011 8.718019 0.1343303 30.7011 8.718019 0.1343303 31.7011 8.732687 0.1243734 30.7011 8.732687 0.1243734 31.7011 8.745957 0.1126754 30.7011 8.745957 0.1126754 31.7011 8.757656 0.09940636 30.7011 8.757656 0.09940636 31.7011 8.767611 0.08473742 30.7011 8.767611 0.08473742 31.7011 8.775653 0.06884133 30.7011 8.775653 0.06884133 31.7011 8.781611 0.05188834 30.7011 8.781611 0.05188834 31.7011 8.78531 0.03405141 30.7011 8.78531 0.03405141 31.7011 8.786581 0.01550042 30.7011 8.786581 0.01550042 31.7011 8.78531 -0.003050565 30.7011 8.78531 -0.003050565 31.7011 8.781611 -0.02088761 30.7011 8.781611 -0.02088761 31.7011 8.775653 -0.0378406 30.7011 8.775653 -0.0378406 31.7011 8.767611 -0.05373656 30.7011 8.767611 -0.05373656 31.7011 8.757656 -0.06840562 30.7011 8.757656 -0.06840562 31.7011 8.745957 -0.08167457 30.7011 8.745957 -0.08167457 31.7011 8.732687 -0.09337365 30.7011 8.732687 -0.09337365 31.7011 8.718019 -0.1033296 30.7011 8.718019 -0.1033296 31.7011 8.702122 -0.1113716 30.7011 8.702122 -0.1113716 31.7011 8.68517 -0.1173286 30.7011 8.68517 -0.1173286 31.7011 8.667332 -0.1210286 30.7011 8.667332 -0.1210286 31.7011 8.648781 -0.1222996 30.7011 8.648781 -0.1222996 31.7011 9.985778 -1.454437 30.7011 9.985778 -1.454437 31.7011 9.96266 -1.469015 30.7011 9.96266 -1.469015 31.7011 9.94151 -1.481734 30.7011 9.94151 -1.481734 31.7011 9.922012 -1.492692 30.7011 9.922012 -1.492692 31.7011 9.903849 -1.501989 30.7011 9.903849 -1.501989 31.7011 9.886707 -1.509725 30.7011 9.886707 -1.509725 31.7011 9.870268 -1.515997 30.7011 9.870268 -1.515997 31.7011 9.854218 -1.520907 30.7011 9.854218 -1.520907 31.7011 9.83824 -1.524553 30.7011 9.83824 -1.524553 31.7011 9.82202 -1.527034 30.7011 9.82202 -1.527034 31.7011 9.805238 -1.52845 30.7011 9.805238 -1.52845 31.7011 9.787581 -1.5289 30.7011 9.787581 -1.5289 31.7011 9.763198 -1.528135 30.7011 9.763198 -1.528135 31.7011 9.740721 -1.525818 30.7011 9.740721 -1.525818 31.7011 9.720104 -1.521912 30.7011 9.720104 -1.521912 31.7011 9.7013 -1.516381 30.7011 9.7013 -1.516381 31.7011 9.684266 -1.509189 30.7011 9.684266 -1.509189 31.7011 9.668956 -1.5003 30.7011 9.668956 -1.5003 31.7011 9.655325 -1.489677 30.7011 9.655325 -1.489677 31.7011 9.64333 -1.477285 30.7011 9.64333 -1.477285 31.7011 9.632923 -1.463087 30.7011 9.632923 -1.463087 31.7011 9.624058 -1.447048 30.7011 9.624058 -1.447048 31.7011 9.616694 -1.429131 30.7011 9.616694 -1.429131 31.7011 9.610781 -1.4093 30.7011 9.610781 -1.4093 31.7011 9.585326 -1.428584 30.7011 9.585326 -1.428584 31.7011 9.559672 -1.446145 30.7011 9.559672 -1.446145 31.7011 9.533838 -1.46199 30.7011 9.533838 -1.46199 31.7011 9.507841 -1.476129 30.7011 9.507841 -1.476129 31.7011 9.481699 -1.488571 30.7011 9.481699 -1.488571 31.7011 9.455431 -1.499325 30.7011 9.455431 -1.499325 31.7011 9.429056 -1.508399 30.7011 9.429056 -1.508399 31.7011 9.402588 -1.515803 30.7011 9.402588 -1.515803 31.7011 9.37605 -1.521546 30.7011 9.37605 -1.521546 31.7011 9.349457 -1.525637 30.7011 9.349457 -1.525637 31.7011 9.322829 -1.528086 30.7011 9.322829 -1.528086 31.7011 9.296181 -1.5289 30.7011 9.296181 -1.5289 31.7011 9.254507 -1.526152 30.7011 9.254507 -1.526152 31.7011 9.215414 -1.518187 30.7011 9.215414 -1.518187 31.7011 9.1791 -1.505418 30.7011 9.1791 -1.505418 31.7011 9.145767 -1.488263 30.7011 9.145767 -1.488263 31.7011 9.115611 -1.467135 30.7011 9.115611 -1.467135 31.7011 9.088831 -1.44245 30.7011 9.088831 -1.44245 31.7011 9.065628 -1.414623 30.7011 9.065628 -1.414623 31.7011 9.046196 -1.38407 30.7011 9.046196 -1.38407 31.7011 9.030737 -1.351206 30.7011 9.030737 -1.351206 31.7011 9.019451 -1.316446 30.7011 9.019451 -1.316446 31.7011 9.012532 -1.280205 30.7011 9.012532 -1.280205 31.7011 9.010182 -1.2429 30.7011 9.010182 -1.2429 31.7011 9.014433 -1.188316 30.7011 9.014433 -1.188316 31.7011 9.026648 -1.139899 30.7011 9.026648 -1.139899 31.7011 9.046013 -1.097096 30.7011 9.046013 -1.097096 31.7011 9.071716 -1.059359 30.7011 9.071716 -1.059359 31.7011 9.102943 -1.026135 30.7011 9.102943 -1.026135 31.7011 9.138881 -0.9968746 30.7011 9.138881 -0.9968746 31.7011 9.178722 -0.9710266 30.7011 9.178722 -0.9710266 31.7011 9.221649 -0.9480404 30.7011 9.221649 -0.9480404 31.7011 9.266851 -0.9273652 30.7011 9.266851 -0.9273652 31.7011 9.313515 -0.9084505 30.7011 9.313515 -0.9084505 31.7011 9.36083 -0.8907456 30.7011 9.36083 -0.8907456 31.7011 9.407981 -0.8736996 30.7011 9.407981 -0.8736996 31.7011 9.613382 -0.8008996 30.7011 9.613382 -0.8008996 31.7011 9.613382 -0.7384996 30.7011 9.613382 -0.7384996 31.7011 9.61192 -0.703872 30.7011 9.61192 -0.703872 31.7011 9.607531 -0.6727292 30.7011 9.607531 -0.6727292 31.7011 9.600219 -0.6449808 30.7011 9.600219 -0.6449808 31.7011 9.589982 -0.6205366 30.7011 9.589982 -0.6205366 31.7011 9.57682 -0.5993062 30.7011 9.57682 -0.5993062 31.7011 9.560731 -0.5811995 30.7011 9.560731 -0.5811995 31.7011 9.54172 -0.5661262 30.7011 9.54172 -0.5661262 31.7011 9.519782 -0.5539958 30.7011 9.519782 -0.5539958 31.7011 9.494918 -0.5447183 30.7011 9.494918 -0.5447183 31.7011 9.467131 -0.5382033 30.7011 9.467131 -0.5382033 31.7011 9.436419 -0.5343605 30.7011 9.436419 -0.5343605 31.7011 9.402781 -0.5330997 30.7011 9.402781 -0.5330997 31.7011 9.37089 -0.5343527 30.7011 9.37089 -0.5343527 31.7011 9.338961 -0.5381429 30.7011 9.338961 -0.5381429 31.7011 9.307068 -0.5445151 30.7011 9.307068 -0.5445151 31.7011 9.275285 -0.5535143 30.7011 9.275285 -0.5535143 31.7011 9.243681 -0.5651857 30.7011 9.243681 -0.5651857 31.7011 9.212331 -0.5795745 30.7011 9.212331 -0.5795745 31.7011 9.181305 -0.5967258 30.7011 9.181305 -0.5967258 31.7011 9.150677 -0.6166847 30.7011 9.150677 -0.6166847 31.7011 9.12052 -0.6394964 30.7011 9.12052 -0.6394964 31.7011 9.090902 -0.6652061 30.7011 9.090902 -0.6652061 31.7011 9.061899 -0.6938587 30.7011 9.061899 -0.6938587 31.7011 9.033581 -0.7254996 30.7011 9.033581 -0.7254996 31.7011 9.033581 -0.4732996 30.7011 9.033581 -0.4732996 31.7011 9.057093 -0.4477856 30.7011 9.057093 -0.4477856 31.7011 9.082139 -0.4245377 30.7011 9.082139 -0.4245377 31.7011 9.108737 -0.4035466 30.7011 9.108737 -0.4035466 31.7011 9.136908 -0.3848037 30.7011 9.136908 -0.3848037 31.7011 9.166666 -0.3682987 30.7011 9.166666 -0.3682987 31.7011 9.198032 -0.3540247 30.7011 9.198032 -0.3540247 31.7011 9.231021 -0.3419706 30.7011 9.231021 -0.3419706 31.7011 9.265656 -0.3321296 30.7011 9.265656 -0.3321296 31.7011 9.301951 -0.3244896 30.7011 9.301951 -0.3244896 31.7011 9.339924 -0.3190446 30.7011 9.339924 -0.3190446 31.7011 9.379595 -0.3157846 30.7011 9.379595 -0.3157846 31.7011 9.420982 -0.3146997 30.7011 9.420982 -0.3146997 31.7011 9.479022 -0.3172066 30.7011 9.479022 -0.3172066 31.7011 9.534526 -0.3247867 30.7011 9.534526 -0.3247867 31.7011 9.587016 -0.3375306 30.7011 9.587016 -0.3375306 31.7011 9.636012 -0.3555286 30.7011 9.636012 -0.3555286 31.7011 9.681035 -0.3788716 30.7011 9.681035 -0.3788716 31.7011 9.721607 -0.4076496 30.7011 9.721607 -0.4076496 31.7011 9.757249 -0.4419526 30.7011 9.757249 -0.4419526 31.7011 9.787486 -0.4818696 30.7011 9.787486 -0.4818696 31.7011 9.811835 -0.5274933 30.7011 9.811835 -0.5274933 31.7011 9.829819 -0.5789125 30.7011 9.829819 -0.5789125 31.7011 9.840962 -0.6362179 30.7011 9.840962 -0.6362179 31.7011 9.844781 -0.6994996 30.7011 9.844781 -0.6994996 31.7011 9.844781 -1.3001 30.7011 9.844781 -1.3001 31.7011 9.845106 -1.310561 30.7011 9.845106 -1.310561 31.7011 9.84607 -1.319876 30.7011 9.84607 -1.319876 31.7011 9.847665 -1.32809 30.7011 9.847665 -1.32809 31.7011 9.849885 -1.335248 30.7011 9.849885 -1.335248 31.7011 9.852719 -1.341394 30.7011 9.852719 -1.341394 31.7011 9.856157 -1.346575 30.7011 9.856157 -1.346575 31.7011 9.860191 -1.350834 30.7011 9.860191 -1.350834 31.7011 9.864811 -1.354218 30.7011 9.864811 -1.354218 31.7011 9.87001 -1.356771 30.7011 9.87001 -1.356771 31.7011 9.875777 -1.358539 30.7011 9.875777 -1.358539 31.7011 9.882103 -1.359567 30.7011 9.882103 -1.359567 31.7011 9.888981 -1.3599 30.7011 9.888981 -1.3599 31.7011 9.895308 -1.359417 30.7011 9.895308 -1.359417 31.7011 9.902546 -1.357986 30.7011 9.902546 -1.357986 31.7011 9.910634 -1.355634 30.7011 9.910634 -1.355634 31.7011 9.919507 -1.352388 30.7011 9.919507 -1.352388 31.7011 9.929102 -1.348276 30.7011 9.929102 -1.348276 31.7011 9.939356 -1.343325 30.7011 9.939356 -1.343325 31.7011 9.950206 -1.33756 30.7011 9.950206 -1.33756 31.7011 9.961588 -1.331011 30.7011 9.961588 -1.331011 31.7011 9.973441 -1.323703 30.7011 9.973441 -1.323703 31.7011 9.985699 -1.315663 30.7011 9.985699 -1.315663 31.7011 9.998301 -1.30692 30.7011 9.998301 -1.30692 31.7011 10.01118 -1.2975 30.7011 10.01118 -1.2975 31.7011 10.01118 -1.4379 30.7011 10.01118 -1.4379 31.7011 9.564608 -0.9452402 30.7011 9.564608 -0.9452402 31.7011 9.517421 -0.9624246 30.7011 9.517421 -0.9624246 31.7011 9.472332 -0.9800965 30.7011 9.472332 -0.9800965 31.7011 9.429841 -0.9984996 30.7011 9.429841 -0.9984996 31.7011 9.390456 -1.017878 30.7011 9.390456 -1.017878 31.7011 9.354681 -1.038475 30.7011 9.354681 -1.038475 31.7011 9.323023 -1.060534 30.7011 9.323023 -1.060534 31.7011 9.295989 -1.0843 30.7011 9.295989 -1.0843 31.7011 9.274082 -1.110015 30.7011 9.274082 -1.110015 31.7011 9.257807 -1.137925 30.7011 9.257807 -1.137925 31.7011 9.247673 -1.168272 30.7011 9.247673 -1.168272 31.7011 9.244181 -1.2013 30.7011 9.244181 -1.2013 31.7011 9.245618 -1.224731 30.7011 9.245618 -1.224731 31.7011 9.249828 -1.246836 30.7011 9.249828 -1.246836 31.7011 9.256653 -1.267478 30.7011 9.256653 -1.267478 31.7011 9.265944 -1.286522 30.7011 9.265944 -1.286522 31.7011 9.277546 -1.303833 30.7011 9.277546 -1.303833 31.7011 9.291306 -1.319275 30.7011 9.291306 -1.319275 31.7011 9.30707 -1.332713 30.7011 9.30707 -1.332713 31.7011 9.324686 -1.344011 30.7011 9.324686 -1.344011 31.7011 9.343997 -1.353034 30.7011 9.343997 -1.353034 31.7011 9.364852 -1.359647 30.7011 9.364852 -1.359647 31.7011 9.387099 -1.363714 30.7011 9.387099 -1.363714 31.7011 9.410582 -1.3651 30.7011 9.410582 -1.3651 31.7011 9.428673 -1.364349 30.7011 9.428673 -1.364349 31.7011 9.446549 -1.362126 30.7011 9.446549 -1.362126 31.7011 9.464207 -1.358478 30.7011 9.464207 -1.358478 31.7011 9.481649 -1.353448 30.7011 9.481649 -1.353448 31.7011 9.498873 -1.347082 30.7011 9.498873 -1.347082 31.7011 9.515881 -1.339425 30.7011 9.515881 -1.339425 31.7011 9.532672 -1.330522 30.7011 9.532672 -1.330522 31.7011 9.549248 -1.320418 30.7011 9.549248 -1.320418 31.7011 9.565607 -1.309159 30.7011 9.565607 -1.309159 31.7011 9.581748 -1.29679 30.7011 9.581748 -1.29679 31.7011 9.597674 -1.283355 30.7011 9.597674 -1.283355 31.7011 9.613382 -1.2689 30.7011 9.613382 -1.2689 31.7011 9.613382 -0.9282996 30.7011 9.613382 -0.9282996 31.7011 10.86286 -0.6192713 30.7011 10.86286 -0.6192713 31.7011 10.83096 -0.6008562 30.7011 10.83096 -0.6008562 31.7011 10.79959 -0.584409 30.7011 10.79959 -0.584409 31.7011 10.76884 -0.5698848 30.7011 10.76884 -0.5698848 31.7011 10.73881 -0.5572384 30.7011 10.73881 -0.5572384 31.7011 10.70961 -0.5464246 30.7011 10.70961 -0.5464246 31.7011 10.68132 -0.5373983 30.7011 10.68132 -0.5373983 31.7011 10.65405 -0.5301144 30.7011 10.65405 -0.5301144 31.7011 10.62791 -0.5245277 30.7011 10.62791 -0.5245277 31.7011 10.60298 -0.5205931 30.7011 10.60298 -0.5205931 31.7011 10.57937 -0.5182654 30.7011 10.57937 -0.5182654 31.7011 10.55718 -0.5174996 30.7011 10.55718 -0.5174996 31.7011 10.5345 -0.5184053 30.7011 10.5345 -0.5184053 31.7011 10.51332 -0.5210625 30.7011 10.51332 -0.5210625 31.7011 10.49372 -0.5253808 30.7011 10.49372 -0.5253808 31.7011 10.47581 -0.5312699 30.7011 10.47581 -0.5312699 31.7011 10.45967 -0.5386396 30.7011 10.45967 -0.5386396 31.7011 10.44538 -0.5473996 30.7011 10.44538 -0.5473996 31.7011 10.43305 -0.5574595 30.7011 10.43305 -0.5574595 31.7011 10.42275 -0.5687292 30.7011 10.42275 -0.5687292 31.7011 10.41459 -0.5811183 30.7011 10.41459 -0.5811183 31.7011 10.40864 -0.5945367 30.7011 10.40864 -0.5945367 31.7011 10.40501 -0.6088938 30.7011 10.40501 -0.6088938 31.7011 10.40378 -0.6240996 30.7011 10.40378 -0.6240996 31.7011 10.40543 -0.6373434 30.7011 10.40543 -0.6373434 31.7011 10.41051 -0.651183 30.7011 10.41051 -0.651183 31.7011 10.41918 -0.6657809 30.7011 10.41918 -0.6657809 31.7011 10.43161 -0.6812996 30.7011 10.43161 -0.6812996 31.7011 10.44798 -0.6979017 30.7011 10.44798 -0.6979017 31.7011 10.46846 -0.7157496 30.7011 10.46846 -0.7157496 31.7011 10.49321 -0.7350058 30.7011 10.49321 -0.7350058 31.7011 10.52242 -0.7558329 30.7011 10.52242 -0.7558329 31.7011 10.55625 -0.7783933 30.7011 10.55625 -0.7783933 31.7011 10.59487 -0.8028496 30.7011 10.59487 -0.8028496 31.7011 10.63846 -0.8293642 30.7011 10.63846 -0.8293642 31.7011 10.68718 -0.8580996 30.7011 10.68718 -0.8580996 31.7011 10.73277 -0.8890242 30.7011 10.73277 -0.8890242 31.7011 10.77344 -0.9182968 30.7011 10.77344 -0.9182968 31.7011 10.80938 -0.9462152 30.7011 10.80938 -0.9462152 31.7011 10.84077 -0.9730773 30.7011 10.84077 -0.9730773 31.7011 10.8678 -0.9991812 30.7011 10.8678 -0.9991812 31.7011 10.89063 -1.024825 30.7011 10.89063 -1.024825 31.7011 10.90946 -1.050305 30.7011 10.90946 -1.050305 31.7011 10.92446 -1.075922 30.7011 10.92446 -1.075922 31.7011 10.93581 -1.101971 30.7011 10.93581 -1.101971 31.7011 10.94369 -1.128752 30.7011 10.94369 -1.128752 31.7011 10.94829 -1.156562 30.7011 10.94829 -1.156562 31.7011 10.94978 -1.1857 30.7011 10.94978 -1.1857 31.7011 10.94643 -1.235601 30.7011 10.94643 -1.235601 31.7011 10.93662 -1.282441 30.7011 10.93662 -1.282441 31.7011 10.92073 -1.325978 30.7011 10.92073 -1.325978 31.7011 10.89913 -1.365966 30.7011 10.89913 -1.365966 31.7011 10.87218 -1.402163 30.7011 10.87218 -1.402163 31.7011 10.84026 -1.434325 30.7011 10.84026 -1.434325 31.7011 10.80373 -1.462207 30.7011 10.80373 -1.462207 31.7011 10.76297 -1.485566 30.7011 10.76297 -1.485566 31.7011 10.71834 -1.504159 30.7011 10.71834 -1.504159 31.7011 10.67022 -1.517741 30.7011 10.67022 -1.517741 31.7011 10.61898 -1.526069 30.7011 10.61898 -1.526069 31.7011 10.56498 -1.5289 30.7011 10.56498 -1.5289 31.7011 10.52984 -1.528292 30.7011 10.52984 -1.528292 31.7011 10.49576 -1.52642 30.7011 10.49576 -1.52642 31.7011 10.46248 -1.523212 30.7011 10.46248 -1.523212 31.7011 10.42978 -1.518596 30.7011 10.42978 -1.518596 31.7011 10.3974 -1.512499 30.7011 10.3974 -1.512499 31.7011 10.36511 -1.50485 30.7011 10.36511 -1.50485 31.7011 10.33265 -1.495575 30.7011 10.33265 -1.495575 31.7011 10.29978 -1.484603 30.7011 10.29978 -1.484603 31.7011 10.26626 -1.471862 30.7011 10.26626 -1.471862 31.7011 10.23186 -1.457279 30.7011 10.23186 -1.457279 31.7011 10.19631 -1.440783 30.7011 10.19631 -1.440783 31.7011 10.15938 -1.4223 30.7011 10.15938 -1.4223 31.7011 10.15938 -1.1727 30.7011 10.15938 -1.1727 31.7011 10.19679 -1.197565 30.7011 10.19679 -1.197565 31.7011 10.23355 -1.220174 30.7011 10.23355 -1.220174 31.7011 10.26956 -1.240543 30.7011 10.26956 -1.240543 31.7011 10.30469 -1.258692 30.7011 10.30469 -1.258692 31.7011 10.33885 -1.274638 30.7011 10.33885 -1.274638 31.7011 10.37193 -1.2884 30.7011 10.37193 -1.2884 31.7011 10.40382 -1.299994 30.7011 10.40382 -1.299994 31.7011 10.4344 -1.30944 30.7011 10.4344 -1.30944 31.7011 10.46358 -1.316756 30.7011 10.46358 -1.316756 31.7011 10.49124 -1.321959 30.7011 10.49124 -1.321959 31.7011 10.51728 -1.325067 30.7011 10.51728 -1.325067 31.7011 10.54158 -1.3261 30.7011 10.54158 -1.3261 31.7011 10.56462 -1.323987 30.7011 10.56462 -1.323987 31.7011 10.58679 -1.32025 30.7011 10.58679 -1.32025 31.7011 10.60788 -1.314887 30.7011 10.60788 -1.314887 31.7011 10.62767 -1.3079 30.7011 10.62767 -1.3079 31.7011 10.64594 -1.299287 30.7011 10.64594 -1.299287 31.7011 10.66248 -1.28905 30.7011 10.66248 -1.28905 31.7011 10.67707 -1.277187 30.7011 10.67707 -1.277187 31.7011 10.68949 -1.2637 30.7011 10.68949 -1.2637 31.7011 10.69953 -1.248587 30.7011 10.69953 -1.248587 31.7011 10.70697 -1.23185 30.7011 10.70697 -1.23185 31.7011 10.71159 -1.213487 30.7011 10.71159 -1.213487 31.7011 10.71318 -1.1935 30.7011 10.71318 -1.1935 31.7011 10.70244 -1.154594 30.7011 10.70244 -1.154594 31.7011 10.67274 -1.117774 30.7011 10.67274 -1.117774 31.7011 10.62787 -1.081984 30.7011 10.62787 -1.081984 31.7011 10.57163 -1.046166 30.7011 10.57163 -1.046166 31.7011 10.5078 -1.009265 30.7011 10.5078 -1.009265 31.7011 10.44018 -0.9702245 30.7011 10.44018 -0.9702245 31.7011 10.37256 -0.927988 30.7011 10.37256 -0.927988 31.7011 10.30874 -0.8814995 30.7011 10.30874 -0.8814995 31.7011 10.25249 -0.8297027 30.7011 10.25249 -0.8297027 31.7011 10.20763 -0.7715412 30.7011 10.20763 -0.7715412 31.7011 10.17792 -0.705959 30.7011 10.17792 -0.705959 31.7011 10.16718 -0.6318996 30.7011 10.16718 -0.6318996 31.7011 10.17028 -0.5841488 30.7011 10.17028 -0.5841488 31.7011 10.17943 -0.5397923 30.7011 10.17943 -0.5397923 31.7011 10.1944 -0.4989746 30.7011 10.1944 -0.4989746 31.7011 10.21494 -0.4618406 30.7011 10.21494 -0.4618406 31.7011 10.24083 -0.4285336 30.7011 10.24083 -0.4285336 31.7011 10.27183 -0.3991996 30.7011 10.27183 -0.3991996 31.7011 10.3077 -0.3739816 30.7011 10.3077 -0.3739816 31.7011 10.34822 -0.3530256 30.7011 10.34822 -0.3530256 31.7011 10.39314 -0.3364747 30.7011 10.39314 -0.3364747 31.7011 10.44223 -0.3244736 30.7011 10.44223 -0.3244736 31.7011 10.49525 -0.3171676 30.7011 10.49525 -0.3171676 31.7011 10.55198 -0.3146997 30.7011 10.55198 -0.3146997 31.7011 10.57934 -0.3153516 30.7011 10.57934 -0.3153516 31.7011 10.60683 -0.3173117 30.7011 10.60683 -0.3173117 31.7011 10.63449 -0.3205906 30.7011 10.63449 -0.3205906 31.7011 10.66234 -0.3251956 30.7011 10.66234 -0.3251956 31.7011 10.6904 -0.3311377 30.7011 10.6904 -0.3311377 31.7011 10.71871 -0.3384246 30.7011 10.71871 -0.3384246 31.7011 10.74728 -0.3470656 30.7011 10.74728 -0.3470656 31.7011 10.77616 -0.3570696 30.7011 10.77616 -0.3570696 31.7011 10.80536 -0.3684466 30.7011 10.80536 -0.3684466 31.7011 10.83491 -0.3812046 30.7011 10.83491 -0.3812046 31.7011 10.86484 -0.3953526 30.7011 10.86484 -0.3953526 31.7011 10.89518 -0.4108996 30.7011 10.89518 -0.4108996 31.7011 10.89518 -0.6396996 30.7011 10.89518 -0.6396996 31.7011</float_array>
          <technique_common>
            <accessor source="#Text_002-mesh-positions-array" count="1920" stride="3">
              <param name="X" type="float"/>
              <param name="Y" type="float"/>
              <param name="Z" type="float"/>
            </accessor>
          </technique_common>
        </source>
        <source id="Text_002-mesh-normals">
          <float_array id="Text_002-mesh-normals-array" count="3852">3.56455e-5 0 1 3.46954e-5 0 1 -1.35818e-5 0 1 0 0 1 1.53075e-5 0 1 -1.28614e-5 0 1 8.16347e-6 0 1 -2.19874e-6 0 1 -6.46506e-6 0 1 1.73127e-4 0 1 -1.5988e-4 0 1 1.49674e-4 0 1 -1.31695e-4 0 1 1.28961e-4 0 1 3.30094e-5 0 1 -5.48152e-4 0 1 0.001372754 0 0.9999991 1.62279e-5 0 1 -4.92823e-4 0 0.9999999 3.03826e-5 0 1 -2.77265e-5 0 1 1.87119e-5 0 1 -2.44442e-5 0 1 -7.53466e-6 0 1 5.15132e-5 0 1 1.82827e-5 0 1 1.0444e-5 0 1 -3.57874e-5 0 1 -3.38926e-6 0 1 1.70447e-5 0 1 -1.54015e-5 0 1 3.72314e-5 0 1 -1.69936e-5 0 1 -1.49243e-6 0 1 -1.26678e-5 0 1 6.19842e-6 0 1 -9.82854e-6 0 1 6.92384e-6 0 1 1.11711e-5 0 1 9.64696e-7 0 1 -1.2328e-5 0 1 -9.07647e-6 0 1 -2.51126e-6 0 1 1.52933e-5 0 1 -1.23528e-5 0 1 -9.36815e-6 0 1 -1.27661e-5 0 1 -2.02385e-5 0 1 1.30896e-5 0 1 8.13899e-5 0 1 -1.47686e-5 0 1 2.08451e-5 0 1 -4.2646e-5 0 1 -6.07755e-5 0 1 -3.01562e-5 0 1 3.34292e-5 0 1 3.24204e-5 0 1 2.65533e-5 0 1 -3.94091e-5 0 1 3.93257e-5 0 1 -2.16732e-5 0 1 1.63563e-5 0 1 1.90869e-5 0 1 -4.80362e-6 0 1 -1.07001e-5 0 1 2.21291e-6 0 1 -3.66166e-5 0 1 -8.93755e-5 0 1 -1.04194e-6 0 1 -1.18284e-6 0 1 1.36332e-4 0 1 -7.08659e-5 0 1 -3.86469e-6 0 1 -0.001661777 0 0.9999987 -1.45394e-5 0 1 5.69168e-5 0 1 1.63949e-5 0 1 3.81576e-5 0 1 -1.03383e-6 0 1 -2.10121e-5 0 1 7.49693e-6 0 1 -2.19798e-5 0 1 -3.47671e-6 0 1 -1.01806e-5 0 1 2.1307e-5 0 1 1.939e-5 0 1 -1.19067e-5 0 1 1.70421e-5 0 1 -9.46436e-6 0 1 2.15073e-5 0 1 -2.25746e-5 0 1 6.67396e-6 0 1 -2.32556e-5 0 1 3.10853e-5 0 1 6.52124e-6 0 1 -4.50588e-6 0 1 -7.91119e-6 0 1 -9.48425e-6 0 1 1.72876e-5 0 1 1.95562e-5 0 1 4.35419e-6 0 1 -1.13899e-5 0 1 7.67766e-6 0 1 -1.4261e-5 0 1 5.26783e-6 0 1 -1.60642e-5 0 1 8.63092e-4 0 0.9999997 2.29332e-5 0 1 -1.62034e-5 0 1 1.56768e-5 0 1 1.19786e-5 0 1 1.534e-5 0 1 1.2931e-6 0 1 -5.19524e-6 0 1 -1.20558e-5 0 1 1.03129e-5 0 1 -7.43594e-6 0 1 -9.71341e-6 0 1 1.06746e-5 0 1 -1.08391e-5 0 1 4.83297e-6 0 1 5.14954e-6 0 1 -2.8287e-5 0 1 -3.15095e-5 0 1 3.66139e-5 0 1 -4.62577e-5 0 1 1.15002e-4 0 1 -7.61267e-5 0 1 -1.95718e-5 0 1 -1.05732e-5 0 1 1.15872e-5 0 1 1.27453e-5 0 1 2.07032e-6 0 1 -9.98683e-5 0 1 2.36371e-4 0 1 -5.91169e-4 0 0.9999998 2.81934e-5 0 1 -1.32085e-5 0 1 2.26247e-5 0 1 -7.34421e-6 0 1 -2.82384e-5 0 1 -1.59162e-5 0 1 -2.40587e-6 0 1 -5.50991e-6 0 1 -3.84614e-5 0 1 1.45538e-5 0 1 2.56716e-5 0 1 3.82603e-6 0 1 6.31369e-6 0 1 8.08863e-6 0 1 -9.32942e-6 0 1 2.08001e-5 0 1 -4.09798e-5 0 1 -1.9244e-5 0 1 1.22832e-5 0 1 -1.82457e-5 0 1 8.79053e-6 0 1 6.03427e-6 0 1 -1.23284e-5 0 1 -6.39246e-7 0 1 2.1358e-5 0 1 -9.60415e-6 0 1 -2.22696e-5 0 1 -9.44198e-6 0 1 -5.1777e-6 0 1 -2.71574e-6 0 1 4.08356e-5 0 1 -3.26037e-7 0 1 5.34782e-6 0 1 -8.64867e-6 0 1 9.39002e-6 0 1 -5.88912e-7 0 1 2.78384e-6 0 1 -5.98774e-6 0 1 -3.56455e-5 0 -1 -3.46954e-5 0 -1 1.35818e-5 0 -1 0 0 -1 -1.53075e-5 0 -1 1.28614e-5 0 -1 -8.16347e-6 0 -1 -1.63178e-6 0 -1 2.19874e-6 0 -1 -9.52381e-5 0 -1 1.41835e-4 0 -1 -1.35934e-4 0 -1 1.31695e-4 0 -1 -3.03826e-5 0 -1 2.77265e-5 0 -1 -1.87119e-5 0 -1 2.44442e-5 0 -1 7.53466e-6 0 -1 -5.15132e-5 0 -1 -1.82827e-5 0 -1 -1.0444e-5 0 -1 3.57874e-5 0 -1 -2.37248e-5 0 -1 5.11341e-5 0 -1 1.54015e-5 0 -1 -2.39139e-5 0 -1 -1.86157e-5 0 -1 3.39872e-5 0 -1 7.46217e-6 0 -1 -6.19842e-6 0 -1 9.82854e-6 0 -1 -1.11711e-5 0 -1 -9.64696e-7 0 -1 1.2599e-5 0 -1 9.07647e-6 0 -1 -7.53379e-6 0 -1 1.55052e-5 0 -1 -1.52933e-5 0 -1 1.17743e-5 0 -1 -1.66265e-5 0 -1 1.23528e-5 0 -1 9.36815e-6 0 -1 3.82983e-5 0 -1 2.02385e-5 0 -1 -5.04159e-5 0 -1 3.92689e-5 0 -1 -2.713e-5 0 -1 1.47686e-5 0 -1 -2.08451e-5 0 -1 4.2646e-5 0 -1 6.07755e-5 0 -1 -3.34292e-5 0 -1 -9.72613e-5 0 -1 4.42555e-5 0 -1 5.61795e-6 0 -1 -1.63563e-5 0 -1 -1.06341e-4 0 -1 4.80362e-6 0 -1 -2.21291e-6 0 -1 3.66166e-5 0 -1 8.93755e-5 0 -1 1.04194e-6 0 -1 1.18284e-6 0 -1 7.49381e-5 0 -1 -8.90269e-5 0 -1 3.86469e-6 0 -1 -0.001661777 0 -0.9999987 -3.70885e-5 0 -1 1.45394e-5 0 -1 -5.69168e-5 0 -1 -1.56155e-5 0 -1 -1.63949e-5 0 -1 -2.64188e-4 0 -1 6.46991e-5 0 -1 -3.81576e-5 0 -1 1.03383e-6 0 -1 2.10121e-5 0 -1 -7.49693e-6 0 -1 2.19798e-5 0 -1 3.47671e-6 0 -1 1.01806e-5 0 -1 -2.1307e-5 0 -1 -1.939e-5 0 -1 1.19067e-5 0 -1 -1.70421e-5 0 -1 9.46436e-6 0 -1 -2.15073e-5 0 -1 2.25746e-5 0 -1 -6.67396e-6 0 -1 2.32556e-5 0 -1 -3.10853e-5 0 -1 -6.52124e-6 0 -1 4.50588e-6 0 -1 2.79949e-4 0 -1 7.91119e-6 0 -1 9.48425e-6 0 -1 -1.72876e-5 0 -1 -1.95562e-5 0 -1 -4.35419e-6 0 -1 1.13899e-5 0 -1 -7.67766e-6 0 -1 1.4261e-5 0 -1 -5.26783e-6 0 -1 1.60642e-5 0 -1 -2.29332e-5 0 -1 8.10171e-6 0 -1 -1.56768e-5 0 -1 -1.19786e-5 0 -1 -1.534e-5 0 -1 -1.2931e-6 0 -1 -5.19524e-6 0 -1 1.20558e-5 0 -1 -1.03129e-5 0 -1 7.43594e-6 0 -1 9.71341e-6 0 -1 -1.06746e-5 0 -1 1.08391e-5 0 -1 -4.83297e-6 0 -1 -5.14954e-6 0 -1 2.8287e-5 0 -1 3.15095e-5 0 -1 -3.66139e-5 0 -1 4.62577e-5 0 -1 -1.15002e-4 0 -1 7.61267e-5 0 -1 -1.87989e-5 0 -1 1.95718e-5 0 -1 1.05732e-5 0 -1 -1.15872e-5 0 -1 -1.27453e-5 0 -1 2.07032e-6 0 -1 9.98683e-5 0 -1 -7.87902e-5 0 -1 5.91169e-4 0 -0.9999998 -2.81934e-5 0 -1 1.32085e-5 0 -1 -2.26247e-5 0 -1 7.34421e-6 0 -1 2.82384e-5 0 -1 1.59162e-5 0 -1 -7.21761e-6 0 -1 1.05934e-5 0 -1 -5.50991e-6 0 -1 -1.45538e-5 0 -1 -3.82603e-6 0 -1 6.31369e-6 0 -1 2.69621e-6 0 -1 -2.15594e-5 0 -1 2.10663e-5 0 -1 9.32942e-6 0 -1 -2.08001e-5 0 -1 6.14159e-6 0 -1 -1.77419e-5 0 -1 -8.79053e-6 0 -1 -6.03427e-6 0 -1 1.23284e-5 0 -1 6.39246e-7 0 -1 -3.20138e-6 0 -1 2.22696e-5 0 -1 -3.14733e-6 0 -1 5.1777e-6 0 -1 2.71574e-6 0 -1 -4.08356e-5 0 -1 3.26037e-7 0 -1 -5.34782e-6 0 -1 8.64867e-6 0 -1 -4.0243e-6 0 -1 -1.39745e-5 0 -1 5.88912e-7 0 -1 -2.78384e-6 0 -1 5.98774e-6 0 -1 0.9696754 -0.2443965 0 0.9927585 -0.1201278 0 0.9927584 -0.1201283 0 0.928937 -0.3702378 0 0.9696732 -0.2444053 0 0.8696821 -0.4936122 0 0.928933 -0.3702479 0 0.7923429 -0.610076 0 0.8696823 -0.4936119 0 0.6987854 -0.7153314 0 0.7923439 -0.6100747 0 0.5921322 -0.8058409 0 0.6987808 -0.7153359 0 0.476345 -0.8792585 0 0.5921236 -0.8058472 0 0.3556635 -0.9346141 0 0.4763423 -0.87926 0 0.2340654 -0.9722208 0 0.3556663 -0.9346131 0 0.1148833 -0.9933791 0 0.2340661 -0.9722208 0 -0.002279102 -0.9999974 0 0.1148821 -0.9933792 0 -0.1232392 -0.9923771 0 -0.002279698 -0.9999974 0 -0.2485215 -0.9686264 0 -0.1232385 -0.9923772 0 -0.3731198 -0.9277831 0 -0.2485206 -0.9686267 0 -0.4936583 -0.869656 0 -0.6067296 -0.7949083 0 -0.4936555 -0.8696576 0 -0.709174 -0.7050336 0 -0.6067262 -0.794911 0 -0.798308 -0.6022494 0 -0.7091763 -0.7050312 0 -0.8720834 -0.4893573 0 -0.7983087 -0.6022484 0 -0.9292296 -0.369503 0 -0.872085 -0.4893546 0 -0.9692778 -0.2459686 0 -0.929232 -0.369497 0 -0.9925349 -0.1219618 0 -0.9692764 -0.2459742 0 -0.9999951 0.003158867 0 -0.9925347 -0.1219624 0 -0.991065 0.1333796 0 -0.999995 0.003169298 0 -0.964151 0.2653542 0 -0.9910637 0.1333904 0 -0.9197709 0.3924559 0 -0.9641481 0.2653648 0 -0.8591163 0.5117804 0 -0.9197707 0.3924561 0 -0.7837722 0.6210485 0 -0.8591195 0.5117752 0 -0.6954805 0.718545 0 -0.7837721 0.6210486 0 -0.5960346 0.8029588 0 -0.6954833 0.7185422 0 -0.4872533 0.8732607 0 -0.5960386 0.8029559 0 -0.3710498 0.928613 0 -0.4872532 0.8732607 0 -0.2495054 0.9683734 0 -0.3710498 0.928613 0 -0.1249559 0.9921623 0 -0.2495044 0.9683737 0 -0.00254023 0.9999969 0 -0.1249549 0.9921625 0 0.1158499 0.9932668 0 -0.002539932 0.9999969 0 0.2341482 0.9722009 0 0.1158511 0.9932667 0 0.3530196 0.935616 0 0.2341491 0.9722007 0 0.4698897 0.8827253 0 0.3530184 0.9356164 0 0.5818797 0.8132749 0 0.4698885 0.8827258 0 0.6858997 0.7276962 0 0.5818788 0.8132755 0 0.7788328 0.6272318 0 0.6858989 0.7276969 0 0.8578019 0.5139806 0 0.7788327 0.6272317 0 0.9204328 0.3909011 0 0.8578072 0.5139716 0 0.9651646 0.2616438 0 0.9204365 0.3908924 0 0.9914923 0.1301655 0 0.9651671 0.2616348 0 0.9999963 0.00274676 0 0.9914937 0.1301553 0 0.9999963 0.00274676 0 0.9754547 0.2202007 0 0.9942005 0.1075426 0 0.9941997 0.1075506 0 0.9415804 0.3367886 0 0.9754547 0.2202003 0 0.8907135 0.4545652 0 0.941583 0.3367809 0 0.8216993 0.5699214 0 0.8907137 0.454565 0 0.7345492 0.6785554 0 0.8216948 0.5699278 0 0.6307899 0.7759537 0 0.734548 0.6785568 0 0.5134999 0.8580896 0 0.6307885 0.7759549 0 0.3870229 0.9220701 0 0.5134963 0.8580919 0 0.2563207 0.9665918 0 0.3870217 0.9220707 0 0.1262157 0.9920029 0 0.2563236 0.9665911 0 0.003757655 0.999993 0 0.1262162 0.9920028 0 -0.1122525 0.9936798 0 0.003757774 0.999993 0 -0.2317529 0.9727748 0 -0.1122529 0.9936798 0 -0.3567965 0.9341821 0 -0.2317529 0.9727748 0 -0.4829663 0.875639 0 -0.3568001 0.9341809 0 -0.6045003 0.7966049 0 -0.482974 0.8756347 0 -0.7152183 0.6989011 0 -0.6045106 0.7965971 0 -0.8097735 0.5867428 0 -0.715219 0.6989005 0 -0.8848246 0.4659242 0 -0.809764 0.5867558 0 -0.9395211 0.3424913 0 -0.8848242 0.465925 0 -0.9751265 0.2216491 0 -0.9395238 0.3424837 0 -0.9942477 0.1071053 0 -0.9751265 0.2216491 0 -0.9999877 -0.004976391 0 -0.9942462 0.1071202 0 -0.9921597 -0.1249775 0 -0.9999878 -0.004961311 0 -0.9677941 -0.2517434 0 -0.9921597 -0.1249774 0 -0.9260374 -0.3774317 0 -0.9677942 -0.2517428 0 -0.8668735 -0.4985283 0 -0.9260439 -0.3774158 0 -0.7911584 -0.6116115 0 -0.8668777 -0.4985208 0 -0.7005592 -0.7135944 0 -0.7911535 -0.6116176 0 -0.5974547 -0.8019027 0 -0.7005562 -0.7135974 0 -0.4847182 -0.8746705 0 -0.5974504 -0.8019059 0 -0.3655076 -0.9308084 0 -0.4847182 -0.8746704 0 -0.2430503 -0.9700137 0 -0.3655115 -0.9308068 0 -0.1204165 -0.9927235 0 -0.2430519 -0.9700134 0 0.001731991 -0.9999986 0 -0.1204145 -0.9927237 0 0.1271281 -0.9918863 0 0.001732468 -0.9999986 0 0.2555665 -0.9667915 0 0.1271264 -0.9918866 0 0.3821953 -0.9240816 0 0.2555677 -0.9667912 0 0.5034707 -0.8640124 0 0.3821941 -0.9240821 0 0.6160631 -0.7876969 0 0.5034671 -0.8640145 0 0.717091 -0.6969796 0 0.6160573 -0.7877014 0 0.8042667 -0.5942686 0 0.7170818 -0.696989 0 0.8760004 -0.4823107 0 0.8042633 -0.5942732 0 0.9313819 -0.3640438 0 0.8759962 -0.482318 0 0.9701664 -0.2424402 0 0.9313789 -0.3640517 0 0.9927357 -0.120316 0 0.9701684 -0.2424322 0 0.999994 -0.00347352 0 0.9927356 -0.1203162 0 0.9999939 -0.003489673 0 0.9920473 -0.1258662 0 0.9982979 -0.05832225 0 0.9982987 -0.05830705 0 0.9789333 -0.2041806 0 0.9920473 -0.1258661 0 0.9562981 -0.2923937 0 0.9789294 -0.2041991 0 0.9216907 -0.3879257 0 0.9562863 -0.2924321 0 0.8738521 -0.4861918 0 0.9216824 -0.3879453 0 0.813661 -0.5813398 0 0.7444753 -0.6676501 0 0.81365 -0.5813551 0 0.6714659 -0.7410355 0 0.7444627 -0.6676641 0 0.600107 -0.7999199 0 0.6714549 -0.7410455 0 0.5348609 -0.8449401 0 0.600095 -0.7999289 0 -0.1245225 -0.9922169 0 0.5348517 -0.8449461 0 -0.9847028 0.174243 0 -0.1245336 -0.9922154 0 -0.4509779 0.8925351 0 -0.9847027 0.1742433 0 -0.5237236 0.8518883 0 -0.4509627 0.8925429 0 -0.5974953 0.8018724 0 -0.5237091 0.8518972 0 -0.6708281 0.7416129 0 -0.5974954 0.8018725 0 -0.7417054 0.6707259 0 -0.670828 0.741613 0 -0.8077604 0.589511 0 -0.7417054 0.6707258 0 -0.8664968 0.4991829 0 -0.8077428 0.5895351 0 -0.9157238 0.4018087 0 -0.8664973 0.4991817 0 -0.9538832 0.3001782 0 -0.9157362 0.4017801 0 -0.9803017 0.1975061 0 -0.9538832 0.3001782 0 -0.995303 0.09680998 0 -0.9997207 0.02363383 0 -0.9953058 0.09678053 0 -0.7071068 0.7071068 0 -0.9997214 0.02360427 0 0.7071068 0.7071068 0 0.9999073 -0.01361495 0 0.7071068 0.7071068 0 0.9999072 -0.01363033 0 -0.2678922 -0.9634489 0 -0.1360554 -0.9907013 0 -0.136045 -0.9907027 0 -0.3922953 -0.9198393 0 -0.2679192 -0.9634415 0 -0.5075384 -0.8616291 0 -0.3923106 -0.9198328 0 -0.6126982 -0.7903171 0 -0.5075378 -0.8616295 0 -0.707145 -0.7070685 0 -0.6126704 -0.7903387 0 -0.7903416 -0.6126666 0 -0.7070919 -0.7071217 0 -0.8616304 -0.5075364 0 -0.7903171 -0.6126981 0 -0.9198442 -0.392284 0 -0.8616065 -0.5075771 0 -0.9634456 -0.2679046 0 -0.9198256 -0.3923274 0 -0.9907041 -0.1360347 0 -0.9634455 -0.2679045 0 -1 0 0 -0.9907041 -0.1360347 0 -0.9907041 0.1360354 0 -1 0 0 -0.9634453 0.2679052 0 -0.990704 0.1360354 0 -0.9198266 0.3923254 0 -0.9634453 0.2679052 0 -0.8616067 0.5075768 0 -0.9198448 0.3922826 0 -0.7903172 0.6126978 0 -0.8616303 0.5075367 0 -0.7070916 0.7071219 0 -0.7903418 0.6126662 0 -0.6126683 0.7903403 0 -0.7071449 0.7070688 0 -0.5075384 0.8616291 0 -0.6126962 0.7903186 0 -0.3923113 0.9198326 0 -0.5075378 0.8616295 0 -0.2679192 0.9634415 0 -0.3922947 0.9198396 0 -0.1360554 0.9907013 0 -0.2678922 0.9634489 0 2.56329e-5 1 0 -0.136045 0.9907027 0 0.1360449 0.9907028 0 2.55449e-5 1 0 0.2678844 0.9634512 0 0.1360449 0.9907027 0 0.3923112 0.9198325 0 0.2678844 0.9634512 0 0.5075574 0.8616181 0 0.3922886 0.9198422 0 0.6126699 0.7903391 0 0.5075619 0.8616153 0 0.7070771 0.7071365 0 0.6126934 0.7903206 0 0.7903448 0.6126623 0 0.7071053 0.7071083 0 0.8616529 0.5074981 0 0.7903423 0.6126655 0 0.9198451 0.3922819 0 0.8616062 0.5075774 0 0.9634451 0.2679058 0 0.9198069 0.3923716 0 0.9906971 0.1360855 0 0.9634456 0.2679046 0 1 5.0517e-5 0 0.9907109 0.1359852 0 0.990711 -0.1359845 0 1 -5.0517e-5 0 0.9634457 -0.2679039 0 0.9906973 -0.1360849 0 0.9198063 -0.392373 0 0.9634454 -0.2679051 0 0.8616065 -0.5075771 0 0.9198442 -0.392284 0 0.7903422 -0.6126658 0 0.8616527 -0.5074985 0 0.7071198 -0.7070938 0 0.7903447 -0.6126625 0 0.6126939 -0.7903204 0 0.7070916 -0.707122 0 0.5075433 -0.8616263 0 0.6126703 -0.7903387 0 0.3922893 -0.9198419 0 0.5075376 -0.8616297 0 0.2679091 -0.9634442 0 0.3923106 -0.9198329 0 0.136045 -0.9907027 0 0.2679091 -0.9634443 0 0 -1 0 0.136045 -0.9907027 0 0 -1 0 0.5243936 -0.8514761 0 0.5395058 -0.8419818 0 0.5395047 -0.8419827 0 0.5027047 -0.8644583 0 0.5244092 -0.8514665 0 0.4728875 -0.8811228 0 0.5026869 -0.8644687 0 0.4335907 -0.90111 0 0.4728879 -0.8811227 0 0.3840577 -0.9233091 0 0.4336283 -0.901092 0 0.3246879 -0.9458212 0 0.3840945 -0.9232939 0 0.2576544 -0.9662372 0 0.3247061 -0.945815 0 0.1869555 -0.9823684 0 0.2576544 -0.9662371 0 0.1177073 -0.9930484 0 0.1869556 -0.9823684 0 0.05479681 -0.9984976 0 0.1177027 -0.9930489 0 -0.002931177 -0.9999958 0 0.05479079 -0.9984979 0 -0.06697779 -0.9977545 0 -0.00293374 -0.9999958 0 -0.144464 -0.9895101 0 -0.06698328 -0.9977542 0 -0.2344431 -0.9721298 0 -0.1444765 -0.9895083 0 -0.3361123 -0.941822 0 -0.2344644 -0.9721248 0 -0.4464523 -0.8948075 0 -0.3361251 -0.9418174 0 -0.5597031 -0.8286933 0 -0.4464284 -0.8948194 0 -0.6682235 -0.7439606 0 -0.5597086 -0.8286895 0 -0.7643127 -0.644846 0 -0.6682484 -0.7439383 0 -0.8426136 -0.5385187 0 -0.7642847 -0.644879 0 -0.9015728 -0.4326275 0 -0.8425657 -0.5385936 0 -0.9427986 -0.3333628 0 -0.901553 -0.4326688 0 -0.3110944 -0.9503791 0 0.584531 -0.8113714 0 -0.3110952 -0.9503788 0 0.5440244 -0.8390694 0 0.584531 -0.8113715 0 0.5004832 -0.8657464 0 0.5440108 -0.8390782 0 0.4539368 -0.8910339 0 0.5004692 -0.8657544 0 0.4044708 -0.914551 0 0.4539244 -0.8910403 0 0.3522435 -0.9359085 0 0.4044581 -0.9145566 0 0.2974938 -0.9547238 0 0.3522333 -0.9359123 0 0.2405622 -0.9706338 0 0.2974922 -0.9547243 0 0.1818616 -0.9833242 0 0.2405782 -0.9706298 0 0.1218526 -0.9925482 0 0.181874 -0.9833219 0 0.06106835 -0.9981336 0 0.1218578 -0.9925476 0 -0.01764547 -0.9998443 0 0.06106841 -0.9981336 0 -0.1330227 -0.991113 0 -0.0176469 -0.9998443 0 -0.2663043 -0.963889 0 -0.1330241 -0.9911128 0 -0.3955929 -0.918426 0 -0.266312 -0.9638869 0 -0.5168988 -0.8560466 0 -0.3955898 -0.9184273 0 -0.6271816 -0.7788732 0 -0.5169015 -0.856045 0 -0.7244415 -0.6893363 0 -0.6271929 -0.778864 0 -0.8075821 -0.5897552 0 -0.7244551 -0.6893219 0 -0.8761117 -0.4821082 0 -0.807581 -0.5897569 0 -0.9298334 -0.3679807 0 -0.8761013 -0.4821273 0 -0.9685889 -0.2486677 0 -0.9298424 -0.3679582 0 -0.9921023 -0.1254325 0 -0.9685888 -0.2486681 0 -0.9999725 0.007413268 0 -0.9920991 -0.1254573 0 -0.9868379 0.1617129 0 -0.9999725 0.007413208 0 -0.9440811 0.3297132 0 -0.9868378 0.1617136 0 -0.8720567 0.4894049 0 -0.944081 0.3297138 0 -0.7799677 0.6258199 0 -0.8720649 0.4893903 0 -0.6815277 0.7317923 0 -0.7799793 0.6258054 0 -0.5886805 0.8083658 0 -0.6815298 0.7317905 0 -0.5086115 0.8609961 0 -0.5886812 0.8083653 0 -0.4442201 0.8959177 0 -0.5086124 0.8609956 0 -0.3958974 0.9182947 0 -0.444221 0.8959172 0 -0.3630961 0.9317517 0 -0.3958911 0.9182976 0 -0.34523 0.9385182 0 -0.3630827 0.931757 0 -0.3370257 0.9414955 0 -0.345223 0.9385207 0 -0.8167214 0.5770322 0 -0.3370248 0.9414958 0 -0.9997773 -0.02110964 0 -0.816721 0.5770328 0 -0.9958522 -0.09098625 0 -0.9997777 -0.02108275 0 -0.9802961 -0.1975335 0 -0.9958547 -0.09095966 0 -0.9469673 -0.3213304 0 -0.9803022 -0.1975033 0 -0.8889465 -0.458011 0 -0.9469665 -0.3213327 0 -0.8016869 -0.5977442 0 -0.8889166 -0.4580692 0 -0.6870135 -0.7266448 0 -0.8016678 -0.5977699 0 -0.5544824 -0.8321956 0 -0.6869958 -0.7266614 0 -0.4178791 -0.9085027 0 -0.5544623 -0.832209 0 -0.2895056 -0.9571765 0 -0.4178903 -0.9084975 0 -0.1764559 -0.9843086 0 -0.2895245 -0.9571707 0 -0.08088237 -0.9967237 0 -0.1764633 -0.9843072 0 9.03902e-4 -0.9999997 0 -0.08088237 -0.9967237 0 0.07863187 -0.9969037 0 9.03896e-4 -0.9999997 0 0.1570258 -0.9875946 0 0.07863187 -0.9969037 0 0.2343586 -0.9721503 0 0.1570258 -0.9875946 0 0.3096697 -0.9508443 0 0.234366 -0.9721485 0 0.3820726 -0.9241323 0 0.3096678 -0.9508449 0 0.4507825 -0.8926339 0 0.3820534 -0.9241403 0 0.5152154 -0.8570608 0 0.4507825 -0.8926339 0 0.5749704 -0.8181742 0 0.5152263 -0.8570542 0 0.6297601 -0.7767897 0 0.5749726 -0.8181727 0 0.6795151 -0.7336615 0 0.6297498 -0.7767981 0 0.7243124 -0.689472 0 0.6795054 -0.7336706 0 -0.3569684 -0.9341166 0 0.7243244 -0.6894595 0 -0.9314964 0.3637508 0 -0.3569526 -0.9341226 0 -0.7083832 0.7058281 0 -0.9314965 0.3637506 0 -0.6504226 0.7595726 0 -0.7083831 0.7058281 0 -0.5871968 0.8094443 0 -0.6504356 0.7595615 0 -0.519909 0.8542217 0 -0.5871982 0.8094432 0 -0.4499678 0.8930448 0 -0.5199074 0.8542227 0 -0.3789791 0.9254053 0 -0.4499797 0.8930388 0 -0.3084631 0.9512363 0 -0.378979 0.9254053 0 -0.2397918 0.9708244 0 -0.3084698 0.9512342 0 -0.174053 0.9847364 0 -0.2397986 0.9708227 0 -0.1119704 0.9937117 0 -0.174053 0.9847363 0 -0.05407416 0.998537 0 -0.1119704 0.9937117 0 0.008478701 0.9999641 0 -0.05407357 0.998537 0 0.08932816 0.9960023 0 0.008479237 0.9999641 0 0.1858703 0.9825743 0 0.08932811 0.9960023 0 0.2908458 0.95677 0 0.1858664 0.9825751 0 0.4033488 0.9150463 0 0.2908419 0.9567711 0 0.5206592 0.8537647 0 0.6377632 0.7702327 0 0.5206685 0.853759 0 0.7475591 0.6641954 0 0.6377715 0.7702257 0 0.8422986 0.5390113 0 0.7475688 0.6641844 0 0.9157799 0.4016805 0 0.842307 0.538998 0 0.9652875 0.2611899 0 0.9157803 0.4016795 0 0.9920526 0.1258241 0 0.9652875 0.2611895 0 0.999546 0.03013032 0 0.9920509 0.1258379 0 0.99988 0.01549136 0 0.9995456 0.03014457 0 0.9977557 0.06696021 0 0.99988 0.01549136 0 0.9891577 0.1468573 0 0.9977489 0.06706064 0 0.9698308 0.2437793 0 0.9891265 0.1470669 0 0.9336599 0.3581609 0 0.9698037 0.243887 0 0.8733302 0.4871288 0 0.9336143 0.3582797 0 0.782581 0.6225488 0 0.8732062 0.4873512 0 0.6611178 0.7502821 0 0.7825019 0.6226482 0 0.5177758 0.8555164 0 0.6611918 0.7502169 0 0.3681306 0.9297742 0 0.5179222 0.8554278 0 0.2272759 0.9738305 0 0.3681555 0.9297643 0 0.1044765 0.9945274 0 0.2272313 0.9738408 0 -0.01393973 0.9999029 0 0.1044765 0.9945275 0 -0.1352641 0.9908097 0 -0.01393985 0.9999029 0 -0.236816 0.9715545 0 -0.135264 0.9908097 0 -0.3115516 0.9502292 0 -0.2367852 0.971562 0 -0.3688355 0.9294947 0 -0.3115216 0.9502391 0 -0.4144789 0.910059 0 -0.3688687 0.9294816 0 -0.452114 0.8919603 0 -0.4145115 0.9100442 0 -0.4840638 0.8750329 0 -0.4520817 0.8919765 0 -0.5118743 0.8590604 0 -0.4840007 0.8750676 0 -0.5366724 0.8437908 0 -0.5118435 0.8590788 0 -0.5592711 0.8289848 0 -0.5366724 0.8437907 0 -0.5802382 0.8144469 0 -0.5592712 0.8289849 0 0.4525824 0.8917226 0 0.8790886 -0.4766587 0 0.4525828 0.8917225 0 0.8790805 -0.4766733 0 0.3535708 -0.9354079 0 0.3351566 -0.9421625 0 0.3351562 -0.9421626 0 0.3812299 -0.9244803 0 0.3535766 -0.9354056 0 0.4195812 -0.9077179 0 0.3812226 -0.9244833 0 0.4704666 -0.8824178 0 0.4195729 -0.9077216 0 0.5358255 -0.8443289 0 0.4704656 -0.8824184 0 0.6169445 -0.7870067 0 0.5358256 -0.8443288 0 0.7125738 -0.7015972 0 0.6169446 -0.7870067 0 0.8157489 -0.5784063 0 0.7125886 -0.7015822 0 0.9109807 -0.4124493 0 0.8157755 -0.5783687 0 0.9772221 -0.2122191 0 0.9110023 -0.4124013 0 0.9997575 -0.02202159 0 0.9772339 -0.2121648 0 0.99223 0.1244177 0 0.9997572 -0.02203357 0 0.9679696 0.2510675 0 0.9922349 0.124378 0 0.9261843 0.3770712 0 0.96798 0.2510278 0 0.8667355 0.4987683 0 0.9261998 0.3770331 0 0.7905071 0.6124531 0 0.8667355 0.4987683 0 0.6993049 0.7148236 0 0.5956608 0.8032362 0 0.699305 0.7148234 0 0.4826556 0.8758103 0 0.5956802 0.8032218 0 0.3635489 0.9315752 0 0.4826768 0.8757986 0 0.2415281 0.9703939 0 0.3635489 0.9315751 0 0.1195999 0.9928222 0 0.2415211 0.9703956 0 0.008733272 0.9999619 0 0.1195927 0.9928231 0 -0.08248996 0.996592 0 0.008733212 0.9999619 0 -0.1629911 0.9866276 0 -0.08249002 0.996592 0 -0.2399092 0.9707953 0 -0.1629911 0.9866276 0 -0.3120965 0.9500505 0 -0.2398952 0.9707989 0 -0.3788183 0.9254711 0 -0.3120998 0.9500494 0 -0.4396952 0.8981471 0 -0.3788348 0.9254643 0 -0.4946526 0.8690909 0 -0.439716 0.8981369 0 -0.543929 0.8391312 0 -0.4946947 0.8690669 0 -0.5878094 0.8089995 0 -0.5439276 0.8391322 0 -0.6267128 0.7792503 0 -0.5877876 0.8090153 0 -0.6611338 0.7502681 0 -0.6266901 0.7792686 0 -0.915732 0.4017897 0 -0.6611344 0.7502676 0 -0.5796083 -0.8148952 0 -0.915744 0.4017625 0 -0.5796133 -0.8148917 0 -0.4822565 -0.8760301 0 -0.5172322 -0.8558452 0 -0.5172422 -0.8558391 0 -0.4457992 -0.8951331 0 -0.4822458 -0.8760361 0 -0.4077061 -0.9131132 0 -0.4457883 -0.8951385 0 -0.3677648 -0.9299189 0 -0.4077061 -0.9131132 0 -0.3256933 -0.9454756 0 -0.3677746 -0.929915 0 -0.2811311 -0.9596694 0 -0.3257032 -0.9454721 0 -0.233601 -0.9723325 0 -0.2811311 -0.9596694 0 -0.1825017 -0.9832056 0 -0.233601 -0.9723326 0 -0.1270695 -0.9918938 0 -0.1825017 -0.9832056 0 -0.06633698 -0.9977973 0 -0.1270734 -0.9918933 0 0.002710044 -0.9999964 0 -0.06634086 -0.9977971 0 0.08225774 -0.9966112 0 0.002708435 -0.9999964 0 0.1700232 -0.9854401 0 0.0822615 -0.9966108 0 0.2640978 -0.964496 0 0.1700385 -0.9854375 0 0.3643485 -0.9312627 0 0.2641074 -0.9644933 0 0.4699059 -0.8827165 0 0.364328 -0.9312707 0 0.5787044 -0.8155373 0 0.4698604 -0.8827407 0 0.6869921 -0.7266649 0 0.5786804 -0.8155544 0 0.7891045 -0.6142591 0 0.6869921 -0.726665 0 0.8776849 -0.4792384 0 0.7891044 -0.6142591 0 0.9452779 -0.3262665 0 0.8776848 -0.4792385 0 0.9865327 -0.1635642 0 0.9997649 0.02168196 0 0.9865429 -0.1635032 0 0.9718297 0.2356843 0 0.9997651 0.02167338 0 0.9031466 0.4293324 0 0.9718604 0.2355575 0 0.822134 0.5692943 0 0.9031929 0.4292349 0 0.7472579 0.6645342 0 0.8221401 0.5692853 0 0.6850754 0.7284722 0 0.7472334 0.6645618 0 0.6357784 0.7718718 0 0.68506 0.7284867 0 0.5974254 0.8019247 0 0.6357633 0.7718841 0 0.5677831 0.8231783 0 0.5974134 0.8019335 0 0.5449382 0.8384763 0 0.5677799 0.8231804 0 0.5273702 0.8496357 0 0.544948 0.8384699 0 0.5138682 0.8578692 0 0.5273621 0.8496407 0 0.5349656 0.844874 0 0.5138531 0.8578782 0 0.5728207 0.8196807 0 0.5349658 0.8448738 0 0.5988879 0.8008329 0 0.5728381 0.8196687 0 0.6319694 0.7749934 0 0.5988981 0.8008252 0 0.6727619 0.7398591 0 0.6319711 0.7749921 0 0.7213186 0.6926035 0 0.6727746 0.7398476 0 0.7763809 0.6302641 0 0.7213148 0.6926074 0 0.8348239 0.5505172 0 0.7763524 0.6302991 0 0.8914349 0.4531489 0 0.834796 0.5505596 0 0.9398421 0.3416093 0 0.8914226 0.4531731 0 0.9747781 0.2231763 0 0.9398421 0.3416093 0 0.9942263 0.1073039 0 0.9747708 0.2232083 0 0.9999688 -0.007904231 0 0.9942262 0.1073046 0 0.9906724 -0.1362656 0 0.9999684 -0.007954657 0 0.961562 -0.2745881 0 0.9906674 -0.1363021 0 0.911998 -0.4101946 0 0.9615567 -0.2746067 0 0.8431521 -0.5376753 0 0.9120045 -0.4101802 0 0.75782 -0.6524637 0 0.8431618 -0.5376598 0 0.6597923 -0.7514481 0 0.7578122 -0.6524729 0 0.5531806 -0.8330613 0 0.6597821 -0.751457 0 0.441772 -0.8971274 0 0.3287066 -0.9444321 0 0.4417721 -0.8971275 0 0.2163845 -0.9763083 0 0.3287068 -0.9444321 0 0.1065377 -0.9943088 0 0.2163844 -0.9763082 0 0.01753491 -0.9998463 0 0.1065376 -0.9943087 0 -0.03607118 -0.9993493 0 0.01753491 -0.9998463 0 -0.07541698 -0.9971521 0 -0.1178971 -0.9930258 0 -0.1624476 -0.9867172 0 -0.1178971 -0.9930258 0 -0.2078124 -0.9781687 0 -0.1624528 -0.9867163 0 -0.2526687 -0.967553 0 -0.2078239 -0.9781664 0 -0.2957653 -0.9552608 0 -0.2526677 -0.9675531 0 -0.3360706 -0.9418368 0 -0.295758 -0.9552629 0 -0.3728457 -0.9278934 0 -0.3360706 -0.9418368 0 -0.4056445 -0.9140309 0 -0.3728458 -0.9278934 0 -0.4343156 -0.9007608 0 -0.4056445 -0.914031 0 -0.8507581 -0.5255574 0 -0.4343156 -0.9007608 0 -0.4724804 0.8813412 0 -0.850758 -0.5255576 0 0.5387836 0.8424443 0 -0.4724697 0.881347 0 0.5082358 0.861218 0 0.5387932 0.8424381 0 0.4757569 0.8795769 0 0.4410362 0.8974894 0 0.4757569 0.8795769 0 0.4036409 0.9149175 0 0.3630178 0.9317822 0 0.4036409 0.9149176 0 0.3185017 0.9479224 0 0.2692397 0.9630733 0 0.3185016 0.9479224 0 0.2141277 0.9768056 0 0.1517885 0.988413 0 0.2141218 0.976807 0 0.08054858 0.9967508 0 0.1517866 0.9884133 0 -0.02449268 0.9997 0 0.08055436 0.9967502 0 -0.1288568 0.9916632 0 -0.02449107 0.9997001 0 -0.2064992 0.9784469 0 -0.1288636 0.9916624 0 -0.2899899 0.9570298 0 -0.206506 0.9784454 0 -0.3801394 0.9249293 0 -0.2899899 0.9570298 0 -0.4771129 0.8788421 0 -0.3801393 0.9249293 0 -0.5797938 0.8147633 0 -0.4771128 0.8788421 0 -0.6850072 0.7285363 0 -0.5797938 0.8147634 0 -0.7867414 0.6172828 0 -0.6849797 0.7285622 0 -0.8764927 0.4814152 0 -0.7866914 0.6173465 0 -0.9452661 0.3263005 0 -0.8764719 0.481453 0 -0.9867543 0.162222 0 -0.9452662 0.3263005 0 -0.9954873 -0.09489524 0 -0.9867543 0.162222 0 -0.8897057 -0.4565348 0 -0.9954873 -0.0948944 0 -0.7051767 -0.7090317 0 -0.8896998 -0.4565462 0 -0.5812056 -0.8137568 0 -0.705161 -0.7090473 0 -0.5189589 -0.8547992 0 -0.5811975 -0.8137626 0 -0.5002577 -0.8658766 0 -0.5189588 -0.8547993 0 -0.5149703 -0.8572081 0 -0.5002639 -0.865873 0 -0.5596194 -0.8287498 0 -0.5149753 -0.857205 0 -0.6341319 -0.773225 0 -0.5596138 -0.8287535 0 -0.737253 -0.6756168 0 -0.6341337 -0.7732235 0 -0.8571125 -0.5151294 0 -0.7372526 -0.6756173 0 -0.9597572 -0.2808313 0 -0.8571016 -0.5151476 0 -0.9992159 -0.0395947 0 -0.9910169 0.1337372 0 -0.9992172 -0.03956371 0 -0.961766 0.2738726 0 -0.9910116 0.1337767 0 -0.9096435 0.4153898 0 -0.9617604 0.2738924 0 -0.8347905 0.5505678 0 -0.7405669 0.6719828 0 -0.8348001 0.5505533 0 -0.6328697 0.7742584 0 -0.7405885 0.6719588 0 -0.5184499 0.855108 0 -0.6328907 0.7742412 0 -0.4033612 0.915041 0 -0.5184602 0.8551018 0 -0.2920695 0.9563971 0 -0.4033672 0.9150382 0 -0.1872284 0.9823164 0 -0.2920801 0.9563939 0 -0.09007602 0.995935 0 -0.1872349 0.9823153 0 -0.009826242 0.9999517 0 -0.09007835 0.9959348 0 0.04747879 0.9988723 0 -0.009826183 0.9999517 0 0.09444785 0.9955299 0 0.04747879 0.9988723 0 0.1404789 0.9900837 0 0.1851957 0.9827017 0 0.1404843 0.9900829 0 0.2282772 0.9735963 0 0.1852077 0.9826995 0 0.2694202 0.9630228 0 0.2282837 0.9735947 0 0.3084574 0.9512383 0 0.3452674 0.9385045 0 0.3797588 0.9250855 0 0.3452674 0.9385045 0 0.4119035 0.9112276 0 0.3797482 0.9250899 0 0.4417557 0.8971354 0 0.411904 0.9112274 0 0.8532468 0.5215075 0 0.4417778 0.8971247 0 0.4825527 -0.875867 0 0.8532533 0.5214967 0 0.4825627 -0.8758615 0</float_array>
          <technique_common>
            <accessor source="#Text_002-mesh-normals-array" count="1284" stride="3">
              <param name="X" type="float"/>
              <param name="Y" type="float"/>
              <param name="Z" type="float"/>
            </accessor>
          </technique_common>
        </source>
        <source id="Text_002-mesh-map-0">
          <float_array id="Text_002-mesh-map-0-array" count="11448">0.8947368 0 0.9097744 0 0.9022557 0 0.8947368 0 0.9172933 0 0.9097744 0 0.8872181 0 0.9172933 0 0.8947368 0 0.8872181 0 0.924812 0 0.9172933 0 0.8872181 0 0.9323309 0 0.924812 0 0.8796992 0 0.9323309 0 0.8872181 0 0.8796992 0 0.9398496 0 0.9323309 0 0.8796992 0 0.9473685 0 0.9398496 0 0.8721805 0 0.9473685 0 0.8796992 0 0.8721805 0 0.9548872 0 0.9473685 0 0.8721805 0 0.962406 0 0.9548872 0 0.8646616 0 0.962406 0 0.8721805 0 0.8646616 0 0.9699248 0 0.962406 0 0.8646616 0 0.9774436 0 0.9699248 0 0.8571429 0 0.9774436 0 0.8646616 0 0.8571429 0 0.9849624 0 0.9774436 0 0.8571429 0 0.9924812 0 0.9849624 0 0.849624 0 0.9924812 0 0.8571429 0 0.849624 0 0.05263149 0 0.9924812 0 0.05263149 0 0.04511266 0 0.9924812 0 0.04511266 0 0.03759396 0 0.9924812 0 0.03759396 0 0.03007519 0 0.9924812 0 0.03007519 0 0.02255636 0 0.9924812 0 0.02255636 0 0.01503753 0 0.9924812 0 0.01503753 0 0.007518768 0 0.9924812 0 0.007518768 0 0 0 0.9924812 0 0 0 1 0 0.9924812 0 0.8421053 0 0.06766915 0 0.849624 0 0.06766915 0 0.06015026 0 0.849624 0 0.06015026 0 0.05263149 0 0.849624 0 0.8345865 0 0.07518792 0 0.8421053 0 0.07518792 0 0.06766915 0 0.8421053 0 0.8270677 0 0.09022551 0 0.8345865 0 0.09022551 0 0.08270674 0 0.8345865 0 0.08270674 0 0.07518792 0 0.8345865 0 0.8270677 0 0.09774434 0 0.09022551 0 0.8270677 0 0.1052631 0 0.09774434 0 0.8270677 0 0.112782 0 0.1052631 0 0.8270677 0 0.1203007 0 0.112782 0 0.8270677 0 0.1278195 0 0.1203007 0 0.8195489 0 0.1278195 0 0.8270677 0 0.8195489 0 0.1353383 0 0.1278195 0 0.8195489 0 0.1428571 0 0.1353383 0 0.8195489 0 0.1503759 0 0.1428571 0 0.8195489 0 0.1578947 0 0.1503759 0 0.8120301 0 0.1578947 0 0.8195489 0 0.8120301 0 0.1654134 0 0.1578947 0 0.8120301 0 0.1729323 0 0.1654134 0 0.8120301 0 0.180451 0 0.1729323 0 0.8045113 0 0.180451 0 0.8120301 0 0.8045113 0 0.1879699 0 0.180451 0 0.8045113 0 0.1954887 0 0.1879699 0 0.8045113 0 0.2030075 0 0.1954887 0 0.8045113 0 0.2105263 0 0.2030075 0 0.8045113 0 0.2180451 0 0.2105263 0 0.7969925 0 0.2180451 0 0.8045113 0 0.7969925 0 0.2255639 0 0.2180451 0 0.7969925 0 0.2330827 0 0.2255639 0 0.7969925 0 0.2406015 0 0.2330827 0 0.7894737 0 0.2406015 0 0.7969925 0 0.7894737 0 0.2481203 0 0.2406015 0 0.7894737 0 0.2556391 0 0.2481203 0 0.7894737 0 0.2631579 0 0.2556391 0 0.7819549 0 0.2631579 0 0.7894737 0 0.7819549 0 0.2706767 0 0.2631579 0 0.7744361 0 0.2706767 0 0.7819549 0 0.7744361 0 0.2781955 0 0.2706767 0 0.7744361 0 0.2857143 0 0.2781955 0 0.7669173 0 0.2857143 0 0.7744361 0 0.7669173 0 0.2932331 0 0.2857143 0 0.7593985 0 0.2932331 0 0.7669173 0 0.7593985 0 0.3007519 0 0.2932331 0 0.7593985 0 0.3082706 0 0.3007519 0 0.7518797 0 0.3082706 0 0.7593985 0 0.7518797 0 0.3157895 0 0.3082706 0 0.7443609 0 0.3157895 0 0.7518797 0 0.7443609 0 0.3233082 0 0.3157895 0 0.7443609 0 0.3308271 0 0.3233082 0 0.7368421 0 0.3308271 0 0.7443609 0 0.7368421 0 0.3383458 0 0.3308271 0 0.7293233 0 0.3383458 0 0.7368421 0 0.7293233 0 0.3458647 0 0.3383458 0 0.7218045 0 0.3458647 0 0.7293233 0 0.7218045 0 0.3533834 0 0.3458647 0 0.5338346 0 0.5488722 0 0.5413534 0 0.7218045 0 0.3609023 0 0.3533834 0 0.7142857 0 0.3609023 0 0.7218045 0 0.5338346 0 0.556391 0 0.5488722 0 0.7067669 0 0.3609023 0 0.7142857 0 0.5338346 0 0.5639098 0 0.556391 0 0.6992481 0 0.3609023 0 0.7067669 0 0.6992481 0 0.368421 0 0.3609023 0 0.5338346 0 0.5714286 0 0.5639098 0 0.6917293 0 0.368421 0 0.6992481 0 0.5338346 0 0.5789474 0 0.5714286 0 0.6842105 0 0.368421 0 0.6917293 0 0.5338346 0 0.5864662 0 0.5789474 0 0.6766917 0 0.368421 0 0.6842105 0 0.6766917 0 0.3759399 0 0.368421 0 0.5338346 0 0.593985 0 0.5864662 0 0.669173 0 0.3759399 0 0.6766917 0 0.6616541 0 0.3759399 0 0.669173 0 0.5338346 0 0.6015037 0 0.593985 0 0.6541354 0 0.3759399 0 0.6616541 0 0.5338346 0 0.6090226 0 0.6015037 0 0.6466165 0 0.3759399 0 0.6541354 0 0.5338346 0 0.6165413 0 0.6090226 0 0.6390978 0 0.3759399 0 0.6466165 0 0.5338346 0 0.6240602 0 0.6165413 0 0.6315789 0 0.3759399 0 0.6390978 0 0.5338346 0 0.6315789 0 0.6240602 0 0.6315789 0 0.3834586 0 0.3759399 0 0.5338346 0 0.3834586 0 0.6315789 0 0.5338346 0 0.3909775 0 0.3834586 0 0.5338346 0 0.3984962 0 0.3909775 0 0.5263158 0 0.3984962 0 0.5338346 0 0.5263158 0 0.406015 0 0.3984962 0 0.518797 0 0.406015 0 0.5263158 0 0.5112782 0 0.406015 0 0.518797 0 0.5112782 0 0.4135338 0 0.406015 0 0.5037594 0 0.4135338 0 0.5112782 0 0.4962406 0 0.4135338 0 0.5037594 0 0.4962406 0 0.4210526 0 0.4135338 0 0.4887218 0 0.4210526 0 0.4962406 0 0.4887218 0 0.4285714 0 0.4210526 0 0.481203 0 0.4285714 0 0.4887218 0 0.4736842 0 0.4285714 0 0.481203 0 0.4736842 0 0.4360902 0 0.4285714 0 0.4661654 0 0.4360902 0 0.4736842 0 0.4586466 0 0.4360902 0 0.4661654 0 0.4586466 0 0.443609 0 0.4360902 0 0.4511278 0 0.443609 0 0.4586466 0 0.5606936 0 0.5722544 0 0.566474 0 0.5549133 0 0.5722544 0 0.5606936 0 0.5549133 0 0.5780347 0 0.5722544 0 0.549133 0 0.5780347 0 0.5549133 0 0.5433526 0 0.5780347 0 0.549133 0 0.5433526 0 0.583815 0 0.5780347 0 0.5375723 0 0.583815 0 0.5433526 0 0.5375723 0 0.5895954 0 0.583815 0 0.5317919 0 0.5895954 0 0.5375723 0 0.5260116 0 0.5895954 0 0.5317919 0 0.5260116 0 0.5953757 0 0.5895954 0 0.5202312 0 0.5953757 0 0.5260116 0 0.5202312 0 0.6011561 0 0.5953757 0 0.5144509 0 0.6011561 0 0.5202312 0 0.5086705 0 0.6011561 0 0.5144509 0 0.5086705 0 0.6069364 0 0.6011561 0 0.5028902 0 0.6069364 0 0.5086705 0 0.5028902 0 0.6127167 0 0.6069364 0 0.4971098 0 0.6127167 0 0.5028902 0 0.4913295 0 0.4855491 0 0.4971098 0 0.4855491 0 0.4797688 0 0.4971098 0 0.4797688 0 0.4739884 0 0.4971098 0 0.4739884 0 0.4682081 0 0.4971098 0 0.4682081 0 0.4624277 0 0.4971098 0 0.4624277 0 0.4566474 0 0.4971098 0 0.4566474 0 0.4508671 0 0.4971098 0 0.4508671 0 0.4450867 0 0.4971098 0 0.4450867 0 0.4393063 0 0.4971098 0 0.4393063 0 0.433526 0 0.4971098 0 0.433526 0 0.6127167 0 0.4971098 0 0.433526 0 0.4277456 0 0.6127167 0 0.4277456 0 0.4219653 0 0.6127167 0 0.4219653 0 0.6184971 0 0.6127167 0 0.4219653 0 0.416185 0 0.6184971 0 0.416185 0 0.6242775 0 0.6184971 0 0.4104046 0 0.6242775 0 0.416185 0 0.4046243 0 0.6242775 0 0.4104046 0 0.398844 0 0.6242775 0 0.4046243 0 0.3930636 0 0.6242775 0 0.398844 0 0.3872832 0 0.6242775 0 0.3930636 0 0.3872832 0 0.6300578 0 0.6242775 0 0.3815029 0 0.6300578 0 0.3872832 0 0.3757225 0 0.6300578 0 0.3815029 0 0.3699422 0 0.6300578 0 0.3757225 0 0.3699422 0 0.6358382 0 0.6300578 0 0.3641619 0 0.6358382 0 0.3699422 0 0.3583815 0 0.6358382 0 0.3641619 0 0.3583815 0 0.6416185 0 0.6358382 0 0.3526012 0 0.6416185 0 0.3583815 0 0.3468208 0 0.6416185 0 0.3526012 0 0.3410404 0 1 0 0.3468208 0 1 0 0.6416185 0 0.3468208 0 0.3352601 0 1 0 0.3410404 0 0.3294798 0 1 0 0.3352601 0 0.3236994 0 1 0 0.3294798 0 0.3179191 0 1 0 0.3236994 0 0.3179191 0 0.7919075 0 1 0 0.9942197 0 0.6416185 0 1 0 0.3179191 0 0.7976879 0 0.7919075 0 0.3121387 0 0.7976879 0 0.3179191 0 0.3121387 0 0.8034682 0 0.7976879 0 0.3063583 0 0.8034682 0 0.3121387 0 0.3063583 0 0.8092486 0 0.8034682 0 0.300578 0 0.8092486 0 0.3063583 0 0.300578 0 0.8150289 0 0.8092486 0 0.300578 0 0.8208093 0 0.8150289 0 0.2947977 0 0.8208093 0 0.300578 0 0.2947977 0 0.8265896 0 0.8208093 0 0.2890173 0 0.8265896 0 0.2947977 0 0.2890173 0 0.8323699 0 0.8265896 0 0.2890173 0 0.8381503 0 0.8323699 0 0.283237 0 0.8381503 0 0.2890173 0 0.283237 0 0.8439307 0 0.8381503 0 0.283237 0 0.849711 0 0.8439307 0 0.2774567 0 0.849711 0 0.283237 0 0.2774567 0 0.8554913 0 0.849711 0 0.2716763 0 0.8554913 0 0.2774567 0 0.2716763 0 0.8612717 0 0.8554913 0 0.2716763 0 0.867052 0 0.8612717 0 0.265896 0 0.867052 0 0.2716763 0 0.265896 0 0.8728324 0 0.867052 0 0.265896 0 0.8786127 0 0.8728324 0 0.9884393 0 0.6416185 0 0.9942197 0 0.2601156 0 0.8786127 0 0.265896 0 0.982659 0 0.6416185 0 0.9884393 0 0.2601156 0 0.884393 0 0.8786127 0 0.9768786 0 0.6416185 0 0.982659 0 0.7745665 0 0.7861272 0 0.7803468 0 0.9768786 0 0.6473988 0 0.6416185 0 0.2601156 0 0.8901734 0 0.884393 0 0.7687861 0 0.7861272 0 0.7745665 0 0.9710983 0 0.6473988 0 0.9768786 0 0.9710983 0 0.6531792 0 0.6473988 0 0.7630058 0 0.7861272 0 0.7687861 0 0.2543352 0 0.8901734 0 0.2601156 0 0.2543352 0 0.8959538 0 0.8901734 0 0.9710983 0 0.6589595 0 0.6531792 0 0.9653179 0 0.6589595 0 0.9710983 0 0.7572255 0 0.7861272 0 0.7630058 0 0.9653179 0 0.6647399 0 0.6589595 0 0.9595376 0 0.6647399 0 0.9653179 0 0.7514451 0 0.7861272 0 0.7572255 0 0.2543352 0 0.9017341 0 0.8959538 0 0.9595376 0 0.6705203 0 0.6647399 0 0.7456647 0 0.7861272 0 0.7514451 0 0.9537572 0 0.6705203 0 0.9595376 0 0.9537572 0 0.6763006 0 0.6705203 0 0.7398844 0 0.7861272 0 0.7456647 0 0.2543352 0 0.9075145 0 0.9017341 0 0.9537572 0 0.6820809 0 0.6763006 0 0.9479769 0 0.6820809 0 0.9537572 0 0.734104 0 0.7861272 0 0.7398844 0 0.9479769 0 0.6878613 0 0.6820809 0 0.2485549 0 0.9075145 0 0.2543352 0 0.7283237 0 0.7861272 0 0.734104 0 0.2485549 0 0.9132948 0 0.9075145 0 0.9421966 0 0.6878613 0 0.9479769 0 0.9421966 0 0.6936416 0 0.6878613 0 0.7225434 0 0.7861272 0 0.7283237 0 0.9421966 0 0.699422 0 0.6936416 0 0.716763 0 0.7861272 0 0.7225434 0 0.9364162 0 0.699422 0 0.9421966 0 0.9364162 0 0.7052024 0 0.699422 0 0.7109827 0 0.7861272 0 0.716763 0 0.9364162 0 0.7109827 0 0.7052024 0 0.2485549 0 0.9190751 0 0.9132948 0 0.9364162 0 0.7861272 0 0.7109827 0 0.9306358 0 0.7861272 0 0.9364162 0 0.2485549 0 0.9248555 0 0.9190751 0 0.9248555 0 0.7861272 0 0.9306358 0 0.2485549 0 0.1329479 0 0.9248555 0 0.1329479 0 0.7861272 0 0.9248555 0 0.2427746 0 0.1329479 0 0.2485549 0 0.2427746 0 0.1387283 0 0.1329479 0 0.1271676 0 0.7861272 0 0.1329479 0 0.2369942 0 0.1387283 0 0.2427746 0 0.2369942 0 0.1445087 0 0.1387283 0 0.1213873 0 0.7861272 0 0.1271676 0 0.1213873 0 0 0 0.7861272 0 0.2312138 0 0.1445087 0 0.2369942 0 0.2312138 0 0.1502889 0 0.1445087 0 0.1156069 0 0 0 0.1213873 0 0.1156069 0 0.005780339 0 0 0 0.2312138 0 0.1560693 0 0.1502889 0 0.1098266 0 0.005780339 0 0.1156069 0 0.2254335 0 0.1560693 0 0.2312138 0 0.1098266 0 0.01156061 0 0.005780339 0 0.2254335 0 0.1618497 0 0.1560693 0 0.1040462 0 0.01156061 0 0.1098266 0 0.1040462 0 0.01734095 0 0.01156061 0 0.2196531 0 0.1618497 0 0.2254335 0 0.2196531 0 0.16763 0 0.1618497 0 0.09826588 0 0.01734095 0 0.1040462 0 0.09826588 0 0.02312129 0 0.01734095 0 0.2196531 0 0.1734104 0 0.16763 0 0.09248554 0 0.02312129 0 0.09826588 0 0.09248554 0 0.02890169 0 0.02312129 0 0.2138728 0 0.1734104 0 0.2196531 0 0.2138728 0 0.1791906 0 0.1734104 0 0.0867052 0 0.02890169 0 0.09248554 0 0.0867052 0 0.03468197 0 0.02890169 0 0.2138728 0 0.184971 0 0.1791906 0 0.0867052 0 0.04046237 0 0.03468197 0 0.0809248 0 0.04046237 0 0.0867052 0 0.2080925 0 0.184971 0 0.2138728 0 0.0809248 0 0.04624277 0 0.04046237 0 0.2080925 0 0.1907514 0 0.184971 0 0.07514446 0 0.04624277 0 0.0809248 0 0.07514446 0 0.05202311 0 0.04624277 0 0.2080925 0 0.1965318 0 0.1907514 0 0.06936413 0 0.05202311 0 0.07514446 0 0.2023121 0 0.1965318 0 0.2080925 0 0.06936413 0 0.05780345 0 0.05202311 0 0.06358379 0 0.05780345 0 0.06936413 0 0.96 0 0.9866667 0 0.9733334 0 0.96 0 1 0 0.9866667 0 0.96 0 0.64 0 1 0 0.9466667 0 0.64 0 0.96 0 0.9333333 0 0.64 0 0.9466667 0 0.9333333 0 0.6533333 0 0.64 0 0.92 0 0.6533333 0 0.9333333 0 0.9066667 0 0.6533333 0 0.92 0 0.9066667 0 0.6666667 0 0.6533333 0 0.8933333 0 0.6666667 0 0.9066667 0 0.88 0 0.6666667 0 0.8933333 0 0.88 0 0.68 0 0.6666667 0 0.8666667 0 0.68 0 0.88 0 0.8533334 0 0.68 0 0.8666667 0 0.8533334 0 0.6933333 0 0.68 0 0.84 0 0.6933333 0 0.8533334 0 0.8266667 0 0.6933333 0 0.84 0 0.8266667 0 0.7066667 0 0.6933333 0 0.8133333 0 0.7066667 0 0.8266667 0 0.8 0 0.7066667 0 0.8133333 0 0.7866667 0 0.7066667 0 0.8 0 0.7866667 0 0.72 0 0.7066667 0 0.7866667 0 0.7333334 0 0.72 0 0.7866667 0 0.7466667 0 0.7333334 0 0.7866667 0 0.76 0 0.7466667 0 0.7866667 0 0.7733333 0 0.76 0 0.2933333 0 0.32 0 0.3066667 0 0.28 0 0.32 0 0.2933333 0 0.28 0 0.3333333 0 0.32 0 0.2666667 0 0.3333333 0 0.28 0 0.2666667 0 0.3466666 0 0.3333333 0 0.2533333 0 0.3466666 0 0.2666667 0 0.2533333 0 0.36 0 0.3466666 0 0.24 0 0.36 0 0.2533333 0 0.24 0 0.3733333 0 0.36 0 0.2266666 0 0.3733333 0 0.24 0 0.2266666 0 0.3866667 0 0.3733333 0 0.2133333 0 0.3866667 0 0.2266666 0 0.2133333 0 0.4 0 0.3866667 0 0.2 0 0.4 0 0.2133333 0 0.2 0 0.4133333 0 0.4 0 0.1866666 0 0.4133333 0 0.2 0 0.1866666 0 0.4266667 0 0.4133333 0 0.1733333 0 0.4266667 0 0.1866666 0 0.1733333 0 0.44 0 0.4266667 0 0.16 0 0.44 0 0.1733333 0 0.16 0 0.4533333 0 0.44 0 0.1466667 0 0.4533333 0 0.16 0 0.1466667 0 0.4666666 0 0.4533333 0 0.1333333 0 0.4666666 0 0.1466667 0 0.1333333 0 0.48 0 0.4666666 0 0.12 0 0.48 0 0.1333333 0 0.12 0 0.4933333 0 0.48 0 0.1066666 0 0.4933333 0 0.12 0 0.1066666 0 0.5066667 0 0.4933333 0 0.0933333 0 0.5066667 0 0.1066666 0 0.0933333 0 0.52 0 0.5066667 0 0.07999998 0 0.52 0 0.0933333 0 0.07999998 0 0.5333334 0 0.52 0 0.06666666 0 0.5333334 0 0.07999998 0 0.06666666 0 0.5466667 0 0.5333334 0 0.05333328 0 0.5466667 0 0.06666666 0 0.05333328 0 0.56 0 0.5466667 0 0.03999996 0 0.56 0 0.05333328 0 0.03999996 0 0.5733333 0 0.56 0 0.02666664 0 0.5733333 0 0.03999996 0 0.02666664 0 0.5866667 0 0.5733333 0 0.01333332 0 0.5866667 0 0.02666664 0 0.01333332 0 0.6 0 0.5866667 0 0 0 0.6 0 0.01333332 0 0 0 0.6133334 0 0.6 0 0.6266667 0 0.6133334 0 0 0 0.3578947 0 0.3789474 0 0.368421 0 0.3578947 0 0.3894737 0 0.3789474 0 0.3473684 0 0.3894737 0 0.3578947 0 0.3473684 0 0.4 0 0.3894737 0 0.3368421 0 0.4 0 0.3473684 0 0.3368421 0 0.4105263 0 0.4 0 0.3263158 0 0.4105263 0 0.3368421 0 0.3263158 0 0.4210526 0 0.4105263 0 0.3157895 0 0.4210526 0 0.3263158 0 0.3157895 0 0.4315789 0 0.4210526 0 0.3052632 0 0.4315789 0 0.3157895 0 0.3052632 0 0.4421052 0 0.4315789 0 0.2947368 0 0.8736842 0 0.3052632 0 0.8736842 0 0.4421052 0 0.3052632 0 0.2947368 0 0.8842105 0 0.8736842 0 0.8631579 0 0.4421052 0 0.8736842 0 0.2947368 0 0.8947368 0 0.8842105 0 0.8526316 0 0.4421052 0 0.8631579 0 0.2947368 0 0.9052632 0 0.8947368 0 0.8421053 0 0.4421052 0 0.8526316 0 0.8421053 0 0.4526316 0 0.4421052 0 0.2842105 0 0.9052632 0 0.2947368 0 0.2842105 0 0.9157895 0 0.9052632 0 0.831579 0 0.4526316 0 0.8421053 0 0.2842105 0 0.9263158 0 0.9157895 0 0.8210526 0 0.4526316 0 0.831579 0 0.2842105 0 0.9368421 0 0.9263158 0 0.8105263 0 0.4526316 0 0.8210526 0 0.8105263 0 0.4631579 0 0.4526316 0 0.2736842 0 0.9368421 0 0.2842105 0 0.2736842 0 0.9473685 0 0.9368421 0 0.8 0 0.4631579 0 0.8105263 0 0.2736842 0 0.9578948 0 0.9473685 0 0.7894737 0 0.4631579 0 0.8 0 0.7894737 0 0.4736842 0 0.4631579 0 0.2631579 0 0.9578948 0 0.2736842 0 0.2631579 0 0.9684211 0 0.9578948 0 0.7789474 0 0.4736842 0 0.7894737 0 0.7789474 0 0.4842105 0 0.4736842 0 0.2526316 0 0.9684211 0 0.2631579 0 0.2526316 0 0.9789474 0 0.9684211 0 0.7684211 0 0.4842105 0 0.7789474 0 0.2526316 0 0.9894737 0 0.9789474 0 0.7578948 0 0.4842105 0 0.7684211 0 0.7578948 0 0.4947369 0 0.4842105 0 0.2421053 0 0.9894737 0 0.2526316 0 0.2421053 0 1 0 0.9894737 0 0.7473684 0 0.4947369 0 0.7578948 0 0.2315789 0 1 0 0.2421053 0 0.2315789 0 0.5052632 0 1 0 0.7473684 0 0 0 0.4947369 0 0.7368421 0 0 0 0.7473684 0 0.2315789 0 0.5157895 0 0.5052632 0 0.7263158 0 0 0 0.7368421 0 0.2210526 0 0.5157895 0 0.2315789 0 0.7263158 0 0.01052623 0 0 0 0.2210526 0 0.5263158 0 0.5157895 0 0.7157895 0 0.01052623 0 0.7263158 0 0.2210526 0 0.5368421 0 0.5263158 0 0.2105263 0 0.5368421 0 0.2210526 0 0.7052631 0 0.01052623 0 0.7157895 0 0.7052631 0 0.02105253 0 0.01052623 0 0.2105263 0 0.5473684 0 0.5368421 0 0.6947368 0 0.02105253 0 0.7052631 0 0.2 0 0.5473684 0 0.2105263 0 0.6947368 0 0.03157883 0 0.02105253 0 0.2 0 0.5578948 0 0.5473684 0 0.6842105 0 0.03157883 0 0.6947368 0 0.2 0 0.5684211 0 0.5578948 0 0.6736842 0 0.03157883 0 0.6842105 0 0.1894736 0 0.5684211 0 0.2 0 0.6736842 0 0.04210519 0 0.03157883 0 0.1894736 0 0.5789474 0 0.5684211 0 0.6631579 0 0.04210519 0 0.6736842 0 0.1894736 0 0.5894737 0 0.5789474 0 0.6526316 0 0.04210519 0 0.6631579 0 0.1894736 0 0.6 0 0.5894737 0 0.6421053 0 0.04210519 0 0.6526316 0 0.1789473 0 0.6 0 0.1894736 0 0.6421053 0 0.05263149 0 0.04210519 0 0.1789473 0 0.6105263 0 0.6 0 0.6315789 0 0.05263149 0 0.6421053 0 0.1789473 0 0.6210526 0 0.6105263 0 0.6210526 0 0.05263149 0 0.6315789 0 0.1789473 0 0.05263149 0 0.6210526 0 0.168421 0 0.05263149 0 0.1789473 0 0.168421 0 0.06315785 0 0.05263149 0 0.1578947 0 0.06315785 0 0.168421 0 0.1578947 0 0.07368421 0 0.06315785 0 0.1473684 0 0.07368421 0 0.1578947 0 0.1473684 0 0.08421051 0 0.07368421 0 0.1368421 0 0.08421051 0 0.1473684 0 0.1368421 0 0.09473681 0 0.08421051 0 0.1263158 0 0.09473681 0 0.1368421 0 0.1263158 0 0.1052631 0 0.09473681 0 0.1157894 0 0.1052631 0 0.1263158 0 0.8947368 0 0.9022557 0 0.9097744 0 0.8947368 0 0.9097744 0 0.9172933 0 0.8872181 0 0.8947368 0 0.9172933 0 0.8872181 0 0.9172933 0 0.924812 0 0.8872181 0 0.924812 0 0.9323309 0 0.8796992 0 0.8872181 0 0.9323309 0 0.8796992 0 0.9323309 0 0.9398496 0 0.8796992 0 0.9398496 0 0.9473685 0 0.8721805 0 0.8796992 0 0.9473685 0 0.8721805 0 0.9473685 0 0.9548872 0 0.8721805 0 0.9548872 0 0.962406 0 0.8646616 0 0.8721805 0 0.962406 0 0.8646616 0 0.962406 0 0.9699248 0 0.8646616 0 0.9699248 0 0.9774436 0 0.8571429 0 0.8646616 0 0.9774436 0 0.8571429 0 0.9774436 0 0.9849624 0 0.8571429 0 0.9849624 0 0.9924812 0 0.849624 0 0.8571429 0 0.9924812 0 0.849624 0 0.9924812 0 0.05263149 0 0.05263149 0 0.9924812 0 0.04511266 0 0.04511266 0 0.9924812 0 0.03759396 0 0.03759396 0 0.9924812 0 0.03007519 0 0.03007519 0 0.9924812 0 0.02255636 0 0.02255636 0 0.9924812 0 0.01503753 0 0.01503753 0 0.9924812 0 0.007518768 0 0.007518768 0 0.9924812 0 0 0 0 0 0.9924812 0 1 0 0.8421053 0 0.849624 0 0.06766915 0 0.06766915 0 0.849624 0 0.06015026 0 0.06015026 0 0.849624 0 0.05263149 0 0.8345865 0 0.8421053 0 0.07518792 0 0.07518792 0 0.8421053 0 0.06766915 0 0.8270677 0 0.8345865 0 0.09022551 0 0.09022551 0 0.8345865 0 0.08270674 0 0.08270674 0 0.8345865 0 0.07518792 0 0.8270677 0 0.09022551 0 0.09774434 0 0.8270677 0 0.09774434 0 0.1052631 0 0.8270677 0 0.1052631 0 0.112782 0 0.8270677 0 0.112782 0 0.1203007 0 0.8270677 0 0.1203007 0 0.1278195 0 0.8195489 0 0.8270677 0 0.1278195 0 0.8195489 0 0.1278195 0 0.1353383 0 0.8195489 0 0.1353383 0 0.1428571 0 0.8195489 0 0.1428571 0 0.1503759 0 0.8195489 0 0.1503759 0 0.1578947 0 0.8120301 0 0.8195489 0 0.1578947 0 0.8120301 0 0.1578947 0 0.1654134 0 0.8120301 0 0.1654134 0 0.1729323 0 0.8120301 0 0.1729323 0 0.180451 0 0.8045113 0 0.8120301 0 0.180451 0 0.8045113 0 0.180451 0 0.1879699 0 0.8045113 0 0.1879699 0 0.1954887 0 0.8045113 0 0.1954887 0 0.2030075 0 0.8045113 0 0.2030075 0 0.2105263 0 0.8045113 0 0.2105263 0 0.2180451 0 0.7969925 0 0.8045113 0 0.2180451 0 0.7969925 0 0.2180451 0 0.2255639 0 0.7969925 0 0.2255639 0 0.2330827 0 0.7969925 0 0.2330827 0 0.2406015 0 0.7894737 0 0.7969925 0 0.2406015 0 0.7894737 0 0.2406015 0 0.2481203 0 0.7894737 0 0.2481203 0 0.2556391 0 0.7894737 0 0.2556391 0 0.2631579 0 0.7819549 0 0.7894737 0 0.2631579 0 0.7819549 0 0.2631579 0 0.2706767 0 0.7744361 0 0.7819549 0 0.2706767 0 0.7744361 0 0.2706767 0 0.2781955 0 0.7744361 0 0.2781955 0 0.2857143 0 0.7669173 0 0.7744361 0 0.2857143 0 0.7669173 0 0.2857143 0 0.2932331 0 0.7593985 0 0.7669173 0 0.2932331 0 0.7593985 0 0.2932331 0 0.3007519 0 0.7593985 0 0.3007519 0 0.3082706 0 0.7518797 0 0.7593985 0 0.3082706 0 0.7518797 0 0.3082706 0 0.3157895 0 0.7443609 0 0.7518797 0 0.3157895 0 0.7443609 0 0.3157895 0 0.3233082 0 0.7443609 0 0.3233082 0 0.3308271 0 0.7368421 0 0.7443609 0 0.3308271 0 0.7368421 0 0.3308271 0 0.3383458 0 0.7293233 0 0.7368421 0 0.3383458 0 0.7293233 0 0.3383458 0 0.3458647 0 0.7218045 0 0.7293233 0 0.3458647 0 0.7218045 0 0.3458647 0 0.3533834 0 0.5338346 0 0.5413534 0 0.5488722 0 0.7218045 0 0.3533834 0 0.3609023 0 0.7142857 0 0.7218045 0 0.3609023 0 0.5338346 0 0.5488722 0 0.556391 0 0.7067669 0 0.7142857 0 0.3609023 0 0.5338346 0 0.556391 0 0.5639098 0 0.6992481 0 0.7067669 0 0.3609023 0 0.6992481 0 0.3609023 0 0.368421 0 0.5338346 0 0.5639098 0 0.5714286 0 0.6917293 0 0.6992481 0 0.368421 0 0.5338346 0 0.5714286 0 0.5789474 0 0.6842105 0 0.6917293 0 0.368421 0 0.5338346 0 0.5789474 0 0.5864662 0 0.6766917 0 0.6842105 0 0.368421 0 0.6766917 0 0.368421 0 0.3759399 0 0.5338346 0 0.5864662 0 0.593985 0 0.669173 0 0.6766917 0 0.3759399 0 0.6616541 0 0.669173 0 0.3759399 0 0.5338346 0 0.593985 0 0.6015037 0 0.6541354 0 0.6616541 0 0.3759399 0 0.5338346 0 0.6015037 0 0.6090226 0 0.6466165 0 0.6541354 0 0.3759399 0 0.5338346 0 0.6090226 0 0.6165413 0 0.6390978 0 0.6466165 0 0.3759399 0 0.5338346 0 0.6165413 0 0.6240602 0 0.6315789 0 0.6390978 0 0.3759399 0 0.5338346 0 0.6240602 0 0.6315789 0 0.6315789 0 0.3759399 0 0.3834586 0 0.5338346 0 0.6315789 0 0.3834586 0 0.5338346 0 0.3834586 0 0.3909775 0 0.5338346 0 0.3909775 0 0.3984962 0 0.5263158 0 0.5338346 0 0.3984962 0 0.5263158 0 0.3984962 0 0.406015 0 0.518797 0 0.5263158 0 0.406015 0 0.5112782 0 0.518797 0 0.406015 0 0.5112782 0 0.406015 0 0.4135338 0 0.5037594 0 0.5112782 0 0.4135338 0 0.4962406 0 0.5037594 0 0.4135338 0 0.4962406 0 0.4135338 0 0.4210526 0 0.4887218 0 0.4962406 0 0.4210526 0 0.4887218 0 0.4210526 0 0.4285714 0 0.481203 0 0.4887218 0 0.4285714 0 0.4736842 0 0.481203 0 0.4285714 0 0.4736842 0 0.4285714 0 0.4360902 0 0.4661654 0 0.4736842 0 0.4360902 0 0.4586466 0 0.4661654 0 0.4360902 0 0.4586466 0 0.4360902 0 0.443609 0 0.4511278 0 0.4586466 0 0.443609 0 0.5606936 0 0.566474 0 0.5722544 0 0.5549133 0 0.5606936 0 0.5722544 0 0.5549133 0 0.5722544 0 0.5780347 0 0.549133 0 0.5549133 0 0.5780347 0 0.5433526 0 0.549133 0 0.5780347 0 0.5433526 0 0.5780347 0 0.583815 0 0.5375723 0 0.5433526 0 0.583815 0 0.5375723 0 0.583815 0 0.5895954 0 0.5317919 0 0.5375723 0 0.5895954 0 0.5260116 0 0.5317919 0 0.5895954 0 0.5260116 0 0.5895954 0 0.5953757 0 0.5202312 0 0.5260116 0 0.5953757 0 0.5202312 0 0.5953757 0 0.6011561 0 0.5144509 0 0.5202312 0 0.6011561 0 0.5086705 0 0.5144509 0 0.6011561 0 0.5086705 0 0.6011561 0 0.6069364 0 0.5028902 0 0.5086705 0 0.6069364 0 0.5028902 0 0.6069364 0 0.6127167 0 0.4971098 0 0.5028902 0 0.6127167 0 0.4913295 0 0.4971098 0 0.4855491 0 0.4855491 0 0.4971098 0 0.4797688 0 0.4797688 0 0.4971098 0 0.4739884 0 0.4739884 0 0.4971098 0 0.4682081 0 0.4682081 0 0.4971098 0 0.4624277 0 0.4624277 0 0.4971098 0 0.4566474 0 0.4566474 0 0.4971098 0 0.4508671 0 0.4508671 0 0.4971098 0 0.4450867 0 0.4450867 0 0.4971098 0 0.4393063 0 0.4393063 0 0.4971098 0 0.433526 0 0.433526 0 0.4971098 0 0.6127167 0 0.433526 0 0.6127167 0 0.4277456 0 0.4277456 0 0.6127167 0 0.4219653 0 0.4219653 0 0.6127167 0 0.6184971 0 0.4219653 0 0.6184971 0 0.416185 0 0.416185 0 0.6184971 0 0.6242775 0 0.4104046 0 0.416185 0 0.6242775 0 0.4046243 0 0.4104046 0 0.6242775 0 0.398844 0 0.4046243 0 0.6242775 0 0.3930636 0 0.398844 0 0.6242775 0 0.3872832 0 0.3930636 0 0.6242775 0 0.3872832 0 0.6242775 0 0.6300578 0 0.3815029 0 0.3872832 0 0.6300578 0 0.3757225 0 0.3815029 0 0.6300578 0 0.3699422 0 0.3757225 0 0.6300578 0 0.3699422 0 0.6300578 0 0.6358382 0 0.3641619 0 0.3699422 0 0.6358382 0 0.3583815 0 0.3641619 0 0.6358382 0 0.3583815 0 0.6358382 0 0.6416185 0 0.3526012 0 0.3583815 0 0.6416185 0 0.3468208 0 0.3526012 0 0.6416185 0 0.3410404 0 0.3468208 0 1 0 1 0 0.3468208 0 0.6416185 0 0.3352601 0 0.3410404 0 1 0 0.3294798 0 0.3352601 0 1 0 0.3236994 0 0.3294798 0 1 0 0.3179191 0 0.3236994 0 1 0 0.3179191 0 1 0 0.7919075 0 0.9942197 0 1 0 0.6416185 0 0.3179191 0 0.7919075 0 0.7976879 0 0.3121387 0 0.3179191 0 0.7976879 0 0.3121387 0 0.7976879 0 0.8034682 0 0.3063583 0 0.3121387 0 0.8034682 0 0.3063583 0 0.8034682 0 0.8092486 0 0.300578 0 0.3063583 0 0.8092486 0 0.300578 0 0.8092486 0 0.8150289 0 0.300578 0 0.8150289 0 0.8208093 0 0.2947977 0 0.300578 0 0.8208093 0 0.2947977 0 0.8208093 0 0.8265896 0 0.2890173 0 0.2947977 0 0.8265896 0 0.2890173 0 0.8265896 0 0.8323699 0 0.2890173 0 0.8323699 0 0.8381503 0 0.283237 0 0.2890173 0 0.8381503 0 0.283237 0 0.8381503 0 0.8439307 0 0.283237 0 0.8439307 0 0.849711 0 0.2774567 0 0.283237 0 0.849711 0 0.2774567 0 0.849711 0 0.8554913 0 0.2716763 0 0.2774567 0 0.8554913 0 0.2716763 0 0.8554913 0 0.8612717 0 0.2716763 0 0.8612717 0 0.867052 0 0.265896 0 0.2716763 0 0.867052 0 0.265896 0 0.867052 0 0.8728324 0 0.265896 0 0.8728324 0 0.8786127 0 0.9884393 0 0.9942197 0 0.6416185 0 0.2601156 0 0.265896 0 0.8786127 0 0.982659 0 0.9884393 0 0.6416185 0 0.2601156 0 0.8786127 0 0.884393 0 0.9768786 0 0.982659 0 0.6416185 0 0.7745665 0 0.7803468 0 0.7861272 0 0.9768786 0 0.6416185 0 0.6473988 0 0.2601156 0 0.884393 0 0.8901734 0 0.7687861 0 0.7745665 0 0.7861272 0 0.9710983 0 0.9768786 0 0.6473988 0 0.9710983 0 0.6473988 0 0.6531792 0 0.7630058 0 0.7687861 0 0.7861272 0 0.2543352 0 0.2601156 0 0.8901734 0 0.2543352 0 0.8901734 0 0.8959538 0 0.9710983 0 0.6531792 0 0.6589595 0 0.9653179 0 0.9710983 0 0.6589595 0 0.7572255 0 0.7630058 0 0.7861272 0 0.9653179 0 0.6589595 0 0.6647399 0 0.9595376 0 0.9653179 0 0.6647399 0 0.7514451 0 0.7572255 0 0.7861272 0 0.2543352 0 0.8959538 0 0.9017341 0 0.9595376 0 0.6647399 0 0.6705203 0 0.7456647 0 0.7514451 0 0.7861272 0 0.9537572 0 0.9595376 0 0.6705203 0 0.9537572 0 0.6705203 0 0.6763006 0 0.7398844 0 0.7456647 0 0.7861272 0 0.2543352 0 0.9017341 0 0.9075145 0 0.9537572 0 0.6763006 0 0.6820809 0 0.9479769 0 0.9537572 0 0.6820809 0 0.734104 0 0.7398844 0 0.7861272 0 0.9479769 0 0.6820809 0 0.6878613 0 0.2485549 0 0.2543352 0 0.9075145 0 0.7283237 0 0.734104 0 0.7861272 0 0.2485549 0 0.9075145 0 0.9132948 0 0.9421966 0 0.9479769 0 0.6878613 0 0.9421966 0 0.6878613 0 0.6936416 0 0.7225434 0 0.7283237 0 0.7861272 0 0.9421966 0 0.6936416 0 0.699422 0 0.716763 0 0.7225434 0 0.7861272 0 0.9364162 0 0.9421966 0 0.699422 0 0.9364162 0 0.699422 0 0.7052024 0 0.7109827 0 0.716763 0 0.7861272 0 0.9364162 0 0.7052024 0 0.7109827 0 0.2485549 0 0.9132948 0 0.9190751 0 0.9364162 0 0.7109827 0 0.7861272 0 0.9306358 0 0.9364162 0 0.7861272 0 0.2485549 0 0.9190751 0 0.9248555 0 0.9248555 0 0.9306358 0 0.7861272 0 0.2485549 0 0.9248555 0 0.1329479 0 0.1329479 0 0.9248555 0 0.7861272 0 0.2427746 0 0.2485549 0 0.1329479 0 0.2427746 0 0.1329479 0 0.1387283 0 0.1271676 0 0.1329479 0 0.7861272 0 0.2369942 0 0.2427746 0 0.1387283 0 0.2369942 0 0.1387283 0 0.1445087 0 0.1213873 0 0.1271676 0 0.7861272 0 0.1213873 0 0.7861272 0 0 0 0.2312138 0 0.2369942 0 0.1445087 0 0.2312138 0 0.1445087 0 0.1502889 0 0.1156069 0 0.1213873 0 0 0 0.1156069 0 0 0 0.005780339 0 0.2312138 0 0.1502889 0 0.1560693 0 0.1098266 0 0.1156069 0 0.005780339 0 0.2254335 0 0.2312138 0 0.1560693 0 0.1098266 0 0.005780339 0 0.01156061 0 0.2254335 0 0.1560693 0 0.1618497 0 0.1040462 0 0.1098266 0 0.01156061 0 0.1040462 0 0.01156061 0 0.01734095 0 0.2196531 0 0.2254335 0 0.1618497 0 0.2196531 0 0.1618497 0 0.16763 0 0.09826588 0 0.1040462 0 0.01734095 0 0.09826588 0 0.01734095 0 0.02312129 0 0.2196531 0 0.16763 0 0.1734104 0 0.09248554 0 0.09826588 0 0.02312129 0 0.09248554 0 0.02312129 0 0.02890169 0 0.2138728 0 0.2196531 0 0.1734104 0 0.2138728 0 0.1734104 0 0.1791906 0 0.0867052 0 0.09248554 0 0.02890169 0 0.0867052 0 0.02890169 0 0.03468197 0 0.2138728 0 0.1791906 0 0.184971 0 0.0867052 0 0.03468197 0 0.04046237 0 0.0809248 0 0.0867052 0 0.04046237 0 0.2080925 0 0.2138728 0 0.184971 0 0.0809248 0 0.04046237 0 0.04624277 0 0.2080925 0 0.184971 0 0.1907514 0 0.07514446 0 0.0809248 0 0.04624277 0 0.07514446 0 0.04624277 0 0.05202311 0 0.2080925 0 0.1907514 0 0.1965318 0 0.06936413 0 0.07514446 0 0.05202311 0 0.2023121 0 0.2080925 0 0.1965318 0 0.06936413 0 0.05202311 0 0.05780345 0 0.06358379 0 0.06936413 0 0.05780345 0 0.96 0 0.9733334 0 0.9866667 0 0.96 0 0.9866667 0 1 0 0.96 0 1 0 0.64 0 0.9466667 0 0.96 0 0.64 0 0.9333333 0 0.9466667 0 0.64 0 0.9333333 0 0.64 0 0.6533333 0 0.92 0 0.9333333 0 0.6533333 0 0.9066667 0 0.92 0 0.6533333 0 0.9066667 0 0.6533333 0 0.6666667 0 0.8933333 0 0.9066667 0 0.6666667 0 0.88 0 0.8933333 0 0.6666667 0 0.88 0 0.6666667 0 0.68 0 0.8666667 0 0.88 0 0.68 0 0.8533334 0 0.8666667 0 0.68 0 0.8533334 0 0.68 0 0.6933333 0 0.84 0 0.8533334 0 0.6933333 0 0.8266667 0 0.84 0 0.6933333 0 0.8266667 0 0.6933333 0 0.7066667 0 0.8133333 0 0.8266667 0 0.7066667 0 0.8 0 0.8133333 0 0.7066667 0 0.7866667 0 0.8 0 0.7066667 0 0.7866667 0 0.7066667 0 0.72 0 0.7866667 0 0.72 0 0.7333334 0 0.7866667 0 0.7333334 0 0.7466667 0 0.7866667 0 0.7466667 0 0.76 0 0.7866667 0 0.76 0 0.7733333 0 0.2933333 0 0.3066667 0 0.32 0 0.28 0 0.2933333 0 0.32 0 0.28 0 0.32 0 0.3333333 0 0.2666667 0 0.28 0 0.3333333 0 0.2666667 0 0.3333333 0 0.3466666 0 0.2533333 0 0.2666667 0 0.3466666 0 0.2533333 0 0.3466666 0 0.36 0 0.24 0 0.2533333 0 0.36 0 0.24 0 0.36 0 0.3733333 0 0.2266666 0 0.24 0 0.3733333 0 0.2266666 0 0.3733333 0 0.3866667 0 0.2133333 0 0.2266666 0 0.3866667 0 0.2133333 0 0.3866667 0 0.4 0 0.2 0 0.2133333 0 0.4 0 0.2 0 0.4 0 0.4133333 0 0.1866666 0 0.2 0 0.4133333 0 0.1866666 0 0.4133333 0 0.4266667 0 0.1733333 0 0.1866666 0 0.4266667 0 0.1733333 0 0.4266667 0 0.44 0 0.16 0 0.1733333 0 0.44 0 0.16 0 0.44 0 0.4533333 0 0.1466667 0 0.16 0 0.4533333 0 0.1466667 0 0.4533333 0 0.4666666 0 0.1333333 0 0.1466667 0 0.4666666 0 0.1333333 0 0.4666666 0 0.48 0 0.12 0 0.1333333 0 0.48 0 0.12 0 0.48 0 0.4933333 0 0.1066666 0 0.12 0 0.4933333 0 0.1066666 0 0.4933333 0 0.5066667 0 0.0933333 0 0.1066666 0 0.5066667 0 0.0933333 0 0.5066667 0 0.52 0 0.07999998 0 0.0933333 0 0.52 0 0.07999998 0 0.52 0 0.5333334 0 0.06666666 0 0.07999998 0 0.5333334 0 0.06666666 0 0.5333334 0 0.5466667 0 0.05333328 0 0.06666666 0 0.5466667 0 0.05333328 0 0.5466667 0 0.56 0 0.03999996 0 0.05333328 0 0.56 0 0.03999996 0 0.56 0 0.5733333 0 0.02666664 0 0.03999996 0 0.5733333 0 0.02666664 0 0.5733333 0 0.5866667 0 0.01333332 0 0.02666664 0 0.5866667 0 0.01333332 0 0.5866667 0 0.6 0 0 0 0.01333332 0 0.6 0 0 0 0.6 0 0.6133334 0 0.6266667 0 0 0 0.6133334 0 0.3578947 0 0.368421 0 0.3789474 0 0.3578947 0 0.3789474 0 0.3894737 0 0.3473684 0 0.3578947 0 0.3894737 0 0.3473684 0 0.3894737 0 0.4 0 0.3368421 0 0.3473684 0 0.4 0 0.3368421 0 0.4 0 0.4105263 0 0.3263158 0 0.3368421 0 0.4105263 0 0.3263158 0 0.4105263 0 0.4210526 0 0.3157895 0 0.3263158 0 0.4210526 0 0.3157895 0 0.4210526 0 0.4315789 0 0.3052632 0 0.3157895 0 0.4315789 0 0.3052632 0 0.4315789 0 0.4421052 0 0.2947368 0 0.3052632 0 0.8736842 0 0.8736842 0 0.3052632 0 0.4421052 0 0.2947368 0 0.8736842 0 0.8842105 0 0.8631579 0 0.8736842 0 0.4421052 0 0.2947368 0 0.8842105 0 0.8947368 0 0.8526316 0 0.8631579 0 0.4421052 0 0.2947368 0 0.8947368 0 0.9052632 0 0.8421053 0 0.8526316 0 0.4421052 0 0.8421053 0 0.4421052 0 0.4526316 0 0.2842105 0 0.2947368 0 0.9052632 0 0.2842105 0 0.9052632 0 0.9157895 0 0.831579 0 0.8421053 0 0.4526316 0 0.2842105 0 0.9157895 0 0.9263158 0 0.8210526 0 0.831579 0 0.4526316 0 0.2842105 0 0.9263158 0 0.9368421 0 0.8105263 0 0.8210526 0 0.4526316 0 0.8105263 0 0.4526316 0 0.4631579 0 0.2736842 0 0.2842105 0 0.9368421 0 0.2736842 0 0.9368421 0 0.9473685 0 0.8 0 0.8105263 0 0.4631579 0 0.2736842 0 0.9473685 0 0.9578948 0 0.7894737 0 0.8 0 0.4631579 0 0.7894737 0 0.4631579 0 0.4736842 0 0.2631579 0 0.2736842 0 0.9578948 0 0.2631579 0 0.9578948 0 0.9684211 0 0.7789474 0 0.7894737 0 0.4736842 0 0.7789474 0 0.4736842 0 0.4842105 0 0.2526316 0 0.2631579 0 0.9684211 0 0.2526316 0 0.9684211 0 0.9789474 0 0.7684211 0 0.7789474 0 0.4842105 0 0.2526316 0 0.9789474 0 0.9894737 0 0.7578948 0 0.7684211 0 0.4842105 0 0.7578948 0 0.4842105 0 0.4947369 0 0.2421053 0 0.2526316 0 0.9894737 0 0.2421053 0 0.9894737 0 1 0 0.7473684 0 0.7578948 0 0.4947369 0 0.2315789 0 0.2421053 0 1 0 0.2315789 0 1 0 0.5052632 0 0.7473684 0 0.4947369 0 0 0 0.7368421 0 0.7473684 0 0 0 0.2315789 0 0.5052632 0 0.5157895 0 0.7263158 0 0.7368421 0 0 0 0.2210526 0 0.2315789 0 0.5157895 0 0.7263158 0 0 0 0.01052623 0 0.2210526 0 0.5157895 0 0.5263158 0 0.7157895 0 0.7263158 0 0.01052623 0 0.2210526 0 0.5263158 0 0.5368421 0 0.2105263 0 0.2210526 0 0.5368421 0 0.7052631 0 0.7157895 0 0.01052623 0 0.7052631 0 0.01052623 0 0.02105253 0 0.2105263 0 0.5368421 0 0.5473684 0 0.6947368 0 0.7052631 0 0.02105253 0 0.2 0 0.2105263 0 0.5473684 0 0.6947368 0 0.02105253 0 0.03157883 0 0.2 0 0.5473684 0 0.5578948 0 0.6842105 0 0.6947368 0 0.03157883 0 0.2 0 0.5578948 0 0.5684211 0 0.6736842 0 0.6842105 0 0.03157883 0 0.1894736 0 0.2 0 0.5684211 0 0.6736842 0 0.03157883 0 0.04210519 0 0.1894736 0 0.5684211 0 0.5789474 0 0.6631579 0 0.6736842 0 0.04210519 0 0.1894736 0 0.5789474 0 0.5894737 0 0.6526316 0 0.6631579 0 0.04210519 0 0.1894736 0 0.5894737 0 0.6 0 0.6421053 0 0.6526316 0 0.04210519 0 0.1789473 0 0.1894736 0 0.6 0 0.6421053 0 0.04210519 0 0.05263149 0 0.1789473 0 0.6 0 0.6105263 0 0.6315789 0 0.6421053 0 0.05263149 0 0.1789473 0 0.6105263 0 0.6210526 0 0.6210526 0 0.6315789 0 0.05263149 0 0.1789473 0 0.6210526 0 0.05263149 0 0.168421 0 0.1789473 0 0.05263149 0 0.168421 0 0.05263149 0 0.06315785 0 0.1578947 0 0.168421 0 0.06315785 0 0.1578947 0 0.06315785 0 0.07368421 0 0.1473684 0 0.1578947 0 0.07368421 0 0.1473684 0 0.07368421 0 0.08421051 0 0.1368421 0 0.1473684 0 0.08421051 0 0.1368421 0 0.08421051 0 0.09473681 0 0.1263158 0 0.1368421 0 0.09473681 0 0.1263158 0 0.09473681 0 0.1052631 0 0.1157894 0 0.1263158 0 0.1052631 0 0.02083331 1 0 0 0 1 0.04166656 1 0.02083331 0 0.02083331 1 0.0625 1 0.04166656 0 0.04166656 1 0.08333331 1 0.0625 0 0.0625 1 0.1041666 1 0.08333331 0 0.08333331 1 0.125 1 0.1041666 0 0.1041666 1 0.1458333 1 0.125 0 0.125 1 0.1666666 1 0.1458333 0 0.1458333 1 0.1875 1 0.1666666 0 0.1666666 1 0.2083333 1 0.1875 0 0.1875 1 0.2291666 1 0.2083333 0 0.2083333 1 0.25 1 0.2291666 0 0.2291666 1 0.2708333 1 0.25 0 0.25 1 0.2916666 1 0.2708333 0 0.2708333 1 0.3125 1 0.2916666 0 0.2916666 1 0.3333333 1 0.3125 0 0.3125 1 0.3541666 1 0.3333333 0 0.3333333 1 0.375 1 0.3541666 0 0.3541666 1 0.3958333 1 0.375 0 0.375 1 0.4166666 1 0.3958333 0 0.3958333 1 0.4375 1 0.4166666 0 0.4166666 1 0.4583333 1 0.4375 0 0.4375 1 0.4791666 1 0.4583333 0 0.4583333 1 0.5 1 0.4791666 0 0.4791666 1 0.5208333 1 0.5 0 0.5 1 0.5416667 1 0.5208333 0 0.5208333 1 0.5625 1 0.5416667 0 0.5416667 1 0.5833333 1 0.5625 0 0.5625 1 0.6041667 1 0.5833333 0 0.5833333 1 0.625 1 0.6041667 0 0.6041667 1 0.6458333 1 0.625 0 0.625 1 0.6666667 1 0.6458333 0 0.6458333 1 0.6875 1 0.6666667 0 0.6666667 1 0.7083333 1 0.6875 0 0.6875 1 0.7291667 1 0.7083333 0 0.7083333 1 0.75 1 0.7291667 0 0.7291667 1 0.7708333 1 0.75 0 0.75 1 0.7916667 1 0.7708333 0 0.7708333 1 0.8125 1 0.7916667 0 0.7916667 1 0.8333333 1 0.8125 0 0.8125 1 0.8541667 1 0.8333333 0 0.8333333 1 0.8750001 1 0.8541667 0 0.8541667 1 0.8958333 1 0.8750001 0 0.8750001 1 0.9166667 1 0.8958333 0 0.8958333 1 0.9375 1 0.9166667 0 0.9166667 1 0.9583333 1 0.9375 0 0.9375 1 0.9791667 1 0.9583333 0 0.9583333 1 1 1 0.9791667 0 0.9791667 1 0.02083331 1 0 0 0 1 0.04166656 1 0.02083331 0 0.02083331 1 0.0625 1 0.04166656 0 0.04166656 1 0.08333331 1 0.0625 0 0.0625 1 0.1041666 1 0.08333331 0 0.08333331 1 0.125 1 0.1041666 0 0.1041666 1 0.1458333 1 0.125 0 0.125 1 0.1666666 1 0.1458333 0 0.1458333 1 0.1875 1 0.1666666 0 0.1666666 1 0.2083333 1 0.1875 0 0.1875 1 0.2291666 1 0.2083333 0 0.2083333 1 0.25 1 0.2291666 0 0.2291666 1 0.2708333 1 0.25 0 0.25 1 0.2916666 1 0.2708333 0 0.2708333 1 0.3125 1 0.2916666 0 0.2916666 1 0.3333333 1 0.3125 0 0.3125 1 0.3541666 1 0.3333333 0 0.3333333 1 0.375 1 0.3541666 0 0.3541666 1 0.3958333 1 0.375 0 0.375 1 0.4166666 1 0.3958333 0 0.3958333 1 0.4375 1 0.4166666 0 0.4166666 1 0.4583333 1 0.4375 0 0.4375 1 0.4791666 1 0.4583333 0 0.4583333 1 0.5 1 0.4791666 0 0.4791666 1 0.5208333 1 0.5 0 0.5 1 0.5416667 1 0.5208333 0 0.5208333 1 0.5625 1 0.5416667 0 0.5416667 1 0.5833333 1 0.5625 0 0.5625 1 0.6041667 1 0.5833333 0 0.5833333 1 0.625 1 0.6041667 0 0.6041667 1 0.6458333 1 0.625 0 0.625 1 0.6666667 1 0.6458333 0 0.6458333 1 0.6875 1 0.6666667 0 0.6666667 1 0.7083333 1 0.6875 0 0.6875 1 0.7291667 1 0.7083333 0 0.7083333 1 0.75 1 0.7291667 0 0.7291667 1 0.7708333 1 0.75 0 0.75 1 0.7916667 1 0.7708333 0 0.7708333 1 0.8125 1 0.7916667 0 0.7916667 1 0.8333333 1 0.8125 0 0.8125 1 0.8541667 1 0.8333333 0 0.8333333 1 0.8750001 1 0.8541667 0 0.8541667 1 0.8958333 1 0.8750001 0 0.8750001 1 0.9166667 1 0.8958333 0 0.8958333 1 0.9375 1 0.9166667 0 0.9166667 1 0.9583333 1 0.9375 0 0.9375 1 0.9791667 1 0.9583333 0 0.9583333 1 1 1 0.9791667 0 0.9791667 1 0.0357142 1 0 0 0 1 0.07142853 1 0.0357142 0 0.0357142 1 0.1071428 1 0.07142853 0 0.07142853 1 0.1428571 1 0.1071428 0 0.1071428 1 0.1785714 1 0.1428571 0 0.1428571 1 0.2142857 1 0.1785714 0 0.1785714 1 0.25 1 0.2142857 0 0.2142857 1 0.2857143 1 0.25 0 0.25 1 0.3214285 1 0.2857143 0 0.2857143 1 0.3571429 1 0.3214285 0 0.3214285 1 0.3928571 1 0.3571429 0 0.3571429 1 0.4285714 1 0.3928571 0 0.3928571 1 0.4642857 1 0.4285714 0 0.4285714 1 0.5 1 0.4642857 0 0.4642857 1 0.5357143 1 0.5 0 0.5 1 0.5714286 1 0.5357143 0 0.5357143 1 0.6071429 1 0.5714286 0 0.5714286 1 0.6428571 1 0.6071429 0 0.6071429 1 0.6785714 1 0.6428571 0 0.6428571 1 0.7142857 1 0.6785714 0 0.6785714 1 0.75 1 0.7142857 0 0.7142857 1 0.7857143 1 0.75 0 0.75 1 0.8214286 1 0.7857143 0 0.7857143 1 0.8571429 1 0.8214286 0 0.8214286 1 0.8928571 1 0.8571429 0 0.8571429 1 0.9285714 1 0.8928571 0 0.8928571 1 0.9642857 1 0.9285714 0 0.9285714 1 1 1 0.9642857 0 0.9642857 1 0.02083331 1 0 0 0 1 0.04166656 1 0.02083331 0 0.02083331 1 0.0625 1 0.04166656 0 0.04166656 1 0.08333331 1 0.0625 0 0.0625 1 0.1041666 1 0.08333331 0 0.08333331 1 0.125 1 0.1041666 0 0.1041666 1 0.1458333 1 0.125 0 0.125 1 0.1666666 1 0.1458333 0 0.1458333 1 0.1875 1 0.1666666 0 0.1666666 1 0.2083333 1 0.1875 0 0.1875 1 0.2291666 1 0.2083333 0 0.2083333 1 0.25 1 0.2291666 0 0.2291666 1 0.2708333 1 0.25 0 0.25 1 0.2916666 1 0.2708333 0 0.2708333 1 0.3125 1 0.2916666 0 0.2916666 1 0.3333333 1 0.3125 0 0.3125 1 0.3541666 1 0.3333333 0 0.3333333 1 0.375 1 0.3541666 0 0.3541666 1 0.3958333 1 0.375 0 0.375 1 0.4166666 1 0.3958333 0 0.3958333 1 0.4375 1 0.4166666 0 0.4166666 1 0.4583333 1 0.4375 0 0.4375 1 0.4791666 1 0.4583333 0 0.4583333 1 0.5 1 0.4791666 0 0.4791666 1 0.5208333 1 0.5 0 0.5 1 0.5416667 1 0.5208333 0 0.5208333 1 0.5625 1 0.5416667 0 0.5416667 1 0.5833333 1 0.5625 0 0.5625 1 0.6041667 1 0.5833333 0 0.5833333 1 0.625 1 0.6041667 0 0.6041667 1 0.6458333 1 0.625 0 0.625 1 0.6666667 1 0.6458333 0 0.6458333 1 0.6875 1 0.6666667 0 0.6666667 1 0.7083333 1 0.6875 0 0.6875 1 0.7291667 1 0.7083333 0 0.7083333 1 0.75 1 0.7291667 0 0.7291667 1 0.7708333 1 0.75 0 0.75 1 0.7916667 1 0.7708333 0 0.7708333 1 0.8125 1 0.7916667 0 0.7916667 1 0.8333333 1 0.8125 0 0.8125 1 0.8541667 1 0.8333333 0 0.8333333 1 0.8750001 1 0.8541667 0 0.8541667 1 0.8958333 1 0.8750001 0 0.8750001 1 0.9166667 1 0.8958333 0 0.8958333 1 0.9375 1 0.9166667 0 0.9166667 1 0.9583333 1 0.9375 0 0.9375 1 0.9791667 1 0.9583333 0 0.9583333 1 1 1 0.9791667 0 0.9791667 1 0.007299244 1 0 0 0 1 0.01459842 1 0.007299244 0 0.007299244 1 0.02189779 1 0.01459842 0 0.01459842 1 0.02919697 1 0.02189779 0 0.02189779 1 0.03649634 1 0.02919697 0 0.02919697 1 0.04379552 1 0.03649634 0 0.03649634 1 0.05109483 1 0.04379552 0 0.04379552 1 0.05839413 1 0.05109483 0 0.05109483 1 0.06569343 1 0.05839413 0 0.05839413 1 0.07299268 1 0.06569343 0 0.06569343 1 0.08029192 1 0.07299268 0 0.07299268 1 0.08759123 1 0.08029192 0 0.08029192 1 0.09489047 1 0.08759123 0 0.08759123 1 0.1021897 1 0.09489047 0 0.09489047 1 0.109489 1 0.1021897 0 0.1021897 1 0.1167883 1 0.109489 0 0.109489 1 0.1240876 1 0.1167883 0 0.1167883 1 0.1313868 1 0.1240876 0 0.1240876 1 0.1386861 1 0.1313868 0 0.1313868 1 0.1459854 1 0.1386861 0 0.1386861 1 0.1532846 1 0.1459854 0 0.1459854 1 0.1605839 1 0.1532846 0 0.1532846 1 0.1678832 1 0.1605839 0 0.1605839 1 0.1751825 1 0.1678832 0 0.1678832 1 0.1824817 1 0.1751825 0 0.1751825 1 0.189781 1 0.1824817 0 0.1824817 1 0.1970803 1 0.189781 0 0.189781 1 0.2043794 1 0.1970803 0 0.1970803 1 0.2116788 1 0.2043794 0 0.2043794 1 0.2189781 1 0.2116788 0 0.2116788 1 0.2262774 1 0.2189781 0 0.2189781 1 0.2335765 1 0.2262774 0 0.2262774 1 0.2408758 1 0.2335765 0 0.2335765 1 0.2481752 1 0.2408758 0 0.2408758 1 0.2554745 1 0.2481752 0 0.2481752 1 0.2627737 1 0.2554745 0 0.2554745 1 0.270073 1 0.2627737 0 0.2627737 1 0.2773723 1 0.270073 0 0.270073 1 0.2846716 1 0.2773723 0 0.2773723 1 0.2919708 1 0.2846716 0 0.2846716 1 0.29927 1 0.2919708 0 0.2919708 1 0.3065693 1 0.29927 0 0.29927 1 0.3138686 1 0.3065693 0 0.3065693 1 0.3211679 1 0.3138686 0 0.3138686 1 0.3284671 1 0.3211679 0 0.3211679 1 0.3357664 1 0.3284671 0 0.3284671 1 0.3430657 1 0.3357664 0 0.3357664 1 0.3503649 1 0.3430657 0 0.3430657 1 0.3576642 1 0.3503649 0 0.3503649 1 0.3649635 1 0.3576642 0 0.3576642 1 0.3722628 1 0.3649635 0 0.3649635 1 0.379562 1 0.3722628 0 0.3722628 1 0.3868613 1 0.379562 0 0.379562 1 0.3941606 1 0.3868613 0 0.3868613 1 0.4014598 1 0.3941606 0 0.3941606 1 0.4087591 1 0.4014598 0 0.4014598 1 0.4160584 1 0.4087591 0 0.4087591 1 0.4233577 1 0.4160584 0 0.4160584 1 0.4306569 1 0.4233577 0 0.4233577 1 0.4379562 1 0.4306569 0 0.4306569 1 0.4452555 1 0.4379562 0 0.4379562 1 0.4525547 1 0.4452555 0 0.4452555 1 0.459854 1 0.4525547 0 0.4525547 1 0.4671533 1 0.459854 0 0.459854 1 0.4744526 1 0.4671533 0 0.4671533 1 0.4817518 1 0.4744526 0 0.4744526 1 0.4890511 1 0.4817518 0 0.4817518 1 0.4963504 1 0.4890511 0 0.4890511 1 0.5036497 1 0.4963504 0 0.4963504 1 0.5109489 1 0.5036497 0 0.5036497 1 0.5182482 1 0.5109489 0 0.5109489 1 0.5255475 1 0.5182482 0 0.5182482 1 0.5328467 1 0.5255475 0 0.5255475 1 0.540146 1 0.5328467 0 0.5328467 1 0.5474452 1 0.540146 0 0.540146 1 0.5547446 1 0.5474452 0 0.5474452 1 0.5620438 1 0.5547446 0 0.5547446 1 0.5693431 1 0.5620438 0 0.5620438 1 0.5766423 1 0.5693431 0 0.5693431 1 0.5839416 1 0.5766423 0 0.5766423 1 0.5912409 1 0.5839416 0 0.5839416 1 0.5985401 1 0.5912409 0 0.5912409 1 0.6058394 1 0.5985401 0 0.5985401 1 0.6131387 1 0.6058394 0 0.6058394 1 0.620438 1 0.6131387 0 0.6131387 1 0.6277372 1 0.620438 0 0.620438 1 0.6350365 1 0.6277372 0 0.6277372 1 0.6423358 1 0.6350365 0 0.6350365 1 0.649635 1 0.6423358 0 0.6423358 1 0.6569343 1 0.649635 0 0.649635 1 0.6642336 1 0.6569343 0 0.6569343 1 0.6715329 1 0.6642336 0 0.6642336 1 0.6788321 1 0.6715329 0 0.6715329 1 0.6861314 1 0.6788321 0 0.6788321 1 0.6934307 1 0.6861314 0 0.6861314 1 0.7007299 1 0.6934307 0 0.6934307 1 0.7080292 1 0.7007299 0 0.7007299 1 0.7153285 1 0.7080292 0 0.7080292 1 0.7226278 1 0.7153285 0 0.7153285 1 0.729927 1 0.7226278 0 0.7226278 1 0.7372263 1 0.729927 0 0.729927 1 0.7445256 1 0.7372263 0 0.7372263 1 0.7518248 1 0.7445256 0 0.7445256 1 0.7591241 1 0.7518248 0 0.7518248 1 0.7664234 1 0.7591241 0 0.7591241 1 0.7737227 1 0.7664234 0 0.7664234 1 0.7810219 1 0.7737227 0 0.7737227 1 0.7883212 1 0.7810219 0 0.7810219 1 0.7956205 1 0.7883212 0 0.7883212 1 0.8029197 1 0.7956205 0 0.7956205 1 0.810219 1 0.8029197 0 0.8029197 1 0.8175182 1 0.810219 0 0.810219 1 0.8248175 1 0.8175182 0 0.8175182 1 0.8321168 1 0.8248175 0 0.8248175 1 0.8394161 1 0.8321168 0 0.8321168 1 0.8467153 1 0.8394161 0 0.8394161 1 0.8540146 1 0.8467153 0 0.8467153 1 0.8613139 1 0.8540146 0 0.8540146 1 0.8686131 1 0.8613139 0 0.8613139 1 0.8759124 1 0.8686131 0 0.8686131 1 0.8832117 1 0.8759124 0 0.8759124 1 0.890511 1 0.8832117 0 0.8832117 1 0.8978102 1 0.890511 0 0.890511 1 0.9051095 1 0.8978102 0 0.8978102 1 0.9124088 1 0.9051095 0 0.9051095 1 0.919708 1 0.9124088 0 0.9124088 1 0.9270073 1 0.919708 0 0.919708 1 0.9343066 1 0.9270073 0 0.9270073 1 0.9416059 1 0.9343066 0 0.9343066 1 0.9489051 1 0.9416059 0 0.9416059 1 0.9562044 1 0.9489051 0 0.9489051 1 0.9635037 1 0.9562044 0 0.9562044 1 0.9708029 1 0.9635037 0 0.9635037 1 0.9781022 1 0.9708029 0 0.9708029 1 0.9854015 1 0.9781022 0 0.9781022 1 0.9927008 1 0.9854015 0 0.9854015 1 1 1 0.9927008 0 0.9927008 1 0.02702701 1 0 0 0 1 0.05405402 1 0.02702701 0 0.02702701 1 0.08108103 1 0.05405402 0 0.05405402 1 0.1081081 1 0.08108103 0 0.08108103 1 0.1351351 1 0.1081081 0 0.1081081 1 0.1621621 1 0.1351351 0 0.1351351 1 0.1891891 1 0.1621621 0 0.1621621 1 0.2162162 1 0.1891891 0 0.1891891 1 0.2432432 1 0.2162162 0 0.2162162 1 0.2702702 1 0.2432432 0 0.2432432 1 0.2972973 1 0.2702702 0 0.2702702 1 0.3243243 1 0.2972973 0 0.2972973 1 0.3513513 1 0.3243243 0 0.3243243 1 0.3783784 1 0.3513513 0 0.3513513 1 0.4054054 1 0.3783784 0 0.3783784 1 0.4324324 1 0.4054054 0 0.4054054 1 0.4594594 1 0.4324324 0 0.4324324 1 0.4864865 1 0.4594594 0 0.4594594 1 0.5135135 1 0.4864865 0 0.4864865 1 0.5405405 1 0.5135135 0 0.5135135 1 0.5675676 1 0.5405405 0 0.5405405 1 0.5945946 1 0.5675676 0 0.5675676 1 0.6216216 1 0.5945946 0 0.5945946 1 0.6486486 1 0.6216216 0 0.6216216 1 0.6756757 1 0.6486486 0 0.6486486 1 0.7027027 1 0.6756757 0 0.6756757 1 0.7297297 1 0.7027027 0 0.7027027 1 0.7567568 1 0.7297297 0 0.7297297 1 0.7837838 1 0.7567568 0 0.7567568 1 0.8108108 1 0.7837838 0 0.7837838 1 0.8378378 1 0.8108108 0 0.8108108 1 0.8648649 1 0.8378378 0 0.8378378 1 0.8918919 1 0.8648649 0 0.8648649 1 0.9189189 1 0.8918919 0 0.8918919 1 0.9459459 1 0.9189189 0 0.9189189 1 0.972973 1 0.9459459 0 0.9459459 1 1 1 0.972973 0 0.972973 1 0.00746268 1 0 0 0 1 0.01492536 1 0.00746268 0 0.00746268 1 0.02238804 1 0.01492536 0 0.01492536 1 0.02985072 1 0.02238804 0 0.02238804 1 0.0373134 1 0.02985072 0 0.02985072 1 0.04477608 1 0.0373134 0 0.0373134 1 0.05223876 1 0.04477608 0 0.04477608 1 0.05970144 1 0.05223876 0 0.05223876 1 0.06716418 1 0.05970144 0 0.05970144 1 0.07462686 1 0.06716418 0 0.06716418 1 0.08208954 1 0.07462686 0 0.07462686 1 0.08955222 1 0.08208954 0 0.08208954 1 0.0970149 1 0.08955222 0 0.08955222 1 0.1044776 1 0.0970149 0 0.0970149 1 0.1119403 1 0.1044776 0 0.1044776 1 0.119403 1 0.1119403 0 0.1119403 1 0.1268656 1 0.119403 0 0.119403 1 0.1343283 1 0.1268656 0 0.1268656 1 0.141791 1 0.1343283 0 0.1343283 1 0.1492537 1 0.141791 0 0.141791 1 0.1567164 1 0.1492537 0 0.1492537 1 0.1641791 1 0.1567164 0 0.1567164 1 0.1716418 1 0.1641791 0 0.1641791 1 0.1791045 1 0.1716418 0 0.1716418 1 0.1865671 1 0.1791045 0 0.1791045 1 0.1940298 1 0.1865671 0 0.1865671 1 0.2014925 1 0.1940298 0 0.1940298 1 0.2089552 1 0.2014925 0 0.2014925 1 0.2164179 1 0.2089552 0 0.2089552 1 0.2238806 1 0.2164179 0 0.2164179 1 0.2313433 1 0.2238806 0 0.2238806 1 0.238806 1 0.2313433 0 0.2313433 1 0.2462686 1 0.238806 0 0.238806 1 0.2537313 1 0.2462686 0 0.2462686 1 0.261194 1 0.2537313 0 0.2537313 1 0.2686567 1 0.261194 0 0.261194 1 0.2761194 1 0.2686567 0 0.2686567 1 0.2835821 1 0.2761194 0 0.2761194 1 0.2910448 1 0.2835821 0 0.2835821 1 0.2985075 1 0.2910448 0 0.2910448 1 0.3059701 1 0.2985075 0 0.2985075 1 0.3134328 1 0.3059701 0 0.3059701 1 0.3208955 1 0.3134328 0 0.3134328 1 0.3283582 1 0.3208955 0 0.3208955 1 0.3358209 1 0.3283582 0 0.3283582 1 0.3432836 1 0.3358209 0 0.3358209 1 0.3507463 1 0.3432836 0 0.3432836 1 0.358209 1 0.3507463 0 0.3507463 1 0.3656716 1 0.358209 0 0.358209 1 0.3731343 1 0.3656716 0 0.3656716 1 0.380597 1 0.3731343 0 0.3731343 1 0.3880597 1 0.380597 0 0.380597 1 0.3955224 1 0.3880597 0 0.3880597 1 0.402985 1 0.3955224 0 0.3955224 1 0.4104477 1 0.402985 0 0.402985 1 0.4179105 1 0.4104477 0 0.4104477 1 0.4253731 1 0.4179105 0 0.4179105 1 0.4328358 1 0.4253731 0 0.4253731 1 0.4402985 1 0.4328358 0 0.4328358 1 0.4477612 1 0.4402985 0 0.4402985 1 0.4552239 1 0.4477612 0 0.4477612 1 0.4626865 1 0.4552239 0 0.4552239 1 0.4701492 1 0.4626865 0 0.4626865 1 0.4776119 1 0.4701492 0 0.4701492 1 0.4850746 1 0.4776119 0 0.4776119 1 0.4925373 1 0.4850746 0 0.4850746 1 0.5 1 0.4925373 0 0.4925373 1 0.5074627 1 0.5 0 0.5 1 0.5149254 1 0.5074627 0 0.5074627 1 0.5223881 1 0.5149254 0 0.5149254 1 0.5298507 1 0.5223881 0 0.5223881 1 0.5373135 1 0.5298507 0 0.5298507 1 0.5447762 1 0.5373135 0 0.5373135 1 0.5522388 1 0.5447762 0 0.5447762 1 0.5597015 1 0.5522388 0 0.5522388 1 0.5671642 1 0.5597015 0 0.5597015 1 0.5746269 1 0.5671642 0 0.5671642 1 0.5820896 1 0.5746269 0 0.5746269 1 0.5895522 1 0.5820896 0 0.5820896 1 0.5970149 1 0.5895522 0 0.5895522 1 0.6044776 1 0.5970149 0 0.5970149 1 0.6119403 1 0.6044776 0 0.6044776 1 0.619403 1 0.6119403 0 0.6119403 1 0.6268657 1 0.619403 0 0.619403 1 0.6343284 1 0.6268657 0 0.6268657 1 0.6417911 1 0.6343284 0 0.6343284 1 0.6492537 1 0.6417911 0 0.6417911 1 0.6567164 1 0.6492537 0 0.6492537 1 0.6641791 1 0.6567164 0 0.6567164 1 0.6716418 1 0.6641791 0 0.6641791 1 0.6791045 1 0.6716418 0 0.6716418 1 0.6865672 1 0.6791045 0 0.6791045 1 0.6940299 1 0.6865672 0 0.6865672 1 0.7014926 1 0.6940299 0 0.6940299 1 0.7089552 1 0.7014926 0 0.7014926 1 0.7164179 1 0.7089552 0 0.7089552 1 0.7238806 1 0.7164179 0 0.7164179 1 0.7313433 1 0.7238806 0 0.7238806 1 0.738806 1 0.7313433 0 0.7313433 1 0.7462686 1 0.738806 0 0.738806 1 0.7537314 1 0.7462686 0 0.7462686 1 0.7611941 1 0.7537314 0 0.7537314 1 0.7686567 1 0.7611941 0 0.7611941 1 0.7761194 1 0.7686567 0 0.7686567 1 0.7835821 1 0.7761194 0 0.7761194 1 0.7910448 1 0.7835821 0 0.7835821 1 0.7985075 1 0.7910448 0 0.7910448 1 0.8059701 1 0.7985075 0 0.7985075 1 0.8134328 1 0.8059701 0 0.8059701 1 0.8208955 1 0.8134328 0 0.8134328 1 0.8283582 1 0.8208955 0 0.8208955 1 0.8358209 1 0.8283582 0 0.8283582 1 0.8432836 1 0.8358209 0 0.8358209 1 0.8507463 1 0.8432836 0 0.8432836 1 0.858209 1 0.8507463 0 0.8507463 1 0.8656716 1 0.858209 0 0.858209 1 0.8731343 1 0.8656716 0 0.8656716 1 0.880597 1 0.8731343 0 0.8731343 1 0.8880597 1 0.880597 0 0.880597 1 0.8955224 1 0.8880597 0 0.8880597 1 0.9029851 1 0.8955224 0 0.8955224 1 0.9104478 1 0.9029851 0 0.9029851 1 0.9179105 1 0.9104478 0 0.9104478 1 0.9253731 1 0.9179105 0 0.9179105 1 0.9328358 1 0.9253731 0 0.9253731 1 0.9402985 1 0.9328358 0 0.9328358 1 0.9477612 1 0.9402985 0 0.9402985 1 0.9552239 1 0.9477612 0 0.9477612 1 0.9626865 1 0.9552239 0 0.9552239 1 0.9701493 1 0.9626865 0 0.9626865 1 0.977612 1 0.9701493 0 0.9701493 1 0.9850746 1 0.977612 0 0.977612 1 0.9925373 1 0.9850746 0 0.9850746 1 1 1 0.9925373 0 0.9925373 1 0.02083331 1 0.02083331 0 0 0 0.04166656 1 0.04166656 0 0.02083331 0 0.0625 1 0.0625 0 0.04166656 0 0.08333331 1 0.08333331 0 0.0625 0 0.1041666 1 0.1041666 0 0.08333331 0 0.125 1 0.125 0 0.1041666 0 0.1458333 1 0.1458333 0 0.125 0 0.1666666 1 0.1666666 0 0.1458333 0 0.1875 1 0.1875 0 0.1666666 0 0.2083333 1 0.2083333 0 0.1875 0 0.2291666 1 0.2291666 0 0.2083333 0 0.25 1 0.25 0 0.2291666 0 0.2708333 1 0.2708333 0 0.25 0 0.2916666 1 0.2916666 0 0.2708333 0 0.3125 1 0.3125 0 0.2916666 0 0.3333333 1 0.3333333 0 0.3125 0 0.3541666 1 0.3541666 0 0.3333333 0 0.375 1 0.375 0 0.3541666 0 0.3958333 1 0.3958333 0 0.375 0 0.4166666 1 0.4166666 0 0.3958333 0 0.4375 1 0.4375 0 0.4166666 0 0.4583333 1 0.4583333 0 0.4375 0 0.4791666 1 0.4791666 0 0.4583333 0 0.5 1 0.5 0 0.4791666 0 0.5208333 1 0.5208333 0 0.5 0 0.5416667 1 0.5416667 0 0.5208333 0 0.5625 1 0.5625 0 0.5416667 0 0.5833333 1 0.5833333 0 0.5625 0 0.6041667 1 0.6041667 0 0.5833333 0 0.625 1 0.625 0 0.6041667 0 0.6458333 1 0.6458333 0 0.625 0 0.6666667 1 0.6666667 0 0.6458333 0 0.6875 1 0.6875 0 0.6666667 0 0.7083333 1 0.7083333 0 0.6875 0 0.7291667 1 0.7291667 0 0.7083333 0 0.75 1 0.75 0 0.7291667 0 0.7708333 1 0.7708333 0 0.75 0 0.7916667 1 0.7916667 0 0.7708333 0 0.8125 1 0.8125 0 0.7916667 0 0.8333333 1 0.8333333 0 0.8125 0 0.8541667 1 0.8541667 0 0.8333333 0 0.8750001 1 0.8750001 0 0.8541667 0 0.8958333 1 0.8958333 0 0.8750001 0 0.9166667 1 0.9166667 0 0.8958333 0 0.9375 1 0.9375 0 0.9166667 0 0.9583333 1 0.9583333 0 0.9375 0 0.9791667 1 0.9791667 0 0.9583333 0 1 1 1 0 0.9791667 0 0.02083331 1 0.02083331 0 0 0 0.04166656 1 0.04166656 0 0.02083331 0 0.0625 1 0.0625 0 0.04166656 0 0.08333331 1 0.08333331 0 0.0625 0 0.1041666 1 0.1041666 0 0.08333331 0 0.125 1 0.125 0 0.1041666 0 0.1458333 1 0.1458333 0 0.125 0 0.1666666 1 0.1666666 0 0.1458333 0 0.1875 1 0.1875 0 0.1666666 0 0.2083333 1 0.2083333 0 0.1875 0 0.2291666 1 0.2291666 0 0.2083333 0 0.25 1 0.25 0 0.2291666 0 0.2708333 1 0.2708333 0 0.25 0 0.2916666 1 0.2916666 0 0.2708333 0 0.3125 1 0.3125 0 0.2916666 0 0.3333333 1 0.3333333 0 0.3125 0 0.3541666 1 0.3541666 0 0.3333333 0 0.375 1 0.375 0 0.3541666 0 0.3958333 1 0.3958333 0 0.375 0 0.4166666 1 0.4166666 0 0.3958333 0 0.4375 1 0.4375 0 0.4166666 0 0.4583333 1 0.4583333 0 0.4375 0 0.4791666 1 0.4791666 0 0.4583333 0 0.5 1 0.5 0 0.4791666 0 0.5208333 1 0.5208333 0 0.5 0 0.5416667 1 0.5416667 0 0.5208333 0 0.5625 1 0.5625 0 0.5416667 0 0.5833333 1 0.5833333 0 0.5625 0 0.6041667 1 0.6041667 0 0.5833333 0 0.625 1 0.625 0 0.6041667 0 0.6458333 1 0.6458333 0 0.625 0 0.6666667 1 0.6666667 0 0.6458333 0 0.6875 1 0.6875 0 0.6666667 0 0.7083333 1 0.7083333 0 0.6875 0 0.7291667 1 0.7291667 0 0.7083333 0 0.75 1 0.75 0 0.7291667 0 0.7708333 1 0.7708333 0 0.75 0 0.7916667 1 0.7916667 0 0.7708333 0 0.8125 1 0.8125 0 0.7916667 0 0.8333333 1 0.8333333 0 0.8125 0 0.8541667 1 0.8541667 0 0.8333333 0 0.8750001 1 0.8750001 0 0.8541667 0 0.8958333 1 0.8958333 0 0.8750001 0 0.9166667 1 0.9166667 0 0.8958333 0 0.9375 1 0.9375 0 0.9166667 0 0.9583333 1 0.9583333 0 0.9375 0 0.9791667 1 0.9791667 0 0.9583333 0 1 1 1 0 0.9791667 0 0.0357142 1 0.0357142 0 0 0 0.07142853 1 0.07142853 0 0.0357142 0 0.1071428 1 0.1071428 0 0.07142853 0 0.1428571 1 0.1428571 0 0.1071428 0 0.1785714 1 0.1785714 0 0.1428571 0 0.2142857 1 0.2142857 0 0.1785714 0 0.25 1 0.25 0 0.2142857 0 0.2857143 1 0.2857143 0 0.25 0 0.3214285 1 0.3214285 0 0.2857143 0 0.3571429 1 0.3571429 0 0.3214285 0 0.3928571 1 0.3928571 0 0.3571429 0 0.4285714 1 0.4285714 0 0.3928571 0 0.4642857 1 0.4642857 0 0.4285714 0 0.5 1 0.5 0 0.4642857 0 0.5357143 1 0.5357143 0 0.5 0 0.5714286 1 0.5714286 0 0.5357143 0 0.6071429 1 0.6071429 0 0.5714286 0 0.6428571 1 0.6428571 0 0.6071429 0 0.6785714 1 0.6785714 0 0.6428571 0 0.7142857 1 0.7142857 0 0.6785714 0 0.75 1 0.75 0 0.7142857 0 0.7857143 1 0.7857143 0 0.75 0 0.8214286 1 0.8214286 0 0.7857143 0 0.8571429 1 0.8571429 0 0.8214286 0 0.8928571 1 0.8928571 0 0.8571429 0 0.9285714 1 0.9285714 0 0.8928571 0 0.9642857 1 0.9642857 0 0.9285714 0 1 1 1 0 0.9642857 0 0.02083331 1 0.02083331 0 0 0 0.04166656 1 0.04166656 0 0.02083331 0 0.0625 1 0.0625 0 0.04166656 0 0.08333331 1 0.08333331 0 0.0625 0 0.1041666 1 0.1041666 0 0.08333331 0 0.125 1 0.125 0 0.1041666 0 0.1458333 1 0.1458333 0 0.125 0 0.1666666 1 0.1666666 0 0.1458333 0 0.1875 1 0.1875 0 0.1666666 0 0.2083333 1 0.2083333 0 0.1875 0 0.2291666 1 0.2291666 0 0.2083333 0 0.25 1 0.25 0 0.2291666 0 0.2708333 1 0.2708333 0 0.25 0 0.2916666 1 0.2916666 0 0.2708333 0 0.3125 1 0.3125 0 0.2916666 0 0.3333333 1 0.3333333 0 0.3125 0 0.3541666 1 0.3541666 0 0.3333333 0 0.375 1 0.375 0 0.3541666 0 0.3958333 1 0.3958333 0 0.375 0 0.4166666 1 0.4166666 0 0.3958333 0 0.4375 1 0.4375 0 0.4166666 0 0.4583333 1 0.4583333 0 0.4375 0 0.4791666 1 0.4791666 0 0.4583333 0 0.5 1 0.5 0 0.4791666 0 0.5208333 1 0.5208333 0 0.5 0 0.5416667 1 0.5416667 0 0.5208333 0 0.5625 1 0.5625 0 0.5416667 0 0.5833333 1 0.5833333 0 0.5625 0 0.6041667 1 0.6041667 0 0.5833333 0 0.625 1 0.625 0 0.6041667 0 0.6458333 1 0.6458333 0 0.625 0 0.6666667 1 0.6666667 0 0.6458333 0 0.6875 1 0.6875 0 0.6666667 0 0.7083333 1 0.7083333 0 0.6875 0 0.7291667 1 0.7291667 0 0.7083333 0 0.75 1 0.75 0 0.7291667 0 0.7708333 1 0.7708333 0 0.75 0 0.7916667 1 0.7916667 0 0.7708333 0 0.8125 1 0.8125 0 0.7916667 0 0.8333333 1 0.8333333 0 0.8125 0 0.8541667 1 0.8541667 0 0.8333333 0 0.8750001 1 0.8750001 0 0.8541667 0 0.8958333 1 0.8958333 0 0.8750001 0 0.9166667 1 0.9166667 0 0.8958333 0 0.9375 1 0.9375 0 0.9166667 0 0.9583333 1 0.9583333 0 0.9375 0 0.9791667 1 0.9791667 0 0.9583333 0 1 1 1 0 0.9791667 0 0.007299244 1 0.007299244 0 0 0 0.01459842 1 0.01459842 0 0.007299244 0 0.02189779 1 0.02189779 0 0.01459842 0 0.02919697 1 0.02919697 0 0.02189779 0 0.03649634 1 0.03649634 0 0.02919697 0 0.04379552 1 0.04379552 0 0.03649634 0 0.05109483 1 0.05109483 0 0.04379552 0 0.05839413 1 0.05839413 0 0.05109483 0 0.06569343 1 0.06569343 0 0.05839413 0 0.07299268 1 0.07299268 0 0.06569343 0 0.08029192 1 0.08029192 0 0.07299268 0 0.08759123 1 0.08759123 0 0.08029192 0 0.09489047 1 0.09489047 0 0.08759123 0 0.1021897 1 0.1021897 0 0.09489047 0 0.109489 1 0.109489 0 0.1021897 0 0.1167883 1 0.1167883 0 0.109489 0 0.1240876 1 0.1240876 0 0.1167883 0 0.1313868 1 0.1313868 0 0.1240876 0 0.1386861 1 0.1386861 0 0.1313868 0 0.1459854 1 0.1459854 0 0.1386861 0 0.1532846 1 0.1532846 0 0.1459854 0 0.1605839 1 0.1605839 0 0.1532846 0 0.1678832 1 0.1678832 0 0.1605839 0 0.1751825 1 0.1751825 0 0.1678832 0 0.1824817 1 0.1824817 0 0.1751825 0 0.189781 1 0.189781 0 0.1824817 0 0.1970803 1 0.1970803 0 0.189781 0 0.2043794 1 0.2043794 0 0.1970803 0 0.2116788 1 0.2116788 0 0.2043794 0 0.2189781 1 0.2189781 0 0.2116788 0 0.2262774 1 0.2262774 0 0.2189781 0 0.2335765 1 0.2335765 0 0.2262774 0 0.2408758 1 0.2408758 0 0.2335765 0 0.2481752 1 0.2481752 0 0.2408758 0 0.2554745 1 0.2554745 0 0.2481752 0 0.2627737 1 0.2627737 0 0.2554745 0 0.270073 1 0.270073 0 0.2627737 0 0.2773723 1 0.2773723 0 0.270073 0 0.2846716 1 0.2846716 0 0.2773723 0 0.2919708 1 0.2919708 0 0.2846716 0 0.29927 1 0.29927 0 0.2919708 0 0.3065693 1 0.3065693 0 0.29927 0 0.3138686 1 0.3138686 0 0.3065693 0 0.3211679 1 0.3211679 0 0.3138686 0 0.3284671 1 0.3284671 0 0.3211679 0 0.3357664 1 0.3357664 0 0.3284671 0 0.3430657 1 0.3430657 0 0.3357664 0 0.3503649 1 0.3503649 0 0.3430657 0 0.3576642 1 0.3576642 0 0.3503649 0 0.3649635 1 0.3649635 0 0.3576642 0 0.3722628 1 0.3722628 0 0.3649635 0 0.379562 1 0.379562 0 0.3722628 0 0.3868613 1 0.3868613 0 0.379562 0 0.3941606 1 0.3941606 0 0.3868613 0 0.4014598 1 0.4014598 0 0.3941606 0 0.4087591 1 0.4087591 0 0.4014598 0 0.4160584 1 0.4160584 0 0.4087591 0 0.4233577 1 0.4233577 0 0.4160584 0 0.4306569 1 0.4306569 0 0.4233577 0 0.4379562 1 0.4379562 0 0.4306569 0 0.4452555 1 0.4452555 0 0.4379562 0 0.4525547 1 0.4525547 0 0.4452555 0 0.459854 1 0.459854 0 0.4525547 0 0.4671533 1 0.4671533 0 0.459854 0 0.4744526 1 0.4744526 0 0.4671533 0 0.4817518 1 0.4817518 0 0.4744526 0 0.4890511 1 0.4890511 0 0.4817518 0 0.4963504 1 0.4963504 0 0.4890511 0 0.5036497 1 0.5036497 0 0.4963504 0 0.5109489 1 0.5109489 0 0.5036497 0 0.5182482 1 0.5182482 0 0.5109489 0 0.5255475 1 0.5255475 0 0.5182482 0 0.5328467 1 0.5328467 0 0.5255475 0 0.540146 1 0.540146 0 0.5328467 0 0.5474452 1 0.5474452 0 0.540146 0 0.5547446 1 0.5547446 0 0.5474452 0 0.5620438 1 0.5620438 0 0.5547446 0 0.5693431 1 0.5693431 0 0.5620438 0 0.5766423 1 0.5766423 0 0.5693431 0 0.5839416 1 0.5839416 0 0.5766423 0 0.5912409 1 0.5912409 0 0.5839416 0 0.5985401 1 0.5985401 0 0.5912409 0 0.6058394 1 0.6058394 0 0.5985401 0 0.6131387 1 0.6131387 0 0.6058394 0 0.620438 1 0.620438 0 0.6131387 0 0.6277372 1 0.6277372 0 0.620438 0 0.6350365 1 0.6350365 0 0.6277372 0 0.6423358 1 0.6423358 0 0.6350365 0 0.649635 1 0.649635 0 0.6423358 0 0.6569343 1 0.6569343 0 0.649635 0 0.6642336 1 0.6642336 0 0.6569343 0 0.6715329 1 0.6715329 0 0.6642336 0 0.6788321 1 0.6788321 0 0.6715329 0 0.6861314 1 0.6861314 0 0.6788321 0 0.6934307 1 0.6934307 0 0.6861314 0 0.7007299 1 0.7007299 0 0.6934307 0 0.7080292 1 0.7080292 0 0.7007299 0 0.7153285 1 0.7153285 0 0.7080292 0 0.7226278 1 0.7226278 0 0.7153285 0 0.729927 1 0.729927 0 0.7226278 0 0.7372263 1 0.7372263 0 0.729927 0 0.7445256 1 0.7445256 0 0.7372263 0 0.7518248 1 0.7518248 0 0.7445256 0 0.7591241 1 0.7591241 0 0.7518248 0 0.7664234 1 0.7664234 0 0.7591241 0 0.7737227 1 0.7737227 0 0.7664234 0 0.7810219 1 0.7810219 0 0.7737227 0 0.7883212 1 0.7883212 0 0.7810219 0 0.7956205 1 0.7956205 0 0.7883212 0 0.8029197 1 0.8029197 0 0.7956205 0 0.810219 1 0.810219 0 0.8029197 0 0.8175182 1 0.8175182 0 0.810219 0 0.8248175 1 0.8248175 0 0.8175182 0 0.8321168 1 0.8321168 0 0.8248175 0 0.8394161 1 0.8394161 0 0.8321168 0 0.8467153 1 0.8467153 0 0.8394161 0 0.8540146 1 0.8540146 0 0.8467153 0 0.8613139 1 0.8613139 0 0.8540146 0 0.8686131 1 0.8686131 0 0.8613139 0 0.8759124 1 0.8759124 0 0.8686131 0 0.8832117 1 0.8832117 0 0.8759124 0 0.890511 1 0.890511 0 0.8832117 0 0.8978102 1 0.8978102 0 0.890511 0 0.9051095 1 0.9051095 0 0.8978102 0 0.9124088 1 0.9124088 0 0.9051095 0 0.919708 1 0.919708 0 0.9124088 0 0.9270073 1 0.9270073 0 0.919708 0 0.9343066 1 0.9343066 0 0.9270073 0 0.9416059 1 0.9416059 0 0.9343066 0 0.9489051 1 0.9489051 0 0.9416059 0 0.9562044 1 0.9562044 0 0.9489051 0 0.9635037 1 0.9635037 0 0.9562044 0 0.9708029 1 0.9708029 0 0.9635037 0 0.9781022 1 0.9781022 0 0.9708029 0 0.9854015 1 0.9854015 0 0.9781022 0 0.9927008 1 0.9927008 0 0.9854015 0 1 1 1 0 0.9927008 0 0.02702701 1 0.02702701 0 0 0 0.05405402 1 0.05405402 0 0.02702701 0 0.08108103 1 0.08108103 0 0.05405402 0 0.1081081 1 0.1081081 0 0.08108103 0 0.1351351 1 0.1351351 0 0.1081081 0 0.1621621 1 0.1621621 0 0.1351351 0 0.1891891 1 0.1891891 0 0.1621621 0 0.2162162 1 0.2162162 0 0.1891891 0 0.2432432 1 0.2432432 0 0.2162162 0 0.2702702 1 0.2702702 0 0.2432432 0 0.2972973 1 0.2972973 0 0.2702702 0 0.3243243 1 0.3243243 0 0.2972973 0 0.3513513 1 0.3513513 0 0.3243243 0 0.3783784 1 0.3783784 0 0.3513513 0 0.4054054 1 0.4054054 0 0.3783784 0 0.4324324 1 0.4324324 0 0.4054054 0 0.4594594 1 0.4594594 0 0.4324324 0 0.4864865 1 0.4864865 0 0.4594594 0 0.5135135 1 0.5135135 0 0.4864865 0 0.5405405 1 0.5405405 0 0.5135135 0 0.5675676 1 0.5675676 0 0.5405405 0 0.5945946 1 0.5945946 0 0.5675676 0 0.6216216 1 0.6216216 0 0.5945946 0 0.6486486 1 0.6486486 0 0.6216216 0 0.6756757 1 0.6756757 0 0.6486486 0 0.7027027 1 0.7027027 0 0.6756757 0 0.7297297 1 0.7297297 0 0.7027027 0 0.7567568 1 0.7567568 0 0.7297297 0 0.7837838 1 0.7837838 0 0.7567568 0 0.8108108 1 0.8108108 0 0.7837838 0 0.8378378 1 0.8378378 0 0.8108108 0 0.8648649 1 0.8648649 0 0.8378378 0 0.8918919 1 0.8918919 0 0.8648649 0 0.9189189 1 0.9189189 0 0.8918919 0 0.9459459 1 0.9459459 0 0.9189189 0 0.972973 1 0.972973 0 0.9459459 0 1 1 1 0 0.972973 0 0.00746268 1 0.00746268 0 0 0 0.01492536 1 0.01492536 0 0.00746268 0 0.02238804 1 0.02238804 0 0.01492536 0 0.02985072 1 0.02985072 0 0.02238804 0 0.0373134 1 0.0373134 0 0.02985072 0 0.04477608 1 0.04477608 0 0.0373134 0 0.05223876 1 0.05223876 0 0.04477608 0 0.05970144 1 0.05970144 0 0.05223876 0 0.06716418 1 0.06716418 0 0.05970144 0 0.07462686 1 0.07462686 0 0.06716418 0 0.08208954 1 0.08208954 0 0.07462686 0 0.08955222 1 0.08955222 0 0.08208954 0 0.0970149 1 0.0970149 0 0.08955222 0 0.1044776 1 0.1044776 0 0.0970149 0 0.1119403 1 0.1119403 0 0.1044776 0 0.119403 1 0.119403 0 0.1119403 0 0.1268656 1 0.1268656 0 0.119403 0 0.1343283 1 0.1343283 0 0.1268656 0 0.141791 1 0.141791 0 0.1343283 0 0.1492537 1 0.1492537 0 0.141791 0 0.1567164 1 0.1567164 0 0.1492537 0 0.1641791 1 0.1641791 0 0.1567164 0 0.1716418 1 0.1716418 0 0.1641791 0 0.1791045 1 0.1791045 0 0.1716418 0 0.1865671 1 0.1865671 0 0.1791045 0 0.1940298 1 0.1940298 0 0.1865671 0 0.2014925 1 0.2014925 0 0.1940298 0 0.2089552 1 0.2089552 0 0.2014925 0 0.2164179 1 0.2164179 0 0.2089552 0 0.2238806 1 0.2238806 0 0.2164179 0 0.2313433 1 0.2313433 0 0.2238806 0 0.238806 1 0.238806 0 0.2313433 0 0.2462686 1 0.2462686 0 0.238806 0 0.2537313 1 0.2537313 0 0.2462686 0 0.261194 1 0.261194 0 0.2537313 0 0.2686567 1 0.2686567 0 0.261194 0 0.2761194 1 0.2761194 0 0.2686567 0 0.2835821 1 0.2835821 0 0.2761194 0 0.2910448 1 0.2910448 0 0.2835821 0 0.2985075 1 0.2985075 0 0.2910448 0 0.3059701 1 0.3059701 0 0.2985075 0 0.3134328 1 0.3134328 0 0.3059701 0 0.3208955 1 0.3208955 0 0.3134328 0 0.3283582 1 0.3283582 0 0.3208955 0 0.3358209 1 0.3358209 0 0.3283582 0 0.3432836 1 0.3432836 0 0.3358209 0 0.3507463 1 0.3507463 0 0.3432836 0 0.358209 1 0.358209 0 0.3507463 0 0.3656716 1 0.3656716 0 0.358209 0 0.3731343 1 0.3731343 0 0.3656716 0 0.380597 1 0.380597 0 0.3731343 0 0.3880597 1 0.3880597 0 0.380597 0 0.3955224 1 0.3955224 0 0.3880597 0 0.402985 1 0.402985 0 0.3955224 0 0.4104477 1 0.4104477 0 0.402985 0 0.4179105 1 0.4179105 0 0.4104477 0 0.4253731 1 0.4253731 0 0.4179105 0 0.4328358 1 0.4328358 0 0.4253731 0 0.4402985 1 0.4402985 0 0.4328358 0 0.4477612 1 0.4477612 0 0.4402985 0 0.4552239 1 0.4552239 0 0.4477612 0 0.4626865 1 0.4626865 0 0.4552239 0 0.4701492 1 0.4701492 0 0.4626865 0 0.4776119 1 0.4776119 0 0.4701492 0 0.4850746 1 0.4850746 0 0.4776119 0 0.4925373 1 0.4925373 0 0.4850746 0 0.5 1 0.5 0 0.4925373 0 0.5074627 1 0.5074627 0 0.5 0 0.5149254 1 0.5149254 0 0.5074627 0 0.5223881 1 0.5223881 0 0.5149254 0 0.5298507 1 0.5298507 0 0.5223881 0 0.5373135 1 0.5373135 0 0.5298507 0 0.5447762 1 0.5447762 0 0.5373135 0 0.5522388 1 0.5522388 0 0.5447762 0 0.5597015 1 0.5597015 0 0.5522388 0 0.5671642 1 0.5671642 0 0.5597015 0 0.5746269 1 0.5746269 0 0.5671642 0 0.5820896 1 0.5820896 0 0.5746269 0 0.5895522 1 0.5895522 0 0.5820896 0 0.5970149 1 0.5970149 0 0.5895522 0 0.6044776 1 0.6044776 0 0.5970149 0 0.6119403 1 0.6119403 0 0.6044776 0 0.619403 1 0.619403 0 0.6119403 0 0.6268657 1 0.6268657 0 0.619403 0 0.6343284 1 0.6343284 0 0.6268657 0 0.6417911 1 0.6417911 0 0.6343284 0 0.6492537 1 0.6492537 0 0.6417911 0 0.6567164 1 0.6567164 0 0.6492537 0 0.6641791 1 0.6641791 0 0.6567164 0 0.6716418 1 0.6716418 0 0.6641791 0 0.6791045 1 0.6791045 0 0.6716418 0 0.6865672 1 0.6865672 0 0.6791045 0 0.6940299 1 0.6940299 0 0.6865672 0 0.7014926 1 0.7014926 0 0.6940299 0 0.7089552 1 0.7089552 0 0.7014926 0 0.7164179 1 0.7164179 0 0.7089552 0 0.7238806 1 0.7238806 0 0.7164179 0 0.7313433 1 0.7313433 0 0.7238806 0 0.738806 1 0.738806 0 0.7313433 0 0.7462686 1 0.7462686 0 0.738806 0 0.7537314 1 0.7537314 0 0.7462686 0 0.7611941 1 0.7611941 0 0.7537314 0 0.7686567 1 0.7686567 0 0.7611941 0 0.7761194 1 0.7761194 0 0.7686567 0 0.7835821 1 0.7835821 0 0.7761194 0 0.7910448 1 0.7910448 0 0.7835821 0 0.7985075 1 0.7985075 0 0.7910448 0 0.8059701 1 0.8059701 0 0.7985075 0 0.8134328 1 0.8134328 0 0.8059701 0 0.8208955 1 0.8208955 0 0.8134328 0 0.8283582 1 0.8283582 0 0.8208955 0 0.8358209 1 0.8358209 0 0.8283582 0 0.8432836 1 0.8432836 0 0.8358209 0 0.8507463 1 0.8507463 0 0.8432836 0 0.858209 1 0.858209 0 0.8507463 0 0.8656716 1 0.8656716 0 0.858209 0 0.8731343 1 0.8731343 0 0.8656716 0 0.880597 1 0.880597 0 0.8731343 0 0.8880597 1 0.8880597 0 0.880597 0 0.8955224 1 0.8955224 0 0.8880597 0 0.9029851 1 0.9029851 0 0.8955224 0 0.9104478 1 0.9104478 0 0.9029851 0 0.9179105 1 0.9179105 0 0.9104478 0 0.9253731 1 0.9253731 0 0.9179105 0 0.9328358 1 0.9328358 0 0.9253731 0 0.9402985 1 0.9402985 0 0.9328358 0 0.9477612 1 0.9477612 0 0.9402985 0 0.9552239 1 0.9552239 0 0.9477612 0 0.9626865 1 0.9626865 0 0.9552239 0 0.9701493 1 0.9701493 0 0.9626865 0 0.977612 1 0.977612 0 0.9701493 0 0.9850746 1 0.9850746 0 0.977612 0 0.9925373 1 0.9925373 0 0.9850746 0 1 1 1 0 0.9925373 0</float_array>
          <technique_common>
            <accessor source="#Text_002-mesh-map-0-array" count="5724" stride="2">
              <param name="S" type="float"/>
              <param name="T" type="float"/>
            </accessor>
          </technique_common>
        </source>
        <vertices id="Text_002-mesh-vertices">
          <input semantic="POSITION" source="#Text_002-mesh-positions"/>
        </vertices>
        <triangles material="TextMat-material" count="1908">
          <input semantic="VERTEX" source="#Text_002-mesh-vertices" offset="0"/>
          <input semantic="NORMAL" source="#Text_002-mesh-normals" offset="1"/>
          <input semantic="TEXCOORD" source="#Text_002-mesh-map-0" offset="2" set="0"/>
          <p>119 0 0 121 0 1 120 0 2 119 1 3 122 1 4 121 1 5 118 2 6 122 2 7 119 2 8 118 3 9 123 3 10 122 3 11 118 3 12 124 3 13 123 3 14 117 4 15 124 4 16 118 4 17 117 3 18 125 3 19 124 3 20 117 5 21 126 5 22 125 5 23 116 6 24 126 6 25 117 6 26 116 3 27 127 3 28 126 3 29 116 3 30 128 3 31 127 3 32 115 3 33 128 3 34 116 3 35 115 3 36 129 3 37 128 3 38 115 3 39 130 3 40 129 3 41 114 7 42 130 7 43 115 7 44 114 3 45 131 3 46 130 3 47 114 3 48 132 3 49 131 3 50 113 3 51 132 3 52 114 3 53 113 8 54 7 8 55 132 8 56 7 3 57 6 3 58 132 3 59 6 9 60 5 9 61 132 9 62 5 10 63 4 10 64 132 10 65 4 11 66 3 11 67 132 11 68 3 3 69 2 3 70 132 3 71 2 3 72 1 3 73 132 3 74 1 12 75 0 12 76 132 12 77 0 13 78 133 13 79 132 13 80 112 14 81 9 14 82 113 14 83 9 15 84 8 15 85 113 15 86 8 16 87 7 16 88 113 16 89 111 17 90 10 17 91 112 17 92 10 18 93 9 18 94 112 18 95 110 3 96 12 3 97 111 3 98 12 3 99 11 3 100 111 3 101 11 3 102 10 3 103 111 3 104 110 19 105 13 19 106 12 19 107 110 20 108 14 20 109 13 20 110 110 21 111 15 21 112 14 21 113 110 3 114 16 3 115 15 3 116 110 22 117 17 22 118 16 22 119 109 23 120 17 23 121 110 23 122 109 24 123 18 24 124 17 24 125 109 3 126 19 3 127 18 3 128 109 3 129 20 3 130 19 3 131 109 25 132 21 25 133 20 25 134 108 26 135 21 26 136 109 26 137 108 27 138 22 27 139 21 27 140 108 3 141 23 3 142 22 3 143 108 3 144 24 3 145 23 3 146 107 28 147 24 28 148 108 28 149 107 29 150 25 29 151 24 29 152 107 30 153 26 30 154 25 30 155 107 3 156 27 3 157 26 3 158 107 3 159 28 3 160 27 3 161 107 3 162 29 3 163 28 3 164 106 3 165 29 3 166 107 3 167 106 31 168 30 31 169 29 31 170 106 32 171 31 32 172 30 32 173 106 3 174 32 3 175 31 3 176 105 33 177 32 33 178 106 33 179 105 34 180 33 34 181 32 34 182 105 3 183 34 3 184 33 3 185 105 3 186 35 3 187 34 3 188 104 3 189 35 3 190 105 3 191 104 3 192 36 3 193 35 3 194 103 35 195 36 35 196 104 35 197 103 36 198 37 36 199 36 36 200 103 3 201 38 3 202 37 3 203 102 37 204 38 37 205 103 37 206 102 38 207 39 38 208 38 38 209 101 39 210 39 39 211 102 39 212 101 40 213 40 40 214 39 40 215 101 3 216 41 3 217 40 3 218 100 41 219 41 41 220 101 41 221 100 3 222 42 3 223 41 3 224 99 42 225 42 42 226 100 42 227 99 3 228 43 3 229 42 3 230 99 43 231 44 43 232 43 43 233 98 3 234 44 3 235 99 3 236 98 3 237 45 3 238 44 3 239 97 44 240 45 44 241 98 44 242 97 3 243 46 3 244 45 3 245 96 45 246 46 45 247 97 45 248 96 3 249 47 3 250 46 3 251 71 46 252 73 46 253 72 46 254 96 47 255 48 47 256 47 47 257 95 3 258 48 3 259 96 3 260 71 48 261 74 48 262 73 48 263 94 3 264 48 3 265 95 3 266 71 49 267 75 49 268 74 49 269 93 50 270 48 50 271 94 50 272 93 51 273 49 51 274 48 51 275 71 52 276 76 52 277 75 52 278 92 53 279 49 53 280 93 53 281 71 54 282 77 54 283 76 54 284 91 55 285 49 55 286 92 55 287 71 56 288 78 56 289 77 56 290 90 3 291 49 3 292 91 3 293 90 3 294 50 3 295 49 3 296 71 57 297 79 57 298 78 57 299 89 3 300 50 3 301 90 3 302 88 3 303 50 3 304 89 3 305 71 58 306 80 58 307 79 58 308 87 3 309 50 3 310 88 3 311 71 59 312 81 59 313 80 59 314 86 3 315 50 3 316 87 3 317 71 3 318 82 3 319 81 3 320 85 60 321 50 60 322 86 60 323 71 61 324 83 61 325 82 61 326 84 3 327 50 3 328 85 3 329 71 62 330 84 62 331 83 62 332 84 3 333 51 3 334 50 3 335 71 63 336 51 63 337 84 63 338 71 3 339 52 3 340 51 3 341 71 64 342 53 64 343 52 64 344 70 3 345 53 3 346 71 3 347 70 3 348 54 3 349 53 3 350 69 3 351 54 3 352 70 3 353 68 3 354 54 3 355 69 3 356 68 3 357 55 3 358 54 3 359 67 3 360 55 3 361 68 3 362 66 65 363 55 65 364 67 65 365 66 3 366 56 3 367 55 3 368 65 3 369 56 3 370 66 3 371 65 3 372 57 3 373 56 3 374 64 3 375 57 3 376 65 3 377 63 3 378 57 3 379 64 3 380 63 3 381 58 3 382 57 3 383 62 3 384 58 3 385 63 3 386 61 66 387 58 66 388 62 66 389 61 3 390 59 3 391 58 3 392 60 3 393 59 3 394 61 3 395 231 67 396 233 67 397 232 67 398 230 3 399 233 3 400 231 3 401 230 3 402 234 3 403 233 3 404 229 3 405 234 3 406 230 3 407 228 68 408 234 68 409 229 68 410 228 3 411 235 3 412 234 3 413 227 3 414 235 3 415 228 3 416 227 3 417 236 3 418 235 3 419 226 3 420 236 3 421 227 3 422 225 69 423 236 69 424 226 69 425 225 3 426 237 3 427 236 3 428 224 3 429 237 3 430 225 3 431 224 3 432 238 3 433 237 3 434 223 3 435 238 3 436 224 3 437 222 3 438 238 3 439 223 3 440 222 3 441 239 3 442 238 3 443 221 3 444 239 3 445 222 3 446 221 3 447 240 3 448 239 3 449 220 3 450 240 3 451 221 3 452 219 3 453 218 3 454 220 3 455 218 3 456 217 3 457 220 3 458 217 3 459 216 3 460 220 3 461 216 70 462 215 70 463 220 70 464 215 71 465 214 71 466 220 71 467 214 3 468 213 3 469 220 3 470 213 3 471 212 3 472 220 3 473 212 3 474 211 3 475 220 3 476 211 3 477 210 3 478 220 3 479 210 3 480 209 3 481 220 3 482 209 72 483 240 72 484 220 72 485 209 3 486 208 3 487 240 3 488 208 3 489 207 3 490 240 3 491 207 3 492 241 3 493 240 3 494 207 3 495 206 3 496 241 3 497 206 3 498 242 3 499 241 3 500 205 73 501 242 73 502 206 73 503 204 3 504 242 3 505 205 3 506 203 3 507 242 3 508 204 3 509 202 3 510 242 3 511 203 3 512 201 74 513 242 74 514 202 74 515 201 3 516 243 3 517 242 3 518 200 75 519 243 75 520 201 75 521 199 3 522 243 3 523 200 3 524 198 3 525 243 3 526 199 3 527 198 3 528 244 3 529 243 3 530 197 3 531 244 3 532 198 3 533 196 76 534 244 76 535 197 76 536 196 3 537 245 3 538 244 3 539 195 3 540 245 3 541 196 3 542 194 3 543 245 3 544 195 3 545 193 3 546 307 3 547 194 3 548 307 3 549 245 3 550 194 3 551 192 3 552 307 3 553 193 3 554 191 77 555 307 77 556 192 77 557 190 3 558 307 3 559 191 3 560 189 78 561 307 78 562 190 78 563 189 79 564 271 79 565 307 79 566 306 3 567 245 3 568 307 3 569 189 3 570 272 3 571 271 3 572 188 3 573 272 3 574 189 3 575 188 3 576 273 3 577 272 3 578 187 80 579 273 80 580 188 80 581 187 81 582 274 81 583 273 81 584 186 82 585 274 82 586 187 82 587 186 3 588 275 3 589 274 3 590 186 3 591 276 3 592 275 3 593 185 3 594 276 3 595 186 3 596 185 3 597 277 3 598 276 3 599 184 83 600 277 83 601 185 83 602 184 84 603 278 84 604 277 84 605 184 85 606 279 85 607 278 85 608 183 86 609 279 86 610 184 86 611 183 3 612 280 3 613 279 3 614 183 87 615 281 87 616 280 87 617 182 3 618 281 3 619 183 3 620 182 3 621 282 3 622 281 3 623 181 88 624 282 88 625 182 88 626 181 89 627 283 89 628 282 89 629 181 90 630 284 90 631 283 90 632 180 91 633 284 91 634 181 91 635 180 92 636 285 92 637 284 92 638 180 3 639 286 3 640 285 3 641 305 93 642 245 93 643 306 93 644 179 94 645 286 94 646 180 94 647 304 3 648 245 3 649 305 3 650 179 3 651 287 3 652 286 3 653 303 95 654 245 95 655 304 95 656 268 3 657 270 3 658 269 3 659 303 3 660 246 3 661 245 3 662 179 3 663 288 3 664 287 3 665 267 3 666 270 3 667 268 3 668 302 3 669 246 3 670 303 3 671 302 3 672 247 3 673 246 3 674 266 3 675 270 3 676 267 3 677 178 96 678 288 96 679 179 96 680 178 3 681 289 3 682 288 3 683 302 3 684 248 3 685 247 3 686 301 97 687 248 97 688 302 97 689 265 3 690 270 3 691 266 3 692 301 3 693 249 3 694 248 3 695 300 3 696 249 3 697 301 3 698 264 3 699 270 3 700 265 3 701 178 98 702 290 98 703 289 98 704 300 3 705 250 3 706 249 3 707 263 3 708 270 3 709 264 3 710 299 3 711 250 3 712 300 3 713 299 3 714 251 3 715 250 3 716 262 3 717 270 3 718 263 3 719 178 3 720 291 3 721 290 3 722 299 99 723 252 99 724 251 99 725 298 3 726 252 3 727 299 3 728 261 3 729 270 3 730 262 3 731 298 3 732 253 3 733 252 3 734 177 100 735 291 100 736 178 100 737 260 3 738 270 3 739 261 3 740 177 101 741 292 101 742 291 101 743 297 102 744 253 102 745 298 102 746 297 103 747 254 103 748 253 103 749 259 3 750 270 3 751 260 3 752 297 3 753 255 3 754 254 3 755 258 3 756 270 3 757 259 3 758 296 104 759 255 104 760 297 104 761 296 105 762 256 105 763 255 105 764 257 106 765 270 106 766 258 106 767 296 107 768 257 107 769 256 107 770 177 108 771 293 108 772 292 108 773 296 3 774 270 3 775 257 3 776 295 3 777 270 3 778 296 3 779 177 109 780 294 109 781 293 109 782 294 3 783 270 3 784 295 3 785 177 110 786 157 110 787 294 110 788 157 3 789 270 3 790 294 3 791 176 3 792 157 3 793 177 3 794 176 3 795 158 3 796 157 3 797 156 111 798 270 111 799 157 111 800 175 3 801 158 3 802 176 3 803 175 3 804 159 3 805 158 3 806 155 3 807 270 3 808 156 3 809 155 3 810 134 3 811 270 3 812 174 112 813 159 112 814 175 112 815 174 3 816 160 3 817 159 3 818 154 113 819 134 113 820 155 113 821 154 114 822 135 114 823 134 114 824 174 115 825 161 115 826 160 115 827 153 3 828 135 3 829 154 3 830 173 116 831 161 116 832 174 116 833 153 3 834 136 3 835 135 3 836 173 3 837 162 3 838 161 3 839 152 3 840 136 3 841 153 3 842 152 3 843 137 3 844 136 3 845 172 117 846 162 117 847 173 117 848 172 3 849 163 3 850 162 3 851 151 118 852 137 118 853 152 118 854 151 3 855 138 3 856 137 3 857 172 3 858 164 3 859 163 3 860 150 119 861 138 119 862 151 119 863 150 3 864 139 3 865 138 3 866 171 120 867 164 120 868 172 120 869 171 3 870 165 3 871 164 3 872 149 121 873 139 121 874 150 121 875 149 122 876 140 122 877 139 122 878 171 3 879 166 3 880 165 3 881 149 3 882 141 3 883 140 3 884 148 3 885 141 3 886 149 3 887 170 3 888 166 3 889 171 3 890 148 123 891 142 123 892 141 123 893 170 3 894 167 3 895 166 3 896 147 124 897 142 124 898 148 124 899 147 3 900 143 3 901 142 3 902 170 3 903 168 3 904 167 3 905 146 125 906 143 125 907 147 125 908 169 3 909 168 3 910 170 3 911 146 126 912 144 126 913 143 126 914 145 127 915 144 127 916 146 127 917 380 3 918 382 3 919 381 3 920 380 3 921 383 3 922 382 3 923 380 3 924 356 3 925 383 3 926 379 3 927 356 3 928 380 3 929 378 3 930 356 3 931 379 3 932 378 3 933 357 3 934 356 3 935 377 3 936 357 3 937 378 3 938 376 3 939 357 3 940 377 3 941 376 3 942 358 3 943 357 3 944 375 128 945 358 128 946 376 128 947 374 129 948 358 129 949 375 129 950 374 3 951 359 3 952 358 3 953 373 3 954 359 3 955 374 3 956 372 130 957 359 130 958 373 130 959 372 3 960 360 3 961 359 3 962 371 3 963 360 3 964 372 3 965 370 131 966 360 131 967 371 131 968 370 3 969 361 3 970 360 3 971 369 3 972 361 3 973 370 3 974 368 3 975 361 3 976 369 3 977 367 132 978 361 132 979 368 132 980 367 133 981 362 133 982 361 133 983 367 134 984 363 134 985 362 134 986 367 3 987 364 3 988 363 3 989 367 135 990 365 135 991 364 135 992 367 3 993 366 3 994 365 3 995 330 3 996 332 3 997 331 3 998 329 136 999 332 136 1000 330 136 1001 329 3 1002 333 3 1003 332 3 1004 328 3 1005 333 3 1006 329 3 1007 328 3 1008 334 3 1009 333 3 1010 327 3 1011 334 3 1012 328 3 1013 327 3 1014 335 3 1015 334 3 1016 326 3 1017 335 3 1018 327 3 1019 326 3 1020 336 3 1021 335 3 1022 325 137 1023 336 137 1024 326 137 1025 325 3 1026 337 3 1027 336 3 1028 324 3 1029 337 3 1030 325 3 1031 324 3 1032 338 3 1033 337 3 1034 323 3 1035 338 3 1036 324 3 1037 323 3 1038 339 3 1039 338 3 1040 322 3 1041 339 3 1042 323 3 1043 322 3 1044 340 3 1045 339 3 1046 321 3 1047 340 3 1048 322 3 1049 321 3 1050 341 3 1051 340 3 1052 320 3 1053 341 3 1054 321 3 1055 320 3 1056 342 3 1057 341 3 1058 319 3 1059 342 3 1060 320 3 1061 319 3 1062 343 3 1063 342 3 1064 318 3 1065 343 3 1066 319 3 1067 318 3 1068 344 3 1069 343 3 1070 317 3 1071 344 3 1072 318 3 1073 317 3 1074 345 3 1075 344 3 1076 316 3 1077 345 3 1078 317 3 1079 316 3 1080 346 3 1081 345 3 1082 315 3 1083 346 3 1084 316 3 1085 315 3 1086 347 3 1087 346 3 1088 314 3 1089 347 3 1090 315 3 1091 314 3 1092 348 3 1093 347 3 1094 313 3 1095 348 3 1096 314 3 1097 313 3 1098 349 3 1099 348 3 1100 312 3 1101 349 3 1102 313 3 1103 312 3 1104 350 3 1105 349 3 1106 311 3 1107 350 3 1108 312 3 1109 311 3 1110 351 3 1111 350 3 1112 310 3 1113 351 3 1114 311 3 1115 310 3 1116 352 3 1117 351 3 1118 309 3 1119 352 3 1120 310 3 1121 309 3 1122 353 3 1123 352 3 1124 308 3 1125 353 3 1126 309 3 1127 308 3 1128 354 3 1129 353 3 1130 355 3 1131 354 3 1132 308 3 1133 418 3 1134 420 3 1135 419 3 1136 418 138 1137 421 138 1138 420 138 1139 417 3 1140 421 3 1141 418 3 1142 417 3 1143 422 3 1144 421 3 1145 416 3 1146 422 3 1147 417 3 1148 416 3 1149 423 3 1150 422 3 1151 415 3 1152 423 3 1153 416 3 1154 415 3 1155 424 3 1156 423 3 1157 414 139 1158 424 139 1159 415 139 1160 414 3 1161 425 3 1162 424 3 1163 413 3 1164 425 3 1165 414 3 1166 413 3 1167 426 3 1168 425 3 1169 412 3 1170 467 3 1171 413 3 1172 467 3 1173 426 3 1174 413 3 1175 412 140 1176 468 140 1177 467 140 1178 466 3 1179 426 3 1180 467 3 1181 412 3 1182 469 3 1183 468 3 1184 465 141 1185 426 141 1186 466 141 1187 412 3 1188 470 3 1189 469 3 1190 464 142 1191 426 142 1192 465 142 1193 464 3 1194 427 3 1195 426 3 1196 411 143 1197 470 143 1198 412 143 1199 411 3 1200 471 3 1201 470 3 1202 463 144 1203 427 144 1204 464 144 1205 411 3 1206 472 3 1207 471 3 1208 462 145 1209 427 145 1210 463 145 1211 411 146 1212 473 146 1213 472 146 1214 461 147 1215 427 147 1216 462 147 1217 461 3 1218 428 3 1219 427 3 1220 410 148 1221 473 148 1222 411 148 1223 410 3 1224 474 3 1225 473 3 1226 460 3 1227 428 3 1228 461 3 1229 410 3 1230 475 3 1231 474 3 1232 459 149 1233 428 149 1234 460 149 1235 459 3 1236 429 3 1237 428 3 1238 409 3 1239 475 3 1240 410 3 1241 409 3 1242 476 3 1243 475 3 1244 458 3 1245 429 3 1246 459 3 1247 458 3 1248 430 3 1249 429 3 1250 408 150 1251 476 150 1252 409 150 1253 408 151 1254 477 151 1255 476 151 1256 457 152 1257 430 152 1258 458 152 1259 408 153 1260 478 153 1261 477 153 1262 456 3 1263 430 3 1264 457 3 1265 456 3 1266 431 3 1267 430 3 1268 407 154 1269 478 154 1270 408 154 1271 407 3 1272 479 3 1273 478 3 1274 455 155 1275 431 155 1276 456 155 1277 406 3 1278 479 3 1279 407 3 1280 406 3 1281 432 3 1282 479 3 1283 455 3 1284 384 3 1285 431 3 1286 454 3 1287 384 3 1288 455 3 1289 406 3 1290 433 3 1291 432 3 1292 453 156 1293 384 156 1294 454 156 1295 405 157 1296 433 157 1297 406 157 1298 453 3 1299 385 3 1300 384 3 1301 405 3 1302 434 3 1303 433 3 1304 452 3 1305 385 3 1306 453 3 1307 405 3 1308 435 3 1309 434 3 1310 404 158 1311 435 158 1312 405 158 1313 451 159 1314 385 159 1315 452 159 1316 451 3 1317 386 3 1318 385 3 1319 404 160 1320 436 160 1321 435 160 1322 450 3 1323 386 3 1324 451 3 1325 403 161 1326 436 161 1327 404 161 1328 450 3 1329 387 3 1330 386 3 1331 403 3 1332 437 3 1333 436 3 1334 449 162 1335 387 162 1336 450 162 1337 403 3 1338 438 3 1339 437 3 1340 448 3 1341 387 3 1342 449 3 1343 402 163 1344 438 163 1345 403 163 1346 448 3 1347 388 3 1348 387 3 1349 402 3 1350 439 3 1351 438 3 1352 447 3 1353 388 3 1354 448 3 1355 402 3 1356 440 3 1357 439 3 1358 446 3 1359 388 3 1360 447 3 1361 402 3 1362 441 3 1363 440 3 1364 445 164 1365 388 164 1366 446 164 1367 401 165 1368 441 165 1369 402 165 1370 445 3 1371 389 3 1372 388 3 1373 401 3 1374 442 3 1375 441 3 1376 444 3 1377 389 3 1378 445 3 1379 401 166 1380 443 166 1381 442 166 1382 443 3 1383 389 3 1384 444 3 1385 401 3 1386 389 3 1387 443 3 1388 400 167 1389 389 167 1390 401 167 1391 400 3 1392 390 3 1393 389 3 1394 399 168 1395 390 168 1396 400 168 1397 399 169 1398 391 169 1399 390 169 1400 398 170 1401 391 170 1402 399 170 1403 398 3 1404 392 3 1405 391 3 1406 397 171 1407 392 171 1408 398 171 1409 397 3 1410 393 3 1411 392 3 1412 396 172 1413 393 172 1414 397 172 1415 396 3 1416 394 3 1417 393 3 1418 395 173 1419 394 173 1420 396 173 1421 599 174 1422 600 174 1423 601 174 1424 599 175 1425 601 175 1426 602 175 1427 598 176 1428 599 176 1429 602 176 1430 598 177 1431 602 177 1432 603 177 1433 598 177 1434 603 177 1435 604 177 1436 597 178 1437 598 178 1438 604 178 1439 597 177 1440 604 177 1441 605 177 1442 597 179 1443 605 179 1444 606 179 1445 596 180 1446 597 180 1447 606 180 1448 596 177 1449 606 177 1450 607 177 1451 596 177 1452 607 177 1453 608 177 1454 595 181 1455 596 181 1456 608 181 1457 595 177 1458 608 177 1459 609 177 1460 595 177 1461 609 177 1462 610 177 1463 594 182 1464 595 182 1465 610 182 1466 594 177 1467 610 177 1468 611 177 1469 594 177 1470 611 177 1471 612 177 1472 593 177 1473 594 177 1474 612 177 1475 593 177 1476 612 177 1477 487 177 1478 487 183 1479 612 183 1480 486 183 1481 486 177 1482 612 177 1483 485 177 1484 485 177 1485 612 177 1486 484 177 1487 484 177 1488 612 177 1489 483 177 1490 483 184 1491 612 184 1492 482 184 1493 482 185 1494 612 185 1495 481 185 1496 481 186 1497 612 186 1498 480 186 1499 480 177 1500 612 177 1501 613 177 1502 592 177 1503 593 177 1504 489 177 1505 489 177 1506 593 177 1507 488 177 1508 488 177 1509 593 177 1510 487 177 1511 591 177 1512 592 177 1513 490 177 1514 490 177 1515 592 177 1516 489 177 1517 590 177 1518 591 177 1519 492 177 1520 492 177 1521 591 177 1522 491 177 1523 491 177 1524 591 177 1525 490 177 1526 590 187 1527 492 187 1528 493 187 1529 590 188 1530 493 188 1531 494 188 1532 590 189 1533 494 189 1534 495 189 1535 590 177 1536 495 177 1537 496 177 1538 590 190 1539 496 190 1540 497 190 1541 589 191 1542 590 191 1543 497 191 1544 589 192 1545 497 192 1546 498 192 1547 589 177 1548 498 177 1549 499 177 1550 589 177 1551 499 177 1552 500 177 1553 589 193 1554 500 193 1555 501 193 1556 588 194 1557 589 194 1558 501 194 1559 588 195 1560 501 195 1561 502 195 1562 588 177 1563 502 177 1564 503 177 1565 588 177 1566 503 177 1567 504 177 1568 587 196 1569 588 196 1570 504 196 1571 587 197 1572 504 197 1573 505 197 1574 587 198 1575 505 198 1576 506 198 1577 587 177 1578 506 177 1579 507 177 1580 587 177 1581 507 177 1582 508 177 1583 587 199 1584 508 199 1585 509 199 1586 586 177 1587 587 177 1588 509 177 1589 586 200 1590 509 200 1591 510 200 1592 586 201 1593 510 201 1594 511 201 1595 586 177 1596 511 177 1597 512 177 1598 585 202 1599 586 202 1600 512 202 1601 585 177 1602 512 177 1603 513 177 1604 585 177 1605 513 177 1606 514 177 1607 585 177 1608 514 177 1609 515 177 1610 584 177 1611 585 177 1612 515 177 1613 584 177 1614 515 177 1615 516 177 1616 583 203 1617 584 203 1618 516 203 1619 583 204 1620 516 204 1621 517 204 1622 583 177 1623 517 177 1624 518 177 1625 582 177 1626 583 177 1627 518 177 1628 582 205 1629 518 205 1630 519 205 1631 581 206 1632 582 206 1633 519 206 1634 581 177 1635 519 177 1636 520 177 1637 581 207 1638 520 207 1639 521 207 1640 580 208 1641 581 208 1642 521 208 1643 580 177 1644 521 177 1645 522 177 1646 579 209 1647 580 209 1648 522 209 1649 579 210 1650 522 210 1651 523 210 1652 579 211 1653 523 211 1654 524 211 1655 578 212 1656 579 212 1657 524 212 1658 578 213 1659 524 213 1660 525 213 1661 577 214 1662 578 214 1663 525 214 1664 577 177 1665 525 177 1666 526 177 1667 576 215 1668 577 215 1669 526 215 1670 576 177 1671 526 177 1672 527 177 1673 551 216 1674 552 216 1675 553 216 1676 576 217 1677 527 217 1678 528 217 1679 575 218 1680 576 218 1681 528 218 1682 551 219 1683 553 219 1684 554 219 1685 574 177 1686 575 177 1687 528 177 1688 551 220 1689 554 220 1690 555 220 1691 573 221 1692 574 221 1693 528 221 1694 573 222 1695 528 222 1696 529 222 1697 551 223 1698 555 223 1699 556 223 1700 572 224 1701 573 224 1702 529 224 1703 551 177 1704 556 177 1705 557 177 1706 571 225 1707 572 225 1708 529 225 1709 551 226 1710 557 226 1711 558 226 1712 570 177 1713 571 177 1714 529 177 1715 570 177 1716 529 177 1717 530 177 1718 551 227 1719 558 227 1720 559 227 1721 569 177 1722 570 177 1723 530 177 1724 568 177 1725 569 177 1726 530 177 1727 551 177 1728 559 177 1729 560 177 1730 567 177 1731 568 177 1732 530 177 1733 551 228 1734 560 228 1735 561 228 1736 566 177 1737 567 177 1738 530 177 1739 551 177 1740 561 177 1741 562 177 1742 565 177 1743 566 177 1744 530 177 1745 551 229 1746 562 229 1747 563 229 1748 564 177 1749 565 177 1750 530 177 1751 551 230 1752 563 230 1753 564 230 1754 564 177 1755 530 177 1756 531 177 1757 551 231 1758 564 231 1759 531 231 1760 551 177 1761 531 177 1762 532 177 1763 551 177 1764 532 177 1765 533 177 1766 550 177 1767 551 177 1768 533 177 1769 550 177 1770 533 177 1771 534 177 1772 549 177 1773 550 177 1774 534 177 1775 548 177 1776 549 177 1777 534 177 1778 548 177 1779 534 177 1780 535 177 1781 547 177 1782 548 177 1783 535 177 1784 546 232 1785 547 232 1786 535 232 1787 546 177 1788 535 177 1789 536 177 1790 545 177 1791 546 177 1792 536 177 1793 545 177 1794 536 177 1795 537 177 1796 544 177 1797 545 177 1798 537 177 1799 543 177 1800 544 177 1801 537 177 1802 543 177 1803 537 177 1804 538 177 1805 542 177 1806 543 177 1807 538 177 1808 541 233 1809 542 233 1810 538 233 1811 541 177 1812 538 177 1813 539 177 1814 540 177 1815 541 177 1816 539 177 1817 711 234 1818 712 234 1819 713 234 1820 710 177 1821 711 177 1822 713 177 1823 710 177 1824 713 177 1825 714 177 1826 709 177 1827 710 177 1828 714 177 1829 708 235 1830 709 235 1831 714 235 1832 708 177 1833 714 177 1834 715 177 1835 707 177 1836 708 177 1837 715 177 1838 707 177 1839 715 177 1840 716 177 1841 706 177 1842 707 177 1843 716 177 1844 705 236 1845 706 236 1846 716 236 1847 705 177 1848 716 177 1849 717 177 1850 704 177 1851 705 177 1852 717 177 1853 704 177 1854 717 177 1855 718 177 1856 703 177 1857 704 177 1858 718 177 1859 702 177 1860 703 177 1861 718 177 1862 702 177 1863 718 177 1864 719 177 1865 701 177 1866 702 177 1867 719 177 1868 701 177 1869 719 177 1870 720 177 1871 700 177 1872 701 177 1873 720 177 1874 699 177 1875 700 177 1876 698 177 1877 698 177 1878 700 177 1879 697 177 1880 697 177 1881 700 177 1882 696 177 1883 696 177 1884 700 177 1885 695 177 1886 695 177 1887 700 177 1888 694 177 1889 694 237 1890 700 237 1891 693 237 1892 693 177 1893 700 177 1894 692 177 1895 692 238 1896 700 238 1897 691 238 1898 691 177 1899 700 177 1900 690 177 1901 690 177 1902 700 177 1903 689 177 1904 689 239 1905 700 239 1906 720 239 1907 689 177 1908 720 177 1909 688 177 1910 688 177 1911 720 177 1912 687 177 1913 687 177 1914 720 177 1915 721 177 1916 687 177 1917 721 177 1918 686 177 1919 686 177 1920 721 177 1921 722 177 1922 685 240 1923 686 240 1924 722 240 1925 684 177 1926 685 177 1927 722 177 1928 683 177 1929 684 177 1930 722 177 1931 682 241 1932 683 241 1933 722 241 1934 681 242 1935 682 242 1936 722 242 1937 681 177 1938 722 177 1939 723 177 1940 680 243 1941 681 243 1942 723 243 1943 679 177 1944 680 177 1945 723 177 1946 678 177 1947 679 177 1948 723 177 1949 678 244 1950 723 244 1951 724 244 1952 677 177 1953 678 177 1954 724 177 1955 676 245 1956 677 245 1957 724 245 1958 676 177 1959 724 177 1960 725 177 1961 675 177 1962 676 177 1963 725 177 1964 674 246 1965 675 246 1966 725 246 1967 673 177 1968 674 177 1969 787 177 1970 787 247 1971 674 247 1972 725 247 1973 672 177 1974 673 177 1975 787 177 1976 671 248 1977 672 248 1978 787 248 1979 670 177 1980 671 177 1981 787 177 1982 669 249 1983 670 249 1984 787 249 1985 669 250 1986 787 250 1987 751 250 1988 786 177 1989 787 177 1990 725 177 1991 669 177 1992 751 177 1993 752 177 1994 668 177 1995 669 177 1996 752 177 1997 668 177 1998 752 177 1999 753 177 2000 667 251 2001 668 251 2002 753 251 2003 667 252 2004 753 252 2005 754 252 2006 666 253 2007 667 253 2008 754 253 2009 666 177 2010 754 177 2011 755 177 2012 666 177 2013 755 177 2014 756 177 2015 665 177 2016 666 177 2017 756 177 2018 665 177 2019 756 177 2020 757 177 2021 664 254 2022 665 254 2023 757 254 2024 664 255 2025 757 255 2026 758 255 2027 664 256 2028 758 256 2029 759 256 2030 663 257 2031 664 257 2032 759 257 2033 663 177 2034 759 177 2035 760 177 2036 663 258 2037 760 258 2038 761 258 2039 662 177 2040 663 177 2041 761 177 2042 662 177 2043 761 177 2044 762 177 2045 661 259 2046 662 259 2047 762 259 2048 661 260 2049 762 260 2050 763 260 2051 661 261 2052 763 261 2053 764 261 2054 660 262 2055 661 262 2056 764 262 2057 660 263 2058 764 263 2059 765 263 2060 660 177 2061 765 177 2062 766 177 2063 785 264 2064 786 264 2065 725 264 2066 659 265 2067 660 265 2068 766 265 2069 784 177 2070 785 177 2071 725 177 2072 659 177 2073 766 177 2074 767 177 2075 783 266 2076 784 266 2077 725 266 2078 748 177 2079 749 177 2080 750 177 2081 783 177 2082 725 177 2083 726 177 2084 659 177 2085 767 177 2086 768 177 2087 747 177 2088 748 177 2089 750 177 2090 782 177 2091 783 177 2092 726 177 2093 782 177 2094 726 177 2095 727 177 2096 746 267 2097 747 267 2098 750 267 2099 658 268 2100 659 268 2101 768 268 2102 658 177 2103 768 177 2104 769 177 2105 782 177 2106 727 177 2107 728 177 2108 781 269 2109 782 269 2110 728 269 2111 745 177 2112 746 177 2113 750 177 2114 781 177 2115 728 177 2116 729 177 2117 780 177 2118 781 177 2119 729 177 2120 744 177 2121 745 177 2122 750 177 2123 658 270 2124 769 270 2125 770 270 2126 780 177 2127 729 177 2128 730 177 2129 743 177 2130 744 177 2131 750 177 2132 779 177 2133 780 177 2134 730 177 2135 779 177 2136 730 177 2137 731 177 2138 742 177 2139 743 177 2140 750 177 2141 658 177 2142 770 177 2143 771 177 2144 779 271 2145 731 271 2146 732 271 2147 778 177 2148 779 177 2149 732 177 2150 741 177 2151 742 177 2152 750 177 2153 778 177 2154 732 177 2155 733 177 2156 657 272 2157 658 272 2158 771 272 2159 740 177 2160 741 177 2161 750 177 2162 657 273 2163 771 273 2164 772 273 2165 777 274 2166 778 274 2167 733 274 2168 777 275 2169 733 275 2170 734 275 2171 739 177 2172 740 177 2173 750 177 2174 777 177 2175 734 177 2176 735 177 2177 738 177 2178 739 177 2179 750 177 2180 776 276 2181 777 276 2182 735 276 2183 776 277 2184 735 277 2185 736 277 2186 737 177 2187 738 177 2188 750 177 2189 776 278 2190 736 278 2191 737 278 2192 657 279 2193 772 279 2194 773 279 2195 776 177 2196 737 177 2197 750 177 2198 775 177 2199 776 177 2200 750 177 2201 657 280 2202 773 280 2203 774 280 2204 774 177 2205 775 177 2206 750 177 2207 657 281 2208 774 281 2209 637 281 2210 637 177 2211 774 177 2212 750 177 2213 656 177 2214 657 177 2215 637 177 2216 656 177 2217 637 177 2218 638 177 2219 636 282 2220 637 282 2221 750 282 2222 655 177 2223 656 177 2224 638 177 2225 655 177 2226 638 177 2227 639 177 2228 635 177 2229 636 177 2230 750 177 2231 635 177 2232 750 177 2233 614 177 2234 654 283 2235 655 283 2236 639 283 2237 654 177 2238 639 177 2239 640 177 2240 634 284 2241 635 284 2242 614 284 2243 634 285 2244 614 285 2245 615 285 2246 654 286 2247 640 286 2248 641 286 2249 633 177 2250 634 177 2251 615 177 2252 653 287 2253 654 287 2254 641 287 2255 633 177 2256 615 177 2257 616 177 2258 653 177 2259 641 177 2260 642 177 2261 632 177 2262 633 177 2263 616 177 2264 632 177 2265 616 177 2266 617 177 2267 652 288 2268 653 288 2269 642 288 2270 652 177 2271 642 177 2272 643 177 2273 631 289 2274 632 289 2275 617 289 2276 631 177 2277 617 177 2278 618 177 2279 652 177 2280 643 177 2281 644 177 2282 630 290 2283 631 290 2284 618 290 2285 630 177 2286 618 177 2287 619 177 2288 651 291 2289 652 291 2290 644 291 2291 651 177 2292 644 177 2293 645 177 2294 629 292 2295 630 292 2296 619 292 2297 629 293 2298 619 293 2299 620 293 2300 651 177 2301 645 177 2302 646 177 2303 629 177 2304 620 177 2305 621 177 2306 628 177 2307 629 177 2308 621 177 2309 650 177 2310 651 177 2311 646 177 2312 628 294 2313 621 294 2314 622 294 2315 650 177 2316 646 177 2317 647 177 2318 627 295 2319 628 295 2320 622 295 2321 627 177 2322 622 177 2323 623 177 2324 650 177 2325 647 177 2326 648 177 2327 626 296 2328 627 296 2329 623 296 2330 649 177 2331 650 177 2332 648 177 2333 626 297 2334 623 297 2335 624 297 2336 625 298 2337 626 298 2338 624 298 2339 860 177 2340 861 177 2341 862 177 2342 860 177 2343 862 177 2344 863 177 2345 860 177 2346 863 177 2347 836 177 2348 859 177 2349 860 177 2350 836 177 2351 858 177 2352 859 177 2353 836 177 2354 858 299 2355 836 299 2356 837 299 2357 857 177 2358 858 177 2359 837 177 2360 856 177 2361 857 177 2362 837 177 2363 856 177 2364 837 177 2365 838 177 2366 855 300 2367 856 300 2368 838 300 2369 854 301 2370 855 301 2371 838 301 2372 854 177 2373 838 177 2374 839 177 2375 853 177 2376 854 177 2377 839 177 2378 852 302 2379 853 302 2380 839 302 2381 852 177 2382 839 177 2383 840 177 2384 851 177 2385 852 177 2386 840 177 2387 850 303 2388 851 303 2389 840 303 2390 850 177 2391 840 177 2392 841 177 2393 849 177 2394 850 177 2395 841 177 2396 848 177 2397 849 177 2398 841 177 2399 847 304 2400 848 304 2401 841 304 2402 847 305 2403 841 305 2404 842 305 2405 847 306 2406 842 306 2407 843 306 2408 847 177 2409 843 177 2410 844 177 2411 847 307 2412 844 307 2413 845 307 2414 847 177 2415 845 177 2416 846 177 2417 810 177 2418 811 177 2419 812 177 2420 809 308 2421 810 308 2422 812 308 2423 809 177 2424 812 177 2425 813 177 2426 808 177 2427 809 177 2428 813 177 2429 808 177 2430 813 177 2431 814 177 2432 807 177 2433 808 177 2434 814 177 2435 807 177 2436 814 177 2437 815 177 2438 806 177 2439 807 177 2440 815 177 2441 806 177 2442 815 177 2443 816 177 2444 805 309 2445 806 309 2446 816 309 2447 805 177 2448 816 177 2449 817 177 2450 804 177 2451 805 177 2452 817 177 2453 804 177 2454 817 177 2455 818 177 2456 803 177 2457 804 177 2458 818 177 2459 803 177 2460 818 177 2461 819 177 2462 802 177 2463 803 177 2464 819 177 2465 802 177 2466 819 177 2467 820 177 2468 801 177 2469 802 177 2470 820 177 2471 801 177 2472 820 177 2473 821 177 2474 800 177 2475 801 177 2476 821 177 2477 800 177 2478 821 177 2479 822 177 2480 799 177 2481 800 177 2482 822 177 2483 799 177 2484 822 177 2485 823 177 2486 798 177 2487 799 177 2488 823 177 2489 798 177 2490 823 177 2491 824 177 2492 797 177 2493 798 177 2494 824 177 2495 797 177 2496 824 177 2497 825 177 2498 796 177 2499 797 177 2500 825 177 2501 796 177 2502 825 177 2503 826 177 2504 795 177 2505 796 177 2506 826 177 2507 795 177 2508 826 177 2509 827 177 2510 794 177 2511 795 177 2512 827 177 2513 794 177 2514 827 177 2515 828 177 2516 793 177 2517 794 177 2518 828 177 2519 793 177 2520 828 177 2521 829 177 2522 792 177 2523 793 177 2524 829 177 2525 792 177 2526 829 177 2527 830 177 2528 791 177 2529 792 177 2530 830 177 2531 791 177 2532 830 177 2533 831 177 2534 790 177 2535 791 177 2536 831 177 2537 790 177 2538 831 177 2539 832 177 2540 789 177 2541 790 177 2542 832 177 2543 789 177 2544 832 177 2545 833 177 2546 788 177 2547 789 177 2548 833 177 2549 788 177 2550 833 177 2551 834 177 2552 835 177 2553 788 177 2554 834 177 2555 898 177 2556 899 177 2557 900 177 2558 898 310 2559 900 310 2560 901 310 2561 897 177 2562 898 177 2563 901 177 2564 897 177 2565 901 177 2566 902 177 2567 896 177 2568 897 177 2569 902 177 2570 896 177 2571 902 177 2572 903 177 2573 895 177 2574 896 177 2575 903 177 2576 895 177 2577 903 177 2578 904 177 2579 894 311 2580 895 311 2581 904 311 2582 894 177 2583 904 177 2584 905 177 2585 893 177 2586 894 177 2587 905 177 2588 893 177 2589 905 177 2590 906 177 2591 892 177 2592 893 177 2593 947 177 2594 947 177 2595 893 177 2596 906 177 2597 892 312 2598 947 312 2599 948 312 2600 946 177 2601 947 177 2602 906 177 2603 892 177 2604 948 177 2605 949 177 2606 945 313 2607 946 313 2608 906 313 2609 892 177 2610 949 177 2611 950 177 2612 944 314 2613 945 314 2614 906 314 2615 944 315 2616 906 315 2617 907 315 2618 891 316 2619 892 316 2620 950 316 2621 891 177 2622 950 177 2623 951 177 2624 943 177 2625 944 177 2626 907 177 2627 891 177 2628 951 177 2629 952 177 2630 942 317 2631 943 317 2632 907 317 2633 891 177 2634 952 177 2635 953 177 2636 941 318 2637 942 318 2638 907 318 2639 941 177 2640 907 177 2641 908 177 2642 890 319 2643 891 319 2644 953 319 2645 890 177 2646 953 177 2647 954 177 2648 940 177 2649 941 177 2650 908 177 2651 890 177 2652 954 177 2653 955 177 2654 939 320 2655 940 320 2656 908 320 2657 939 177 2658 908 177 2659 909 177 2660 889 177 2661 890 177 2662 955 177 2663 889 321 2664 955 321 2665 956 321 2666 938 322 2667 939 322 2668 909 322 2669 938 177 2670 909 177 2671 910 177 2672 888 323 2673 889 323 2674 956 323 2675 888 324 2676 956 324 2677 957 324 2678 937 177 2679 938 177 2680 910 177 2681 888 177 2682 957 177 2683 958 177 2684 936 177 2685 937 177 2686 910 177 2687 936 177 2688 910 177 2689 911 177 2690 887 325 2691 888 325 2692 958 325 2693 887 177 2694 958 177 2695 959 177 2696 935 177 2697 936 177 2698 911 177 2699 886 177 2700 887 177 2701 959 177 2702 886 177 2703 959 177 2704 912 177 2705 935 177 2706 911 177 2707 864 177 2708 934 177 2709 935 177 2710 864 177 2711 886 326 2712 912 326 2713 913 326 2714 933 327 2715 934 327 2716 864 327 2717 885 328 2718 886 328 2719 913 328 2720 933 177 2721 864 177 2722 865 177 2723 885 177 2724 913 177 2725 914 177 2726 932 177 2727 933 177 2728 865 177 2729 885 177 2730 914 177 2731 915 177 2732 884 329 2733 885 329 2734 915 329 2735 931 330 2736 932 330 2737 865 330 2738 931 177 2739 865 177 2740 866 177 2741 884 177 2742 915 177 2743 916 177 2744 930 177 2745 931 177 2746 866 177 2747 883 331 2748 884 331 2749 916 331 2750 930 177 2751 866 177 2752 867 177 2753 883 177 2754 916 177 2755 917 177 2756 929 332 2757 930 332 2758 867 332 2759 883 177 2760 917 177 2761 918 177 2762 928 177 2763 929 177 2764 867 177 2765 882 333 2766 883 333 2767 918 333 2768 928 177 2769 867 177 2770 868 177 2771 882 177 2772 918 177 2773 919 177 2774 927 177 2775 928 177 2776 868 177 2777 882 177 2778 919 177 2779 920 177 2780 926 177 2781 927 177 2782 868 177 2783 882 177 2784 920 177 2785 921 177 2786 925 334 2787 926 334 2788 868 334 2789 881 335 2790 882 335 2791 921 335 2792 925 177 2793 868 177 2794 869 177 2795 881 177 2796 921 177 2797 922 177 2798 924 177 2799 925 177 2800 869 177 2801 881 336 2802 922 336 2803 923 336 2804 923 177 2805 924 177 2806 869 177 2807 881 177 2808 923 177 2809 869 177 2810 880 337 2811 881 337 2812 869 337 2813 880 177 2814 869 177 2815 870 177 2816 879 338 2817 880 338 2818 870 338 2819 879 339 2820 870 339 2821 871 339 2822 878 340 2823 879 340 2824 871 340 2825 878 341 2826 871 341 2827 872 341 2828 877 342 2829 878 342 2830 872 342 2831 877 177 2832 872 177 2833 873 177 2834 876 343 2835 877 343 2836 873 343 2837 876 177 2838 873 177 2839 874 177 2840 875 344 2841 876 344 2842 874 344 2843 963 345 2844 960 346 2845 961 347 2846 965 348 2847 962 349 2848 963 345 2849 967 350 2850 964 351 2851 965 348 2852 969 352 2853 966 353 2854 967 350 2855 971 354 2856 968 355 2857 969 352 2858 973 356 2859 970 357 2860 971 354 2861 975 358 2862 972 359 2863 973 356 2864 977 360 2865 974 361 2866 975 358 2867 979 362 2868 976 363 2869 977 360 2870 981 364 2871 978 365 2872 979 362 2873 983 366 2874 980 367 2875 981 364 2876 985 368 2877 982 369 2878 983 366 2879 987 370 2880 984 371 2881 985 368 2882 989 372 2883 986 373 2884 987 370 2885 991 374 2886 988 372 2887 989 372 2888 993 375 2889 990 376 2890 991 374 2891 995 377 2892 992 378 2893 993 375 2894 997 379 2895 994 380 2896 995 377 2897 999 381 2898 996 382 2899 997 379 2900 1001 383 2901 998 384 2902 999 381 2903 1003 385 2904 1000 386 2905 1001 383 2906 1005 387 2907 1002 388 2908 1003 385 2909 1007 389 2910 1004 390 2911 1005 387 2912 1009 391 2913 1006 392 2914 1007 389 2915 1011 393 2916 1008 394 2917 1009 391 2918 1013 395 2919 1010 396 2920 1011 393 2921 1015 397 2922 1012 398 2923 1013 395 2924 1017 399 2925 1014 400 2926 1015 397 2927 1019 401 2928 1016 402 2929 1017 399 2930 1021 403 2931 1018 404 2932 1019 401 2933 1023 405 2934 1020 406 2935 1021 403 2936 1025 407 2937 1022 408 2938 1023 405 2939 1027 409 2940 1024 410 2941 1025 407 2942 1029 411 2943 1026 412 2944 1027 409 2945 1031 413 2946 1028 414 2947 1029 411 2948 1033 415 2949 1030 416 2950 1031 413 2951 1035 417 2952 1032 418 2953 1033 415 2954 1037 419 2955 1034 420 2956 1035 417 2957 1039 421 2958 1036 422 2959 1037 419 2960 1041 423 2961 1038 424 2962 1039 421 2963 1043 425 2964 1040 426 2965 1041 423 2966 1045 427 2967 1042 428 2968 1043 425 2969 1047 429 2970 1044 430 2971 1045 427 2972 1049 431 2973 1046 432 2974 1047 429 2975 1051 433 2976 1048 434 2977 1049 431 2978 1053 435 2979 1050 436 2980 1051 433 2981 1055 437 2982 1052 438 2983 1053 435 2984 961 347 2985 1054 439 2986 1055 437 2987 1059 440 2988 1056 441 2989 1057 442 2990 1061 443 2991 1058 444 2992 1059 440 2993 1063 445 2994 1060 446 2995 1061 443 2996 1065 447 2997 1062 448 2998 1063 445 2999 1067 449 3000 1064 450 3001 1065 447 3002 1069 451 3003 1066 452 3004 1067 449 3005 1071 453 3006 1068 454 3007 1069 451 3008 1073 455 3009 1070 456 3010 1071 453 3011 1075 457 3012 1072 458 3013 1073 455 3014 1077 459 3015 1074 460 3016 1075 457 3017 1079 461 3018 1076 462 3019 1077 459 3020 1081 463 3021 1078 464 3022 1079 461 3023 1083 465 3024 1080 466 3025 1081 463 3026 1085 467 3027 1082 468 3028 1083 465 3029 1087 469 3030 1084 470 3031 1085 467 3032 1089 471 3033 1086 472 3034 1087 469 3035 1091 473 3036 1088 474 3037 1089 471 3038 1093 475 3039 1090 476 3040 1091 473 3041 1095 477 3042 1092 478 3043 1093 475 3044 1097 479 3045 1094 480 3046 1095 477 3047 1099 481 3048 1096 482 3049 1097 479 3050 1101 483 3051 1098 484 3052 1099 481 3053 1103 485 3054 1100 486 3055 1101 483 3056 1105 487 3057 1102 488 3058 1103 485 3059 1107 489 3060 1104 490 3061 1105 487 3062 1109 491 3063 1106 492 3064 1107 489 3065 1111 493 3066 1108 494 3067 1109 491 3068 1113 495 3069 1110 496 3070 1111 493 3071 1115 497 3072 1112 498 3073 1113 495 3074 1117 499 3075 1114 500 3076 1115 497 3077 1119 501 3078 1116 502 3079 1117 499 3080 1121 503 3081 1118 504 3082 1119 501 3083 1123 505 3084 1120 506 3085 1121 503 3086 1125 507 3087 1122 508 3088 1123 505 3089 1127 509 3090 1124 510 3091 1125 507 3092 1129 511 3093 1126 512 3094 1127 509 3095 1131 513 3096 1128 514 3097 1129 511 3098 1133 515 3099 1130 516 3100 1131 513 3101 1135 517 3102 1132 518 3103 1133 515 3104 1137 519 3105 1134 520 3106 1135 517 3107 1139 521 3108 1136 522 3109 1137 519 3110 1141 523 3111 1138 524 3112 1139 521 3113 1143 525 3114 1140 526 3115 1141 523 3116 1145 527 3117 1142 528 3118 1143 525 3119 1147 529 3120 1144 530 3121 1145 527 3122 1149 531 3123 1146 532 3124 1147 529 3125 1151 533 3126 1148 534 3127 1149 531 3128 1057 442 3129 1150 535 3130 1151 533 3131 1155 536 3132 1152 537 3133 1153 538 3134 1157 539 3135 1154 540 3136 1155 536 3137 1159 541 3138 1156 542 3139 1157 539 3140 1161 543 3141 1158 544 3142 1159 541 3143 1163 545 3144 1160 546 3145 1161 543 3146 1165 547 3147 1162 545 3148 1163 545 3149 1167 548 3150 1164 549 3151 1165 547 3152 1169 550 3153 1166 551 3154 1167 548 3155 1171 552 3156 1168 553 3157 1169 550 3158 1173 554 3159 1170 555 3160 1171 552 3161 1175 556 3162 1172 557 3163 1173 554 3164 1177 558 3165 1174 559 3166 1175 556 3167 1179 560 3168 1176 561 3169 1177 558 3170 1181 562 3171 1178 563 3172 1179 560 3173 1183 564 3174 1180 565 3175 1181 562 3176 1185 566 3177 1182 567 3178 1183 564 3179 1187 568 3180 1184 569 3181 1185 566 3182 1189 570 3183 1186 571 3184 1187 568 3185 1191 572 3186 1188 573 3187 1189 570 3188 1193 574 3189 1190 575 3190 1191 572 3191 1195 576 3192 1192 577 3193 1193 574 3194 1197 578 3195 1194 579 3196 1195 576 3197 1199 580 3198 1196 578 3199 1197 578 3200 1201 581 3201 1198 582 3202 1199 580 3203 1203 583 3204 1200 584 3205 1201 581 3206 1205 585 3207 1202 583 3208 1203 583 3209 1207 586 3210 1204 587 3211 1205 585 3212 1153 538 3213 1206 588 3214 1207 586 3215 1211 589 3216 1208 590 3217 1209 591 3218 1213 592 3219 1210 593 3220 1211 589 3221 1215 594 3222 1212 595 3223 1213 592 3224 1217 596 3225 1214 597 3226 1215 594 3227 1219 598 3228 1216 599 3229 1217 596 3230 1221 600 3231 1218 601 3232 1219 598 3233 1223 602 3234 1220 603 3235 1221 600 3236 1225 604 3237 1222 605 3238 1223 602 3239 1227 606 3240 1224 607 3241 1225 604 3242 1229 608 3243 1226 609 3244 1227 606 3245 1231 610 3246 1228 611 3247 1229 608 3248 1233 612 3249 1230 613 3250 1231 610 3251 1235 614 3252 1232 615 3253 1233 612 3254 1237 616 3255 1234 617 3256 1235 614 3257 1239 618 3258 1236 619 3259 1237 616 3260 1241 620 3261 1238 621 3262 1239 618 3263 1243 622 3264 1240 623 3265 1241 620 3266 1245 624 3267 1242 625 3268 1243 622 3269 1247 626 3270 1244 627 3271 1245 624 3272 1249 628 3273 1246 629 3274 1247 626 3275 1251 630 3276 1248 631 3277 1249 628 3278 1253 632 3279 1250 633 3280 1251 630 3281 1255 634 3282 1252 635 3283 1253 632 3284 1257 636 3285 1254 637 3286 1255 634 3287 1259 638 3288 1256 639 3289 1257 636 3290 1261 640 3291 1258 641 3292 1259 638 3293 1263 642 3294 1260 643 3295 1261 640 3296 1265 644 3297 1262 645 3298 1263 642 3299 1267 646 3300 1264 647 3301 1265 644 3302 1269 648 3303 1266 649 3304 1267 646 3305 1271 650 3306 1268 651 3307 1269 648 3308 1273 652 3309 1270 653 3310 1271 650 3311 1275 654 3312 1272 655 3313 1273 652 3314 1277 656 3315 1274 657 3316 1275 654 3317 1279 658 3318 1276 659 3319 1277 656 3320 1281 660 3321 1278 661 3322 1279 658 3323 1283 662 3324 1280 663 3325 1281 660 3326 1285 664 3327 1282 665 3328 1283 662 3329 1287 666 3330 1284 667 3331 1285 664 3332 1289 668 3333 1286 669 3334 1287 666 3335 1291 670 3336 1288 671 3337 1289 668 3338 1293 672 3339 1290 673 3340 1291 670 3341 1295 674 3342 1292 675 3343 1293 672 3344 1297 676 3345 1294 677 3346 1295 674 3347 1299 678 3348 1296 679 3349 1297 676 3350 1301 680 3351 1298 681 3352 1299 678 3353 1303 682 3354 1300 683 3355 1301 680 3356 1209 591 3357 1302 684 3358 1303 682 3359 1307 685 3360 1304 686 3361 1305 687 3362 1309 688 3363 1306 689 3364 1307 685 3365 1311 690 3366 1308 691 3367 1309 688 3368 1313 692 3369 1310 693 3370 1311 690 3371 1315 694 3372 1312 695 3373 1313 692 3374 1317 696 3375 1314 697 3376 1315 694 3377 1319 698 3378 1316 699 3379 1317 696 3380 1321 700 3381 1318 701 3382 1319 698 3383 1323 702 3384 1320 703 3385 1321 700 3386 1325 704 3387 1322 705 3388 1323 702 3389 1327 706 3390 1324 707 3391 1325 704 3392 1329 708 3393 1326 709 3394 1327 706 3395 1331 710 3396 1328 711 3397 1329 708 3398 1333 712 3399 1330 713 3400 1331 710 3401 1335 714 3402 1332 715 3403 1333 712 3404 1337 716 3405 1334 717 3406 1335 714 3407 1339 718 3408 1336 719 3409 1337 716 3410 1341 720 3411 1338 721 3412 1339 718 3413 1343 722 3414 1340 723 3415 1341 720 3416 1345 724 3417 1342 725 3418 1343 722 3419 1347 726 3420 1344 727 3421 1345 724 3422 1349 728 3423 1346 729 3424 1347 726 3425 1351 730 3426 1348 728 3427 1349 728 3428 1353 731 3429 1350 732 3430 1351 730 3431 1355 733 3432 1352 734 3433 1353 731 3434 1357 735 3435 1354 736 3436 1355 733 3437 1359 737 3438 1356 738 3439 1357 735 3440 1361 739 3441 1358 740 3442 1359 737 3443 1363 741 3444 1360 742 3445 1361 739 3446 1365 743 3447 1362 744 3448 1363 741 3449 1367 745 3450 1364 746 3451 1365 743 3452 1369 747 3453 1366 748 3454 1367 745 3455 1371 749 3456 1368 750 3457 1369 747 3458 1373 751 3459 1370 752 3460 1371 749 3461 1375 753 3462 1372 754 3463 1373 751 3464 1377 755 3465 1374 756 3466 1375 753 3467 1379 757 3468 1376 758 3469 1377 755 3470 1381 759 3471 1378 760 3472 1379 757 3473 1383 761 3474 1380 762 3475 1381 759 3476 1385 763 3477 1382 764 3478 1383 761 3479 1387 765 3480 1384 766 3481 1385 763 3482 1389 767 3483 1386 768 3484 1387 765 3485 1391 769 3486 1388 770 3487 1389 767 3488 1393 771 3489 1390 772 3490 1391 769 3491 1395 773 3492 1392 774 3493 1393 771 3494 1397 775 3495 1394 776 3496 1395 773 3497 1399 777 3498 1396 778 3499 1397 775 3500 1401 779 3501 1398 780 3502 1399 777 3503 1403 781 3504 1400 782 3505 1401 779 3506 1405 783 3507 1402 784 3508 1403 781 3509 1407 785 3510 1404 786 3511 1405 783 3512 1409 787 3513 1406 788 3514 1407 785 3515 1411 789 3516 1408 790 3517 1409 787 3518 1413 791 3519 1410 792 3520 1411 789 3521 1415 793 3522 1412 794 3523 1413 791 3524 1417 795 3525 1414 796 3526 1415 793 3527 1419 797 3528 1416 798 3529 1417 795 3530 1421 799 3531 1418 800 3532 1419 797 3533 1423 801 3534 1420 802 3535 1421 799 3536 1425 803 3537 1422 804 3538 1423 801 3539 1427 805 3540 1424 806 3541 1425 803 3542 1429 807 3543 1426 808 3544 1427 805 3545 1431 809 3546 1428 810 3547 1429 807 3548 1433 811 3549 1430 812 3550 1431 809 3551 1435 813 3552 1432 814 3553 1433 811 3554 1437 815 3555 1434 816 3556 1435 813 3557 1439 817 3558 1436 818 3559 1437 815 3560 1441 819 3561 1438 820 3562 1439 817 3563 1443 821 3564 1440 822 3565 1441 819 3566 1445 823 3567 1442 824 3568 1443 821 3569 1447 825 3570 1444 826 3571 1445 823 3572 1449 827 3573 1446 828 3574 1447 825 3575 1451 829 3576 1448 830 3577 1449 827 3578 1453 831 3579 1450 832 3580 1451 829 3581 1455 833 3582 1452 834 3583 1453 831 3584 1457 835 3585 1454 836 3586 1455 833 3587 1459 837 3588 1456 838 3589 1457 835 3590 1461 839 3591 1458 840 3592 1459 837 3593 1463 841 3594 1460 842 3595 1461 839 3596 1465 843 3597 1462 844 3598 1463 841 3599 1467 845 3600 1464 846 3601 1465 843 3602 1469 847 3603 1466 848 3604 1467 845 3605 1471 849 3606 1468 850 3607 1469 847 3608 1473 851 3609 1470 852 3610 1471 849 3611 1475 853 3612 1472 854 3613 1473 851 3614 1477 855 3615 1474 856 3616 1475 853 3617 1479 857 3618 1476 858 3619 1477 855 3620 1481 859 3621 1478 860 3622 1479 857 3623 1483 861 3624 1480 862 3625 1481 859 3626 1485 863 3627 1482 864 3628 1483 861 3629 1487 865 3630 1484 866 3631 1485 863 3632 1489 867 3633 1486 868 3634 1487 865 3635 1491 869 3636 1488 870 3637 1489 867 3638 1493 871 3639 1490 872 3640 1491 869 3641 1495 873 3642 1492 874 3643 1493 871 3644 1497 875 3645 1494 876 3646 1495 873 3647 1499 877 3648 1496 878 3649 1497 875 3650 1501 879 3651 1498 880 3652 1499 877 3653 1503 881 3654 1500 882 3655 1501 879 3656 1505 883 3657 1502 884 3658 1503 881 3659 1507 885 3660 1504 886 3661 1505 883 3662 1509 887 3663 1506 888 3664 1507 885 3665 1511 889 3666 1508 887 3667 1509 887 3668 1513 890 3669 1510 891 3670 1511 889 3671 1515 892 3672 1512 893 3673 1513 890 3674 1517 894 3675 1514 895 3676 1515 892 3677 1519 896 3678 1516 897 3679 1517 894 3680 1521 898 3681 1518 899 3682 1519 896 3683 1523 900 3684 1520 901 3685 1521 898 3686 1525 902 3687 1522 903 3688 1523 900 3689 1527 904 3690 1524 905 3691 1525 902 3692 1529 906 3693 1526 907 3694 1527 904 3695 1531 908 3696 1528 909 3697 1529 906 3698 1533 910 3699 1530 911 3700 1531 908 3701 1535 912 3702 1532 913 3703 1533 910 3704 1537 914 3705 1534 915 3706 1535 912 3707 1539 916 3708 1536 917 3709 1537 914 3710 1541 918 3711 1538 919 3712 1539 916 3713 1543 920 3714 1540 921 3715 1541 918 3716 1545 922 3717 1542 923 3718 1543 920 3719 1547 924 3720 1544 925 3721 1545 922 3722 1549 926 3723 1546 927 3724 1547 924 3725 1551 928 3726 1548 929 3727 1549 926 3728 1553 930 3729 1550 931 3730 1551 928 3731 1555 932 3732 1552 933 3733 1553 930 3734 1557 934 3735 1554 935 3736 1555 932 3737 1559 936 3738 1556 937 3739 1557 934 3740 1561 938 3741 1558 939 3742 1559 936 3743 1563 940 3744 1560 941 3745 1561 938 3746 1565 942 3747 1562 943 3748 1563 940 3749 1567 944 3750 1564 945 3751 1565 942 3752 1569 946 3753 1566 947 3754 1567 944 3755 1571 948 3756 1568 949 3757 1569 946 3758 1573 950 3759 1570 951 3760 1571 948 3761 1575 952 3762 1572 950 3763 1573 950 3764 1577 953 3765 1574 954 3766 1575 952 3767 1305 687 3768 1576 955 3769 1577 953 3770 1581 956 3771 1578 957 3772 1579 958 3773 1583 959 3774 1580 960 3775 1581 956 3776 1585 961 3777 1582 962 3778 1583 959 3779 1587 963 3780 1584 964 3781 1585 961 3782 1589 965 3783 1586 966 3784 1587 963 3785 1591 967 3786 1588 968 3787 1589 965 3788 1593 969 3789 1590 970 3790 1591 967 3791 1595 971 3792 1592 972 3793 1593 969 3794 1597 973 3795 1594 974 3796 1595 971 3797 1599 975 3798 1596 976 3799 1597 973 3800 1601 977 3801 1598 978 3802 1599 975 3803 1603 979 3804 1600 980 3805 1601 977 3806 1605 981 3807 1602 982 3808 1603 979 3809 1607 983 3810 1604 984 3811 1605 981 3812 1609 985 3813 1606 986 3814 1607 983 3815 1611 987 3816 1608 988 3817 1609 985 3818 1613 989 3819 1610 987 3820 1611 987 3821 1615 990 3822 1612 991 3823 1613 989 3824 1617 992 3825 1614 993 3826 1615 990 3827 1619 994 3828 1616 995 3829 1617 992 3830 1621 996 3831 1618 997 3832 1619 994 3833 1623 998 3834 1620 999 3835 1621 996 3836 1625 1000 3837 1622 1001 3838 1623 998 3839 1627 1002 3840 1624 1003 3841 1625 1000 3842 1629 1004 3843 1626 1005 3844 1627 1002 3845 1631 1006 3846 1628 1007 3847 1629 1004 3848 1633 1008 3849 1630 1009 3850 1631 1006 3851 1635 1010 3852 1632 1011 3853 1633 1008 3854 1637 1012 3855 1634 1013 3856 1635 1010 3857 1639 1014 3858 1636 1015 3859 1637 1012 3860 1641 1016 3861 1638 1017 3862 1639 1014 3863 1643 1018 3864 1640 1019 3865 1641 1016 3866 1645 1020 3867 1642 1021 3868 1643 1018 3869 1647 1022 3870 1644 1023 3871 1645 1020 3872 1649 1024 3873 1646 1025 3874 1647 1022 3875 1651 1026 3876 1648 1027 3877 1649 1024 3878 1579 958 3879 1650 1028 3880 1651 1026 3881 1655 1029 3882 1652 1030 3883 1653 1031 3884 1657 1032 3885 1654 1033 3886 1655 1029 3887 1659 1034 3888 1656 1035 3889 1657 1032 3890 1661 1036 3891 1658 1037 3892 1659 1034 3893 1663 1038 3894 1660 1039 3895 1661 1036 3896 1665 1040 3897 1662 1041 3898 1663 1038 3899 1667 1042 3900 1664 1043 3901 1665 1040 3902 1669 1044 3903 1666 1045 3904 1667 1042 3905 1671 1046 3906 1668 1047 3907 1669 1044 3908 1673 1048 3909 1670 1049 3910 1671 1046 3911 1675 1050 3912 1672 1051 3913 1673 1048 3914 1677 1052 3915 1674 1053 3916 1675 1050 3917 1679 1054 3918 1676 1055 3919 1677 1052 3920 1681 1056 3921 1678 1057 3922 1679 1054 3923 1683 1058 3924 1680 1059 3925 1681 1056 3926 1685 1060 3927 1682 1061 3928 1683 1058 3929 1687 1062 3930 1684 1063 3931 1685 1060 3932 1689 1064 3933 1686 1065 3934 1687 1062 3935 1691 1066 3936 1688 1067 3937 1689 1064 3938 1693 1068 3939 1690 1069 3940 1691 1066 3941 1695 1070 3942 1692 1071 3943 1693 1068 3944 1697 1072 3945 1694 1070 3946 1695 1070 3947 1699 1073 3948 1696 1074 3949 1697 1072 3950 1701 1075 3951 1698 1076 3952 1699 1073 3953 1703 1077 3954 1700 1078 3955 1701 1075 3956 1705 1079 3957 1702 1080 3958 1703 1077 3959 1707 1081 3960 1704 1082 3961 1705 1079 3962 1709 1083 3963 1706 1084 3964 1707 1081 3965 1711 1085 3966 1708 1086 3967 1709 1083 3968 1713 1087 3969 1710 1088 3970 1711 1085 3971 1715 1089 3972 1712 1090 3973 1713 1087 3974 1717 1091 3975 1714 1092 3976 1715 1089 3977 1719 1093 3978 1716 1094 3979 1717 1091 3980 1721 1095 3981 1718 1096 3982 1719 1093 3983 1723 1097 3984 1720 1098 3985 1721 1095 3986 1725 1099 3987 1722 1100 3988 1723 1097 3989 1727 1101 3990 1724 1102 3991 1725 1099 3992 1729 1103 3993 1726 1104 3994 1727 1101 3995 1731 1105 3996 1728 1106 3997 1729 1103 3998 1733 1107 3999 1730 1108 4000 1731 1105 4001 1735 1109 4002 1732 1110 4003 1733 1107 4004 1737 1111 4005 1734 1112 4006 1735 1109 4007 1739 1113 4008 1736 1114 4009 1737 1111 4010 1741 1115 4011 1738 1116 4012 1739 1113 4013 1743 1117 4014 1740 1118 4015 1741 1115 4016 1745 1119 4017 1742 1120 4018 1743 1117 4019 1747 1121 4020 1744 1122 4021 1745 1119 4022 1749 1123 4023 1746 1124 4024 1747 1121 4025 1751 1125 4026 1748 1126 4027 1749 1123 4028 1753 1127 4029 1750 1128 4030 1751 1125 4031 1755 1129 4032 1752 1130 4033 1753 1127 4034 1757 1131 4035 1754 1132 4036 1755 1129 4037 1759 1133 4038 1756 1134 4039 1757 1131 4040 1761 1135 4041 1758 1136 4042 1759 1133 4043 1763 1137 4044 1760 1135 4045 1761 1135 4046 1765 1138 4047 1762 1139 4048 1763 1137 4049 1767 1140 4050 1764 1141 4051 1765 1138 4052 1769 1142 4053 1766 1143 4054 1767 1140 4055 1771 1144 4056 1768 1145 4057 1769 1142 4058 1773 1146 4059 1770 1147 4060 1771 1144 4061 1775 1148 4062 1772 1146 4063 1773 1146 4064 1777 1149 4065 1774 1148 4066 1775 1148 4067 1779 1150 4068 1776 1151 4069 1777 1149 4070 1781 1152 4071 1778 1153 4072 1779 1150 4073 1783 1154 4074 1780 1155 4075 1781 1152 4076 1785 1156 4077 1782 1157 4078 1783 1154 4079 1787 1158 4080 1784 1159 4081 1785 1156 4082 1789 1160 4083 1786 1161 4084 1787 1158 4085 1791 1162 4086 1788 1163 4087 1789 1160 4088 1793 1164 4089 1790 1165 4090 1791 1162 4091 1795 1166 4092 1792 1167 4093 1793 1164 4094 1797 1168 4095 1794 1169 4096 1795 1166 4097 1799 1170 4098 1796 1171 4099 1797 1168 4100 1801 1172 4101 1798 1173 4102 1799 1170 4103 1803 1174 4104 1800 1172 4105 1801 1172 4106 1805 1175 4107 1802 1176 4108 1803 1174 4109 1807 1177 4110 1804 1175 4111 1805 1175 4112 1809 1178 4113 1806 1179 4114 1807 1177 4115 1811 1180 4116 1808 1178 4117 1809 1178 4118 1813 1181 4119 1810 1182 4120 1811 1180 4121 1815 1183 4122 1812 1181 4123 1813 1181 4124 1817 1184 4125 1814 1185 4126 1815 1183 4127 1819 1186 4128 1816 1187 4129 1817 1184 4130 1821 1188 4131 1818 1189 4132 1819 1186 4133 1823 1190 4134 1820 1191 4135 1821 1188 4136 1825 1192 4137 1822 1193 4138 1823 1190 4139 1827 1194 4140 1824 1195 4141 1825 1192 4142 1829 1196 4143 1826 1197 4144 1827 1194 4145 1831 1198 4146 1828 1199 4147 1829 1196 4148 1833 1200 4149 1830 1201 4150 1831 1198 4151 1835 1202 4152 1832 1203 4153 1833 1200 4154 1837 1204 4155 1834 1205 4156 1835 1202 4157 1839 1206 4158 1836 1207 4159 1837 1204 4160 1841 1208 4161 1838 1209 4162 1839 1206 4163 1843 1210 4164 1840 1211 4165 1841 1208 4166 1845 1212 4167 1842 1213 4168 1843 1210 4169 1847 1214 4170 1844 1215 4171 1845 1212 4172 1849 1216 4173 1846 1217 4174 1847 1214 4175 1851 1218 4176 1848 1219 4177 1849 1216 4178 1853 1220 4179 1850 1221 4180 1851 1218 4181 1855 1222 4182 1852 1223 4183 1853 1220 4184 1857 1224 4185 1854 1225 4186 1855 1222 4187 1859 1226 4188 1856 1227 4189 1857 1224 4190 1861 1228 4191 1858 1229 4192 1859 1226 4193 1863 1230 4194 1860 1231 4195 1861 1228 4196 1865 1232 4197 1862 1233 4198 1863 1230 4199 1867 1234 4200 1864 1235 4201 1865 1232 4202 1869 1236 4203 1866 1234 4204 1867 1234 4205 1871 1237 4206 1868 1238 4207 1869 1236 4208 1873 1239 4209 1870 1240 4210 1871 1237 4211 1875 1241 4212 1872 1242 4213 1873 1239 4214 1877 1243 4215 1874 1241 4216 1875 1241 4217 1879 1244 4218 1876 1245 4219 1877 1243 4220 1881 1246 4221 1878 1247 4222 1879 1244 4223 1883 1248 4224 1880 1249 4225 1881 1246 4226 1885 1250 4227 1882 1251 4228 1883 1248 4229 1887 1252 4230 1884 1253 4231 1885 1250 4232 1889 1254 4233 1886 1255 4234 1887 1252 4235 1891 1256 4236 1888 1257 4237 1889 1254 4238 1893 1258 4239 1890 1259 4240 1891 1256 4241 1895 1260 4242 1892 1261 4243 1893 1258 4244 1897 1262 4245 1894 1263 4246 1895 1260 4247 1899 1264 4248 1896 1262 4249 1897 1262 4250 1901 1265 4251 1898 1266 4252 1899 1264 4253 1903 1267 4254 1900 1268 4255 1901 1265 4256 1905 1269 4257 1902 1270 4258 1903 1267 4259 1907 1271 4260 1904 1269 4261 1905 1269 4262 1909 1272 4263 1906 1271 4264 1907 1271 4265 1911 1273 4266 1908 1274 4267 1909 1272 4268 1913 1275 4269 1910 1276 4270 1911 1273 4271 1915 1277 4272 1912 1278 4273 1913 1275 4274 1917 1279 4275 1914 1280 4276 1915 1277 4277 1919 1281 4278 1916 1282 4279 1917 1279 4280 1653 1031 4281 1918 1283 4282 1919 1281 4283 963 345 4284 962 349 4285 960 346 4286 965 348 4287 964 351 4288 962 349 4289 967 350 4290 966 353 4291 964 351 4292 969 352 4293 968 355 4294 966 353 4295 971 354 4296 970 357 4297 968 355 4298 973 356 4299 972 359 4300 970 357 4301 975 358 4302 974 361 4303 972 359 4304 977 360 4305 976 363 4306 974 361 4307 979 362 4308 978 365 4309 976 363 4310 981 364 4311 980 367 4312 978 365 4313 983 366 4314 982 369 4315 980 367 4316 985 368 4317 984 371 4318 982 369 4319 987 370 4320 986 373 4321 984 371 4322 989 372 4323 988 372 4324 986 373 4325 991 374 4326 990 376 4327 988 372 4328 993 375 4329 992 378 4330 990 376 4331 995 377 4332 994 380 4333 992 378 4334 997 379 4335 996 382 4336 994 380 4337 999 381 4338 998 384 4339 996 382 4340 1001 383 4341 1000 386 4342 998 384 4343 1003 385 4344 1002 388 4345 1000 386 4346 1005 387 4347 1004 390 4348 1002 388 4349 1007 389 4350 1006 392 4351 1004 390 4352 1009 391 4353 1008 394 4354 1006 392 4355 1011 393 4356 1010 396 4357 1008 394 4358 1013 395 4359 1012 398 4360 1010 396 4361 1015 397 4362 1014 400 4363 1012 398 4364 1017 399 4365 1016 402 4366 1014 400 4367 1019 401 4368 1018 404 4369 1016 402 4370 1021 403 4371 1020 406 4372 1018 404 4373 1023 405 4374 1022 408 4375 1020 406 4376 1025 407 4377 1024 410 4378 1022 408 4379 1027 409 4380 1026 412 4381 1024 410 4382 1029 411 4383 1028 414 4384 1026 412 4385 1031 413 4386 1030 416 4387 1028 414 4388 1033 415 4389 1032 418 4390 1030 416 4391 1035 417 4392 1034 420 4393 1032 418 4394 1037 419 4395 1036 422 4396 1034 420 4397 1039 421 4398 1038 424 4399 1036 422 4400 1041 423 4401 1040 426 4402 1038 424 4403 1043 425 4404 1042 428 4405 1040 426 4406 1045 427 4407 1044 430 4408 1042 428 4409 1047 429 4410 1046 432 4411 1044 430 4412 1049 431 4413 1048 434 4414 1046 432 4415 1051 433 4416 1050 436 4417 1048 434 4418 1053 435 4419 1052 438 4420 1050 436 4421 1055 437 4422 1054 439 4423 1052 438 4424 961 347 4425 960 346 4426 1054 439 4427 1059 440 4428 1058 444 4429 1056 441 4430 1061 443 4431 1060 446 4432 1058 444 4433 1063 445 4434 1062 448 4435 1060 446 4436 1065 447 4437 1064 450 4438 1062 448 4439 1067 449 4440 1066 452 4441 1064 450 4442 1069 451 4443 1068 454 4444 1066 452 4445 1071 453 4446 1070 456 4447 1068 454 4448 1073 455 4449 1072 458 4450 1070 456 4451 1075 457 4452 1074 460 4453 1072 458 4454 1077 459 4455 1076 462 4456 1074 460 4457 1079 461 4458 1078 464 4459 1076 462 4460 1081 463 4461 1080 466 4462 1078 464 4463 1083 465 4464 1082 468 4465 1080 466 4466 1085 467 4467 1084 470 4468 1082 468 4469 1087 469 4470 1086 472 4471 1084 470 4472 1089 471 4473 1088 474 4474 1086 472 4475 1091 473 4476 1090 476 4477 1088 474 4478 1093 475 4479 1092 478 4480 1090 476 4481 1095 477 4482 1094 480 4483 1092 478 4484 1097 479 4485 1096 482 4486 1094 480 4487 1099 481 4488 1098 484 4489 1096 482 4490 1101 483 4491 1100 486 4492 1098 484 4493 1103 485 4494 1102 488 4495 1100 486 4496 1105 487 4497 1104 490 4498 1102 488 4499 1107 489 4500 1106 492 4501 1104 490 4502 1109 491 4503 1108 494 4504 1106 492 4505 1111 493 4506 1110 496 4507 1108 494 4508 1113 495 4509 1112 498 4510 1110 496 4511 1115 497 4512 1114 500 4513 1112 498 4514 1117 499 4515 1116 502 4516 1114 500 4517 1119 501 4518 1118 504 4519 1116 502 4520 1121 503 4521 1120 506 4522 1118 504 4523 1123 505 4524 1122 508 4525 1120 506 4526 1125 507 4527 1124 510 4528 1122 508 4529 1127 509 4530 1126 512 4531 1124 510 4532 1129 511 4533 1128 514 4534 1126 512 4535 1131 513 4536 1130 516 4537 1128 514 4538 1133 515 4539 1132 518 4540 1130 516 4541 1135 517 4542 1134 520 4543 1132 518 4544 1137 519 4545 1136 522 4546 1134 520 4547 1139 521 4548 1138 524 4549 1136 522 4550 1141 523 4551 1140 526 4552 1138 524 4553 1143 525 4554 1142 528 4555 1140 526 4556 1145 527 4557 1144 530 4558 1142 528 4559 1147 529 4560 1146 532 4561 1144 530 4562 1149 531 4563 1148 534 4564 1146 532 4565 1151 533 4566 1150 535 4567 1148 534 4568 1057 442 4569 1056 441 4570 1150 535 4571 1155 536 4572 1154 540 4573 1152 537 4574 1157 539 4575 1156 542 4576 1154 540 4577 1159 541 4578 1158 544 4579 1156 542 4580 1161 543 4581 1160 546 4582 1158 544 4583 1163 545 4584 1162 545 4585 1160 546 4586 1165 547 4587 1164 549 4588 1162 545 4589 1167 548 4590 1166 551 4591 1164 549 4592 1169 550 4593 1168 553 4594 1166 551 4595 1171 552 4596 1170 555 4597 1168 553 4598 1173 554 4599 1172 557 4600 1170 555 4601 1175 556 4602 1174 559 4603 1172 557 4604 1177 558 4605 1176 561 4606 1174 559 4607 1179 560 4608 1178 563 4609 1176 561 4610 1181 562 4611 1180 565 4612 1178 563 4613 1183 564 4614 1182 567 4615 1180 565 4616 1185 566 4617 1184 569 4618 1182 567 4619 1187 568 4620 1186 571 4621 1184 569 4622 1189 570 4623 1188 573 4624 1186 571 4625 1191 572 4626 1190 575 4627 1188 573 4628 1193 574 4629 1192 577 4630 1190 575 4631 1195 576 4632 1194 579 4633 1192 577 4634 1197 578 4635 1196 578 4636 1194 579 4637 1199 580 4638 1198 582 4639 1196 578 4640 1201 581 4641 1200 584 4642 1198 582 4643 1203 583 4644 1202 583 4645 1200 584 4646 1205 585 4647 1204 587 4648 1202 583 4649 1207 586 4650 1206 588 4651 1204 587 4652 1153 538 4653 1152 537 4654 1206 588 4655 1211 589 4656 1210 593 4657 1208 590 4658 1213 592 4659 1212 595 4660 1210 593 4661 1215 594 4662 1214 597 4663 1212 595 4664 1217 596 4665 1216 599 4666 1214 597 4667 1219 598 4668 1218 601 4669 1216 599 4670 1221 600 4671 1220 603 4672 1218 601 4673 1223 602 4674 1222 605 4675 1220 603 4676 1225 604 4677 1224 607 4678 1222 605 4679 1227 606 4680 1226 609 4681 1224 607 4682 1229 608 4683 1228 611 4684 1226 609 4685 1231 610 4686 1230 613 4687 1228 611 4688 1233 612 4689 1232 615 4690 1230 613 4691 1235 614 4692 1234 617 4693 1232 615 4694 1237 616 4695 1236 619 4696 1234 617 4697 1239 618 4698 1238 621 4699 1236 619 4700 1241 620 4701 1240 623 4702 1238 621 4703 1243 622 4704 1242 625 4705 1240 623 4706 1245 624 4707 1244 627 4708 1242 625 4709 1247 626 4710 1246 629 4711 1244 627 4712 1249 628 4713 1248 631 4714 1246 629 4715 1251 630 4716 1250 633 4717 1248 631 4718 1253 632 4719 1252 635 4720 1250 633 4721 1255 634 4722 1254 637 4723 1252 635 4724 1257 636 4725 1256 639 4726 1254 637 4727 1259 638 4728 1258 641 4729 1256 639 4730 1261 640 4731 1260 643 4732 1258 641 4733 1263 642 4734 1262 645 4735 1260 643 4736 1265 644 4737 1264 647 4738 1262 645 4739 1267 646 4740 1266 649 4741 1264 647 4742 1269 648 4743 1268 651 4744 1266 649 4745 1271 650 4746 1270 653 4747 1268 651 4748 1273 652 4749 1272 655 4750 1270 653 4751 1275 654 4752 1274 657 4753 1272 655 4754 1277 656 4755 1276 659 4756 1274 657 4757 1279 658 4758 1278 661 4759 1276 659 4760 1281 660 4761 1280 663 4762 1278 661 4763 1283 662 4764 1282 665 4765 1280 663 4766 1285 664 4767 1284 667 4768 1282 665 4769 1287 666 4770 1286 669 4771 1284 667 4772 1289 668 4773 1288 671 4774 1286 669 4775 1291 670 4776 1290 673 4777 1288 671 4778 1293 672 4779 1292 675 4780 1290 673 4781 1295 674 4782 1294 677 4783 1292 675 4784 1297 676 4785 1296 679 4786 1294 677 4787 1299 678 4788 1298 681 4789 1296 679 4790 1301 680 4791 1300 683 4792 1298 681 4793 1303 682 4794 1302 684 4795 1300 683 4796 1209 591 4797 1208 590 4798 1302 684 4799 1307 685 4800 1306 689 4801 1304 686 4802 1309 688 4803 1308 691 4804 1306 689 4805 1311 690 4806 1310 693 4807 1308 691 4808 1313 692 4809 1312 695 4810 1310 693 4811 1315 694 4812 1314 697 4813 1312 695 4814 1317 696 4815 1316 699 4816 1314 697 4817 1319 698 4818 1318 701 4819 1316 699 4820 1321 700 4821 1320 703 4822 1318 701 4823 1323 702 4824 1322 705 4825 1320 703 4826 1325 704 4827 1324 707 4828 1322 705 4829 1327 706 4830 1326 709 4831 1324 707 4832 1329 708 4833 1328 711 4834 1326 709 4835 1331 710 4836 1330 713 4837 1328 711 4838 1333 712 4839 1332 715 4840 1330 713 4841 1335 714 4842 1334 717 4843 1332 715 4844 1337 716 4845 1336 719 4846 1334 717 4847 1339 718 4848 1338 721 4849 1336 719 4850 1341 720 4851 1340 723 4852 1338 721 4853 1343 722 4854 1342 725 4855 1340 723 4856 1345 724 4857 1344 727 4858 1342 725 4859 1347 726 4860 1346 729 4861 1344 727 4862 1349 728 4863 1348 728 4864 1346 729 4865 1351 730 4866 1350 732 4867 1348 728 4868 1353 731 4869 1352 734 4870 1350 732 4871 1355 733 4872 1354 736 4873 1352 734 4874 1357 735 4875 1356 738 4876 1354 736 4877 1359 737 4878 1358 740 4879 1356 738 4880 1361 739 4881 1360 742 4882 1358 740 4883 1363 741 4884 1362 744 4885 1360 742 4886 1365 743 4887 1364 746 4888 1362 744 4889 1367 745 4890 1366 748 4891 1364 746 4892 1369 747 4893 1368 750 4894 1366 748 4895 1371 749 4896 1370 752 4897 1368 750 4898 1373 751 4899 1372 754 4900 1370 752 4901 1375 753 4902 1374 756 4903 1372 754 4904 1377 755 4905 1376 758 4906 1374 756 4907 1379 757 4908 1378 760 4909 1376 758 4910 1381 759 4911 1380 762 4912 1378 760 4913 1383 761 4914 1382 764 4915 1380 762 4916 1385 763 4917 1384 766 4918 1382 764 4919 1387 765 4920 1386 768 4921 1384 766 4922 1389 767 4923 1388 770 4924 1386 768 4925 1391 769 4926 1390 772 4927 1388 770 4928 1393 771 4929 1392 774 4930 1390 772 4931 1395 773 4932 1394 776 4933 1392 774 4934 1397 775 4935 1396 778 4936 1394 776 4937 1399 777 4938 1398 780 4939 1396 778 4940 1401 779 4941 1400 782 4942 1398 780 4943 1403 781 4944 1402 784 4945 1400 782 4946 1405 783 4947 1404 786 4948 1402 784 4949 1407 785 4950 1406 788 4951 1404 786 4952 1409 787 4953 1408 790 4954 1406 788 4955 1411 789 4956 1410 792 4957 1408 790 4958 1413 791 4959 1412 794 4960 1410 792 4961 1415 793 4962 1414 796 4963 1412 794 4964 1417 795 4965 1416 798 4966 1414 796 4967 1419 797 4968 1418 800 4969 1416 798 4970 1421 799 4971 1420 802 4972 1418 800 4973 1423 801 4974 1422 804 4975 1420 802 4976 1425 803 4977 1424 806 4978 1422 804 4979 1427 805 4980 1426 808 4981 1424 806 4982 1429 807 4983 1428 810 4984 1426 808 4985 1431 809 4986 1430 812 4987 1428 810 4988 1433 811 4989 1432 814 4990 1430 812 4991 1435 813 4992 1434 816 4993 1432 814 4994 1437 815 4995 1436 818 4996 1434 816 4997 1439 817 4998 1438 820 4999 1436 818 5000 1441 819 5001 1440 822 5002 1438 820 5003 1443 821 5004 1442 824 5005 1440 822 5006 1445 823 5007 1444 826 5008 1442 824 5009 1447 825 5010 1446 828 5011 1444 826 5012 1449 827 5013 1448 830 5014 1446 828 5015 1451 829 5016 1450 832 5017 1448 830 5018 1453 831 5019 1452 834 5020 1450 832 5021 1455 833 5022 1454 836 5023 1452 834 5024 1457 835 5025 1456 838 5026 1454 836 5027 1459 837 5028 1458 840 5029 1456 838 5030 1461 839 5031 1460 842 5032 1458 840 5033 1463 841 5034 1462 844 5035 1460 842 5036 1465 843 5037 1464 846 5038 1462 844 5039 1467 845 5040 1466 848 5041 1464 846 5042 1469 847 5043 1468 850 5044 1466 848 5045 1471 849 5046 1470 852 5047 1468 850 5048 1473 851 5049 1472 854 5050 1470 852 5051 1475 853 5052 1474 856 5053 1472 854 5054 1477 855 5055 1476 858 5056 1474 856 5057 1479 857 5058 1478 860 5059 1476 858 5060 1481 859 5061 1480 862 5062 1478 860 5063 1483 861 5064 1482 864 5065 1480 862 5066 1485 863 5067 1484 866 5068 1482 864 5069 1487 865 5070 1486 868 5071 1484 866 5072 1489 867 5073 1488 870 5074 1486 868 5075 1491 869 5076 1490 872 5077 1488 870 5078 1493 871 5079 1492 874 5080 1490 872 5081 1495 873 5082 1494 876 5083 1492 874 5084 1497 875 5085 1496 878 5086 1494 876 5087 1499 877 5088 1498 880 5089 1496 878 5090 1501 879 5091 1500 882 5092 1498 880 5093 1503 881 5094 1502 884 5095 1500 882 5096 1505 883 5097 1504 886 5098 1502 884 5099 1507 885 5100 1506 888 5101 1504 886 5102 1509 887 5103 1508 887 5104 1506 888 5105 1511 889 5106 1510 891 5107 1508 887 5108 1513 890 5109 1512 893 5110 1510 891 5111 1515 892 5112 1514 895 5113 1512 893 5114 1517 894 5115 1516 897 5116 1514 895 5117 1519 896 5118 1518 899 5119 1516 897 5120 1521 898 5121 1520 901 5122 1518 899 5123 1523 900 5124 1522 903 5125 1520 901 5126 1525 902 5127 1524 905 5128 1522 903 5129 1527 904 5130 1526 907 5131 1524 905 5132 1529 906 5133 1528 909 5134 1526 907 5135 1531 908 5136 1530 911 5137 1528 909 5138 1533 910 5139 1532 913 5140 1530 911 5141 1535 912 5142 1534 915 5143 1532 913 5144 1537 914 5145 1536 917 5146 1534 915 5147 1539 916 5148 1538 919 5149 1536 917 5150 1541 918 5151 1540 921 5152 1538 919 5153 1543 920 5154 1542 923 5155 1540 921 5156 1545 922 5157 1544 925 5158 1542 923 5159 1547 924 5160 1546 927 5161 1544 925 5162 1549 926 5163 1548 929 5164 1546 927 5165 1551 928 5166 1550 931 5167 1548 929 5168 1553 930 5169 1552 933 5170 1550 931 5171 1555 932 5172 1554 935 5173 1552 933 5174 1557 934 5175 1556 937 5176 1554 935 5177 1559 936 5178 1558 939 5179 1556 937 5180 1561 938 5181 1560 941 5182 1558 939 5183 1563 940 5184 1562 943 5185 1560 941 5186 1565 942 5187 1564 945 5188 1562 943 5189 1567 944 5190 1566 947 5191 1564 945 5192 1569 946 5193 1568 949 5194 1566 947 5195 1571 948 5196 1570 951 5197 1568 949 5198 1573 950 5199 1572 950 5200 1570 951 5201 1575 952 5202 1574 954 5203 1572 950 5204 1577 953 5205 1576 955 5206 1574 954 5207 1305 687 5208 1304 686 5209 1576 955 5210 1581 956 5211 1580 960 5212 1578 957 5213 1583 959 5214 1582 962 5215 1580 960 5216 1585 961 5217 1584 964 5218 1582 962 5219 1587 963 5220 1586 966 5221 1584 964 5222 1589 965 5223 1588 968 5224 1586 966 5225 1591 967 5226 1590 970 5227 1588 968 5228 1593 969 5229 1592 972 5230 1590 970 5231 1595 971 5232 1594 974 5233 1592 972 5234 1597 973 5235 1596 976 5236 1594 974 5237 1599 975 5238 1598 978 5239 1596 976 5240 1601 977 5241 1600 980 5242 1598 978 5243 1603 979 5244 1602 982 5245 1600 980 5246 1605 981 5247 1604 984 5248 1602 982 5249 1607 983 5250 1606 986 5251 1604 984 5252 1609 985 5253 1608 988 5254 1606 986 5255 1611 987 5256 1610 987 5257 1608 988 5258 1613 989 5259 1612 991 5260 1610 987 5261 1615 990 5262 1614 993 5263 1612 991 5264 1617 992 5265 1616 995 5266 1614 993 5267 1619 994 5268 1618 997 5269 1616 995 5270 1621 996 5271 1620 999 5272 1618 997 5273 1623 998 5274 1622 1001 5275 1620 999 5276 1625 1000 5277 1624 1003 5278 1622 1001 5279 1627 1002 5280 1626 1005 5281 1624 1003 5282 1629 1004 5283 1628 1007 5284 1626 1005 5285 1631 1006 5286 1630 1009 5287 1628 1007 5288 1633 1008 5289 1632 1011 5290 1630 1009 5291 1635 1010 5292 1634 1013 5293 1632 1011 5294 1637 1012 5295 1636 1015 5296 1634 1013 5297 1639 1014 5298 1638 1017 5299 1636 1015 5300 1641 1016 5301 1640 1019 5302 1638 1017 5303 1643 1018 5304 1642 1021 5305 1640 1019 5306 1645 1020 5307 1644 1023 5308 1642 1021 5309 1647 1022 5310 1646 1025 5311 1644 1023 5312 1649 1024 5313 1648 1027 5314 1646 1025 5315 1651 1026 5316 1650 1028 5317 1648 1027 5318 1579 958 5319 1578 957 5320 1650 1028 5321 1655 1029 5322 1654 1033 5323 1652 1030 5324 1657 1032 5325 1656 1035 5326 1654 1033 5327 1659 1034 5328 1658 1037 5329 1656 1035 5330 1661 1036 5331 1660 1039 5332 1658 1037 5333 1663 1038 5334 1662 1041 5335 1660 1039 5336 1665 1040 5337 1664 1043 5338 1662 1041 5339 1667 1042 5340 1666 1045 5341 1664 1043 5342 1669 1044 5343 1668 1047 5344 1666 1045 5345 1671 1046 5346 1670 1049 5347 1668 1047 5348 1673 1048 5349 1672 1051 5350 1670 1049 5351 1675 1050 5352 1674 1053 5353 1672 1051 5354 1677 1052 5355 1676 1055 5356 1674 1053 5357 1679 1054 5358 1678 1057 5359 1676 1055 5360 1681 1056 5361 1680 1059 5362 1678 1057 5363 1683 1058 5364 1682 1061 5365 1680 1059 5366 1685 1060 5367 1684 1063 5368 1682 1061 5369 1687 1062 5370 1686 1065 5371 1684 1063 5372 1689 1064 5373 1688 1067 5374 1686 1065 5375 1691 1066 5376 1690 1069 5377 1688 1067 5378 1693 1068 5379 1692 1071 5380 1690 1069 5381 1695 1070 5382 1694 1070 5383 1692 1071 5384 1697 1072 5385 1696 1074 5386 1694 1070 5387 1699 1073 5388 1698 1076 5389 1696 1074 5390 1701 1075 5391 1700 1078 5392 1698 1076 5393 1703 1077 5394 1702 1080 5395 1700 1078 5396 1705 1079 5397 1704 1082 5398 1702 1080 5399 1707 1081 5400 1706 1084 5401 1704 1082 5402 1709 1083 5403 1708 1086 5404 1706 1084 5405 1711 1085 5406 1710 1088 5407 1708 1086 5408 1713 1087 5409 1712 1090 5410 1710 1088 5411 1715 1089 5412 1714 1092 5413 1712 1090 5414 1717 1091 5415 1716 1094 5416 1714 1092 5417 1719 1093 5418 1718 1096 5419 1716 1094 5420 1721 1095 5421 1720 1098 5422 1718 1096 5423 1723 1097 5424 1722 1100 5425 1720 1098 5426 1725 1099 5427 1724 1102 5428 1722 1100 5429 1727 1101 5430 1726 1104 5431 1724 1102 5432 1729 1103 5433 1728 1106 5434 1726 1104 5435 1731 1105 5436 1730 1108 5437 1728 1106 5438 1733 1107 5439 1732 1110 5440 1730 1108 5441 1735 1109 5442 1734 1112 5443 1732 1110 5444 1737 1111 5445 1736 1114 5446 1734 1112 5447 1739 1113 5448 1738 1116 5449 1736 1114 5450 1741 1115 5451 1740 1118 5452 1738 1116 5453 1743 1117 5454 1742 1120 5455 1740 1118 5456 1745 1119 5457 1744 1122 5458 1742 1120 5459 1747 1121 5460 1746 1124 5461 1744 1122 5462 1749 1123 5463 1748 1126 5464 1746 1124 5465 1751 1125 5466 1750 1128 5467 1748 1126 5468 1753 1127 5469 1752 1130 5470 1750 1128 5471 1755 1129 5472 1754 1132 5473 1752 1130 5474 1757 1131 5475 1756 1134 5476 1754 1132 5477 1759 1133 5478 1758 1136 5479 1756 1134 5480 1761 1135 5481 1760 1135 5482 1758 1136 5483 1763 1137 5484 1762 1139 5485 1760 1135 5486 1765 1138 5487 1764 1141 5488 1762 1139 5489 1767 1140 5490 1766 1143 5491 1764 1141 5492 1769 1142 5493 1768 1145 5494 1766 1143 5495 1771 1144 5496 1770 1147 5497 1768 1145 5498 1773 1146 5499 1772 1146 5500 1770 1147 5501 1775 1148 5502 1774 1148 5503 1772 1146 5504 1777 1149 5505 1776 1151 5506 1774 1148 5507 1779 1150 5508 1778 1153 5509 1776 1151 5510 1781 1152 5511 1780 1155 5512 1778 1153 5513 1783 1154 5514 1782 1157 5515 1780 1155 5516 1785 1156 5517 1784 1159 5518 1782 1157 5519 1787 1158 5520 1786 1161 5521 1784 1159 5522 1789 1160 5523 1788 1163 5524 1786 1161 5525 1791 1162 5526 1790 1165 5527 1788 1163 5528 1793 1164 5529 1792 1167 5530 1790 1165 5531 1795 1166 5532 1794 1169 5533 1792 1167 5534 1797 1168 5535 1796 1171 5536 1794 1169 5537 1799 1170 5538 1798 1173 5539 1796 1171 5540 1801 1172 5541 1800 1172 5542 1798 1173 5543 1803 1174 5544 1802 1176 5545 1800 1172 5546 1805 1175 5547 1804 1175 5548 1802 1176 5549 1807 1177 5550 1806 1179 5551 1804 1175 5552 1809 1178 5553 1808 1178 5554 1806 1179 5555 1811 1180 5556 1810 1182 5557 1808 1178 5558 1813 1181 5559 1812 1181 5560 1810 1182 5561 1815 1183 5562 1814 1185 5563 1812 1181 5564 1817 1184 5565 1816 1187 5566 1814 1185 5567 1819 1186 5568 1818 1189 5569 1816 1187 5570 1821 1188 5571 1820 1191 5572 1818 1189 5573 1823 1190 5574 1822 1193 5575 1820 1191 5576 1825 1192 5577 1824 1195 5578 1822 1193 5579 1827 1194 5580 1826 1197 5581 1824 1195 5582 1829 1196 5583 1828 1199 5584 1826 1197 5585 1831 1198 5586 1830 1201 5587 1828 1199 5588 1833 1200 5589 1832 1203 5590 1830 1201 5591 1835 1202 5592 1834 1205 5593 1832 1203 5594 1837 1204 5595 1836 1207 5596 1834 1205 5597 1839 1206 5598 1838 1209 5599 1836 1207 5600 1841 1208 5601 1840 1211 5602 1838 1209 5603 1843 1210 5604 1842 1213 5605 1840 1211 5606 1845 1212 5607 1844 1215 5608 1842 1213 5609 1847 1214 5610 1846 1217 5611 1844 1215 5612 1849 1216 5613 1848 1219 5614 1846 1217 5615 1851 1218 5616 1850 1221 5617 1848 1219 5618 1853 1220 5619 1852 1223 5620 1850 1221 5621 1855 1222 5622 1854 1225 5623 1852 1223 5624 1857 1224 5625 1856 1227 5626 1854 1225 5627 1859 1226 5628 1858 1229 5629 1856 1227 5630 1861 1228 5631 1860 1231 5632 1858 1229 5633 1863 1230 5634 1862 1233 5635 1860 1231 5636 1865 1232 5637 1864 1235 5638 1862 1233 5639 1867 1234 5640 1866 1234 5641 1864 1235 5642 1869 1236 5643 1868 1238 5644 1866 1234 5645 1871 1237 5646 1870 1240 5647 1868 1238 5648 1873 1239 5649 1872 1242 5650 1870 1240 5651 1875 1241 5652 1874 1241 5653 1872 1242 5654 1877 1243 5655 1876 1245 5656 1874 1241 5657 1879 1244 5658 1878 1247 5659 1876 1245 5660 1881 1246 5661 1880 1249 5662 1878 1247 5663 1883 1248 5664 1882 1251 5665 1880 1249 5666 1885 1250 5667 1884 1253 5668 1882 1251 5669 1887 1252 5670 1886 1255 5671 1884 1253 5672 1889 1254 5673 1888 1257 5674 1886 1255 5675 1891 1256 5676 1890 1259 5677 1888 1257 5678 1893 1258 5679 1892 1261 5680 1890 1259 5681 1895 1260 5682 1894 1263 5683 1892 1261 5684 1897 1262 5685 1896 1262 5686 1894 1263 5687 1899 1264 5688 1898 1266 5689 1896 1262 5690 1901 1265 5691 1900 1268 5692 1898 1266 5693 1903 1267 5694 1902 1270 5695 1900 1268 5696 1905 1269 5697 1904 1269 5698 1902 1270 5699 1907 1271 5700 1906 1271 5701 1904 1269 5702 1909 1272 5703 1908 1274 5704 1906 1271 5705 1911 1273 5706 1910 1276 5707 1908 1274 5708 1913 1275 5709 1912 1278 5710 1910 1276 5711 1915 1277 5712 1914 1280 5713 1912 1278 5714 1917 1279 5715 1916 1282 5716 1914 1280 5717 1919 1281 5718 1918 1283 5719 1916 1282 5720 1653 1031 5721 1652 1030 5722 1918 1283 5723</p>
        </triangles>
      </mesh>
    </geometry>
    <geometry id="Cube_003-mesh" name="Cube.003">
      <mesh>
        <source id="Cube_003-mesh-positions">
          <float_array id="Cube_003-mesh-positions-array" count="192">-10.07414 -6.596996 6.945369 -10.07414 -6.596996 7.945369 -10.07414 -5.596996 6.945369 -10.07414 -5.596996 7.945369 -9.074139 -6.596996 6.945369 -9.074139 -6.596996 7.945369 -9.074139 -5.596996 6.945369 -9.074139 -5.596996 7.945369 -10.0798 28.40307 6.945369 -10.0798 28.40307 7.945369 -10.0798 29.40307 6.945369 -10.0798 29.40307 7.945369 -9.079804 28.40307 6.945369 -9.079804 28.40307 7.945369 -9.079804 29.40307 6.945369 -9.079804 29.40307 7.945369 -10.07908 23.40304 6.945369 -10.07908 23.40304 7.945369 -10.07908 24.40304 6.945369 -10.07908 24.40304 7.945369 -9.079083 23.40304 6.945369 -9.079083 23.40304 7.945369 -9.079083 24.40304 6.945369 -9.079083 24.40304 7.945369 -10.07824 18.40302 6.945369 -10.07824 18.40302 7.945369 -10.07824 19.40302 6.945369 -10.07824 19.40302 7.945369 -9.078239 18.40302 6.945369 -9.078239 18.40302 7.945369 -9.078239 19.40302 6.945369 -9.078239 19.40302 7.945369 -10.07739 13.40299 6.945369 -10.07739 13.40299 7.945369 -10.07739 14.40299 6.945369 -10.07739 14.40299 7.945369 -9.077395 13.40299 6.945369 -9.077395 13.40299 7.945369 -9.077395 14.40299 6.945369 -9.077395 14.40299 7.945369 -10.07655 8.403095 6.945369 -10.07655 8.403095 7.945369 -10.07655 9.403095 6.945369 -10.07655 9.403095 7.945369 -9.076549 8.403095 6.945369 -9.076549 8.403095 7.945369 -9.076549 9.403095 6.945369 -9.076549 9.403095 7.945369 -10.07583 3.403068 6.945369 -10.07583 3.403068 7.945369 -10.07583 4.403068 6.945369 -10.07583 4.403068 7.945369 -9.075829 3.403068 6.945369 -9.075829 3.403068 7.945369 -9.075829 4.403068 6.945369 -9.075829 4.403068 7.945369 -10.07498 -1.596962 6.945369 -10.07498 -1.596962 7.945369 -10.07498 -0.5969619 6.945369 -10.07498 -0.5969619 7.945369 -9.074985 -1.596962 6.945369 -9.074985 -1.596962 7.945369 -9.074985 -0.5969619 6.945369 -9.074985 -0.5969619 7.945369</float_array>
          <technique_common>
            <accessor source="#Cube_003-mesh-positions-array" count="64" stride="3">
              <param name="X" type="float"/>
              <param name="Y" type="float"/>
              <param name="Z" type="float"/>
            </accessor>
          </technique_common>
        </source>
        <source id="Cube_003-mesh-normals">
          <float_array id="Cube_003-mesh-normals-array" count="18">-1 0 0 0 1 0 1 0 0 0 -1 0 0 0 -1 0 0 1</float_array>
          <technique_common>
            <accessor source="#Cube_003-mesh-normals-array" count="6" stride="3">
              <param name="X" type="float"/>
              <param name="Y" type="float"/>
              <param name="Z" type="float"/>
            </accessor>
          </technique_common>
        </source>
        <source id="Cube_003-mesh-map-0">
          <float_array id="Cube_003-mesh-map-0-array" count="576">0.625 0 0.375 0.25 0.375 0 0.625 0.25 0.375 0.5 0.375 0.25 0.625 0.5 0.375 0.75 0.375 0.5 0.625 0.75 0.375 1 0.375 0.75 0.375 0.5 0.125 0.75 0.125 0.5 0.8750001 0.5 0.625 0.75 0.625 0.5 0.625 0 0.625 0.25 0.375 0.25 0.625 0.25 0.625 0.5 0.375 0.5 0.625 0.5 0.625 0.75 0.375 0.75 0.625 0.75 0.625 1 0.375 1 0.375 0.5 0.375 0.75 0.125 0.75 0.8750001 0.5 0.8750001 0.75 0.625 0.75 0 0 0 0 0 0 0 0 0 0 0 0 0 0 0 0 0 0 0 0 0 0 0 0 0 0 0 0 0 0 0 0 0 0 0 0 0 0 0 0 0 0 0 0 0 0 0 0 0 0 0 0 0 0 0 0 0 0 0 0 0 0 0 0 0 0 0 0 0 0 0 0 0 0 0 0 0 0 0 0 0 0 0 0 0 0 0 0 0 0 0 0 0 0 0 0 0 0 0 0 0 0 0 0 0 0 0 0 0 0 0 0 0 0 0 0 0 0 0 0 0 0 0 0 0 0 0 0 0 0 0 0 0 0 0 0 0 0 0 0 0 0 0 0 0 0 0 0 0 0 0 0 0 0 0 0 0 0 0 0 0 0 0 0 0 0 0 0 0 0 0 0 0 0 0 0 0 0 0 0 0 0 0 0 0 0 0 0 0 0 0 0 0 0 0 0 0 0 0 0 0 0 0 0 0 0 0 0 0 0 0 0 0 0 0 0 0 0 0 0 0 0 0 0 0 0 0 0 0 0 0 0 0 0 0 0 0 0 0 0 0 0 0 0 0 0 0 0 0 0 0 0 0 0 0 0 0 0 0 0 0 0 0 0 0 0 0 0 0 0 0 0 0 0 0 0 0 0 0 0 0 0 0 0 0 0 0 0 0 0 0 0 0 0 0 0 0 0 0 0 0 0 0 0 0 0 0 0 0 0 0 0 0 0 0 0 0 0 0 0 0 0 0 0 0 0 0 0 0 0 0 0 0 0 0 0 0 0 0 0 0 0 0 0 0 0 0 0 0 0 0 0 0 0 0 0 0 0 0 0 0 0 0 0 0 0 0 0 0 0 0 0 0 0 0 0 0 0 0 0 0 0 0 0 0 0 0 0 0 0 0 0 0 0 0 0 0 0 0 0 0 0 0 0 0 0 0 0 0 0 0 0 0 0 0 0 0 0 0 0 0 0 0 0 0 0 0 0 0 0 0 0 0 0 0 0 0 0 0 0 0 0 0 0 0 0 0 0 0 0 0 0 0 0 0 0 0 0 0 0 0 0 0 0 0 0 0 0 0 0 0 0 0 0 0 0 0 0 0 0 0 0 0 0 0 0 0 0 0 0 0 0 0 0 0 0 0 0 0 0 0 0 0 0</float_array>
          <technique_common>
            <accessor source="#Cube_003-mesh-map-0-array" count="288" stride="2">
              <param name="S" type="float"/>
              <param name="T" type="float"/>
            </accessor>
          </technique_common>
        </source>
        <source id="Cube_003-mesh-map-1">
          <float_array id="Cube_003-mesh-map-1-array" count="576">0 0 0 0 0 0 0 0 0 0 0 0 0 0 0 0 0 0 0 0 0 0 0 0 0 0 0 0 0 0 0 0 0 0 0 0 0 0 0 0 0 0 0 0 0 0 0 0 0 0 0 0 0 0 0 0 0 0 0 0 0 0 0 0 0 0 0 0 0 0 0 0 0.625 0 0.375 0.25 0.375 0 0.625 0.25 0.375 0.5 0.375 0.25 0.625 0.5 0.375 0.75 0.375 0.5 0.625 0.75 0.375 1 0.375 0.75 0.375 0.5 0.125 0.75 0.125 0.5 0.8750001 0.5 0.625 0.75 0.625 0.5 0.625 0 0.625 0.25 0.375 0.25 0.625 0.25 0.625 0.5 0.375 0.5 0.625 0.5 0.625 0.75 0.375 0.75 0.625 0.75 0.625 1 0.375 1 0.375 0.5 0.375 0.75 0.125 0.75 0.8750001 0.5 0.8750001 0.75 0.625 0.75 0 0 0 0 0 0 0 0 0 0 0 0 0 0 0 0 0 0 0 0 0 0 0 0 0 0 0 0 0 0 0 0 0 0 0 0 0 0 0 0 0 0 0 0 0 0 0 0 0 0 0 0 0 0 0 0 0 0 0 0 0 0 0 0 0 0 0 0 0 0 0 0 0 0 0 0 0 0 0 0 0 0 0 0 0 0 0 0 0 0 0 0 0 0 0 0 0 0 0 0 0 0 0 0 0 0 0 0 0 0 0 0 0 0 0 0 0 0 0 0 0 0 0 0 0 0 0 0 0 0 0 0 0 0 0 0 0 0 0 0 0 0 0 0 0 0 0 0 0 0 0 0 0 0 0 0 0 0 0 0 0 0 0 0 0 0 0 0 0 0 0 0 0 0 0 0 0 0 0 0 0 0 0 0 0 0 0 0 0 0 0 0 0 0 0 0 0 0 0 0 0 0 0 0 0 0 0 0 0 0 0 0 0 0 0 0 0 0 0 0 0 0 0 0 0 0 0 0 0 0 0 0 0 0 0 0 0 0 0 0 0 0 0 0 0 0 0 0 0 0 0 0 0 0 0 0 0 0 0 0 0 0 0 0 0 0 0 0 0 0 0 0 0 0 0 0 0 0 0 0 0 0 0 0 0 0 0 0 0 0 0 0 0 0 0 0 0 0 0 0 0 0 0 0 0 0 0 0 0 0 0 0 0 0 0 0 0 0 0 0 0 0 0 0 0 0 0 0 0 0 0 0 0 0 0 0 0 0 0 0 0 0 0 0 0 0 0 0 0 0 0 0 0 0 0 0 0 0 0 0 0 0 0 0 0 0 0 0 0 0 0 0 0 0 0 0 0 0 0 0 0 0 0 0 0 0 0 0 0 0 0 0 0 0 0 0 0 0 0 0 0 0 0 0 0 0 0 0 0 0 0 0 0 0 0 0 0 0 0 0 0 0 0 0 0 0 0 0 0 0 0 0</float_array>
          <technique_common>
            <accessor source="#Cube_003-mesh-map-1-array" count="288" stride="2">
              <param name="S" type="float"/>
              <param name="T" type="float"/>
            </accessor>
          </technique_common>
        </source>
        <source id="Cube_003-mesh-map-2">
          <float_array id="Cube_003-mesh-map-2-array" count="576">0 0 0 0 0 0 0 0 0 0 0 0 0 0 0 0 0 0 0 0 0 0 0 0 0 0 0 0 0 0 0 0 0 0 0 0 0 0 0 0 0 0 0 0 0 0 0 0 0 0 0 0 0 0 0 0 0 0 0 0 0 0 0 0 0 0 0 0 0 0 0 0 0 0 0 0 0 0 0 0 0 0 0 0 0 0 0 0 0 0 0 0 0 0 0 0 0 0 0 0 0 0 0 0 0 0 0 0 0 0 0 0 0 0 0 0 0 0 0 0 0 0 0 0 0 0 0 0 0 0 0 0 0 0 0 0 0 0 0 0 0 0 0 0 0.625 0 0.375 0.25 0.375 0 0.625 0.25 0.375 0.5 0.375 0.25 0.625 0.5 0.375 0.75 0.375 0.5 0.625 0.75 0.375 1 0.375 0.75 0.375 0.5 0.125 0.75 0.125 0.5 0.8750001 0.5 0.625 0.75 0.625 0.5 0.625 0 0.625 0.25 0.375 0.25 0.625 0.25 0.625 0.5 0.375 0.5 0.625 0.5 0.625 0.75 0.375 0.75 0.625 0.75 0.625 1 0.375 1 0.375 0.5 0.375 0.75 0.125 0.75 0.8750001 0.5 0.8750001 0.75 0.625 0.75 0 0 0 0 0 0 0 0 0 0 0 0 0 0 0 0 0 0 0 0 0 0 0 0 0 0 0 0 0 0 0 0 0 0 0 0 0 0 0 0 0 0 0 0 0 0 0 0 0 0 0 0 0 0 0 0 0 0 0 0 0 0 0 0 0 0 0 0 0 0 0 0 0 0 0 0 0 0 0 0 0 0 0 0 0 0 0 0 0 0 0 0 0 0 0 0 0 0 0 0 0 0 0 0 0 0 0 0 0 0 0 0 0 0 0 0 0 0 0 0 0 0 0 0 0 0 0 0 0 0 0 0 0 0 0 0 0 0 0 0 0 0 0 0 0 0 0 0 0 0 0 0 0 0 0 0 0 0 0 0 0 0 0 0 0 0 0 0 0 0 0 0 0 0 0 0 0 0 0 0 0 0 0 0 0 0 0 0 0 0 0 0 0 0 0 0 0 0 0 0 0 0 0 0 0 0 0 0 0 0 0 0 0 0 0 0 0 0 0 0 0 0 0 0 0 0 0 0 0 0 0 0 0 0 0 0 0 0 0 0 0 0 0 0 0 0 0 0 0 0 0 0 0 0 0 0 0 0 0 0 0 0 0 0 0 0 0 0 0 0 0 0 0 0 0 0 0 0 0 0 0 0 0 0 0 0 0 0 0 0 0 0 0 0 0 0 0 0 0 0 0 0 0 0 0 0 0 0 0 0 0 0 0 0 0 0 0 0 0 0 0 0 0 0 0 0 0 0 0 0 0 0 0 0 0 0 0 0 0 0 0 0 0 0 0 0 0 0 0 0 0 0 0 0 0 0 0 0 0 0</float_array>
          <technique_common>
            <accessor source="#Cube_003-mesh-map-2-array" count="288" stride="2">
              <param name="S" type="float"/>
              <param name="T" type="float"/>
            </accessor>
          </technique_common>
        </source>
        <source id="Cube_003-mesh-map-3">
          <float_array id="Cube_003-mesh-map-3-array" count="576">0 0 0 0 0 0 0 0 0 0 0 0 0 0 0 0 0 0 0 0 0 0 0 0 0 0 0 0 0 0 0 0 0 0 0 0 0 0 0 0 0 0 0 0 0 0 0 0 0 0 0 0 0 0 0 0 0 0 0 0 0 0 0 0 0 0 0 0 0 0 0 0 0 0 0 0 0 0 0 0 0 0 0 0 0 0 0 0 0 0 0 0 0 0 0 0 0 0 0 0 0 0 0 0 0 0 0 0 0 0 0 0 0 0 0 0 0 0 0 0 0 0 0 0 0 0 0 0 0 0 0 0 0 0 0 0 0 0 0 0 0 0 0 0 0 0 0 0 0 0 0 0 0 0 0 0 0 0 0 0 0 0 0 0 0 0 0 0 0 0 0 0 0 0 0 0 0 0 0 0 0 0 0 0 0 0 0 0 0 0 0 0 0 0 0 0 0 0 0 0 0 0 0 0 0 0 0 0 0 0 0 0 0 0 0 0 0.625 0 0.375 0.25 0.375 0 0.625 0.25 0.375 0.5 0.375 0.25 0.625 0.5 0.375 0.75 0.375 0.5 0.625 0.75 0.375 1 0.375 0.75 0.375 0.5 0.125 0.75 0.125 0.5 0.8750001 0.5 0.625 0.75 0.625 0.5 0.625 0 0.625 0.25 0.375 0.25 0.625 0.25 0.625 0.5 0.375 0.5 0.625 0.5 0.625 0.75 0.375 0.75 0.625 0.75 0.625 1 0.375 1 0.375 0.5 0.375 0.75 0.125 0.75 0.8750001 0.5 0.8750001 0.75 0.625 0.75 0 0 0 0 0 0 0 0 0 0 0 0 0 0 0 0 0 0 0 0 0 0 0 0 0 0 0 0 0 0 0 0 0 0 0 0 0 0 0 0 0 0 0 0 0 0 0 0 0 0 0 0 0 0 0 0 0 0 0 0 0 0 0 0 0 0 0 0 0 0 0 0 0 0 0 0 0 0 0 0 0 0 0 0 0 0 0 0 0 0 0 0 0 0 0 0 0 0 0 0 0 0 0 0 0 0 0 0 0 0 0 0 0 0 0 0 0 0 0 0 0 0 0 0 0 0 0 0 0 0 0 0 0 0 0 0 0 0 0 0 0 0 0 0 0 0 0 0 0 0 0 0 0 0 0 0 0 0 0 0 0 0 0 0 0 0 0 0 0 0 0 0 0 0 0 0 0 0 0 0 0 0 0 0 0 0 0 0 0 0 0 0 0 0 0 0 0 0 0 0 0 0 0 0 0 0 0 0 0 0 0 0 0 0 0 0 0 0 0 0 0 0 0 0 0 0 0 0 0 0 0 0 0 0 0 0 0 0 0 0 0 0 0 0 0 0 0 0 0 0 0 0 0 0 0 0 0 0 0 0 0 0 0 0 0 0 0 0 0 0 0 0 0 0 0 0 0 0 0 0 0 0 0 0 0 0 0 0</float_array>
          <technique_common>
            <accessor source="#Cube_003-mesh-map-3-array" count="288" stride="2">
              <param name="S" type="float"/>
              <param name="T" type="float"/>
            </accessor>
          </technique_common>
        </source>
        <source id="Cube_003-mesh-map-4">
          <float_array id="Cube_003-mesh-map-4-array" count="576">0 0 0 0 0 0 0 0 0 0 0 0 0 0 0 0 0 0 0 0 0 0 0 0 0 0 0 0 0 0 0 0 0 0 0 0 0 0 0 0 0 0 0 0 0 0 0 0 0 0 0 0 0 0 0 0 0 0 0 0 0 0 0 0 0 0 0 0 0 0 0 0 0 0 0 0 0 0 0 0 0 0 0 0 0 0 0 0 0 0 0 0 0 0 0 0 0 0 0 0 0 0 0 0 0 0 0 0 0 0 0 0 0 0 0 0 0 0 0 0 0 0 0 0 0 0 0 0 0 0 0 0 0 0 0 0 0 0 0 0 0 0 0 0 0 0 0 0 0 0 0 0 0 0 0 0 0 0 0 0 0 0 0 0 0 0 0 0 0 0 0 0 0 0 0 0 0 0 0 0 0 0 0 0 0 0 0 0 0 0 0 0 0 0 0 0 0 0 0 0 0 0 0 0 0 0 0 0 0 0 0 0 0 0 0 0 0 0 0 0 0 0 0 0 0 0 0 0 0 0 0 0 0 0 0 0 0 0 0 0 0 0 0 0 0 0 0 0 0 0 0 0 0 0 0 0 0 0 0 0 0 0 0 0 0 0 0 0 0 0 0 0 0 0 0 0 0 0 0 0 0 0 0 0 0 0 0 0 0.625 0 0.375 0.25 0.375 0 0.625 0.25 0.375 0.5 0.375 0.25 0.625 0.5 0.375 0.75 0.375 0.5 0.625 0.75 0.375 1 0.375 0.75 0.375 0.5 0.125 0.75 0.125 0.5 0.8750001 0.5 0.625 0.75 0.625 0.5 0.625 0 0.625 0.25 0.375 0.25 0.625 0.25 0.625 0.5 0.375 0.5 0.625 0.5 0.625 0.75 0.375 0.75 0.625 0.75 0.625 1 0.375 1 0.375 0.5 0.375 0.75 0.125 0.75 0.8750001 0.5 0.8750001 0.75 0.625 0.75 0 0 0 0 0 0 0 0 0 0 0 0 0 0 0 0 0 0 0 0 0 0 0 0 0 0 0 0 0 0 0 0 0 0 0 0 0 0 0 0 0 0 0 0 0 0 0 0 0 0 0 0 0 0 0 0 0 0 0 0 0 0 0 0 0 0 0 0 0 0 0 0 0 0 0 0 0 0 0 0 0 0 0 0 0 0 0 0 0 0 0 0 0 0 0 0 0 0 0 0 0 0 0 0 0 0 0 0 0 0 0 0 0 0 0 0 0 0 0 0 0 0 0 0 0 0 0 0 0 0 0 0 0 0 0 0 0 0 0 0 0 0 0 0 0 0 0 0 0 0 0 0 0 0 0 0 0 0 0 0 0 0 0 0 0 0 0 0 0 0 0 0 0 0 0 0 0 0 0 0 0 0 0 0 0 0 0 0 0 0 0 0 0 0 0 0 0 0 0 0 0 0 0 0 0 0 0 0 0 0 0 0 0 0 0 0</float_array>
          <technique_common>
            <accessor source="#Cube_003-mesh-map-4-array" count="288" stride="2">
              <param name="S" type="float"/>
              <param name="T" type="float"/>
            </accessor>
          </technique_common>
        </source>
        <source id="Cube_003-mesh-map-5">
          <float_array id="Cube_003-mesh-map-5-array" count="576">0 0 0 0 0 0 0 0 0 0 0 0 0 0 0 0 0 0 0 0 0 0 0 0 0 0 0 0 0 0 0 0 0 0 0 0 0 0 0 0 0 0 0 0 0 0 0 0 0 0 0 0 0 0 0 0 0 0 0 0 0 0 0 0 0 0 0 0 0 0 0 0 0 0 0 0 0 0 0 0 0 0 0 0 0 0 0 0 0 0 0 0 0 0 0 0 0 0 0 0 0 0 0 0 0 0 0 0 0 0 0 0 0 0 0 0 0 0 0 0 0 0 0 0 0 0 0 0 0 0 0 0 0 0 0 0 0 0 0 0 0 0 0 0 0 0 0 0 0 0 0 0 0 0 0 0 0 0 0 0 0 0 0 0 0 0 0 0 0 0 0 0 0 0 0 0 0 0 0 0 0 0 0 0 0 0 0 0 0 0 0 0 0 0 0 0 0 0 0 0 0 0 0 0 0 0 0 0 0 0 0 0 0 0 0 0 0 0 0 0 0 0 0 0 0 0 0 0 0 0 0 0 0 0 0 0 0 0 0 0 0 0 0 0 0 0 0 0 0 0 0 0 0 0 0 0 0 0 0 0 0 0 0 0 0 0 0 0 0 0 0 0 0 0 0 0 0 0 0 0 0 0 0 0 0 0 0 0 0 0 0 0 0 0 0 0 0 0 0 0 0 0 0 0 0 0 0 0 0 0 0 0 0 0 0 0 0 0 0 0 0 0 0 0 0 0 0 0 0 0 0 0 0 0 0 0 0 0 0 0 0 0 0 0 0 0 0 0 0 0 0 0 0 0 0 0 0 0 0 0 0.625 0 0.375 0.25 0.375 0 0.625 0.25 0.375 0.5 0.375 0.25 0.625 0.5 0.375 0.75 0.375 0.5 0.625 0.75 0.375 1 0.375 0.75 0.375 0.5 0.125 0.75 0.125 0.5 0.8750001 0.5 0.625 0.75 0.625 0.5 0.625 0 0.625 0.25 0.375 0.25 0.625 0.25 0.625 0.5 0.375 0.5 0.625 0.5 0.625 0.75 0.375 0.75 0.625 0.75 0.625 1 0.375 1 0.375 0.5 0.375 0.75 0.125 0.75 0.8750001 0.5 0.8750001 0.75 0.625 0.75 0 0 0 0 0 0 0 0 0 0 0 0 0 0 0 0 0 0 0 0 0 0 0 0 0 0 0 0 0 0 0 0 0 0 0 0 0 0 0 0 0 0 0 0 0 0 0 0 0 0 0 0 0 0 0 0 0 0 0 0 0 0 0 0 0 0 0 0 0 0 0 0 0 0 0 0 0 0 0 0 0 0 0 0 0 0 0 0 0 0 0 0 0 0 0 0 0 0 0 0 0 0 0 0 0 0 0 0 0 0 0 0 0 0 0 0 0 0 0 0 0 0 0 0 0 0 0 0 0 0 0 0 0 0 0 0 0 0 0 0 0 0 0 0</float_array>
          <technique_common>
            <accessor source="#Cube_003-mesh-map-5-array" count="288" stride="2">
              <param name="S" type="float"/>
              <param name="T" type="float"/>
            </accessor>
          </technique_common>
        </source>
        <source id="Cube_003-mesh-map-6">
          <float_array id="Cube_003-mesh-map-6-array" count="576">0 0 0 0 0 0 0 0 0 0 0 0 0 0 0 0 0 0 0 0 0 0 0 0 0 0 0 0 0 0 0 0 0 0 0 0 0 0 0 0 0 0 0 0 0 0 0 0 0 0 0 0 0 0 0 0 0 0 0 0 0 0 0 0 0 0 0 0 0 0 0 0 0 0 0 0 0 0 0 0 0 0 0 0 0 0 0 0 0 0 0 0 0 0 0 0 0 0 0 0 0 0 0 0 0 0 0 0 0 0 0 0 0 0 0 0 0 0 0 0 0 0 0 0 0 0 0 0 0 0 0 0 0 0 0 0 0 0 0 0 0 0 0 0 0 0 0 0 0 0 0 0 0 0 0 0 0 0 0 0 0 0 0 0 0 0 0 0 0 0 0 0 0 0 0 0 0 0 0 0 0 0 0 0 0 0 0 0 0 0 0 0 0 0 0 0 0 0 0 0 0 0 0 0 0 0 0 0 0 0 0 0 0 0 0 0 0 0 0 0 0 0 0 0 0 0 0 0 0 0 0 0 0 0 0 0 0 0 0 0 0 0 0 0 0 0 0 0 0 0 0 0 0 0 0 0 0 0 0 0 0 0 0 0 0 0 0 0 0 0 0 0 0 0 0 0 0 0 0 0 0 0 0 0 0 0 0 0 0 0 0 0 0 0 0 0 0 0 0 0 0 0 0 0 0 0 0 0 0 0 0 0 0 0 0 0 0 0 0 0 0 0 0 0 0 0 0 0 0 0 0 0 0 0 0 0 0 0 0 0 0 0 0 0 0 0 0 0 0 0 0 0 0 0 0 0 0 0 0 0 0 0 0 0 0 0 0 0 0 0 0 0 0 0 0 0 0 0 0 0 0 0 0 0 0 0 0 0 0 0 0 0 0 0 0 0 0 0 0 0 0 0 0 0 0 0 0 0 0 0 0 0 0 0 0 0 0 0 0 0 0 0 0 0 0 0 0 0 0 0 0 0 0.625 0 0.375 0.25 0.375 0 0.625 0.25 0.375 0.5 0.375 0.25 0.625 0.5 0.375 0.75 0.375 0.5 0.625 0.75 0.375 1 0.375 0.75 0.375 0.5 0.125 0.75 0.125 0.5 0.8750001 0.5 0.625 0.75 0.625 0.5 0.625 0 0.625 0.25 0.375 0.25 0.625 0.25 0.625 0.5 0.375 0.5 0.625 0.5 0.625 0.75 0.375 0.75 0.625 0.75 0.625 1 0.375 1 0.375 0.5 0.375 0.75 0.125 0.75 0.8750001 0.5 0.8750001 0.75 0.625 0.75 0 0 0 0 0 0 0 0 0 0 0 0 0 0 0 0 0 0 0 0 0 0 0 0 0 0 0 0 0 0 0 0 0 0 0 0 0 0 0 0 0 0 0 0 0 0 0 0 0 0 0 0 0 0 0 0 0 0 0 0 0 0 0 0 0 0 0 0 0 0 0 0</float_array>
          <technique_common>
            <accessor source="#Cube_003-mesh-map-6-array" count="288" stride="2">
              <param name="S" type="float"/>
              <param name="T" type="float"/>
            </accessor>
          </technique_common>
        </source>
        <source id="Cube_003-mesh-map-7">
          <float_array id="Cube_003-mesh-map-7-array" count="576">0 0 0 0 0 0 0 0 0 0 0 0 0 0 0 0 0 0 0 0 0 0 0 0 0 0 0 0 0 0 0 0 0 0 0 0 0 0 0 0 0 0 0 0 0 0 0 0 0 0 0 0 0 0 0 0 0 0 0 0 0 0 0 0 0 0 0 0 0 0 0 0 0 0 0 0 0 0 0 0 0 0 0 0 0 0 0 0 0 0 0 0 0 0 0 0 0 0 0 0 0 0 0 0 0 0 0 0 0 0 0 0 0 0 0 0 0 0 0 0 0 0 0 0 0 0 0 0 0 0 0 0 0 0 0 0 0 0 0 0 0 0 0 0 0 0 0 0 0 0 0 0 0 0 0 0 0 0 0 0 0 0 0 0 0 0 0 0 0 0 0 0 0 0 0 0 0 0 0 0 0 0 0 0 0 0 0 0 0 0 0 0 0 0 0 0 0 0 0 0 0 0 0 0 0 0 0 0 0 0 0 0 0 0 0 0 0 0 0 0 0 0 0 0 0 0 0 0 0 0 0 0 0 0 0 0 0 0 0 0 0 0 0 0 0 0 0 0 0 0 0 0 0 0 0 0 0 0 0 0 0 0 0 0 0 0 0 0 0 0 0 0 0 0 0 0 0 0 0 0 0 0 0 0 0 0 0 0 0 0 0 0 0 0 0 0 0 0 0 0 0 0 0 0 0 0 0 0 0 0 0 0 0 0 0 0 0 0 0 0 0 0 0 0 0 0 0 0 0 0 0 0 0 0 0 0 0 0 0 0 0 0 0 0 0 0 0 0 0 0 0 0 0 0 0 0 0 0 0 0 0 0 0 0 0 0 0 0 0 0 0 0 0 0 0 0 0 0 0 0 0 0 0 0 0 0 0 0 0 0 0 0 0 0 0 0 0 0 0 0 0 0 0 0 0 0 0 0 0 0 0 0 0 0 0 0 0 0 0 0 0 0 0 0 0 0 0 0 0 0 0 0 0 0 0 0 0 0 0 0 0 0 0 0 0 0 0 0 0 0 0 0 0 0 0 0 0 0 0 0 0 0 0 0 0 0 0 0 0 0 0 0 0 0 0 0 0 0 0 0 0 0 0 0 0 0 0 0 0 0 0 0 0 0 0 0 0 0 0 0 0 0 0 0 0.625 0 0.375 0.25 0.375 0 0.625 0.25 0.375 0.5 0.375 0.25 0.625 0.5 0.375 0.75 0.375 0.5 0.625 0.75 0.375 1 0.375 0.75 0.375 0.5 0.125 0.75 0.125 0.5 0.8750001 0.5 0.625 0.75 0.625 0.5 0.625 0 0.625 0.25 0.375 0.25 0.625 0.25 0.625 0.5 0.375 0.5 0.625 0.5 0.625 0.75 0.375 0.75 0.625 0.75 0.625 1 0.375 1 0.375 0.5 0.375 0.75 0.125 0.75 0.8750001 0.5 0.8750001 0.75 0.625 0.75</float_array>
          <technique_common>
            <accessor source="#Cube_003-mesh-map-7-array" count="288" stride="2">
              <param name="S" type="float"/>
              <param name="T" type="float"/>
            </accessor>
          </technique_common>
        </source>
        <vertices id="Cube_003-mesh-vertices">
          <input semantic="POSITION" source="#Cube_003-mesh-positions"/>
        </vertices>
        <triangles material="PinMat-material" count="96">
          <input semantic="VERTEX" source="#Cube_003-mesh-vertices" offset="0"/>
          <input semantic="NORMAL" source="#Cube_003-mesh-normals" offset="1"/>
          <input semantic="TEXCOORD" source="#Cube_003-mesh-map-0" offset="2" set="0"/>
          <input semantic="TEXCOORD" source="#Cube_003-mesh-map-1" offset="2" set="1"/>
          <input semantic="TEXCOORD" source="#Cube_003-mesh-map-2" offset="2" set="2"/>
          <input semantic="TEXCOORD" source="#Cube_003-mesh-map-3" offset="2" set="3"/>
          <input semantic="TEXCOORD" source="#Cube_003-mesh-map-4" offset="2" set="4"/>
          <input semantic="TEXCOORD" source="#Cube_003-mesh-map-5" offset="2" set="5"/>
          <input semantic="TEXCOORD" source="#Cube_003-mesh-map-6" offset="2" set="6"/>
          <input semantic="TEXCOORD" source="#Cube_003-mesh-map-7" offset="2" set="7"/>
          <p>1 0 0 2 0 1 0 0 2 3 1 3 6 1 4 2 1 5 7 2 6 4 2 7 6 2 8 5 3 9 0 3 10 4 3 11 6 4 12 0 4 13 2 4 14 3 5 15 5 5 16 7 5 17 1 0 18 3 0 19 2 0 20 3 1 21 7 1 22 6 1 23 7 2 24 5 2 25 4 2 26 5 3 27 1 3 28 0 3 29 6 4 30 4 4 31 0 4 32 3 5 33 1 5 34 5 5 35 9 0 36 10 0 37 8 0 38 11 1 39 14 1 40 10 1 41 15 2 42 12 2 43 14 2 44 13 3 45 8 3 46 12 3 47 14 4 48 8 4 49 10 4 50 11 5 51 13 5 52 15 5 53 9 0 54 11 0 55 10 0 56 11 1 57 15 1 58 14 1 59 15 2 60 13 2 61 12 2 62 13 3 63 9 3 64 8 3 65 14 4 66 12 4 67 8 4 68 11 5 69 9 5 70 13 5 71 17 0 72 18 0 73 16 0 74 19 1 75 22 1 76 18 1 77 23 2 78 20 2 79 22 2 80 21 3 81 16 3 82 20 3 83 22 4 84 16 4 85 18 4 86 19 5 87 21 5 88 23 5 89 17 0 90 19 0 91 18 0 92 19 1 93 23 1 94 22 1 95 23 2 96 21 2 97 20 2 98 21 3 99 17 3 100 16 3 101 22 4 102 20 4 103 16 4 104 19 5 105 17 5 106 21 5 107 25 0 108 26 0 109 24 0 110 27 1 111 30 1 112 26 1 113 31 2 114 28 2 115 30 2 116 29 3 117 24 3 118 28 3 119 30 4 120 24 4 121 26 4 122 27 5 123 29 5 124 31 5 125 25 0 126 27 0 127 26 0 128 27 1 129 31 1 130 30 1 131 31 2 132 29 2 133 28 2 134 29 3 135 25 3 136 24 3 137 30 4 138 28 4 139 24 4 140 27 5 141 25 5 142 29 5 143 33 0 144 34 0 145 32 0 146 35 1 147 38 1 148 34 1 149 39 2 150 36 2 151 38 2 152 37 3 153 32 3 154 36 3 155 38 4 156 32 4 157 34 4 158 35 5 159 37 5 160 39 5 161 33 0 162 35 0 163 34 0 164 35 1 165 39 1 166 38 1 167 39 2 168 37 2 169 36 2 170 37 3 171 33 3 172 32 3 173 38 4 174 36 4 175 32 4 176 35 5 177 33 5 178 37 5 179 41 0 180 42 0 181 40 0 182 43 1 183 46 1 184 42 1 185 47 2 186 44 2 187 46 2 188 45 3 189 40 3 190 44 3 191 46 4 192 40 4 193 42 4 194 43 5 195 45 5 196 47 5 197 41 0 198 43 0 199 42 0 200 43 1 201 47 1 202 46 1 203 47 2 204 45 2 205 44 2 206 45 3 207 41 3 208 40 3 209 46 4 210 44 4 211 40 4 212 43 5 213 41 5 214 45 5 215 49 0 216 50 0 217 48 0 218 51 1 219 54 1 220 50 1 221 55 2 222 52 2 223 54 2 224 53 3 225 48 3 226 52 3 227 54 4 228 48 4 229 50 4 230 51 5 231 53 5 232 55 5 233 49 0 234 51 0 235 50 0 236 51 1 237 55 1 238 54 1 239 55 2 240 53 2 241 52 2 242 53 3 243 49 3 244 48 3 245 54 4 246 52 4 247 48 4 248 51 5 249 49 5 250 53 5 251 57 0 252 58 0 253 56 0 254 59 1 255 62 1 256 58 1 257 63 2 258 60 2 259 62 2 260 61 3 261 56 3 262 60 3 263 62 4 264 56 4 265 58 4 266 59 5 267 61 5 268 63 5 269 57 0 270 59 0 271 58 0 272 59 1 273 63 1 274 62 1 275 63 2 276 61 2 277 60 2 278 61 3 279 57 3 280 56 3 281 62 4 282 60 4 283 56 4 284 59 5 285 57 5 286 61 5 287</p>
        </triangles>
      </mesh>
    </geometry>
    <geometry id="Cube_011-mesh" name="Cube.011">
      <mesh>
        <source id="Cube_011-mesh-positions">
          <float_array id="Cube_011-mesh-positions-array" count="24">0.715217 3.408316 7.255607 0.715217 3.408316 8.255608 0.715217 4.408316 7.255607 0.715217 4.408316 8.255608 1.715217 3.408316 7.255607 1.715217 3.408316 8.255608 1.715217 4.408316 7.255607 1.715217 4.408316 8.255608</float_array>
          <technique_common>
            <accessor source="#Cube_011-mesh-positions-array" count="8" stride="3">
              <param name="X" type="float"/>
              <param name="Y" type="float"/>
              <param name="Z" type="float"/>
            </accessor>
          </technique_common>
        </source>
        <source id="Cube_011-mesh-normals">
          <float_array id="Cube_011-mesh-normals-array" count="18">-1 0 0 0 1 0 1 0 0 0 -1 0 0 0 -1 0 0 1</float_array>
          <technique_common>
            <accessor source="#Cube_011-mesh-normals-array" count="6" stride="3">
              <param name="X" type="float"/>
              <param name="Y" type="float"/>
              <param name="Z" type="float"/>
            </accessor>
          </technique_common>
        </source>
        <source id="Cube_011-mesh-map-0">
          <float_array id="Cube_011-mesh-map-0-array" count="72">0.625 0 0.375 0.25 0.375 0 0.625 0.25 0.375 0.5 0.375 0.25 0.625 0.5 0.375 0.75 0.375 0.5 0.625 0.75 0.375 1 0.375 0.75 0.375 0.5 0.125 0.75 0.125 0.5 0.8750001 0.5 0.625 0.75 0.625 0.5 0.625 0 0.625 0.25 0.375 0.25 0.625 0.25 0.625 0.5 0.375 0.5 0.625 0.5 0.625 0.75 0.375 0.75 0.625 0.75 0.625 1 0.375 1 0.375 0.5 0.375 0.75 0.125 0.75 0.8750001 0.5 0.8750001 0.75 0.625 0.75</float_array>
          <technique_common>
            <accessor source="#Cube_011-mesh-map-0-array" count="36" stride="2">
              <param name="S" type="float"/>
              <param name="T" type="float"/>
            </accessor>
          </technique_common>
        </source>
        <vertices id="Cube_011-mesh-vertices">
          <input semantic="POSITION" source="#Cube_011-mesh-positions"/>
        </vertices>
        <triangles material="ChipMat-material" count="12">
          <input semantic="VERTEX" source="#Cube_011-mesh-vertices" offset="0"/>
          <input semantic="NORMAL" source="#Cube_011-mesh-normals" offset="1"/>
          <input semantic="TEXCOORD" source="#Cube_011-mesh-map-0" offset="2" set="0"/>
          <p>1 0 0 2 0 1 0 0 2 3 1 3 6 1 4 2 1 5 7 2 6 4 2 7 6 2 8 5 3 9 0 3 10 4 3 11 6 4 12 0 4 13 2 4 14 3 5 15 5 5 16 7 5 17 1 0 18 3 0 19 2 0 20 3 1 21 7 1 22 6 1 23 7 2 24 5 2 25 4 2 26 5 3 27 1 3 28 0 3 29 6 4 30 4 4 31 0 4 32 3 5 33 1 5 34 5 5 35</p>
        </triangles>
      </mesh>
    </geometry>
    <geometry id="Cylinder_004-mesh" name="Cylinder.004">
      <mesh>
        <source id="Cylinder_004-mesh-positions">
          <float_array id="Cylinder_004-mesh-positions-array" count="96">-1.802339 16.69078 21.83779 -1.802339 16.69078 23.83779 -1.228314 16.5766 21.83779 -1.228314 16.5766 23.83779 -0.7416788 16.25144 21.83779 -0.7416788 16.25144 23.83779 -0.4165199 15.7648 21.83779 -0.4165199 15.7648 23.83779 -0.3023388 15.19078 21.83779 -0.3023388 15.19078 23.83779 -0.4165199 14.61675 21.83779 -0.4165199 14.61675 23.83779 -0.7416788 14.13012 21.83779 -0.7416788 14.13012 23.83779 -1.228314 13.80496 21.83779 -1.228314 13.80496 23.83779 -1.802339 13.69078 21.83779 -1.802339 13.69078 23.83779 -2.376364 13.80496 21.83779 -2.376364 13.80496 23.83779 -2.862999 14.13012 21.83779 -2.862999 14.13012 23.83779 -3.188158 14.61675 21.83779 -3.188158 14.61675 23.83779 -3.302339 15.19078 21.83779 -3.302339 15.19078 23.83779 -3.188158 15.7648 21.83779 -3.188158 15.7648 23.83779 -2.862999 16.25144 21.83779 -2.862999 16.25144 23.83779 -2.376364 16.5766 21.83779 -2.376364 16.5766 23.83779</float_array>
          <technique_common>
            <accessor source="#Cylinder_004-mesh-positions-array" count="32" stride="3">
              <param name="X" type="float"/>
              <param name="Y" type="float"/>
              <param name="Z" type="float"/>
            </accessor>
          </technique_common>
        </source>
        <source id="Cylinder_004-mesh-normals">
          <float_array id="Cylinder_004-mesh-normals-array" count="84">0.1950885 0.9807857 0 0.5555704 0.8314697 0 0.8314699 0.5555699 0 0.9807853 0.1950909 0 0.9807853 -0.1950909 0 0.8314699 -0.5555699 0 0.5555704 -0.8314697 0 0.1950901 -0.9807854 0 -0.1950901 -0.9807854 0 -0.5555704 -0.8314696 0 -0.8314698 -0.5555701 0 -0.9807853 -0.1950909 0 -0.9807853 0.1950909 0 -0.8314701 0.5555695 0 0 0 1 -0.5555701 0.8314698 0 -0.1950885 0.9807857 0 0 0 -1 -0.5555701 -0.8314698 0 -0.8314701 -0.5555695 0 -0.8314698 0.5555701 0 3.63769e-6 0 1 -2.55472e-6 0 1 -5.10944e-6 0 1 7.27506e-6 0 1 -0.5555704 0.8314696 0 -7.27521e-6 0 -1 7.27527e-6 0 -1</float_array>
          <technique_common>
            <accessor source="#Cylinder_004-mesh-normals-array" count="28" stride="3">
              <param name="X" type="float"/>
              <param name="Y" type="float"/>
              <param name="Z" type="float"/>
            </accessor>
          </technique_common>
        </source>
        <source id="Cylinder_004-mesh-map-0">
          <float_array id="Cylinder_004-mesh-map-0-array" count="360">1 1 0.9375 0.5 1 0.5 0.9375 1 0.8750001 0.5 0.9375 0.5 0.8750001 1 0.8125 0.5 0.8750001 0.5 0.8125 1 0.75 0.5 0.8125 0.5 0.75 1 0.6875 0.5 0.75 0.5 0.6875 1 0.625 0.5 0.6875 0.5 0.625 1 0.5625 0.5 0.625 0.5 0.5625 1 0.5 0.5 0.5625 0.5 0.5 1 0.4375 0.5 0.5 0.5 0.4375 1 0.375 0.5 0.4375 0.5 0.375 1 0.3125 0.5 0.375 0.5 0.3125 1 0.25 0.5 0.3125 0.5 0.25 1 0.1875 0.5 0.25 0.5 0.1875 1 0.125 0.5 0.1875 0.5 0.08029437 0.08029437 0.4197056 0.08029437 0.4197056 0.4197056 0.125 1 0.0625 0.5 0.125 0.5 0.0625 1 0 0.5 0.0625 0.5 0.5282689 0.341844 0.658156 0.4717311 0.841844 0.02826893 1 1 0.9375 1 0.9375 0.5 0.9375 1 0.8750001 1 0.8750001 0.5 0.8750001 1 0.8125 1 0.8125 0.5 0.8125 1 0.75 1 0.75 0.5 0.75 1 0.6875 1 0.6875 0.5 0.6875 1 0.625 1 0.625 0.5 0.625 1 0.5625 1 0.5625 0.5 0.5625 1 0.5 1 0.5 0.5 0.5 1 0.4375 1 0.4375 0.5 0.4375 1 0.375 1 0.375 0.5 0.375 1 0.3125 1 0.3125 0.5 0.3125 1 0.25 1 0.25 0.5 0.25 1 0.1875 1 0.1875 0.5 0.1875 1 0.125 1 0.125 0.5 0.4197056 0.4197056 0.341844 0.4717311 0.25 0.49 0.25 0.49 0.1581559 0.4717311 0.4197056 0.4197056 0.1581559 0.4717311 0.08029437 0.4197056 0.4197056 0.4197056 0.08029437 0.4197056 0.02826893 0.341844 0.08029437 0.08029437 0.02826893 0.341844 0.00999999 0.25 0.08029437 0.08029437 0.00999999 0.25 0.02826893 0.1581559 0.08029437 0.08029437 0.08029437 0.08029437 0.1581559 0.02826893 0.4197056 0.08029437 0.1581559 0.02826893 0.25 0.00999999 0.4197056 0.08029437 0.25 0.00999999 0.341844 0.02826893 0.4197056 0.08029437 0.4197056 0.08029437 0.4717311 0.1581559 0.49 0.25 0.49 0.25 0.4717311 0.341844 0.4197056 0.08029437 0.4717311 0.341844 0.4197056 0.4197056 0.4197056 0.08029437 0.4197056 0.4197056 0.08029437 0.4197056 0.08029437 0.08029437 0.125 1 0.0625 1 0.0625 0.5 0.0625 1 0 1 0 0.5 0.658156 0.4717311 0.75 0.49 0.841844 0.4717311 0.841844 0.4717311 0.9197056 0.4197056 0.9717311 0.341844 0.9717311 0.341844 0.99 0.25 0.9717311 0.1581559 0.9717311 0.1581559 0.9197056 0.08029437 0.841844 0.02826893 0.841844 0.02826893 0.75 0.00999999 0.658156 0.02826893 0.658156 0.02826893 0.5802944 0.08029437 0.5282689 0.1581559 0.5282689 0.1581559 0.51 0.25 0.5282689 0.341844 0.5282689 0.341844 0.5802944 0.4197056 0.658156 0.4717311 0.658156 0.4717311 0.841844 0.4717311 0.9717311 0.341844 0.9717311 0.341844 0.9717311 0.1581559 0.658156 0.4717311 0.9717311 0.1581559 0.841844 0.02826893 0.658156 0.4717311 0.841844 0.02826893 0.658156 0.02826893 0.5282689 0.1581559 0.5282689 0.1581559 0.5282689 0.341844 0.841844 0.02826893</float_array>
          <technique_common>
            <accessor source="#Cylinder_004-mesh-map-0-array" count="180" stride="2">
              <param name="S" type="float"/>
              <param name="T" type="float"/>
            </accessor>
          </technique_common>
        </source>
        <vertices id="Cylinder_004-mesh-vertices">
          <input semantic="POSITION" source="#Cylinder_004-mesh-positions"/>
        </vertices>
        <triangles material="CapacitorMat-material" count="60">
          <input semantic="VERTEX" source="#Cylinder_004-mesh-vertices" offset="0"/>
          <input semantic="NORMAL" source="#Cylinder_004-mesh-normals" offset="1"/>
          <input semantic="TEXCOORD" source="#Cylinder_004-mesh-map-0" offset="2" set="0"/>
          <p>1 0 0 2 0 1 0 0 2 3 1 3 4 1 4 2 1 5 5 2 6 6 2 7 4 2 8 7 3 9 8 3 10 6 3 11 9 4 12 10 4 13 8 4 14 11 5 15 12 5 16 10 5 17 13 6 18 14 6 19 12 6 20 15 7 21 16 7 22 14 7 23 17 8 24 18 8 25 16 8 26 19 9 27 20 9 28 18 9 29 21 10 30 22 10 31 20 10 32 23 11 33 24 11 34 22 11 35 25 12 36 26 12 37 24 12 38 27 13 39 28 13 40 26 13 41 21 14 42 13 14 43 5 14 44 29 15 45 30 15 46 28 15 47 31 16 48 0 16 49 30 16 50 26 17 51 30 17 52 14 17 53 1 0 54 3 0 55 2 0 56 3 1 57 5 1 58 4 1 59 5 2 60 7 2 61 6 2 62 7 3 63 9 3 64 8 3 65 9 4 66 11 4 67 10 4 68 11 5 69 13 5 70 12 5 71 13 6 72 15 6 73 14 6 74 15 7 75 17 7 76 16 7 77 17 8 78 19 8 79 18 8 80 19 18 81 21 18 82 20 18 83 21 19 84 23 19 85 22 19 86 23 11 87 25 11 88 24 11 89 25 12 90 27 12 91 26 12 92 27 20 93 29 20 94 28 20 95 5 21 96 3 21 97 1 21 98 1 22 99 31 22 100 5 22 101 31 14 102 29 14 103 5 14 104 29 14 105 27 14 106 21 14 107 27 14 108 25 14 109 21 14 110 25 14 111 23 14 112 21 14 113 21 14 114 19 14 115 13 14 116 19 23 117 17 23 118 13 23 119 17 24 120 15 24 121 13 24 122 13 14 123 11 14 124 9 14 125 9 14 126 7 14 127 13 14 128 7 14 129 5 14 130 13 14 131 5 14 132 29 14 133 21 14 134 29 25 135 31 25 136 30 25 137 31 16 138 1 16 139 0 16 140 30 17 141 0 17 142 2 17 143 2 17 144 4 17 145 6 17 146 6 17 147 8 17 148 10 17 149 10 26 150 12 26 151 14 26 152 14 17 153 16 17 154 18 17 155 18 17 156 20 17 157 22 17 158 22 17 159 24 17 160 26 17 161 26 27 162 28 27 163 30 27 164 30 17 165 2 17 166 6 17 167 6 17 168 10 17 169 30 17 170 10 17 171 14 17 172 30 17 173 14 17 174 18 17 175 22 17 176 22 17 177 26 17 178 14 17 179</p>
        </triangles>
      </mesh>
    </geometry>
    <geometry id="Cylinder_005-mesh" name="Cylinder.005">
      <mesh>
        <source id="Cylinder_005-mesh-positions">
          <float_array id="Cylinder_005-mesh-positions-array" count="96">2.792773 16.63306 21.6611 2.792773 16.63306 23.6611 3.366798 16.51888 21.6611 3.366798 16.51888 23.6611 3.853433 16.19372 21.6611 3.853433 16.19372 23.6611 4.178592 15.70708 21.6611 4.178592 15.70708 23.6611 4.292773 15.13306 21.6611 4.292773 15.13306 23.6611 4.178592 14.55903 21.6611 4.178592 14.55903 23.6611 3.853433 14.0724 21.6611 3.853433 14.0724 23.6611 3.366798 13.74724 21.6611 3.366798 13.74724 23.6611 2.792773 13.63306 21.6611 2.792773 13.63306 23.6611 2.218748 13.74724 21.6611 2.218748 13.74724 23.6611 1.732113 14.0724 21.6611 1.732113 14.0724 23.6611 1.406954 14.55903 21.6611 1.406954 14.55903 23.6611 1.292773 15.13306 21.6611 1.292773 15.13306 23.6611 1.406954 15.70708 21.6611 1.406954 15.70708 23.6611 1.732113 16.19372 21.6611 1.732113 16.19372 23.6611 2.218748 16.51888 21.6611 2.218748 16.51888 23.6611</float_array>
          <technique_common>
            <accessor source="#Cylinder_005-mesh-positions-array" count="32" stride="3">
              <param name="X" type="float"/>
              <param name="Y" type="float"/>
              <param name="Z" type="float"/>
            </accessor>
          </technique_common>
        </source>
        <source id="Cylinder_005-mesh-normals">
          <float_array id="Cylinder_005-mesh-normals-array" count="105">0.1950916 0.980785 0 0.5555704 0.8314696 0 0.8314698 0.5555701 0 0.980785 0.1950916 0 0.9807854 -0.1950901 0 0.8314698 -0.5555701 0 0.5555704 -0.8314696 0 0.1950901 -0.9807854 0 -0.1950901 -0.9807854 0 -0.5555704 -0.8314696 0 -0.83147 -0.5555698 0 -0.9807853 -0.1950909 0 -0.9807853 0.1950909 0 -0.8314698 0.5555701 0 0 0 1 -0.5555703 0.8314697 0 -0.1950916 0.980785 0 0 0 -1 0.9807854 0.1950901 0 0.980785 -0.1950916 0 -0.5555703 -0.8314697 0 -0.8314698 -0.5555701 0 -0.83147 0.5555698 0 -3.63769e-6 0 1 -1.02189e-5 0 1 -1.45504e-5 0 1 5.10944e-6 0 1 -7.27511e-6 0 1 1.45504e-5 0 1 -0.5555704 0.8314696 0 -1.45503e-5 0 -1 -1.45504e-5 0 -1 1.45503e-5 0 -1 3.39084e-6 0 -1 -3.39084e-6 0 -1</float_array>
          <technique_common>
            <accessor source="#Cylinder_005-mesh-normals-array" count="35" stride="3">
              <param name="X" type="float"/>
              <param name="Y" type="float"/>
              <param name="Z" type="float"/>
            </accessor>
          </technique_common>
        </source>
        <source id="Cylinder_005-mesh-map-0">
          <float_array id="Cylinder_005-mesh-map-0-array" count="360">1 1 0.9375 0.5 1 0.5 0.9375 1 0.8750001 0.5 0.9375 0.5 0.8750001 1 0.8125 0.5 0.8750001 0.5 0.8125 1 0.75 0.5 0.8125 0.5 0.75 1 0.6875 0.5 0.75 0.5 0.6875 1 0.625 0.5 0.6875 0.5 0.625 1 0.5625 0.5 0.625 0.5 0.5625 1 0.5 0.5 0.5625 0.5 0.5 1 0.4375 0.5 0.5 0.5 0.4375 1 0.375 0.5 0.4375 0.5 0.375 1 0.3125 0.5 0.375 0.5 0.3125 1 0.25 0.5 0.3125 0.5 0.25 1 0.1875 0.5 0.25 0.5 0.1875 1 0.125 0.5 0.1875 0.5 0.08029437 0.08029437 0.4197056 0.08029437 0.4197056 0.4197056 0.125 1 0.0625 0.5 0.125 0.5 0.0625 1 0 0.5 0.0625 0.5 0.5282689 0.341844 0.658156 0.4717311 0.841844 0.02826893 1 1 0.9375 1 0.9375 0.5 0.9375 1 0.8750001 1 0.8750001 0.5 0.8750001 1 0.8125 1 0.8125 0.5 0.8125 1 0.75 1 0.75 0.5 0.75 1 0.6875 1 0.6875 0.5 0.6875 1 0.625 1 0.625 0.5 0.625 1 0.5625 1 0.5625 0.5 0.5625 1 0.5 1 0.5 0.5 0.5 1 0.4375 1 0.4375 0.5 0.4375 1 0.375 1 0.375 0.5 0.375 1 0.3125 1 0.3125 0.5 0.3125 1 0.25 1 0.25 0.5 0.25 1 0.1875 1 0.1875 0.5 0.1875 1 0.125 1 0.125 0.5 0.4197056 0.4197056 0.341844 0.4717311 0.25 0.49 0.25 0.49 0.1581559 0.4717311 0.4197056 0.4197056 0.1581559 0.4717311 0.08029437 0.4197056 0.4197056 0.4197056 0.08029437 0.4197056 0.02826893 0.341844 0.08029437 0.08029437 0.02826893 0.341844 0.00999999 0.25 0.08029437 0.08029437 0.00999999 0.25 0.02826893 0.1581559 0.08029437 0.08029437 0.08029437 0.08029437 0.1581559 0.02826893 0.4197056 0.08029437 0.1581559 0.02826893 0.25 0.00999999 0.4197056 0.08029437 0.25 0.00999999 0.341844 0.02826893 0.4197056 0.08029437 0.4197056 0.08029437 0.4717311 0.1581559 0.49 0.25 0.49 0.25 0.4717311 0.341844 0.4197056 0.08029437 0.4717311 0.341844 0.4197056 0.4197056 0.4197056 0.08029437 0.4197056 0.4197056 0.08029437 0.4197056 0.08029437 0.08029437 0.125 1 0.0625 1 0.0625 0.5 0.0625 1 0 1 0 0.5 0.658156 0.4717311 0.75 0.49 0.841844 0.4717311 0.841844 0.4717311 0.9197056 0.4197056 0.9717311 0.341844 0.9717311 0.341844 0.99 0.25 0.9717311 0.1581559 0.9717311 0.1581559 0.9197056 0.08029437 0.841844 0.02826893 0.841844 0.02826893 0.75 0.00999999 0.658156 0.02826893 0.658156 0.02826893 0.5802944 0.08029437 0.5282689 0.1581559 0.5282689 0.1581559 0.51 0.25 0.5282689 0.341844 0.5282689 0.341844 0.5802944 0.4197056 0.658156 0.4717311 0.658156 0.4717311 0.841844 0.4717311 0.9717311 0.341844 0.9717311 0.341844 0.9717311 0.1581559 0.658156 0.4717311 0.9717311 0.1581559 0.841844 0.02826893 0.658156 0.4717311 0.841844 0.02826893 0.658156 0.02826893 0.5282689 0.1581559 0.5282689 0.1581559 0.5282689 0.341844 0.841844 0.02826893</float_array>
          <technique_common>
            <accessor source="#Cylinder_005-mesh-map-0-array" count="180" stride="2">
              <param name="S" type="float"/>
              <param name="T" type="float"/>
            </accessor>
          </technique_common>
        </source>
        <vertices id="Cylinder_005-mesh-vertices">
          <input semantic="POSITION" source="#Cylinder_005-mesh-positions"/>
        </vertices>
        <triangles material="CapacitorMat-material" count="60">
          <input semantic="VERTEX" source="#Cylinder_005-mesh-vertices" offset="0"/>
          <input semantic="NORMAL" source="#Cylinder_005-mesh-normals" offset="1"/>
          <input semantic="TEXCOORD" source="#Cylinder_005-mesh-map-0" offset="2" set="0"/>
          <p>1 0 0 2 0 1 0 0 2 3 1 3 4 1 4 2 1 5 5 2 6 6 2 7 4 2 8 7 3 9 8 3 10 6 3 11 9 4 12 10 4 13 8 4 14 11 5 15 12 5 16 10 5 17 13 6 18 14 6 19 12 6 20 15 7 21 16 7 22 14 7 23 17 8 24 18 8 25 16 8 26 19 9 27 20 9 28 18 9 29 21 10 30 22 10 31 20 10 32 23 11 33 24 11 34 22 11 35 25 12 36 26 12 37 24 12 38 27 13 39 28 13 40 26 13 41 21 14 42 13 14 43 5 14 44 29 15 45 30 15 46 28 15 47 31 16 48 0 16 49 30 16 50 26 17 51 30 17 52 14 17 53 1 0 54 3 0 55 2 0 56 3 1 57 5 1 58 4 1 59 5 2 60 7 2 61 6 2 62 7 18 63 9 18 64 8 18 65 9 19 66 11 19 67 10 19 68 11 5 69 13 5 70 12 5 71 13 6 72 15 6 73 14 6 74 15 7 75 17 7 76 16 7 77 17 8 78 19 8 79 18 8 80 19 20 81 21 20 82 20 20 83 21 21 84 23 21 85 22 21 86 23 11 87 25 11 88 24 11 89 25 12 90 27 12 91 26 12 92 27 22 93 29 22 94 28 22 95 5 23 96 3 23 97 1 23 98 1 14 99 31 14 100 5 14 101 31 14 102 29 14 103 5 14 104 29 14 105 27 14 106 21 14 107 27 24 108 25 24 109 21 24 110 25 25 111 23 25 112 21 25 113 21 14 114 19 14 115 13 14 116 19 26 117 17 26 118 13 26 119 17 27 120 15 27 121 13 27 122 13 28 123 11 28 124 9 28 125 9 14 126 7 14 127 13 14 128 7 14 129 5 14 130 13 14 131 5 14 132 29 14 133 21 14 134 29 29 135 31 29 136 30 29 137 31 16 138 1 16 139 0 16 140 30 17 141 0 17 142 2 17 143 2 30 144 4 30 145 6 30 146 6 17 147 8 17 148 10 17 149 10 31 150 12 31 151 14 31 152 14 17 153 16 17 154 18 17 155 18 32 156 20 32 157 22 32 158 22 17 159 24 17 160 26 17 161 26 32 162 28 32 163 30 32 164 30 17 165 2 17 166 6 17 167 6 33 168 10 33 169 30 33 170 10 17 171 14 17 172 30 17 173 14 17 174 18 17 175 22 17 176 22 34 177 26 34 178 14 34 179</p>
        </triangles>
      </mesh>
    </geometry>
  </library_geometries>
  <library_visual_scenes>
    <visual_scene id="Scene" name="Scene">
      <node id="IMUBody" name="IMUBody" type="NODE">
        <matrix sid="transform">0.01762829 0 0 2.32831e-10 0 0.01762829 0 0 0 0 0.002132707 0 0 0 0 1</matrix>
        <instance_geometry url="#Cube_001-mesh" name="IMUBody">
          <bind_material>
            <technique_common>
              <instance_material symbol="BodyMat-material" target="#BodyMat-material">
                <bind_vertex_input semantic="Cube_001-mesh-map-0" input_semantic="TEXCOORD" input_set="0"/>
              </instance_material>
            </technique_common>
          </bind_material>
        </instance_geometry>
      </node>
      <node id="Label" name="Label" type="NODE">
        <matrix sid="transform">0.01259164 0 0 0 0 0.006295818 0 1.45519e-11 0 0 1.4218e-4 0 0 0 0 1</matrix>
        <instance_geometry url="#Cube_002-mesh" name="Label">
          <bind_material>
            <technique_common>
              <instance_material symbol="LabelMat-material" target="#LabelMat-material">
                <bind_vertex_input semantic="Cube_002-mesh-map-0" input_semantic="TEXCOORD" input_set="0"/>
              </instance_material>
            </technique_common>
          </bind_material>
        </instance_geometry>
      </node>
      <node id="Text_IMU" name="Text_IMU" type="NODE">
        <matrix sid="transform">4.65193e-4 0 0 2.32831e-10 0 4.4434e-4 0 0 0 0 1.4218e-4 -4.65661e-10 0 0 0 1</matrix>
        <instance_geometry url="#Text-mesh" name="Text_IMU">
          <bind_material>
            <technique_common>
              <instance_material symbol="TextMat-material" target="#TextMat-material">
                <bind_vertex_input semantic="Text-mesh-map-0" input_semantic="TEXCOORD" input_set="0"/>
              </instance_material>
            </technique_common>
          </bind_material>
        </instance_geometry>
      </node>
      <node id="Text_BuildBy" name="Text_BuildBy" type="NODE">
        <matrix sid="transform">4.19721e-4 0 0 0 0 4.19721e-4 0 -2.91038e-11 0 0 1.4218e-4 0 0 0 0 1</matrix>
        <instance_geometry url="#Text_001-mesh" name="Text_BuildBy">
          <bind_material>
            <technique_common>
              <instance_material symbol="TextMat-material" target="#TextMat-material">
                <bind_vertex_input semantic="Text_001-mesh-map-0" input_semantic="TEXCOORD" input_set="0"/>
              </instance_material>
            </technique_common>
          </bind_material>
        </instance_geometry>
      </node>
      <node id="Text_Ojas" name="Text_Ojas" type="NODE">
        <matrix sid="transform">4.19721e-4 0 0 -2.32831e-10 0 4.19721e-4 0 5.82077e-11 0 0 1.4218e-4 0 0 0 0 1</matrix>
        <instance_geometry url="#Text_002-mesh" name="Text_Ojas">
          <bind_material>
            <technique_common>
              <instance_material symbol="TextMat-material" target="#TextMat-material">
                <bind_vertex_input semantic="Text_002-mesh-map-0" input_semantic="TEXCOORD" input_set="0"/>
              </instance_material>
            </technique_common>
          </bind_material>
        </instance_geometry>
      </node>
      <node id="Pin_0" name="Pin_0" type="NODE">
        <matrix sid="transform">5.69975e-6 1.89902e-4 0 1.16415e-10 -8.3942e-4 1.28945e-6 0 0 0 0 4.26542e-4 0 0 0 0 1</matrix>
        <instance_geometry url="#Cube_003-mesh" name="Pin_0">
          <bind_material>
            <technique_common>
              <instance_material symbol="PinMat-material" target="#PinMat-material">
                <bind_vertex_input semantic="Cube_003-mesh-map-0" input_semantic="TEXCOORD" input_set="0"/>
                <bind_vertex_input semantic="Cube_010-mesh-map-0" input_semantic="TEXCOORD" input_set="1"/>
                <bind_vertex_input semantic="Cube_009-mesh-map-0" input_semantic="TEXCOORD" input_set="2"/>
                <bind_vertex_input semantic="Cube_008-mesh-map-0" input_semantic="TEXCOORD" input_set="3"/>
                <bind_vertex_input semantic="Cube_007-mesh-map-0" input_semantic="TEXCOORD" input_set="4"/>
                <bind_vertex_input semantic="Cube_006-mesh-map-0" input_semantic="TEXCOORD" input_set="5"/>
                <bind_vertex_input semantic="Cube_005-mesh-map-0" input_semantic="TEXCOORD" input_set="6"/>
                <bind_vertex_input semantic="Cube_004-mesh-map-0" input_semantic="TEXCOORD" input_set="7"/>
              </instance_material>
            </technique_common>
          </bind_material>
        </instance_geometry>
      </node>
      <node id="Chip" name="Chip" type="NODE">
        <matrix sid="transform">0.00303237 0 0 2.32831e-10 0 0.001693616 0 -4.65661e-10 0 0 4.26542e-4 0 0 0 0 1</matrix>
        <instance_geometry url="#Cube_011-mesh" name="Chip">
          <bind_material>
            <technique_common>
              <instance_material symbol="ChipMat-material" target="#ChipMat-material">
                <bind_vertex_input semantic="Cube_011-mesh-map-0" input_semantic="TEXCOORD" input_set="0"/>
              </instance_material>
            </technique_common>
          </bind_material>
        </instance_geometry>
      </node>
      <node id="Capacitor1" name="Capacitor1" type="NODE">
        <matrix sid="transform">4.19721e-4 0 0 0 0 4.19721e-4 0 0 0 0 1.4218e-4 -2.32831e-10 0 0 0 1</matrix>
        <instance_geometry url="#Cylinder_004-mesh" name="Capacitor1">
          <bind_material>
            <technique_common>
              <instance_material symbol="CapacitorMat-material" target="#CapacitorMat-material">
                <bind_vertex_input semantic="Cylinder_004-mesh-map-0" input_semantic="TEXCOORD" input_set="0"/>
              </instance_material>
            </technique_common>
          </bind_material>
        </instance_geometry>
      </node>
      <node id="Capacitor2" name="Capacitor2" type="NODE">
        <matrix sid="transform">4.19721e-4 0 0 0 0 4.19721e-4 0 0 0 0 1.4218e-4 2.32831e-10 0 0 0 1</matrix>
        <instance_geometry url="#Cylinder_005-mesh" name="Capacitor2">
          <bind_material>
            <technique_common>
              <instance_material symbol="CapacitorMat-material" target="#CapacitorMat-material">
                <bind_vertex_input semantic="Cylinder_005-mesh-map-0" input_semantic="TEXCOORD" input_set="0"/>
              </instance_material>
            </technique_common>
          </bind_material>
        </instance_geometry>
      </node>
    </visual_scene>
  </library_visual_scenes>
  <scene>
    <instance_visual_scene url="#Scene"/>
  </scene>
</COLLADA>