<?xml version="1.0" encoding="utf-8"?>
<COLLADA xmlns="http://www.collada.org/2005/11/COLLADASchema" version="1.4.1" xmlns:xsi="http://www.w3.org/2001/XMLSchema-instance">
  <asset>
    <contributor>
      <author>Blender User</author>
      <authoring_tool>Blender 3.6.20 commit date:2025-01-20, commit time:15:08, hash:46254438b9dd</authoring_tool>
    </contributor>
    <created>2025-11-05T22:00:48</created>
    <modified>2025-11-05T22:00:48</modified>
    <unit name="meter" meter="1"/>
    <up_axis>Z_UP</up_axis>
  </asset>
  <library_effects>
    <effect id="black_005-effect">
      <profile_COMMON>
        <technique sid="common">
          <lambert>
            <emission>
              <color sid="emission">0 0 0 1</color>
            </emission>
            <diffuse>
              <color sid="diffuse">0 0 0 1</color>
            </diffuse>
            <reflectivity>
              <float sid="specular">0.5</float>
            </reflectivity>
          </lambert>
        </technique>
      </profile_COMMON>
    </effect>
  </library_effects>
  <library_images/>
  <library_materials>
    <material id="black_005-material" name="black.005">
      <instance_effect url="#black_005-effect"/>
    </material>
  </library_materials>
  <library_geometries>
    <geometry id="Cylinder_006-mesh" name="Cylinder.006">
      <mesh>
        <source id="Cylinder_006-mesh-positions">
          <float_array id="Cylinder_006-mesh-positions-array" count="2376">-1.57123e-4 1.003186 -0.9994172 -1.57123e-4 1.003186 1.000583 0.1949332 0.9839715 -0.9994172 0.1949332 0.9839715 1.000583 0.3825263 0.9270658 -0.9994172 0.3825263 0.9270658 1.000583 0.5554131 0.8346559 -0.9994172 0.5554131 0.8346559 1.000583 0.7069497 0.7102931 -0.9994172 0.7069497 0.7102931 1.000583 0.8313125 0.5587565 -0.9994172 0.8313125 0.5587565 1.000583 0.9237224 0.3858698 -0.9994172 0.9237224 0.3858698 1.000583 0.9806281 0.1982766 -0.9994172 0.9806281 0.1982766 1.000583 0.9998429 0.003186285 -0.9994172 0.9998429 0.003186285 1.000583 0.9806281 -0.191904 -0.9994172 0.9806281 -0.191904 1.000583 0.9237224 -0.3794972 -0.9994172 0.9237224 -0.3794972 1.000583 0.8313125 -0.552384 -0.9994172 0.8313125 -0.552384 1.000583 0.7069497 -0.7039205 -0.9994172 0.7069497 -0.7039205 1.000583 0.5554131 -0.8282833 -0.9994172 0.5554131 -0.8282833 1.000583 0.3825263 -0.9206932 -0.9994172 0.3825263 -0.9206932 1.000583 0.1949332 -0.977599 -0.9994172 0.1949332 -0.977599 1.000583 -1.57123e-4 -0.9968137 -0.9994172 -1.57123e-4 -0.9968137 1.000583 -0.1952474 -0.977599 -0.9994172 -0.1952474 -0.977599 1.000583 -0.3828406 -0.9206932 -0.9994172 -0.3828406 -0.9206932 1.000583 -0.5557274 -0.8282833 -0.9994172 -0.5557274 -0.8282833 1.000583 -0.7072639 -0.7039205 -0.9994172 -0.7072639 -0.7039205 1.000583 -0.8316267 -0.552384 -0.9994172 -0.8316267 -0.552384 1.000583 -0.9240366 -0.3794972 -0.9994172 -0.9240366 -0.3794972 1.000583 -0.9809424 -0.191904 -0.9994172 -0.9809424 -0.191904 1.000583 -1.000157 0.003186285 -0.9994172 -1.000157 0.003186285 1.000583 -0.9809424 0.1982766 -0.9994172 -0.9809424 0.1982766 1.000583 -0.9240366 0.3858698 -0.9994172 -0.9240366 0.3858698 1.000583 -0.8316267 0.5587565 -0.9994172 -0.8316267 0.5587565 1.000583 -0.7072639 0.7102931 -0.9994172 -0.7072639 0.7102931 1.000583 -0.5557274 0.8346559 -0.9994172 -0.5557274 0.8346559 1.000583 -0.3828406 0.9270658 -0.9994172 -0.3828406 0.9270658 1.000583 -0.1952474 0.9839715 -0.9994172 -0.1952474 0.9839715 1.000583 -1.57123e-4 1.003186 -0.8455711 -1.57123e-4 1.003186 -0.6917249 -1.57123e-4 1.003186 -0.5378788 -1.57123e-4 1.003186 -0.3840327 -1.57123e-4 1.003186 -0.2301865 -1.57123e-4 1.003186 -0.07634031 -1.57123e-4 1.003186 0.07750582 -1.57123e-4 1.003186 0.231352 -1.57123e-4 1.003186 0.3851981 -1.57123e-4 1.003186 0.5390444 -1.57123e-4 1.003186 0.6928905 -1.57123e-4 1.003186 0.8467367 0.1949332 0.9839715 0.8467367 0.1949332 0.9839715 0.6928905 0.1949332 0.9839715 0.5390444 0.1949332 0.9839715 0.3851982 0.1949332 0.9839715 0.231352 0.1949332 0.9839715 0.07750582 0.1949332 0.9839715 -0.07634031 0.1949332 0.9839715 -0.2301865 0.1949332 0.9839715 -0.3840326 0.1949332 0.9839715 -0.5378788 0.1949332 0.9839715 -0.6917249 0.1949332 0.9839715 -0.8455711 0.3825263 0.9270658 0.8467367 0.3825263 0.9270658 0.6928905 0.3825263 0.9270658 0.5390444 0.3825263 0.9270658 0.3851982 0.3825263 0.9270658 0.231352 0.3825263 0.9270658 0.07750582 0.3825263 0.9270658 -0.07634031 0.3825263 0.9270658 -0.2301865 0.3825263 0.9270658 -0.3840326 0.3825263 0.9270658 -0.5378788 0.3825263 0.9270658 -0.6917249 0.3825263 0.9270658 -0.8455711 0.5554131 0.8346559 0.8467367 0.5554131 0.8346559 0.6928905 0.5554131 0.8346559 0.5390444 0.5554131 0.8346559 0.3851982 0.5554131 0.8346559 0.231352 0.5554131 0.8346559 0.07750582 0.5554131 0.8346559 -0.07634031 0.5554131 0.8346559 -0.2301865 0.5554131 0.8346559 -0.3840326 0.5554131 0.8346559 -0.5378788 0.5554131 0.8346559 -0.6917249 0.5554131 0.8346559 -0.8455711 0.7069497 0.7102931 0.8467367 0.7069497 0.7102931 0.6928905 0.7069497 0.7102931 0.5390444 0.7069497 0.7102931 0.3851982 0.7069497 0.7102931 0.231352 0.7069497 0.7102931 0.07750582 0.7069497 0.7102931 -0.07634031 0.7069497 0.7102931 -0.2301865 0.7069497 0.7102931 -0.3840326 0.7069497 0.7102931 -0.5378788 0.7069497 0.7102931 -0.6917249 0.7069497 0.7102931 -0.8455711 0.8313125 0.5587565 0.8467367 0.8313125 0.5587565 0.6928905 0.8313125 0.5587565 0.5390444 0.8313125 0.5587565 0.3851982 0.8313125 0.5587565 0.231352 0.8313125 0.5587565 0.07750582 0.8313125 0.5587565 -0.07634031 0.8313125 0.5587565 -0.2301865 0.8313125 0.5587565 -0.3840326 0.8313125 0.5587565 -0.5378788 0.8313125 0.5587565 -0.6917249 0.8313125 0.5587565 -0.8455711 0.9237224 0.3858698 0.8467367 0.9237224 0.3858698 0.6928905 0.9237224 0.3858698 0.5390444 0.9237224 0.3858698 0.3851982 0.9237224 0.3858698 0.231352 0.9237224 0.3858698 0.07750582 0.9237224 0.3858698 -0.07634031 0.9237224 0.3858698 -0.2301865 0.9237224 0.3858698 -0.3840326 0.9237224 0.3858698 -0.5378788 0.9237224 0.3858698 -0.6917249 0.9237224 0.3858698 -0.8455711 0.9806281 0.1982766 0.8467367 0.9806281 0.1982766 0.6928905 0.9806281 0.1982766 0.5390444 0.9806281 0.1982766 0.3851982 0.9806281 0.1982766 0.231352 0.9806281 0.1982766 0.07750582 0.9806281 0.1982766 -0.07634031 0.9806281 0.1982766 -0.2301865 0.9806281 0.1982766 -0.3840326 0.9806281 0.1982766 -0.5378788 0.9806281 0.1982766 -0.6917249 0.9806281 0.1982766 -0.8455711 0.9998429 0.003186285 0.8467367 0.9998429 0.003186285 0.6928905 0.9998429 0.003186285 0.5390444 0.9998429 0.003186285 0.3851982 0.9998429 0.003186285 0.231352 0.9998429 0.003186285 0.07750582 0.9998429 0.003186285 -0.07634031 0.9998429 0.003186285 -0.2301865 0.9998429 0.003186285 -0.3840326 0.9998429 0.003186285 -0.5378788 0.9998429 0.003186285 -0.6917249 0.9998429 0.003186285 -0.8455711 0.9806281 -0.191904 0.8467367 0.9806281 -0.191904 0.6928905 0.9806281 -0.191904 0.5390444 0.9806281 -0.191904 0.3851982 0.9806281 -0.191904 0.231352 0.9806281 -0.191904 0.07750582 0.9806281 -0.191904 -0.07634031 0.9806281 -0.191904 -0.2301865 0.9806281 -0.191904 -0.3840326 0.9806281 -0.191904 -0.5378788 0.9806281 -0.191904 -0.6917249 0.9806281 -0.191904 -0.8455711 0.9237224 -0.3794972 0.8467367 0.9237224 -0.3794972 0.6928905 0.9237224 -0.3794972 0.5390444 0.9237224 -0.3794972 0.3851982 0.9237224 -0.3794972 0.231352 0.9237224 -0.3794972 0.07750582 0.9237224 -0.3794972 -0.07634031 0.9237224 -0.3794972 -0.2301865 0.9237224 -0.3794972 -0.3840326 0.9237224 -0.3794972 -0.5378788 0.9237224 -0.3794972 -0.6917249 0.9237224 -0.3794972 -0.8455711 0.8313125 -0.552384 0.8467367 0.8313125 -0.552384 0.6928905 0.8313125 -0.552384 0.5390444 0.8313125 -0.552384 0.3851982 0.8313125 -0.552384 0.231352 0.8313125 -0.552384 0.07750582 0.8313125 -0.552384 -0.07634031 0.8313125 -0.552384 -0.2301865 0.8313125 -0.552384 -0.3840326 0.8313125 -0.552384 -0.5378788 0.8313125 -0.552384 -0.6917249 0.8313125 -0.552384 -0.8455711 0.7069497 -0.7039205 0.8467367 0.7069497 -0.7039205 0.6928905 0.7069497 -0.7039205 0.5390444 0.7069497 -0.7039205 0.3851982 0.7069497 -0.7039205 0.231352 0.7069497 -0.7039205 0.07750582 0.7069497 -0.7039205 -0.07634031 0.7069497 -0.7039205 -0.2301865 0.7069497 -0.7039205 -0.3840326 0.7069497 -0.7039205 -0.5378788 0.7069497 -0.7039205 -0.6917249 0.7069497 -0.7039205 -0.8455711 0.5554131 -0.8282833 0.8467367 0.5554131 -0.8282833 0.6928905 0.5554131 -0.8282833 0.5390444 0.5554131 -0.8282833 0.3851982 0.5554131 -0.8282833 0.231352 0.5554131 -0.8282833 0.07750582 0.5554131 -0.8282833 -0.07634031 0.5554131 -0.8282833 -0.2301865 0.5554131 -0.8282833 -0.3840326 0.5554131 -0.8282833 -0.5378788 0.5554131 -0.8282833 -0.6917249 0.5554131 -0.8282833 -0.8455711 0.3825263 -0.9206932 0.8467367 0.3825263 -0.9206932 0.6928905 0.3825263 -0.9206932 0.5390444 0.3825263 -0.9206932 0.3851982 0.3825263 -0.9206932 0.231352 0.3825263 -0.9206932 0.07750582 0.3825263 -0.9206932 -0.07634031 0.3825263 -0.9206932 -0.2301865 0.3825263 -0.9206932 -0.3840326 0.3825263 -0.9206932 -0.5378788 0.3825263 -0.9206932 -0.6917249 0.3825263 -0.9206932 -0.8455711 0.1949332 -0.977599 0.8467367 0.1949332 -0.977599 0.6928905 0.1949332 -0.977599 0.5390444 0.1949332 -0.977599 0.3851982 0.1949332 -0.977599 0.231352 0.1949332 -0.977599 0.07750582 0.1949332 -0.977599 -0.07634031 0.1949332 -0.977599 -0.2301865 0.1949332 -0.977599 -0.3840326 0.1949332 -0.977599 -0.5378788 0.1949332 -0.977599 -0.6917249 0.1949332 -0.977599 -0.8455711 -1.57123e-4 -0.9968137 0.8467367 -1.57123e-4 -0.9968137 0.6928905 -1.57123e-4 -0.9968137 0.5390444 -1.57123e-4 -0.9968137 0.3851982 -1.57123e-4 -0.9968137 0.231352 -1.57123e-4 -0.9968137 0.07750582 -1.57123e-4 -0.9968137 -0.07634031 -1.57123e-4 -0.9968137 -0.2301865 -1.57123e-4 -0.9968137 -0.3840326 -1.57123e-4 -0.9968137 -0.5378788 -1.57123e-4 -0.9968137 -0.6917249 -1.57123e-4 -0.9968137 -0.8455711 -0.1952474 -0.977599 0.8467367 -0.1952474 -0.977599 0.6928905 -0.1952474 -0.977599 0.5390444 -0.1952474 -0.977599 0.3851982 -0.1952474 -0.977599 0.231352 -0.1952474 -0.977599 0.07750582 -0.1952474 -0.977599 -0.07634031 -0.1952474 -0.977599 -0.2301865 -0.1952474 -0.977599 -0.3840326 -0.1952474 -0.977599 -0.5378788 -0.1952474 -0.977599 -0.6917249 -0.1952474 -0.977599 -0.8455711 -0.3828406 -0.9206932 0.8467367 -0.3828406 -0.9206932 0.6928905 -0.3828406 -0.9206932 0.5390444 -0.3828406 -0.9206932 0.3851982 -0.3828406 -0.9206932 0.231352 -0.3828406 -0.9206932 0.07750582 -0.3828406 -0.9206932 -0.07634031 -0.3828406 -0.9206932 -0.2301865 -0.3828406 -0.9206932 -0.3840326 -0.3828406 -0.9206932 -0.5378788 -0.3828406 -0.9206932 -0.6917249 -0.3828406 -0.9206932 -0.8455711 -0.5557274 -0.8282833 0.8467367 -0.5557274 -0.8282833 0.6928905 -0.5557274 -0.8282833 0.5390444 -0.5557274 -0.8282833 0.3851982 -0.5557274 -0.8282833 0.231352 -0.5557274 -0.8282833 0.07750582 -0.5557274 -0.8282833 -0.07634031 -0.5557274 -0.8282833 -0.2301865 -0.5557274 -0.8282833 -0.3840326 -0.5557274 -0.8282833 -0.5378788 -0.5557274 -0.8282833 -0.6917249 -0.5557274 -0.8282833 -0.8455711 -0.7072639 -0.7039205 0.8467367 -0.7072639 -0.7039205 0.6928905 -0.7072639 -0.7039205 0.5390444 -0.7072639 -0.7039205 0.3851982 -0.7072639 -0.7039205 0.231352 -0.7072639 -0.7039205 0.07750582 -0.7072639 -0.7039205 -0.07634031 -0.7072639 -0.7039205 -0.2301865 -0.7072639 -0.7039205 -0.3840326 -0.7072639 -0.7039205 -0.5378788 -0.7072639 -0.7039205 -0.6917249 -0.7072639 -0.7039205 -0.8455711 -0.8316267 -0.552384 0.8467367 -0.8316267 -0.552384 0.6928905 -0.8316267 -0.552384 0.5390444 -0.8316267 -0.552384 0.3851982 -0.8316267 -0.552384 0.231352 -0.8316267 -0.552384 0.07750582 -0.8316267 -0.552384 -0.07634031 -0.8316267 -0.552384 -0.2301865 -0.8316267 -0.552384 -0.3840326 -0.8316267 -0.552384 -0.5378788 -0.8316267 -0.552384 -0.6917249 -0.8316267 -0.552384 -0.8455711 -0.9240366 -0.3794972 0.8467367 -0.9240366 -0.3794972 0.6928905 -0.9240366 -0.3794972 0.5390444 -0.9240366 -0.3794972 0.3851982 -0.9240366 -0.3794972 0.231352 -0.9240366 -0.3794972 0.07750582 -0.9240366 -0.3794972 -0.07634031 -0.9240366 -0.3794972 -0.2301865 -0.9240366 -0.3794972 -0.3840326 -0.9240366 -0.3794972 -0.5378788 -0.9240366 -0.3794972 -0.6917249 -0.9240366 -0.3794972 -0.8455711 -0.9809424 -0.191904 0.8467367 -0.9809424 -0.191904 0.6928905 -0.9809424 -0.191904 0.5390444 -0.9809424 -0.191904 0.3851982 -0.9809424 -0.191904 0.231352 -0.9809424 -0.191904 0.07750582 -0.9809424 -0.191904 -0.07634031 -0.9809424 -0.191904 -0.2301865 -0.9809424 -0.191904 -0.3840326 -0.9809424 -0.191904 -0.5378788 -0.9809424 -0.191904 -0.6917249 -0.9809424 -0.191904 -0.8455711 -1.000157 0.003186285 0.8467367 -1.000157 0.003186285 0.6928905 -1.000157 0.003186285 0.5390444 -1.000157 0.003186285 0.3851982 -1.000157 0.003186285 0.231352 -1.000157 0.003186285 0.07750582 -1.000157 0.003186285 -0.07634031 -1.000157 0.003186285 -0.2301865 -1.000157 0.003186285 -0.3840326 -1.000157 0.003186285 -0.5378788 -1.000157 0.003186285 -0.6917249 -1.000157 0.003186285 -0.8455711 -0.9809424 0.1982766 0.8467367 -0.9809424 0.1982766 0.6928905 -0.9809424 0.1982766 0.5390444 -0.9809424 0.1982766 0.3851982 -0.9809424 0.1982766 0.231352 -0.9809424 0.1982766 0.07750582 -0.9809424 0.1982766 -0.07634031 -0.9809424 0.1982766 -0.2301865 -0.9809424 0.1982766 -0.3840326 -0.9809424 0.1982766 -0.5378788 -0.9809424 0.1982766 -0.6917249 -0.9809424 0.1982766 -0.8455711 -0.9240366 0.3858698 0.8467367 -0.9240366 0.3858698 0.6928905 -0.9240366 0.3858698 0.5390444 -0.9240366 0.3858698 0.3851982 -0.9240366 0.3858698 0.231352 -0.9240366 0.3858698 0.07750582 -0.9240366 0.3858698 -0.07634031 -0.9240366 0.3858698 -0.2301865 -0.9240366 0.3858698 -0.3840326 -0.9240366 0.3858698 -0.5378788 -0.9240366 0.3858698 -0.6917249 -0.9240366 0.3858698 -0.8455711 -0.8316267 0.5587565 0.8467367 -0.8316267 0.5587565 0.6928905 -0.8316267 0.5587565 0.5390444 -0.8316267 0.5587565 0.3851982 -0.8316267 0.5587565 0.231352 -0.8316267 0.5587565 0.07750582 -0.8316267 0.5587565 -0.07634031 -0.8316267 0.5587565 -0.2301865 -0.8316267 0.5587565 -0.3840326 -0.8316267 0.5587565 -0.5378788 -0.8316267 0.5587565 -0.6917249 -0.8316267 0.5587565 -0.8455711 -0.7072639 0.7102931 0.8467367 -0.7072639 0.7102931 0.6928905 -0.7072639 0.7102931 0.5390444 -0.7072639 0.7102931 0.3851982 -0.7072639 0.7102931 0.231352 -0.7072639 0.7102931 0.07750582 -0.7072639 0.7102931 -0.07634031 -0.7072639 0.7102931 -0.2301865 -0.7072639 0.7102931 -0.3840326 -0.7072639 0.7102931 -0.5378788 -0.7072639 0.7102931 -0.6917249 -0.7072639 0.7102931 -0.8455711 -0.5557274 0.8346559 0.8467367 -0.5557274 0.8346559 0.6928905 -0.5557274 0.8346559 0.5390444 -0.5557274 0.8346559 0.3851982 -0.5557274 0.8346559 0.231352 -0.5557274 0.8346559 0.07750582 -0.5557274 0.8346559 -0.07634031 -0.5557274 0.8346559 -0.2301865 -0.5557274 0.8346559 -0.3840326 -0.5557274 0.8346559 -0.5378788 -0.5557274 0.8346559 -0.6917249 -0.5557274 0.8346559 -0.8455711 -0.3828406 0.9270658 0.8467367 -0.3828406 0.9270658 0.6928905 -0.3828406 0.9270658 0.5390444 -0.3828406 0.9270658 0.3851982 -0.3828406 0.9270658 0.231352 -0.3828406 0.9270658 0.07750582 -0.3828406 0.9270658 -0.07634031 -0.3828406 0.9270658 -0.2301865 -0.3828406 0.9270658 -0.3840326 -0.3828406 0.9270658 -0.5378788 -0.3828406 0.9270658 -0.6917249 -0.3828406 0.9270658 -0.8455711 -0.1952474 0.9839715 0.8467367 -0.1952474 0.9839715 0.6928905 -0.1952474 0.9839715 0.5390444 -0.1952474 0.9839715 0.3851982 -0.1952474 0.9839715 0.231352 -0.1952474 0.9839715 0.07750582 -0.1952474 0.9839715 -0.07634031 -0.1952474 0.9839715 -0.2301865 -0.1952474 0.9839715 -0.3840326 -0.1952474 0.9839715 -0.5378788 -0.1952474 0.9839715 -0.6917249 -0.1952474 0.9839715 -0.8455711 -1.61707e-4 1.015947 -1.012067 0.1973999 0.9964885 -1.012067 0.1973999 0.9964885 1.013267 -1.61707e-4 1.015947 1.013267 -1.61707e-4 1.015947 0.8574719 0.1973999 0.9964885 -0.8562725 0.5624462 0.8452814 -0.8562725 0.5624462 0.8452814 -1.012067 0.7159022 0.7193432 -1.012067 0.7159022 0.7193432 1.013267 0.5624462 0.8452814 1.013267 0.7159022 0.7193432 -0.8562725 0.9354209 0.3908103 -0.8562725 0.9354209 0.3908103 -1.012067 0.9930475 0.2008408 -1.012067 0.9930475 0.2008408 1.013267 0.9354209 0.3908103 1.013267 0.9930475 0.2008408 -0.8562725 0.9930475 -0.1942823 -0.8562725 0.9930475 -0.1942823 -1.012067 0.9354209 -0.3842517 -1.012067 0.9354209 -0.3842517 1.013267 0.9930475 -0.1942823 1.013267 0.9354209 -0.3842517 -0.8562725 0.7159022 -0.7127847 -0.8562725 0.7159022 -0.7127847 -1.012067 0.5624462 -0.8387228 -1.012067 0.5624462 -0.8387228 1.013267 0.7159022 -0.7127847 1.013267 0.5624462 -0.8387228 -0.8562725 -0.1977233 -0.9899299 -0.8562725 -0.1977233 -0.9899299 -1.012067 -0.3876927 -0.9323033 -1.012067 -0.3876927 -0.9323033 1.013267 -0.1977233 -0.9899299 1.013267 -0.3876927 -0.9323033 -0.8562725 -0.7162256 -0.7127847 -0.8562725 -0.7162256 -0.7127847 -1.012067 -0.8421638 -0.5593286 -1.012067 -0.8421638 -0.5593286 1.013267 -0.7162256 -0.7127847 1.013267 -0.8421638 -0.5593286 -0.8562725 -0.9933708 -0.1942823 -0.8562725 -0.9933708 -0.1942823 -1.012067 -1.012829 0.003279268 -1.012067 -1.012829 0.003279268 1.013267 -0.9933708 -0.1942823 1.013267 -1.012829 0.003279268 -0.8562725 -0.9357443 0.3908103 -0.8562725 -0.9357443 0.3908103 -1.012067 -0.8421638 0.5658871 -1.012067 -0.8421638 0.5658871 1.013267 -0.9357443 0.3908103 1.013267 -0.8421638 0.5658871 -0.8562725 -0.5627695 0.8452814 -0.8562725 -0.5627695 0.8452814 -1.012067 -0.3876927 0.9388619 -1.012067 -0.3876927 0.9388619 1.013267 -0.5627695 0.8452814 1.013267 -0.3876927 0.9388619 -0.8562725 -1.61707e-4 1.015947 -0.8562725 -1.61707e-4 1.015947 -0.7004776 -1.61707e-4 1.015947 -0.3888877 -1.61707e-4 1.015947 -0.2330927 -1.61707e-4 1.015947 -0.0772978 -1.61707e-4 1.015947 0.07849711 -1.61707e-4 1.015947 0.234292 -1.61707e-4 1.015947 0.390087 -1.61707e-4 1.015947 0.701677 0.1973999 0.9964885 0.8574719 0.1973999 0.9964885 0.701677 0.1973999 0.9964885 0.5458821 0.1973999 0.9964885 0.3900871 0.1973999 0.9964885 -0.3888877 0.1973999 0.9964885 -0.5446826 0.1973999 0.9964885 -0.7004776 0.3873693 0.9388619 0.701677 0.3873693 0.9388619 0.5458821 0.3873693 0.9388619 0.3900871 0.3873693 0.9388619 0.2342921 0.3873693 0.9388619 0.07849717 0.3873693 0.9388619 -0.07729774 0.3873693 0.9388619 -0.2330927 0.3873693 0.9388619 -0.3888877 0.3873693 0.9388619 -0.5446826 0.3873693 0.9388619 -0.7004776 0.5624462 0.8452814 0.8574719 0.5624462 0.8452814 0.701677 0.5624462 0.8452814 0.3900871 0.5624462 0.8452814 0.2342921 0.5624462 0.8452814 0.07849717 0.5624462 0.8452814 -0.07729774 0.5624462 0.8452814 -0.2330927 0.5624462 0.8452814 -0.3888877 0.5624462 0.8452814 -0.7004776 0.7159022 0.7193432 0.8574719 0.7159022 0.7193432 0.701677 0.7159022 0.7193432 0.5458821 0.7159022 0.7193432 0.3900871 0.7159022 0.7193432 -0.3888877 0.7159022 0.7193432 -0.5446826 0.7159022 0.7193432 -0.7004776 0.8418404 0.5658871 0.701677 0.8418404 0.5658871 0.5458821 0.8418404 0.5658871 0.3900871 0.8418404 0.5658871 0.2342921 0.8418404 0.5658871 0.07849717 0.8418404 0.5658871 -0.07729774 0.8418404 0.5658871 -0.2330927 0.8418404 0.5658871 -0.3888877 0.8418404 0.5658871 -0.5446826 0.8418404 0.5658871 -0.7004776 0.9354209 0.3908103 0.8574719 0.9354209 0.3908103 0.701677 0.9354209 0.3908103 0.3900871 0.9354209 0.3908103 0.2342921 0.9354209 0.3908103 0.07849717 0.9354209 0.3908103 -0.07729774 0.9354209 0.3908103 -0.2330927 0.9354209 0.3908103 -0.3888877 0.9354209 0.3908103 -0.7004776 0.9930475 0.2008408 0.8574719 0.9930475 0.2008408 0.701677 0.9930475 0.2008408 0.5458821 0.9930475 0.2008408 0.3900871 0.9930475 0.2008408 -0.3888877 0.9930475 0.2008408 -0.5446826 0.9930475 0.2008408 -0.7004776 1.012506 0.003279268 0.701677 1.012506 0.003279268 0.5458821 1.012506 0.003279268 0.3900871 1.012506 0.003279268 0.2342921 1.012506 0.003279268 0.07849717 1.012506 0.003279268 -0.07729774 1.012506 0.003279268 -0.2330927 1.012506 0.003279268 -0.3888877 1.012506 0.003279268 -0.5446826 1.012506 0.003279268 -0.7004776 0.9930475 -0.1942823 0.8574719 0.9930475 -0.1942823 0.701677 0.9930475 -0.1942823 0.3900871 0.9930475 -0.1942823 0.2342921 0.9930475 -0.1942823 0.07849717 0.9930475 -0.1942823 -0.07729774 0.9930475 -0.1942823 -0.2330927 0.9930475 -0.1942823 -0.3888877 0.9930475 -0.1942823 -0.7004776 0.9354209 -0.3842517 0.8574719 0.9354209 -0.3842517 0.701677 0.9354209 -0.3842517 0.5458821 0.9354209 -0.3842517 0.3900871 0.9354209 -0.3842517 -0.3888877 0.9354209 -0.3842517 -0.5446826 0.9354209 -0.3842517 -0.7004776 0.8418404 -0.5593286 0.701677 0.8418404 -0.5593286 0.5458821 0.8418404 -0.5593286 0.3900871 0.8418404 -0.5593286 0.2342921 0.8418404 -0.5593286 0.07849717 0.8418404 -0.5593286 -0.07729774 0.8418404 -0.5593286 -0.2330927 0.8418404 -0.5593286 -0.3888877 0.8418404 -0.5593286 -0.5446826 0.8418404 -0.5593286 -0.7004776 0.7159022 -0.7127847 0.8574719 0.7159022 -0.7127847 0.701677 0.7159022 -0.7127847 0.3900871 0.7159022 -0.7127847 0.2342921 0.7159022 -0.7127847 0.07849717 0.7159022 -0.7127847 -0.07729774 0.7159022 -0.7127847 -0.2330927 0.7159022 -0.7127847 -0.3888877 0.7159022 -0.7127847 -0.7004776 0.5624462 -0.8387228 0.8574719 0.5624462 -0.8387228 0.701677 0.5624462 -0.8387228 0.5458821 0.5624462 -0.8387228 0.3900871 0.5624462 -0.8387228 -0.3888877 0.5624462 -0.8387228 -0.5446826 0.5624462 -0.8387228 -0.7004776 0.3873693 -0.9323033 0.701677 0.3873693 -0.9323033 0.5458821 0.3873693 -0.9323033 0.3900871 0.3873693 -0.9323033 0.2342921 0.3873693 -0.9323033 0.07849717 0.3873693 -0.9323033 -0.07729774 0.3873693 -0.9323033 -0.2330927 0.3873693 -0.9323033 -0.3888877 0.3873693 -0.9323033 -0.5446826 0.3873693 -0.9323033 -0.7004776 0.1973999 -0.9899299 0.8574719 0.1973999 -0.9899299 0.701677 0.1973999 -0.9899299 0.5458821 0.1973999 -0.9899299 0.3900871 0.1973999 -0.9899299 0.2342921 0.1973999 -0.9899299 0.07849717 0.1973999 -0.9899299 -0.07729774 0.1973999 -0.9899299 -0.2330927 0.1973999 -0.9899299 -0.3888877 0.1973999 -0.9899299 -0.5446826 0.1973999 -0.9899299 -0.7004776 0.1973999 -0.9899299 -0.8562725 -1.61707e-4 -1.009388 0.8574719 -1.61707e-4 -1.009388 0.701677 -1.61707e-4 -1.009388 0.5458821 -1.61707e-4 -1.009388 0.3900871 -1.61707e-4 -1.009388 0.2342921 -1.61707e-4 -1.009388 0.07849717 -1.61707e-4 -1.009388 -0.07729774 -1.61707e-4 -1.009388 -0.2330927 -1.61707e-4 -1.009388 -0.3888877 -1.61707e-4 -1.009388 -0.5446826 -1.61707e-4 -1.009388 -0.7004776 -1.61707e-4 -1.009388 -0.8562725 -0.1977233 -0.9899299 0.8574719 -0.1977233 -0.9899299 0.701677 -0.1977233 -0.9899299 0.3900871 -0.1977233 -0.9899299 0.2342921 -0.1977233 -0.9899299 0.07849717 -0.1977233 -0.9899299 -0.07729774 -0.1977233 -0.9899299 -0.2330927 -0.1977233 -0.9899299 -0.3888877 -0.1977233 -0.9899299 -0.7004776 -0.3876927 -0.9323033 0.8574719 -0.3876927 -0.9323033 0.701677 -0.3876927 -0.9323033 0.5458821 -0.3876927 -0.9323033 0.3900871 -0.3876927 -0.9323033 -0.3888877 -0.3876927 -0.9323033 -0.5446826 -0.3876927 -0.9323033 -0.7004776 -0.5627695 -0.8387228 0.701677 -0.5627695 -0.8387228 0.5458821 -0.5627695 -0.8387228 0.3900871 -0.5627695 -0.8387228 0.2342921 -0.5627695 -0.8387228 0.07849717 -0.5627695 -0.8387228 -0.07729774 -0.5627695 -0.8387228 -0.2330927 -0.5627695 -0.8387228 -0.3888877 -0.5627695 -0.8387228 -0.5446826 -0.5627695 -0.8387228 -0.7004776 -0.7162256 -0.7127847 0.8574719 -0.7162256 -0.7127847 0.701677 -0.7162256 -0.7127847 0.3900871 -0.7162256 -0.7127847 0.2342921 -0.7162256 -0.7127847 0.07849717 -0.7162256 -0.7127847 -0.07729774 -0.7162256 -0.7127847 -0.2330927 -0.7162256 -0.7127847 -0.3888877 -0.7162256 -0.7127847 -0.7004776 -0.8421638 -0.5593286 0.8574719 -0.8421638 -0.5593286 0.701677 -0.8421638 -0.5593286 0.5458821 -0.8421638 -0.5593286 0.3900871 -0.8421638 -0.5593286 -0.3888877 -0.8421638 -0.5593286 -0.5446826 -0.8421638 -0.5593286 -0.7004776 -0.9357443 -0.3842517 0.701677 -0.9357443 -0.3842517 0.5458821 -0.9357443 -0.3842517 0.3900871 -0.9357443 -0.3842517 0.2342921 -0.9357443 -0.3842517 0.07849717 -0.9357443 -0.3842517 -0.07729774 -0.9357443 -0.3842517 -0.2330927 -0.9357443 -0.3842517 -0.3888877 -0.9357443 -0.3842517 -0.5446826 -0.9357443 -0.3842517 -0.7004776 -0.9933708 -0.1942823 0.8574719 -0.9933708 -0.1942823 0.701677 -0.9933708 -0.1942823 0.3900871 -0.9933708 -0.1942823 0.2342921 -0.9933708 -0.1942823 0.07849717 -0.9933708 -0.1942823 -0.07729774 -0.9933708 -0.1942823 -0.2330927 -0.9933708 -0.1942823 -0.3888877 -0.9933708 -0.1942823 -0.7004776 -1.012829 0.003279268 0.8574719 -1.012829 0.003279268 0.701677 -1.012829 0.003279268 0.5458821 -1.012829 0.003279268 0.3900871 -1.012829 0.003279268 -0.3888877 -1.012829 0.003279268 -0.5446826 -1.012829 0.003279268 -0.7004776 -0.9933708 0.2008408 0.701677 -0.9933708 0.2008408 0.5458821 -0.9933708 0.2008408 0.3900871 -0.9933708 0.2008408 0.2342921 -0.9933708 0.2008408 0.07849717 -0.9933708 0.2008408 -0.07729774 -0.9933708 0.2008408 -0.2330927 -0.9933708 0.2008408 -0.3888877 -0.9933708 0.2008408 -0.5446826 -0.9933708 0.2008408 -0.7004776 -0.9357443 0.3908103 0.8574719 -0.9357443 0.3908103 0.701677 -0.9357443 0.3908103 0.3900871 -0.9357443 0.3908103 0.2342921 -0.9357443 0.3908103 0.07849717 -0.9357443 0.3908103 -0.07729774 -0.9357443 0.3908103 -0.2330927 -0.9357443 0.3908103 -0.3888877 -0.9357443 0.3908103 -0.7004776 -0.8421638 0.5658871 0.8574719 -0.8421638 0.5658871 0.701677 -0.8421638 0.5658871 0.5458821 -0.8421638 0.5658871 0.3900871 -0.8421638 0.5658871 -0.5446826 -0.8421638 0.5658871 -0.7004776 -0.7162256 0.7193432 0.701677 -0.7162256 0.7193432 0.5458821 -0.7162256 0.7193432 0.3900871 -0.7162256 0.7193432 0.2342921 -0.7162256 0.7193432 0.07849717 -0.7162256 0.7193432 -0.07729774 -0.7162256 0.7193432 -0.2330927 -0.7162256 0.7193432 -0.3888877 -0.7162256 0.7193432 -0.5446826 -0.7162256 0.7193432 -0.7004776 -0.7162256 0.7193432 -0.8562725 -0.5627695 0.8452814 0.8574719 -0.5627695 0.8452814 0.701677 -0.5627695 0.8452814 0.3900871 -0.5627695 0.8452814 0.2342921 -0.5627695 0.8452814 0.07849717 -0.5627695 0.8452814 -0.07729774 -0.5627695 0.8452814 -0.2330927 -0.5627695 0.8452814 -0.3888877 -0.5627695 0.8452814 -0.7004776 -0.3876927 0.9388619 0.8574719 -0.3876927 0.9388619 0.701677 -0.3876927 0.9388619 0.5458821 -0.3876927 0.9388619 0.3900871 -0.3876927 0.9388619 -0.3888877 -0.3876927 0.9388619 -0.5446826 -0.3876927 0.9388619 -0.7004776 -0.1977233 0.9964885 0.701677 -0.1977233 0.9964885 0.5458821 -0.1977233 0.9964885 0.3900871 -0.1977233 0.9964885 0.2342921 -0.1977233 0.9964885 0.07849717 -0.1977233 0.9964885 -0.07729774 -0.1977233 0.9964885 -0.2330927 -0.1977233 0.9964885 -0.3888877 -0.1977233 0.9964885 -0.5446826 -0.1977233 0.9964885 -0.7004776</float_array>
          <technique_common>
            <accessor source="#Cylinder_006-mesh-positions-array" count="792" stride="3">
              <param name="X" type="float"/>
              <param name="Y" type="float"/>
              <param name="Z" type="float"/>
            </accessor>
          </technique_common>
        </source>
        <source id="Cylinder_006-mesh-normals">
          <float_array id="Cylinder_006-mesh-normals-array" count="5349">0.2020692 0.9793713 0 0.2020668 0.9793717 0 0.2020691 0.9793714 0 0.2902846 0.9569404 0 0.3826834 0.9238796 0 0.3826833 0.9238796 0 0.4713969 0.8819213 0 -0.2022095 0.9793423 0 -0.2022063 0.9793429 0 -0.2022097 0.9793423 0 0.7730105 0.6343932 0 0.8314696 0.5555703 0 0.8314696 0.5555703 0 0.8819214 0.4713965 0 1 -3.64596e-4 0 1 -3.64596e-4 0 1 -3.64596e-4 0 0.9951847 0.09801751 0 1 0 0 0.9951847 0.09801751 0 1 0 0 0.9951847 -0.09801751 0 0.2020665 0.9793719 0 0.2020664 0.9793719 0 0.8819214 -0.4713966 0 0.8314697 -0.5555703 0 0.8819214 -0.4713966 0 0.8314698 -0.5555701 0 0.7730105 -0.6343933 0 0.1651892 -0.5445503 0.8223001 0.1651881 -0.5445534 0.8222984 0.1651881 -0.5445536 0.8222982 0.4713967 -0.8819214 0 0.3826835 -0.9238796 0 0.4713967 -0.8819213 0 0.3826835 -0.9238795 0 0.2271676 -0.9738557 0 0.1950904 -0.9807854 0 -0.03281283 -0.9994616 0 0 -1 0 -0.09801727 -0.9951847 0 -0.2022066 0.979343 0 -0.2022078 0.9793426 0 -0.4713966 -0.8819214 0 -0.5555704 -0.8314695 0 -0.4713967 -0.8819213 0 -0.5555704 -0.8314696 0 -0.6343932 -0.7730105 0 1 -3.64596e-4 0 1 -3.64597e-4 0 -0.8819211 -0.4713971 0 -0.9238796 -0.3826834 0 -0.8819211 -0.4713972 0 -0.9238797 -0.3826832 0 -0.9569404 -0.2902846 0 -0.440706 -0.3616771 0.8215644 -0.4407029 -0.3616787 0.8215653 -0.4407061 -0.3616769 0.8215643 -0.9951847 0.09801709 0 -0.9807853 0.1950901 0 -0.9951847 0.09801733 0 -0.9807854 0.19509 0 -0.9569404 0.2902846 0 0.3632617 -0.442633 0.8198274 0.3632543 -0.4426317 0.8198314 0.3632622 -0.4426331 0.8198272 -0.7730105 0.6343932 0 -0.7071068 0.7071068 0 -0.7071068 0.7071068 0 -0.6343934 0.7730104 0 1 -3.64595e-4 0 1 -3.64596e-4 0 0 0 1 0 0 1 -0.2902847 0.9569404 0 -0.1950905 0.9807853 0 -0.2902847 0.9569404 0 -0.09801757 0.9951848 0 -0.09801757 0.9951847 0 -0.1950905 0.9807853 0 -0.1628032 0.9866586 0 -0.09801757 0.9951848 0 -0.09801757 0.9951847 0 -0.03281289 0.9994616 0 0.03281295 0.9994616 0 0 1 0 -0.1043095 0.3438597 -0.9332096 -0.1043093 0.3438622 -0.9332087 -0.1043095 0.3438596 -0.9332095 0.2784327 0.2285065 -0.9328774 0.2784377 0.2285069 -0.9328757 0.2784379 0.2285069 -0.9328756 0.007339 0.9999731 0 0.007338821 0.9999731 0 0.007338821 0.9999731 0 -0.3178329 -0.169886 0.9328028 -0.3178304 -0.1698854 0.9328038 -0.3178302 -0.1698854 0.9328038 -1 3.64596e-4 0 -1 3.64596e-4 0 -1 3.64596e-4 0 -0.09801757 0.9951848 0 0 1 0 0.03281295 0.9994616 0 -0.09801757 0.9951847 0 -0.2902848 0.9569404 0 -0.00733906 -0.9999731 0 -0.007338941 -0.9999731 0 -0.00733906 -0.9999731 0 0.5604447 0.828192 0 0.5604467 0.8281906 0 0.5604468 0.8281905 0 -0.3826835 0.9238796 0 -0.2902846 0.9569404 0 -0.4127924 0.9108251 0 -0.2902846 0.9569404 0 -0.3826835 0.9238795 0 -0.4127925 0.9108251 0 -0.2902846 0.9569404 0 -0.2707665 0.5065591 0.8185862 -0.2707605 0.5065577 0.818589 -0.2707668 0.5065591 0.8185861 -1 3.64594e-4 0 -1 3.64594e-4 0 -0.007339 -0.9999731 0 -0.007338821 -0.9999731 0 0.6243475 -0.3337207 0.7062724 0.6243477 -0.3337211 0.706272 0.6243477 -0.3337211 0.706272 -0.5555703 0.8314696 0 -0.4713966 0.8819214 0 -0.5825539 0.8127922 0 -0.5279882 0.8492518 0 -0.4713969 0.8819213 0 -0.4713967 0.8819214 0 -0.5279883 0.8492517 0 -0.5825541 0.8127921 0 0.5040549 0.2694196 -0.8205742 0.5040465 0.2694203 -0.820579 0.5040553 0.2694196 -0.8205739 -0.6835239 0.7299281 0 -0.6343935 0.7730104 0 -0.7071068 0.7071067 0 -0.683524 0.7299281 0 -0.7299281 0.683524 0 0.6235049 -0.3332765 -0.7072258 0.6235163 -0.3332726 -0.7072176 0.6235043 -0.3332768 -0.7072263 -0.2022075 0.9793427 0 -0.2022075 0.9793428 0 -0.2022075 0.9793428 0 0.1714386 -0.3207406 -0.9315227 0.1714391 -0.3207385 -0.9315232 0.1714391 -0.3207384 -0.9315233 0.9805731 0.1961542 0 0.9805729 0.196155 0 0.9805731 0.1961541 0 -0.1036792 0.341785 0.9340416 -0.1036818 0.3417875 0.9340404 -0.103682 0.3417876 0.9340403 -0.6343932 0.7730106 0 -0.6343932 0.7730106 0 -0.6835239 0.7299282 0 -0.7730106 0.6343931 0 -0.3887967 -0.9213237 0 -0.3887978 -0.9213232 0 -0.3887966 -0.9213237 0 -0.2022068 0.9793429 0 -0.2022081 0.9793426 0 -0.8314695 0.5555704 0 -0.8492517 0.5279883 0 -0.8314695 0.5555704 0 -0.8314696 0.5555703 0 -0.7730105 0.6343933 0 -0.8314697 0.5555703 0 -0.7730103 0.6343935 0 -0.8314695 0.5555705 0 -0.7730104 0.6343934 0 -0.8492516 0.5279884 0 -0.7730104 0.6343934 0 0.980573 0.1961546 0 0.9805727 0.1961568 0 0.2767556 0.2271286 0.9337124 0.2767581 0.2271292 0.9337115 0.2767555 0.2271286 0.9337126 0.2022091 -0.9793425 0 0.2022072 -0.9793428 0 0.2022082 -0.9793426 0 0.1647577 -0.543129 -0.8233261 0.1647571 -0.543132 -0.8233242 0.1647577 -0.5431288 -0.8233263 -0.9238796 0.3826834 0 -0.8819213 0.4713969 0 -0.935939 0.3521622 0 -0.9108251 0.4127925 0 -0.8819212 0.471397 0 -0.8819212 0.4713971 0 -0.8819213 0.4713967 0 -0.8819214 0.4713967 0 -0.9108251 0.4127924 0 -0.9238796 0.3826833 0 -0.935939 0.3521623 0 -0.8819211 0.471397 0 0.202207 -0.9793428 0 0.202207 -0.9793429 0 -0.9807853 0.1950902 0 -0.9738558 0.2271674 0 -0.9569404 0.2902846 0 -0.9569404 0.2902847 0 -0.9805734 -0.1961523 0 -0.980573 -0.1961547 0 -0.980573 -0.1961547 0 -0.4395564 -0.3607349 -0.8225938 -0.4395565 -0.3607362 -0.8225932 -0.4395565 -0.3607363 -0.8225931 0.3465493 0.1051238 0.9321227 0.3465486 0.1051232 0.932123 0.3465486 0.1051232 0.932123 -0.389055 0.9212145 0 -0.3890515 0.9212161 0 -0.389055 0.9212145 0 -0.9805727 -0.1961563 0 -0.9805726 -0.1961567 0 -0.9569403 0.2902848 0 -0.9569401 0.2902854 0 -0.9738557 0.2271675 0 -0.9951847 0.09801727 0 -0.9951847 0.09801745 0 -0.007338881 -0.9999731 0 -0.007338881 -0.9999731 0 -0.007338881 -0.9999731 0 0.1704076 -0.3188123 0.9323734 0.1704102 -0.3188101 0.9323736 0.1704075 -0.3188123 0.9323734 -1 0 0 -0.9951848 0.09801691 0 -0.9994616 -0.03281277 0 -1 0 0 -0.9951848 0.09801673 0 -1 0 0 -1 0 0 -0.9951848 0.09801673 0 -0.9994616 -0.03281289 0 -0.9951848 0.09801673 0 -0.9805732 -0.1961541 0 -0.9805731 -0.1961541 0 -0.007338941 -0.9999731 0 -0.007338881 -0.9999731 0 -0.9951847 0.09801751 0 -0.9805731 -0.1961547 0 -0.9805729 -0.1961547 0 0.007339 0.9999731 0 0.007338821 0.9999731 0 0.007338881 0.9999731 0 -0.9807854 -0.1950901 0 -0.9951847 -0.09801709 0 -0.9738558 -0.2271673 0 -0.9866586 -0.1628027 0 -0.9951847 -0.09801727 0 -0.9951848 -0.09801673 0 -0.9951848 -0.09801673 0 -0.9866586 -0.1628028 0 -0.9807853 -0.1950903 0 -0.9738557 -0.2271675 0 -0.9951847 -0.09801727 0 0.007338941 0.9999731 0 0.007338941 0.9999731 0 -0.9238796 -0.3826835 0 -0.9238795 -0.3826835 0 -0.935939 -0.3521623 0 -0.9569404 -0.2902846 0 -0.9569404 -0.2902847 0 0.3890554 -0.9212145 0 0.3890529 -0.9212155 0 0.3890534 -0.9212152 0 -0.2700644 0.5052491 -0.8196272 -0.2700593 0.5052475 -0.8196297 -0.2700591 0.5052475 -0.81963 -0.9805731 -0.1961541 0 -0.9805731 -0.196154 0 0.007339 0.9999731 0 0.007339 0.9999731 0 0.03521466 -0.357536 0.9332353 0.03521478 -0.3575378 0.9332346 0.03521478 -0.3575379 0.9332346 -0.9569404 -0.2902848 0 -0.9569405 -0.2902845 0 -0.935939 -0.3521623 0 -0.8819211 -0.4713971 0 -0.8819213 -0.4713969 0 0.7059926 0.0695343 0.7047974 0.7059954 0.06953436 0.7047947 0.7059956 0.06953436 0.7047945 0.3890532 -0.9212153 0 0.3890529 -0.9212155 0 -0.8314697 -0.5555704 0 -0.8819213 -0.4713967 0 -0.8127921 -0.582554 0 -0.8314696 -0.5555703 0 -0.8819214 -0.4713967 0 -0.8314695 -0.5555704 0 -0.8819211 -0.4713971 0 -0.8819212 -0.4713971 0 -0.812792 -0.582554 0 -0.3180097 -0.1699784 0.9327257 -0.3180075 -0.1699784 0.9327265 -0.3180097 -0.1699784 0.9327257 0.1879478 -0.9821791 0 0.1879481 -0.9821791 0 0.1879488 -0.9821789 0 -0.8819211 -0.4713973 0 0.7050481 0.06944233 -0.7057514 0.7050506 0.06944179 -0.7057489 0.705048 0.06944239 -0.7057515 0.344455 0.1044914 -0.9329696 0.3444641 0.1044903 -0.9329665 0.3444546 0.1044914 -0.9329698 -0.7071067 -0.7071068 0 -0.7730104 -0.6343935 0 -0.6835238 -0.7299283 0 -0.7299282 -0.6835239 0 -0.7730105 -0.6343933 0 -0.7730104 -0.6343933 0 -0.7730103 -0.6343935 0 -0.7730104 -0.6343934 0 -0.7730106 -0.6343932 0 -0.7299283 -0.6835238 0 -0.7071068 -0.7071068 0 -0.683524 -0.7299281 0 0.3890524 -0.9212157 0 0.3890523 -0.9212157 0 -0.6343933 -0.7730104 0 -0.5555704 -0.8314695 0 -0.5825541 -0.812792 0 -0.6343936 -0.7730103 0 -0.6343934 -0.7730104 0 0.980573 0.1961549 0 0.9805729 0.1961553 0 0.9805729 0.1961553 0 0.1879472 -0.9821792 0 0.1879471 -0.9821792 0 0.3890554 -0.9212144 0 0.3890555 -0.9212144 0 0.9805735 0.1961525 0 0.9805729 0.1961556 0 0.3890504 -0.9212164 0 0.3890503 -0.9212166 0 -0.6343934 -0.7730105 0 -0.6343935 -0.7730104 0 -0.4713966 -0.8819214 0 -0.4713966 -0.8819215 0 -0.1879471 0.9821792 0 -0.1879475 0.9821792 0 -0.1879475 0.9821791 0 -0.1056153 0.3481689 0.9314634 -0.1056174 0.3481746 0.9314609 -0.1056153 0.3481686 0.9314635 -0.3826835 -0.9238796 0 -0.4713967 -0.8819214 0 -0.3521623 -0.935939 0 -0.3826835 -0.9238796 0 -0.3826835 -0.9238795 0 -0.3826835 -0.9238795 0 -0.1879492 0.9821788 0 -0.1879493 0.9821788 0 0.03500175 -0.3553786 -0.934067 0.03500187 -0.3553805 -0.9340662 0.03500175 -0.3553785 -0.934067 -0.471397 -0.8819212 0 -0.9229217 -0.384988 0 -0.9229221 -0.3849866 0 -0.922922 -0.3849871 0 -0.3160854 -0.1689546 -0.9335655 -0.3160921 -0.1689537 -0.9335634 -0.3160924 -0.1689536 -0.9335633 -0.1950904 -0.9807854 0 -0.2902846 -0.9569404 0 -0.1628029 -0.9866586 0 -0.2271676 -0.9738557 0 -0.2902848 -0.9569404 0 -0.2902846 -0.9569404 0 -0.2902846 -0.9569404 0 -0.2902847 -0.9569404 0 -0.2271676 -0.9738557 0 -0.1628031 -0.9866587 0 -0.1879474 0.9821791 0 -0.1879473 0.9821791 0 -0.03281283 -0.9994616 0 -0.09801727 -0.9951847 0 -0.09801727 -0.9951847 0 -0.03281283 -0.9994616 0 0.03281283 -0.9994616 0 -0.56919 -0.05606108 -0.8202926 -0.5691908 -0.05606067 -0.8202921 -0.56919 -0.05606108 -0.8202927 -0.3890547 0.9212148 0 -0.389052 0.9212159 0 -0.3890519 0.921216 0 -0.9229224 -0.3849863 0 -0.9229223 -0.3849862 0 -0.1879475 0.9821791 0 -0.1879476 0.9821791 0 -0.3890558 0.9212142 0 -0.3890537 0.9212151 0 -0.03281283 -0.9994616 0 0.03281283 -0.9994616 0 0.2271676 -0.9738557 0 0.1950903 -0.9807853 0 0.9229219 0.3849875 0 0.9229221 0.3849868 0 0.9229218 0.3849875 0 -0.1879472 0.9821792 0 -0.1879471 0.9821792 0 0.162803 -0.9866587 0 0.09801727 -0.9951847 0 0.09801727 -0.9951847 0 0.09801727 -0.9951847 0 0.09801727 -0.9951847 0 0.162803 -0.9866586 0 -0.5502954 0.8349701 0 -0.5502966 0.8349693 0 -0.5502957 0.8349699 0 0.9229221 0.3849869 0 0.9229227 0.3849852 0 0.3826835 -0.9238796 0 0.3826834 -0.9238796 0 0.3521623 -0.935939 0 0.2902846 -0.9569405 0 0.2902846 -0.9569404 0 0.5494786 0.4509467 0.7033637 0.5494752 0.4509458 0.7033669 0.549475 0.4509457 0.7033671 0.5607862 -0.8279608 0 0.5607835 -0.8279625 0 0.5607846 -0.8279617 0 -0.1049808 0.346076 -0.9323146 -0.1049831 0.3460817 -0.9323122 -0.1049832 0.346082 -0.9323121 0.9229217 0.3849879 0 0.9229227 0.3849853 0 0.9809938 0.1940397 0 0.9809935 0.1940406 0 0.9809936 0.1940401 0 0.3521623 -0.935939 0 0.4713966 -0.8819214 0 0.4713966 -0.8819215 0 0.5487435 0.4503499 -0.7043192 0.5487522 0.4503448 -0.7043158 0.548743 0.4503502 -0.7043195 0.5607793 -0.8279654 0 0.560779 -0.8279656 0 0.5555704 -0.8314695 0 0.5825539 -0.8127921 0 0.5555703 -0.8314697 0 0.582554 -0.812792 0 0.4713967 -0.8819213 0 0.9229217 0.3849878 0 0.5465235 0.1657858 -0.8208699 0.5465216 0.1657864 -0.820871 0.5465214 0.1657864 -0.820871 0.471397 -0.8819212 0 0.187947 -0.9821792 0 0.1879484 -0.9821789 0 0.1879484 -0.9821789 0 0.9809935 0.1940413 0 0.9809933 0.1940414 0 0.7071068 -0.7071068 0 0.6343933 -0.7730105 0 0.7299281 -0.6835239 0 0.6835238 -0.7299283 0 0.6343934 -0.7730104 0 0.6343933 -0.7730104 0 0.6343932 -0.7730106 0 0.6343932 -0.7730106 0 0.7071067 -0.7071069 0 0.7299282 -0.6835239 0 0.7032254 -0.7109671 0 0.7032249 -0.7109675 0 0.7032254 -0.710967 0 0.8314696 -0.5555703 0 0.7730105 -0.6343932 0 0.8314696 -0.5555703 0 0.8127921 -0.5825539 0 0.7730106 -0.6343932 0 -0.5607864 0.8279605 0 -0.560783 0.8279628 0 -0.5607867 0.8279604 0 0.9229205 0.3849906 0 0.9229221 0.3849866 0 0.1879473 -0.9821791 0 0.187947 -0.9821792 0 -0.9809934 -0.1940411 0 -0.9809938 -0.1940395 0 -0.9809934 -0.1940413 0 -0.5607836 0.8279625 0 -0.5607774 0.8279668 0 0.7730104 -0.6343935 0 0.8127922 -0.5825539 0 0.8819214 -0.4713965 0 0.8819215 -0.4713964 0 0.8819215 -0.4713965 0 -0.9229216 -0.3849883 0 -0.9229234 -0.384984 0 -0.9229224 -0.3849862 0 -0.9809938 -0.1940395 0 -0.9809933 -0.1940414 0 0.9238797 -0.3826833 0 0.9359392 -0.352162 0 0.9238796 -0.3826833 0 0.8819214 -0.4713967 0 0.8819211 -0.4713971 0 0.8819213 -0.4713969 0 0.935939 -0.3521622 0 0.8819214 -0.4713965 0 -0.5607827 0.8279631 0 -0.5607766 0.8279672 0 -0.06381911 0.6479846 0.758975 -0.06382232 0.6479924 0.7589682 -0.06381893 0.6479842 0.7589753 0.8819215 -0.4713966 0 -0.9229206 -0.3849906 0 -0.9229204 -0.3849909 0 -0.3762645 0.9265124 0 -0.376266 0.9265117 0 -0.3762654 0.926512 0 0.9807853 -0.1950905 0 0.9569405 -0.2902846 0 0.9866586 -0.1628032 0 0.9738557 -0.2271676 0 0.9569404 -0.2902844 0 0.9569404 -0.2902846 0 0.9569404 -0.2902846 0 0.9738557 -0.2271676 0 0.9807853 -0.1950904 0 0.9866586 -0.1628032 0 -0.9809935 -0.1940408 0 -0.9809933 -0.1940417 0 1 0 0 0.9951847 -0.09801745 0 1 0 0 0.9994616 -0.03281289 0 0.9951847 -0.09801751 0 -0.5607801 0.8279647 0 -0.5607827 0.8279631 0 -0.3762664 0.9265115 0 -0.3762664 0.9265115 0 -0.9809936 -0.1940401 0 -0.9809935 -0.1940408 0 -0.5677203 -0.05591541 0.8213204 -0.5677087 -0.05591541 0.8213285 -0.567708 -0.05591541 0.8213289 -0.5607805 0.8279645 0 0.9951848 -0.09801751 0 0.9951847 -0.09801745 0 0.9951847 0.09801751 0 0.9951847 0.09801745 0 0.04700022 -0.4771995 -0.8775374 0.0470007 -0.4772073 -0.877533 0.0470007 -0.4772077 -0.8775328 0.3762646 -0.9265123 0 0.3762655 -0.9265119 0 0.3762645 -0.9265123 0 0.9807853 0.1950905 0 0.9738557 0.2271677 0 0.9951847 0.09801751 0 0.9807853 0.1950905 0 0.9951848 0.09801751 0 0.9738557 0.2271677 0 0.9951848 0.09801751 0 -0.9809938 -0.1940395 0 -0.9809936 -0.1940402 0 0.5607796 -0.8279651 0 0.560779 -0.8279656 0 0.5607794 -0.8279653 0 0.9951847 0.09801751 0 -0.8293498 -0.55873 0 -0.8293474 -0.5587334 0 -0.8293473 -0.5587336 0 0.3762654 -0.926512 0 0.3762668 -0.9265114 0 0.9238797 0.3826832 0 0.9569405 0.2902846 0 0.9108253 0.4127923 0 0.935939 0.3521621 0 0.9569405 0.2902845 0 0.9569404 0.2902846 0 0.9569404 0.2902846 0 0.935939 0.3521622 0 0.9238796 0.3826832 0 0.9108253 0.4127922 0 0.9809936 0.1940402 0 0.9809934 0.1940414 0 0.9809936 0.1940406 0 0.8314697 0.5555703 0 0.8819214 0.4713966 0 0.8314698 0.5555701 0 0.8492518 0.5279881 0 0.8819214 0.4713966 0 0.8819212 0.4713969 0 0.8819211 0.4713971 0 -0.9226663 0.3855995 0 -0.9226645 0.3856039 0 -0.9226648 0.3856033 0 0.5607794 -0.8279654 0 0.829347 0.558734 0 0.8293495 0.5587302 0 0.8293469 0.5587341 0 0.3762646 -0.9265123 0 0.3762668 -0.9265114 0 0.9809938 0.1940395 0 0.9809938 0.1940395 0 0.8819214 0.4713966 0 0.8492519 0.5279881 0 0.7730105 0.6343933 0 0.7730106 0.6343931 0 0.7730104 0.6343935 0 0.2066059 0.6810845 0.7024514 0.2066036 0.6810868 0.7024499 0.2066034 0.6810869 0.7024497 0.5686433 -0.05600577 0.8206756 0.5686332 -0.05600678 0.8206824 0.5686326 -0.05600684 0.8206828 0.7071067 0.7071068 0 0.7730103 0.6343935 0 0.6835238 0.7299283 0 0.7071068 0.7071068 0 0.7730104 0.6343933 0 0.7071068 0.7071067 0 0.7730106 0.6343932 0 0.7071067 0.707107 0 0.6835237 0.7299284 0 0.7730103 0.6343935 0 0.82935 0.5587295 0 0.8293489 0.5587311 0 0.3762657 -0.9265118 0 0.3762646 -0.9265123 0 0.2063301 0.6801829 -0.7034054 0.2063332 0.6801843 -0.7034031 0.20633 0.6801828 -0.7034056 0.5451005 0.1653544 0.8219023 0.5450972 0.1653556 0.8219042 0.5451006 0.1653544 0.8219022 0.5555704 0.8314695 0 0.6343932 0.7730105 0 0.5279884 0.8492516 0 0.5825541 0.812792 0 0.6343931 0.7730107 0 0.6343933 0.7730104 0 0.6343935 0.7730103 0 0.6343935 0.7730103 0 0.5825541 0.812792 0 0.5555703 0.8314697 0 0.5279883 0.8492518 0 0.6343932 0.7730106 0 0.3762646 -0.9265123 0 0.376266 -0.9265118 0 0.3826833 0.9238796 0 0.4713968 0.8819213 0 0.4127924 0.9108253 0 0.4713967 0.8819213 0 0.9804325 -0.1968559 0 0.9804326 -0.1968551 0 0.9804325 -0.1968559 0 -0.3594943 0.03540748 -0.9324753 -0.3595002 0.0354076 -0.932473 -0.3594941 0.03540748 -0.9324755 0.7109271 -0.7032657 0 0.7109344 -0.7032585 0 0.7109347 -0.703258 0 -0.3762653 0.9265121 0 -0.3762622 0.9265133 0 -0.3762662 0.9265117 0 0.924818 0.3804098 0 0.9248186 0.3804086 0 0.9248186 0.3804086 0 0.4127924 0.9108251 0 0.2902846 0.9569404 0 -0.7109286 0.7032642 0 -0.7109299 0.7032629 0 -0.7109285 0.7032644 0 -0.3762645 0.9265124 0 -0.3762643 0.9265124 0 0.1950905 0.9807853 0 0.2902846 0.9569405 0 0.1628032 0.9866586 0 0.1950905 0.9807853 0 0.2902846 0.9569404 0 0.1628032 0.9866586 0 -0.9248195 -0.3804064 0 -0.9248187 -0.3804085 0 -0.9248195 -0.3804063 0 -0.7109278 0.7032651 0 -0.7109337 0.7032591 0 0.04682046 -0.47538 0.8785338 0.04682219 -0.4753879 0.8785295 0.0468204 -0.4753797 0.8785341 -0.5689169 -0.05603331 0.8204839 -0.5689069 -0.05603319 0.8204908 -0.5689174 -0.05603331 0.8204836 0.09801757 0.9951847 0 0.09801757 0.9951847 0 0.09801757 0.9951848 0 0.09801757 0.9951847 0 0.09801757 0.9951848 0 -0.924819 -0.3804075 0 -0.9248179 -0.3804104 0 0.09801775 0.9951847 0 0.09801769 0.9951847 0 0.09801769 0.9951847 0 0.6343935 0.7730104 0 0.6343936 0.7730102 0 0.6343937 0.7730101 0 0.9569404 0.290285 0 0.9569404 0.2902847 0 0.9569404 0.2902849 0 0.9569404 -0.290285 0 0.9569402 -0.2902853 0 0.9569404 -0.2902849 0 0.6343935 -0.7730103 0 0.6343936 -0.7730102 0 0.6343936 -0.7730102 0 -0.2902848 -0.9569403 0 -0.7730102 -0.6343936 0 -0.9951847 -0.09801757 0 -0.9951847 -0.09801715 0 -0.9951847 -0.09801745 0 -0.8819214 0.4713966 0 -0.8819211 0.4713971 0 -0.4713966 0.8819214 0 -0.4713966 0.8819214 0 -0.4713965 0.8819215 0 -0.09801769 0.9951847 0 -0.09801769 0.9951847 0 -0.09801769 0.9951847 0 -0.09801769 0.9951847 0 -0.09801769 0.9951847 0 -0.09801769 0.9951847 0 -0.09801769 0.9951847 0 -0.09801769 0.9951847 0 -0.2902851 0.9569403 0 -0.2902851 0.9569402 0 -0.2902852 0.9569402 0 -0.290285 0.9569402 0 -0.2902851 0.9569403 0 -0.2902851 0.9569402 0 -0.2902851 0.9569403 0 -0.290285 0.9569404 0 -0.4713965 0.8819214 0 -0.4713966 0.8819214 0 -0.4713965 0.8819215 0 -0.6343933 0.7730105 0 -0.6343933 0.7730104 0 -0.6343935 0.7730104 0 -0.6343934 0.7730104 0 -0.6343933 0.7730105 0 -0.6343933 0.7730104 0 -0.8127921 0.5825539 0 -0.8492516 0.5279885 0 -0.7730104 0.6343935 0 -0.7730107 0.634393 0 -0.7730105 0.6343933 0 -0.8819213 0.4713968 0 -0.8819211 0.4713971 0 -0.8819212 0.471397 0 -0.8819215 0.4713966 0 -0.8819211 0.4713972 0 -0.8819214 0.4713966 0 -0.9569405 0.2902842 0 -0.9569405 0.2902842 0 -0.9569405 0.2902842 0 -0.9569405 0.2902843 0 -0.9569405 0.2902843 0 -0.9951848 0.09801691 0 -0.9951847 0.09801721 0 -0.9951848 0.09801661 0 -0.9951848 0.09801745 0 -0.9951847 0.09801763 0 -0.9951847 0.09801757 0 -0.9951848 0.09801763 0 -0.9951847 -0.09801709 0 -0.9951847 -0.09801775 0 -0.9951847 -0.09801721 0 -0.9951848 -0.09801691 0 -0.9951847 -0.09801715 0 -0.9951848 -0.09801763 0 -0.9569405 -0.2902843 0 -0.9569405 -0.2902842 0 -0.9569405 -0.2902843 0 -0.9569405 -0.2902843 0 -0.9569405 -0.2902843 0 -0.8819215 -0.4713965 0 -0.8819214 -0.4713965 0 -0.8819215 -0.4713963 0 -0.8819215 -0.4713964 0 -0.8819214 -0.4713965 0 -0.8819213 -0.4713967 0 -0.7730104 -0.6343934 0 -0.7730103 -0.6343935 0 -0.7730105 -0.6343934 0 -0.7730105 -0.6343933 0 -0.7730106 -0.6343931 0 -0.7730104 -0.6343933 0 -0.6343934 -0.7730104 0 -0.6343932 -0.7730106 0 -0.6343933 -0.7730104 0 -0.6343933 -0.7730105 0 -0.4713965 -0.8819215 0 -0.4713967 -0.8819214 0 -0.4713965 -0.8819215 0 -0.4713966 -0.8819214 0 -0.4713968 -0.8819213 0 -0.2902848 -0.9569404 0 -0.2902849 -0.9569404 0 -0.2902848 -0.9569404 0 -0.2902848 -0.9569404 0 -0.09801679 -0.9951848 0 -0.09801679 -0.9951848 0 -0.09801685 -0.9951848 0 -0.09801679 -0.9951848 0 -0.09801679 -0.9951848 0 -0.09801679 -0.9951848 0 0.09801679 -0.9951848 0 0.09801679 -0.9951848 0 0.09801673 -0.9951848 0 0.09801679 -0.9951848 0 0.09801679 -0.9951848 0 0.09801685 -0.9951848 0 0.09801685 -0.9951848 0 0.09801679 -0.9951848 0 0.2902846 -0.9569404 0 0.2902846 -0.9569404 0 0.2902847 -0.9569404 0 0.4713966 -0.8819214 0 0.4713965 -0.8819214 0 0.4713968 -0.8819213 0 0.4713965 -0.8819214 0 0.4713966 -0.8819215 0 0.6343937 -0.7730101 0 0.6343938 -0.7730101 0 0.6343938 -0.7730101 0 0.6343938 -0.7730101 0 0.7730104 -0.6343933 0 0.7730103 -0.6343935 0 0.7730105 -0.6343934 0 0.7730104 -0.6343934 0 0.7730104 -0.6343934 0 0.7730105 -0.6343933 0 0.8819214 -0.4713966 0 0.8819212 -0.4713969 0 0.8819215 -0.4713963 0 0.8819212 -0.4713971 0 0.8819213 -0.4713969 0 0.8819213 -0.4713967 0 0.8819211 -0.4713971 0 0.9569402 -0.2902852 0 0.9569403 -0.2902849 0 0.9569405 -0.2902844 0 0.9569403 -0.2902849 0 0.9569404 -0.290285 0 0.9569403 -0.2902851 0 0.9951848 -0.09801685 0 0.9951847 -0.09801721 0 0.9951848 -0.09801661 0 0.9951848 -0.09801685 0 0.9951847 -0.09801739 0 0.9951848 -0.09801685 0 0.9951848 -0.09801685 0 0.9951847 -0.09801709 0 0.9951847 0.09801739 0 0.9951847 0.09801709 0 0.9951848 0.09801763 0 0.9951847 0.09801727 0 0.9951848 0.09801691 0 0.9951847 0.09801739 0 0.9951848 0.09801703 0 0.9951847 0.09801721 0 0.9951848 0.09801685 0 0.9569404 0.2902848 0 0.9569402 0.2902853 0 0.9569404 0.2902846 0 0.8819214 0.4713967 0 0.8819212 0.471397 0 0.8819215 0.4713965 0 0.8819211 0.4713971 0 0.8819214 0.4713967 0 0.8819211 0.4713971 0 0.8819211 0.4713971 0 0.8819213 0.4713968 0 0.8819212 0.4713971 0 0.7730104 0.6343933 0 0.7730105 0.6343934 0 0.7730105 0.6343933 0 0.7730104 0.6343934 0 0.7730104 0.6343934 0 0.6343938 0.7730101 0 0.6343938 0.7730101 0 0.6343938 0.7730101 0 0.4713965 0.8819214 0 0.4713966 0.8819214 0 0.4713965 0.8819214 0 0.4713965 0.8819214 0 0.2902849 0.9569403 0 0.2902849 0.9569404 0 0.290285 0.9569404 0 0.2902848 0.9569403 0 0.290285 0.9569403 0 0.2902849 0.9569403 0 0.09801769 0.9951847 0 0.09801769 0.9951847 0 0.09801769 0.9951847 0 0.09801769 0.9951847 0 0.09801775 0.9951847 0 1 -3.64595e-4 0 1 -3.64595e-4 0 0.2022072 -0.9793428 0 0.2022072 -0.9793428 0 -0.31976 -0.1709141 -0.9319561 -0.3197566 -0.1709139 -0.9319571 -0.3197602 -0.1709141 -0.931956 -0.8335475 -0.5524479 0 -0.8335504 -0.5524435 0 -0.8335474 -0.5524481 0 -0.2020667 -0.9793719 0 -0.2020671 -0.9793717 0 -0.2020671 -0.9793718 0 0.3604763 0.4392388 0.8228769 0.3604732 0.4392403 0.8228773 0.3604764 0.4392386 0.8228768 1 -3.64597e-4 0 1 -3.64597e-4 0 0.332794 -0.6226196 -0.7082324 0.3327988 -0.6226148 -0.7082343 0.3327937 -0.6226199 -0.7082323 -0.2676426 0.5007183 0.8231942 -0.2676364 0.5007154 0.823198 -0.2676361 0.5007153 0.8231981 -0.2020668 -0.9793718 0 -0.2020669 -0.9793718 0 0.5053658 0.2701196 0.819537 0.5053532 0.2701216 0.8195441 0.5053524 0.2701217 0.8195445 0.3332434 -0.6234562 0.7072844 0.3332422 -0.6234529 0.707288 0.3332421 -0.6234526 0.7072882 -0.2020689 -0.9793714 0 -0.2020689 -0.9793713 0 -1 3.64596e-4 0 -1 3.64597e-4 0 -1 3.64597e-4 0 0.007344305 -0.9999731 0 0.007344186 -0.9999731 0 0.007344305 -0.9999731 0 0.9248197 0.380406 0 0.9248178 0.3804104 0 -0.2020669 -0.9793718 0 -0.202067 -0.9793718 0 -1 3.64596e-4 0 -1 3.64596e-4 0 0.007344245 -0.9999731 0 0.007344126 -0.9999731 0 -0.2020666 -0.9793718 0 -0.2020666 -0.9793719 0 0.9804325 -0.1968559 0 0.9804326 -0.1968553 0 0.9804328 -0.1968547 0 -0.007344305 0.9999731 0 -0.007344186 0.9999731 0 -0.007344245 0.9999731 0 -0.4421779 -0.3628824 0.8202409 -0.4421707 -0.362882 0.8202449 -0.4421703 -0.362882 0.8202452 0.2020672 0.9793717 0 0.2020692 0.9793714 0 0.2020693 0.9793713 0 0.9804325 -0.1968561 0 0.9804325 -0.1968562 0 0.3642039 -0.4437818 -0.8187877 0.3641988 -0.44378 -0.818791 0.3641985 -0.44378 -0.8187912 -0.007344186 0.9999731 0 -0.007344186 0.9999731 0 0.2020664 0.9793719 0 0.2020676 0.9793717 0 -0.007344126 0.9999731 0 -0.007344126 0.9999731 0 -0.007344245 0.9999731 0 -0.007344186 0.9999731 0 -0.3887969 -0.9213235 0 -0.3887959 -0.9213239 0 -0.3887931 -0.9213251 0 -0.9804329 0.1968542 0 -0.9804326 0.1968549 0 -0.9804329 0.1968541 0 -0.007344305 0.9999731 0 -0.007344305 0.9999731 0 -1 -3.59275e-4 0 -1 -3.59278e-4 0 -1 -3.59275e-4 0 -0.3888002 -0.9213221 0 -0.3888006 -0.921322 0 0.361418 0.4403872 -0.8218492 0.3614151 0.4403888 -0.8218497 0.3614149 0.4403889 -0.8218497 -0.9804326 0.1968548 0 -0.9804325 0.1968555 0 0.007344245 -0.9999731 0 0.007344126 -0.9999731 0 0.007344067 -0.9999731 0 -1 -3.59277e-4 0 -1 -3.59278e-4 0 -0.2683403 0.5020288 -0.8221683 -0.2683388 0.5020251 -0.8221709 -0.2683404 0.502029 -0.8221681 -0.9804324 0.1968562 0 -0.2790225 0.2289889 -0.9325827 -0.2790231 0.2289878 -0.9325829 -0.2790231 0.2289878 -0.9325829 0.007344305 -0.9999731 0 0.007344186 -0.9999731 0 -0.9804328 0.1968541 0 -0.9804323 0.1968564 0 0.3887968 0.9213235 0 0.3887981 0.9213231 0 0.3887967 0.9213237 0 -0.9804325 0.1968558 0 -0.9804328 0.1968541 0 0.1880786 0.982154 0 0.1880796 0.9821539 0 0.1880804 0.9821537 0 1 3.59279e-4 0 1 3.59276e-4 0 1 3.59276e-4 0 0.3887978 0.9213232 0 0.3887966 0.9213237 0 0.1880786 0.9821541 0 0.1880785 0.982154 0 -0.4433239 -0.3638255 -0.8192039 -0.4433183 -0.3638246 -0.8192074 -0.4433242 -0.3638255 -0.8192037 1 3.59277e-4 0 1 3.59277e-4 0 0.3887989 0.9213227 0 -0.1684867 -0.3152185 -0.933943 -0.1684891 -0.3152173 -0.933943 -0.1684892 -0.3152173 -0.9339429 1 3.59278e-4 0 1 3.59278e-4 0 0.2268239 -0.2763885 -0.9338952 0.2268292 -0.2763897 -0.9338936 0.2268238 -0.2763885 -0.9338954 0.3887975 0.9213232 0 0.3887988 0.9213227 0 0.9804328 -0.1968546 0 0.9804325 -0.1968556 0 -0.2807117 0.2303745 0.9317342 -0.2807101 0.2303736 0.9317349 -0.2807117 0.2303745 0.9317342 1 3.59277e-4 0 0.3887968 0.9213237 0 0.3887975 0.9213233 0 -0.922665 0.3856025 0 -0.9226656 0.3856011 0 -0.922665 0.3856025 0 -0.188081 -0.9821535 0 -0.1880782 -0.9821541 0 -0.1880811 -0.9821535 0 1 3.59277e-4 0 1 3.59277e-4 0 -0.0691753 -0.7023561 -0.7084567 -0.06917691 -0.7023583 -0.7084543 -0.06917703 -0.7023584 -0.7084541 -0.922666 0.3856003 0 -0.922665 0.3856026 0 -0.1880781 -0.9821541 0 -0.1880797 -0.9821538 0 -0.06926983 -0.7033008 0.7075095 -0.06926983 -0.7033031 0.7075072 -0.06926983 -0.7033007 0.7075096 0.9226649 -0.3856027 0 0.9226648 -0.3856031 0 0.9226648 -0.385603 0 -0.1880797 -0.9821538 0 -0.1880795 -0.9821539 0 0.2290871 0.2791464 -0.9325217 0.2290912 0.279147 -0.9325204 0.2290869 0.2791463 -0.9325217 -1 -3.59277e-4 0 -1 -3.59277e-4 0 -1 -3.59276e-4 0 -0.388797 -0.9213235 0 -0.3887985 -0.9213228 0 -0.1695095 -0.3171316 0.9331099 -0.1695092 -0.3171305 0.9331103 -0.1695095 -0.3171316 0.9331099 0.9226643 -0.3856043 0 0.9226643 -0.3856044 0 -0.1880784 -0.9821541 0 -0.1880793 -0.982154 0 -1 -3.59278e-4 0 -1 -3.59278e-4 0 0.2282034 -0.2780654 0.933061 0.2282032 -0.2780671 0.9330607 0.2282031 -0.2780672 0.9330605 0.9811305 -0.1933467 0 0.9811299 -0.1933501 0 0.98113 -0.1933494 0 0.5604449 0.8281918 0 0.5604454 0.8281915 0 0.5604449 0.8281918 0 -0.5042739 0.2695369 -0.8204011 -0.5042649 0.2695368 -0.8204065 -0.5042644 0.2695368 -0.8204068 -0.188081 -0.9821535 0 -0.1880784 -0.982154 0 0.9811305 -0.1933468 0 0.9811299 -0.19335 0 0.9811306 -0.1933466 0 0.560445 0.8281917 0 0.5604485 0.8281894 0 0.9811303 -0.1933482 0 0.9811298 -0.1933509 0 -0.5604444 -0.8281921 0 -0.5604471 -0.8281902 0 -0.560446 -0.828191 0 0.3180115 -0.1699811 0.9327246 0.3180083 -0.1699805 0.9327258 0.3180116 -0.1699811 0.9327245 -0.9811302 0.1933487 0 -0.98113 0.1933494 0 -0.98113 0.1933491 0 -0.5604459 -0.8281911 0 0.1880787 0.982154 0 0.1880787 0.982154 0 0.1880791 0.982154 0 0.2304787 0.2808347 0.9316714 0.2304744 0.2808362 0.931672 0.2304742 0.2808363 0.931672 -0.98113 0.1933494 0 -0.98113 0.1933495 0 0.4988207 -0.4093716 -0.7639325 0.4988226 -0.4093714 -0.7639313 0.4988207 -0.4093716 -0.7639326 -0.1647813 -0.5432072 -0.8232698 -0.1647798 -0.5432068 -0.8232704 -0.1647797 -0.5432067 -0.8232704 -0.376518 -0.9264093 0 -0.3765162 -0.92641 0 -0.376518 -0.9264093 0 0.9226658 -0.3856009 0 0.9226645 -0.3856038 0 0.9226654 -0.3856018 0 -0.3765172 -0.9264097 0 -0.3765145 -0.9264107 0 -0.3657412 0.3001563 0.8809878 -0.3657418 0.3001565 0.8809876 -0.8338756 0.5519525 0 -0.8338773 0.5519499 0 -0.8338757 0.5519526 0 0.1036985 0.3418486 0.9340162 0.1037002 0.341848 0.9340162 0.1036984 0.3418486 0.9340162 0.9226661 -0.3855999 0 0.9226661 -0.3855998 0 0.3765178 0.9264095 0 0.3765159 0.9264103 0 0.3765167 0.9264099 0 -0.4481335 -0.5460585 -0.7078111 -0.4481413 -0.5460569 -0.7078073 -0.4481419 -0.5460568 -0.707807 -0.9226654 0.3856016 0 -0.9226654 0.3856016 0 0.3199392 -0.1710098 -0.9318769 0.3199355 -0.1710092 -0.9318783 0.3199352 -0.1710091 -0.9318784 0.3765168 0.9264099 0 0.3765168 0.9264099 0 -0.4487376 -0.5467911 0.7068621 -0.4487396 -0.5467913 0.7068607 -0.4487376 -0.5467911 0.7068622 0.2700034 0.505135 -0.8197175 0.2699974 0.5051313 -0.8197218 0.2700037 0.5051352 -0.8197174 0.7109289 -0.7032639 0 0.7109302 -0.7032626 0 -0.5055848 0.2702367 0.8193632 -0.5055716 0.2702381 0.8193709 -0.5055856 0.2702366 0.8193629 -0.98113 0.1933496 0 -0.9811298 0.1933506 0 -0.9811298 0.1933504 0 -0.5604444 -0.8281921 0 -0.5604487 -0.8281893 0 -0.5604442 -0.8281922 0 -0.8290159 0.5592252 0 -0.8290141 0.5592278 0 -0.8290159 0.5592251 0 -0.1703578 -0.318719 0.9324143 -0.1703596 -0.3187155 0.9324152 -0.1703597 -0.3187153 0.9324153 -0.9811301 0.1933488 0 -0.9811302 0.1933487 0 0.1043288 0.3439235 -0.9331839 0.1043277 0.343923 -0.9331842 0.1043277 0.343923 -0.9331842 -0.8290134 0.5592288 0 -0.8290147 0.5592269 0 0.9811299 -0.1933499 0 0.98113 -0.19335 0 -0.2782978 0.2283957 -0.9329448 -0.2783021 0.2283954 -0.9329435 -0.2782976 0.2283957 -0.9329448 0.8290128 -0.5592299 0 0.829014 -0.559228 0 0.8290137 -0.5592284 0 0.5466845 -0.1658328 0.820753 0.5466733 -0.165834 0.8207603 0.5466851 -0.1658326 0.8207527 -0.1652129 -0.5446287 0.8222435 -0.1652108 -0.5446282 0.8222442 -0.165213 -0.5446287 0.8222435 0.829015 -0.5592264 0 0.8290152 -0.5592263 0 0.376514 0.9264109 0 0.3765222 0.9264076 0 0.3765149 0.9264107 0 0.4405401 -0.3615409 0.8217132 0.4405366 -0.3615417 0.8217148 0.4405364 -0.3615417 0.8217149 0.7105678 0.7036287 0 0.7105676 0.703629 0 0.710568 0.7036286 0 0.8290162 -0.5592247 0 0.8290161 -0.5592248 0 0.3765178 0.9264094 0 0.3765178 0.9264094 0 0.9250676 -0.379803 0 0.9250694 -0.3797984 0 0.9250674 -0.3798032 0 -0.3890556 0.9212144 0 -0.3890556 0.9212144 0 0.7105693 0.7036272 0 0.7105654 0.7036312 0 0.829014 -0.5592279 0 0.8290143 -0.5592275 0 -0.3765175 -0.9264096 0 -0.3765142 -0.9264109 0 -0.3765141 -0.926411 0 -0.1713886 -0.320647 -0.931564 -0.1713883 -0.3206435 -0.9315653 -0.1713886 -0.3206471 -0.931564 0.9250686 -0.3798003 0 0.9250702 -0.3797961 0 -0.6772224 -0.2054356 -0.7065169 -0.6772301 -0.2054331 -0.7065103 -0.6772306 -0.205433 -0.7065098 -0.7105718 -0.7036247 0 -0.7105672 -0.7036294 0 0.05562633 0.564781 0.823364 0.05562585 0.5647835 0.8233622 0.05562633 0.5647808 0.8233641 0.8290126 -0.5592299 0 0.8290125 -0.5592301 0 -0.9250676 0.3798027 0 -0.9250692 0.3797988 0 -0.9250691 0.379799 0 -0.5016911 0.2681583 0.8224337 -0.5016884 0.2681593 0.8224352 -0.5016881 0.2681593 0.8224352 -0.6781303 -0.2057095 0.7055658 -0.6781346 -0.2057088 0.7055618 -0.67813 -0.2057095 0.7055659 -0.7105674 -0.7036292 0 -0.7105675 -0.7036291 0 -0.8290142 0.5592276 0 -0.8290146 0.5592271 0 -0.8290146 0.559227 0 0.2707055 0.5064453 0.8186769 0.2706987 0.5064417 0.8186814 0.2706983 0.5064414 0.8186816 -0.9250687 0.3798 0 -0.9250687 0.3798 0 0.202207 -0.9793428 0 0.2022077 -0.9793428 0 -0.7105666 -0.70363 0 -0.7105662 -0.7036305 0 -0.8290126 0.5592301 0 -0.8290154 0.5592257 0 -0.5506295 -0.8347498 0 -0.5506296 -0.8347498 0 -0.9250697 0.3797973 0 -0.9250697 0.3797974 0 -0.7105706 -0.7036259 0 -0.7105705 -0.703626 0 -0.5506297 -0.8347498 0 -0.5506291 -0.8347501 0 -0.925069 0.379799 0 -0.9250692 0.3797989 0 -0.710572 -0.7036246 0 -0.7105721 -0.7036245 0 0.7032294 -0.7109631 0 0.7032245 -0.7109678 0 0.7032272 -0.7109652 0 0.5506365 0.8347451 0 0.5506306 0.8347491 0 0.5506302 0.8347493 0 -0.1663352 -0.5483292 0.8195534 -0.1663343 -0.5483314 0.8195522 -0.1663342 -0.5483315 0.8195521 -0.9250688 0.3797996 0 -0.9250687 0.3797996 0 0.7032241 -0.7109683 0 0.703224 -0.7109685 0 0.5481077 -0.1662636 -0.819716 0.5480989 -0.1662652 -0.8197216 0.5480985 -0.1662653 -0.8197219 0.5506328 0.8347477 0 0.5506328 0.8347476 0 0.925069 -0.3797992 0 0.9250693 -0.3797984 0 0.9250694 -0.3797984 0 0.7105677 0.7036289 0 0.7105671 0.7036296 0 0.710567 0.7036296 0 0.5506274 0.8347512 0 0.5506266 0.8347517 0 0.9250687 -0.3797999 0 0.9250692 -0.3797988 0 0.710568 0.7036287 0 0.7105675 0.703629 0 0.5506337 0.834747 0 0.5506331 0.8347474 0 0.1880784 0.982154 0 0.1880784 0.9821541 0 -0.8335477 -0.5524476 0 -0.8335485 -0.5524464 0 -0.8335478 -0.5524475 0 -0.7032292 0.7109633 0 -0.7032247 0.7109677 0 -0.7032295 0.710963 0 0.5506365 0.8347452 0 0.5506368 0.8347451 0 -0.8338792 0.5519471 0 -0.8338757 0.5519525 0 -0.8338755 0.5519528 0 -0.678669 0.205874 -0.7049995 -0.6786754 0.2058729 -0.7049937 -0.6786758 0.2058729 -0.7049933 -0.8335512 -0.5524423 0 -0.8335514 -0.552442 0 0.05577212 0.5662592 -0.8223381 0.05577194 0.5662617 -0.8223364 0.05577188 0.5662619 -0.8223363 -0.7032247 0.7109677 0 -0.7032248 0.7109676 0 -0.5506348 -0.8347464 0 -0.5506292 -0.8347499 0 -0.5506289 -0.8347502 0 -0.8338765 0.5519512 0 -0.8338766 0.5519511 0 -0.5030019 0.2688587 -0.8214039 -0.5029963 0.2688596 -0.8214069 -0.5030022 0.2688587 -0.8214037 -0.679575 0.2061477 0.7040461 -0.6795789 0.2061474 0.7040426 -0.6795747 0.2061478 0.7040464 -0.703225 0.7109675 0 -0.7032241 0.7109683 0 -0.3580033 0.03526067 -0.9330543 -0.3580074 0.03526031 -0.9330528 -0.3580076 0.03526026 -0.9330527 -0.5506363 -0.8347453 0 -0.5506335 -0.8347471 0 -0.376518 -0.9264094 0 -0.3765173 -0.9264096 0 -0.7032281 0.7109643 0 -0.7032236 0.7109689 0 0.8335475 0.5524478 0 0.8335489 0.552446 0 0.8335475 0.552448 0 -0.7032294 0.7109631 0 -0.7032279 0.7109645 0 0.7035866 0.7106095 0 0.7035921 0.7106041 0 0.7035908 0.7106055 0 0.8338756 -0.5519525 0 0.8338736 -0.5519555 0 0.8338757 -0.5519524 0 0.8335486 0.5524463 0 0.8335499 0.5524443 0 0.703593 0.7106032 0 0.7035931 0.7106032 0 -0.1667669 -0.549751 -0.8185126 -0.166766 -0.5497531 -0.8185113 -0.1667669 -0.5497509 -0.8185126 0.8338733 -0.5519561 0 0.8338757 -0.5519525 0 0.83355 0.5524442 0 0.8335509 0.5524427 0 0.8338757 -0.5519523 0 0.8338764 -0.5519513 0 0.3431753 -0.1041013 -0.9334847 0.3431833 -0.1041024 -0.9334817 0.3431749 -0.1041012 -0.9334849 0.8335488 0.5524459 0 0.8335509 0.5524428 0 0.7032251 -0.7109673 0 0.7032247 -0.7109677 0 -0.3601697 0.035474 0.9322122 -0.3601744 0.03547394 0.9322103 -0.3601695 0.035474 0.9322123 0.8338763 -0.5519514 0 0.8338763 -0.5519515 0 0.8335475 0.5524477 0 0.833549 0.5524455 0 -0.5502957 0.8349699 0 -0.550296 0.8349696 0 -0.5502957 0.8349699 0 -0.7035901 -0.7106062 0 -0.7035911 -0.7106052 0 -0.7035899 -0.7106062 0 0.8338764 -0.5519512 0 0.7035899 0.7106063 0 0.7035914 0.7106049 0 0.7035897 0.7106065 0 -0.5502955 0.8349701 0 -0.5502991 0.8349676 0 -0.7035909 -0.7106054 0 -0.7035922 -0.7106041 0 -0.4506942 0.5491691 -0.7037671 -0.4506903 0.5491679 -0.7037706 -0.45069 0.5491677 -0.7037708 0.5502952 -0.8349703 0 0.5502979 -0.8349685 0 0.5502967 -0.8349693 0 -0.7035923 -0.710604 0 -0.7035908 -0.7106054 0 0.03545188 0.3599521 -0.932297 0.03545373 0.3599613 -0.9322934 0.03545182 0.3599517 -0.9322971 -0.4512887 0.5498996 0.7028151 -0.451287 0.5498971 0.702818 -0.4512888 0.5498998 0.7028149 -0.8335488 -0.5524461 0 -0.8335521 -0.552441 0 0.5502966 -0.8349693 0 0.5502967 -0.8349692 0 -0.7035894 -0.7106068 0 -0.7035905 -0.7106058 0 -0.8338783 0.5519484 0 -0.8338758 0.5519522 0 0.3452549 -0.1047328 0.9326468 0.3452646 -0.1047332 0.9326432 0.3452651 -0.1047332 0.9326431 -0.8293471 -0.5587337 0 -0.8293487 -0.5587314 0 0.9248184 0.380409 0 0.9248189 0.3804077 0 0.9248184 0.380409 0 -0.5674349 -0.0558871 -0.8215195 -0.5674298 -0.05588817 -0.821523 -0.5674295 -0.05588829 -0.8215231 -0.7035901 -0.7106061 0 0.7109253 -0.7032676 0 0.7109309 -0.7032619 0 0.710925 -0.7032679 0 0.9248192 0.3804069 0 0.9248183 0.3804093 0 0.7109296 -0.7032633 0 0.7109317 -0.703261 0 -0.9248182 -0.3804095 0 -0.9248182 -0.3804098 0 -0.9248182 -0.3804097 0 0.3575533 0.03521597 0.9332286 0.3575577 0.03521615 0.9332268 0.3575531 0.03521597 0.9332287 -0.7109251 0.7032678 0 -0.7109298 0.7032629 0 -0.7109277 0.7032652 0 -0.9248176 -0.3804109 0 -0.9248176 -0.380411 0 0.7035883 0.7106079 0 0.7035955 0.7106007 0 0.03566634 0.3621289 0.9314454 0.03566747 0.3621381 0.9314419 0.03566753 0.3621386 0.9314416 -0.7109308 0.703262 0 -0.7109311 0.7032617 0 -0.8293505 -0.5587286 0 -0.8293471 -0.5587338 0 -0.8293507 -0.5587285 0 0.5671613 -0.05586075 -0.8217104 0.5671561 -0.05586129 -0.8217138 0.5671615 -0.05586069 -0.8217101 0.5502946 -0.8349706 0 0.550298 -0.8349685 0 -0.829347 -0.5587341 0 -0.8293478 -0.5587328 0 0.5502951 -0.8349702 0 0.550295 -0.8349704 0 0.829347 0.5587341 0 0.8293479 0.5587326 0 0.8293476 0.5587332 0 -0.3573309 0.03519409 0.9333146 -0.3573352 0.03519421 0.933313 -0.3573354 0.03519421 0.9333129 -0.5502985 0.8349681 0 -0.5502986 0.834968 0 0.3597177 0.03542917 -0.9323883 0.3597237 0.03542959 -0.932386 0.3597241 0.03542959 -0.9323858 -0.06370472 0.6468071 -0.7599884 -0.06370514 0.646815 -0.7599816 -0.0637052 0.6468155 -0.7599812 -1.59662e-7 0 1 0 0 1 2.09556e-7 0 1 0 0 1 1.98756e-6 0 1 1.93106e-7 0 1 0 0 1 -1.35561e-7 0 1 3.97511e-6 0 1 1.32503e-7 0 1 0 0 1 2.46834e-7 0 1 7.9502e-6 0 1 0 0 -1 0 0 -1 -1.59662e-7 0 -1 0 0 -1 2.09556e-7 0 -1 0 0 -1 1.98756e-6 0 -1 1.93106e-7 0 -1 0 0 -1 -1.35561e-7 0 -1 3.97511e-6 0 -1 1.32503e-7 0 -1 0 0 -1 2.46834e-7 0 -1 7.9502e-6 0 -1 0.2020667 0.9793718 0 0.471397 0.8819212 0 0.8819215 0.4713964 0 0.9951847 -0.09801751 0 0.7730106 -0.6343931 0 0.1651892 -0.5445502 0.8223003 -0.09801727 -0.9951848 0 -0.2022079 0.9793427 0 -0.6343931 -0.7730106 0 -0.9569404 -0.2902846 0 -0.4407028 -0.3616788 0.8215653 -0.9569404 0.2902846 0 0.3632539 -0.4426317 0.8198317 -0.6343934 0.7730105 0 1 -3.64595e-4 0 -0.09801751 0.9951847 0 -0.1043093 0.3438624 -0.9332087 0.2784325 0.2285065 -0.9328774 -0.3178331 -0.169886 0.9328027 -1 3.64596e-4 0 0.5604446 0.828192 0 -0.2902846 0.9569404 0 -0.2707602 0.5065577 0.8185893 -0.007338821 -0.9999731 0 0.6243475 -0.3337207 0.7062725 -0.4713966 0.8819215 0 0.504046 0.2694204 -0.8205793 0.623517 -0.3332723 -0.7072171 0.1714386 -0.3207406 -0.9315226 -0.1036791 0.3417849 0.9340417 -0.2022067 0.9793429 0 -0.7730106 0.6343933 0 0.9805725 0.1961569 0 0.2767583 0.2271292 0.9337116 0.1647571 -0.5431322 -0.8233242 -0.8819211 0.4713973 0 -0.9805735 -0.1961522 0 -0.4395564 -0.3607348 -0.8225938 0.3465494 0.1051239 0.9321227 -0.3890514 0.9212161 0 0.1704103 -0.3188099 0.9323736 -0.9951848 0.09801656 0 -0.007338941 -0.9999731 0 0.007338821 0.9999731 0 -0.9951848 -0.09801751 0 0.007338941 0.9999731 0 0.3890557 -0.9212144 0 -0.2700646 0.5052492 -0.8196271 0.03521466 -0.3575358 0.9332353 0.7059925 0.06953424 0.7047976 -0.8819215 -0.4713966 0 -0.3180073 -0.1699784 0.9327265 0.1879481 -0.982179 0 0.7050507 0.06944173 -0.7057488 0.3444645 0.1044902 -0.9329662 0.9805735 0.1961523 0 -0.1056175 0.3481749 0.9314608 0.03500187 -0.3553806 -0.9340662 -0.9229216 -0.384988 0 -0.3160851 -0.1689547 -0.9335656 -0.5691909 -0.05606067 -0.8202921 -0.389056 0.9212142 0 -0.5502954 0.8349702 0 0.5494788 0.4509468 0.7033635 0.5607864 -0.8279606 0 -0.1049807 0.3460757 -0.9323147 0.9809937 0.1940395 0 0.5487528 0.4503445 -0.7043156 0.5465236 0.1657858 -0.8208697 0.6343937 -0.7730102 0 0.9229204 0.3849908 0 0.1879473 -0.9821792 0 -0.9229235 -0.3849837 0 -0.0638225 0.6479929 0.7589678 0.9569404 -0.2902846 0 -0.5677209 -0.05591541 0.8213201 0.04700016 -0.477199 -0.8775376 -0.9809938 -0.1940394 0 0.5607789 -0.8279656 0 0.9569404 0.2902846 0 0.9809934 0.1940415 0 -0.9226664 0.3855993 0 0.2066061 0.6810844 0.7024515 0.5686438 -0.05600571 0.8206751 0.8293488 0.5587313 0 0.2063333 0.6801844 -0.703403 0.5450971 0.1653557 0.8219044 0.6343932 0.7730106 0 -0.3595006 0.0354076 -0.9324729 -0.3762621 0.9265133 0 0.2902846 0.9569404 0 -0.7109341 0.7032586 0 0.0468223 -0.4753883 0.8785293 -0.5689064 -0.05603319 0.8204911 0.09801757 0.9951847 0 -0.9248177 -0.3804106 0 0.09801781 0.9951847 0 0.6343934 0.7730105 0 0.9569403 0.290285 0 0.9569403 -0.290285 0 -0.2902849 -0.9569403 0 -0.9951847 -0.09801745 0 -0.8819217 0.4713962 0 -0.4713969 0.8819212 0 -0.2902851 0.9569402 0 -0.290285 0.9569404 0 -0.4713967 0.8819214 0 -0.6343936 0.7730102 0 -0.7730103 0.6343935 0 -0.7730102 0.6343936 0 -0.9569405 0.2902842 0 -0.9951847 0.09801769 0 -0.9951848 -0.09801667 0 -0.9569405 -0.2902842 0 -0.4713966 -0.8819215 0 -0.09801679 -0.9951848 0 0.09801673 -0.9951848 0 0.09801679 -0.9951848 0 0.2902846 -0.9569404 0 0.9569405 -0.2902841 0 0.9951848 -0.09801763 0 0.9951848 0.09801673 0 0.9951848 0.09801661 0 0.7730108 0.6343929 0 0.7730102 0.6343936 0 0.4713966 0.8819215 0 0.09801775 0.9951847 0 -0.3197565 -0.1709139 -0.9319573 -0.2020666 -0.9793719 0 0.360473 0.4392405 0.8228774 0.3327992 -0.6226145 -0.7082344 -0.2676429 0.5007184 0.8231939 0.5053665 0.2701196 0.8195367 0.3332434 -0.6234564 0.7072842 0.9248198 0.3804059 0 -1 3.64596e-4 0 0.007344126 -0.9999731 0 -0.007344305 0.9999731 0 -0.4421783 -0.3628824 0.8202407 0.3642042 -0.4437819 -0.8187876 0.3614182 0.4403871 -0.8218492 -1 -3.59278e-4 0 -0.2683387 0.502025 -0.8221711 -0.2790225 0.228989 -0.9325827 0.007344305 -0.9999731 0 -0.9804325 0.1968559 0 0.1880786 0.9821541 0 1 3.59279e-4 0 -0.443318 -0.3638246 -0.8192075 -0.1684866 -0.3152186 -0.9339431 0.2268294 -0.2763897 -0.9338935 0.9804325 -0.1968556 0 -0.2807101 0.2303735 0.9317349 -0.06917518 -0.7023559 -0.7084568 -0.9226649 0.3856027 0 -0.06926983 -0.7033033 0.7075071 0.9226649 -0.3856027 0 0.2290915 0.2791471 -0.9325203 -1 -3.59277e-4 0 -0.3887987 -0.9213228 0 -0.1695092 -0.3171305 0.9331103 0.2282034 -0.2780653 0.933061 -0.5042743 0.2695369 -0.8204007 0.5604486 0.8281893 0 0.9811297 -0.193351 0 0.3180081 -0.1699805 0.9327258 -0.9811301 0.1933486 0 0.1880787 0.982154 0 0.2304788 0.2808347 0.9316713 0.4988227 -0.4093713 -0.7639312 -0.1647815 -0.5432072 -0.8232697 0.9226644 -0.385604 0 -0.3765144 -0.9264108 0 -0.3657411 0.3001563 0.880988 0.1037003 0.341848 0.9340162 -0.448133 -0.5460586 -0.7078114 0.3199394 -0.1710098 -0.9318768 -0.4487398 -0.5467913 0.7068607 0.2699971 0.5051311 -0.8197221 0.7109287 -0.7032641 0 -0.5055708 0.2702381 0.8193714 -0.9811298 0.1933507 0 -0.5604489 -0.8281891 0 -0.1703578 -0.3187192 0.9324143 0.1043289 0.3439235 -0.933184 -0.8290148 0.5592268 0 -0.2783024 0.2283954 -0.9329434 0.8290126 -0.55923 0 0.5466727 -0.1658341 0.8207607 -0.1652107 -0.5446282 0.8222443 0.3765227 0.9264075 0 0.4405404 -0.3615409 0.8217131 0.7105651 0.7036315 0 -0.1713883 -0.3206433 -0.9315654 0.9250704 -0.3797957 0 -0.6772219 -0.2054358 -0.7065173 0.05562585 0.5647837 0.8233621 -0.9250676 0.3798029 0 -0.5016912 0.2681582 0.8224337 -0.6781349 -0.2057088 0.7055615 0.2707058 0.5064455 0.8186766 -0.8290123 0.5592303 0 -0.550629 -0.8347501 0 0.7032297 -0.7109628 0 -0.1663352 -0.5483291 0.8195535 0.5481082 -0.1662635 -0.8197157 0.9250687 -0.3798 0 -0.8335477 -0.5524477 0 -0.8338793 0.5519469 0 -0.6786687 0.2058741 -0.7049999 0.05577212 0.5662591 -0.8223383 -0.502996 0.2688597 -0.8214071 -0.6795791 0.2061473 0.7040423 -0.3580031 0.03526067 -0.9330543 -0.5506365 -0.8347452 0 0.7035864 0.7106098 0 -0.166766 -0.5497533 -0.8185112 0.3431838 -0.1041024 -0.9334815 0.7032247 -0.7109678 0 -0.3601747 0.03547394 0.9322103 -0.5502993 0.8349675 0 -0.4506944 0.5491692 -0.7037668 0.03545379 0.3599618 -0.9322932 -0.4512869 0.549897 0.7028183 -0.8335522 -0.5524407 0 -0.8338757 0.5519524 0 0.3452544 -0.1047328 0.9326471 -0.8293471 -0.5587337 0 -0.5674352 -0.05588704 -0.8215193 0.9248182 0.3804094 0 0.7109318 -0.7032609 0 -0.9248182 -0.3804095 0 0.357558 0.03521615 0.9332268 -0.7109248 0.7032682 0 0.7035959 0.7106003 0 0.03566628 0.3621284 0.9314456 0.5671558 -0.05586129 -0.821714 0.5502946 -0.8349706 0 -0.8293478 -0.5587327 0 -0.3573307 0.03519409 0.9333147 0.3597175 0.03542917 -0.9323885 -0.06370466 0.6468067 -0.7599887</float_array>
          <technique_common>
            <accessor source="#Cylinder_006-mesh-normals-array" count="1783" stride="3">
              <param name="X" type="float"/>
              <param name="Y" type="float"/>
              <param name="Z" type="float"/>
            </accessor>
          </technique_common>
        </source>
        <source id="Cylinder_006-mesh-map-0">
          <float_array id="Cylinder_006-mesh-map-0-array" count="9936">0.21875 0.8846154 0.21875 0.8461539 0.21875 0.8846154 0.96875 1 0.9375 0.9615385 0.96875 0.9615385 0.9375 1 0.9062501 0.9615385 0.9375 0.9615385 0.78125 0.5769231 0.78125 0.6153846 0.78125 0.5769231 0.875 1 0.84375 0.9615385 0.875 0.9615385 0.84375 1 0.8125 0.9615385 0.84375 0.9615385 0.5 0.7692308 0.5 0.7307693 0.5 0.7307693 0.78125 1 0.75 0.9615385 0.78125 0.9615385 0.75 1 0.71875 0.9615385 0.75 0.9615385 0.21875 0.923077 0.21875 0.8846154 0.21875 0.923077 0.6875 1 0.65625 0.9615385 0.6875 0.9615385 0.65625 1 0.625 0.9615385 0.65625 0.9615385 0.03125 0.923077 0.0625 0.923077 0.0625 0.923077 0.59375 1 0.5625 0.9615385 0.59375 0.9615385 0.5625 1 0.53125 0.9615385 0.5625 0.9615385 0.53125 1 0.5 0.9615385 0.53125 0.9615385 0.5 1 0.46875 0.9615385 0.5 0.9615385 0.78125 0.6153846 0.78125 0.6538462 0.78125 0.6153846 0.4375 1 0.40625 0.9615385 0.4375 0.9615385 0.40625 1 0.375 0.9615385 0.40625 0.9615385 0.5 0.8076924 0.5 0.7692308 0.5 0.7692308 0.34375 1 0.3125 0.9615385 0.34375 0.9615385 0.3125 1 0.28125 0.9615385 0.3125 0.9615385 0.8750001 0.923077 0.84375 0.923077 0.8750001 0.923077 0.25 1 0.21875 0.9615385 0.25 0.9615385 0.21875 1 0.1875 0.9615385 0.21875 0.9615385 0.625 0.5769231 0.59375 0.5769231 0.625 0.5769231 0.15625 1 0.125 0.9615385 0.15625 0.9615385 0.125 1 0.09375 0.9615385 0.125 0.9615385 0.5 0.8461539 0.5 0.8076924 0.5 0.8076924 0 0 0 0 0 0 0.0625 1 0.03125 0.9615385 0.0625 0.9615385 0.03125 1 0 0.9615384 0.03125 0.9615385 0.03125 0.5384616 0 0.5 0.03125 0.5 0.03125 0.5769231 0 0.5384616 0.03125 0.5384616 0.03125 0.6153846 0 0.5769231 0.03125 0.5769231 0.03125 0.6153846 0 0.6538463 0 0.6153847 0.03125 0.8461539 0.0625 0.8461539 0.03125 0.8461539 0.875 0.8461539 0.84375 0.8461539 0.84375 0.8461539 0.25 0.5384616 0.25 0.5769231 0.25 0.5769231 0.3125 0.6538462 0.34375 0.6538462 0.34375 0.6538462 0.5 0.923077 0.5 0.8846154 0.5 0.923077 0.03125 0.8461539 0 0.8846154 0 0.8461539 0.03125 0.923077 0 0.8846154 0.03125 0.8846154 0.03125 0.9615385 0 0.9230769 0.03125 0.923077 0.0625 0.5384616 0.03125 0.5 0.0625 0.5 0.0625 0.5769231 0.03125 0.5384616 0.0625 0.5384616 0.25 0.5769231 0.25 0.6153846 0.25 0.5769231 0.15625 0.5 0.15625 0.5384616 0.15625 0.5384616 0.0625 0.6923077 0.03125 0.6538462 0.0625 0.6538462 0.0625 0.7307693 0.03125 0.6923077 0.0625 0.6923077 0.0625 0.7692308 0.03125 0.7307693 0.0625 0.7307693 0.0625 0.8076924 0.03125 0.7692308 0.0625 0.7692308 0.0625 0.8461539 0.03125 0.8076924 0.0625 0.8076924 0.5937501 0.923077 0.5625 0.923077 0.5937501 0.923077 0.5 0.9615385 0.5 0.923077 0.5 0.9615385 0.0625 0.9615385 0.03125 0.923077 0.0625 0.923077 0.25 0.6153846 0.25 0.6538462 0.25 0.6153846 0.05044728 0.3833369 0.02826887 0.341844 0.02826887 0.341844 0.09375 0.6153846 0.0625 0.5769231 0.09375 0.5769231 0.09375 0.6538462 0.0625 0.6153846 0.09375 0.6153846 0.09375 0.6923077 0.0625 0.6538462 0.09375 0.6538462 0.09375 0.7307693 0.0625 0.6923077 0.09375 0.6923077 0.09375 0.7692308 0.0625 0.7307693 0.09375 0.7307693 0.09375 0.8076924 0.0625 0.7692308 0.09375 0.7692308 0.09375 0.8461539 0.0625 0.8076924 0.09375 0.8076924 0.09375 0.8846154 0.0625 0.8461539 0.09375 0.8461539 0.09375 0.923077 0.0625 0.8846154 0.09375 0.8846154 0.3125 0.5769231 0.34375 0.5769231 0.3125 0.5769231 0.125 0.5384616 0.09375 0.5 0.125 0.5 0.125 0.5769231 0.09375 0.5384616 0.125 0.5384616 0.125 0.6153846 0.09375 0.5769231 0.125 0.5769231 0.125 0.6538462 0.09375 0.6153846 0.125 0.6153846 0.5504473 0.3833369 0.5282689 0.341844 0.5504473 0.3833369 0.7812501 0.8846154 0.7812501 0.8461539 0.7812501 0.8461539 0.59375 0.8461539 0.5625 0.8461539 0.5625 0.8461539 0.53125 0.5384616 0.53125 0.5769231 0.53125 0.5384616 0.03125 0.6538462 0.0625 0.6538462 0.0625 0.6538462 0.125 0.8846154 0.09375 0.8461539 0.125 0.8461539 0.125 0.923077 0.09375 0.8846154 0.125 0.8846154 0.125 0.9615385 0.09375 0.923077 0.125 0.923077 0.15625 0.5384616 0.125 0.5 0.15625 0.5 0.1875 0.5 0.1875 0.5384616 0.1875 0.5 0.7812501 0.923077 0.7812501 0.8846154 0.7812501 0.8846154 0.15625 0.6538462 0.125 0.6153846 0.15625 0.6153846 0.15625 0.6923077 0.125 0.6538462 0.15625 0.6538462 0.15625 0.7307693 0.125 0.6923077 0.15625 0.6923077 0.15625 0.7692308 0.125 0.7307693 0.15625 0.7307693 0.15625 0.8076924 0.125 0.7692308 0.15625 0.7692308 0.15625 0.8461539 0.125 0.8076924 0.15625 0.8076924 0.53125 0.5769231 0.53125 0.6153846 0.53125 0.5769231 0.875 0.6538462 0.84375 0.6538462 0.875 0.6538462 0.15625 0.9615385 0.125 0.923077 0.15625 0.923077 0.78125 0.9615385 0.7812501 0.923077 0.78125 0.9615385 0.03125 0.5769231 0.0625 0.5769231 0.03125 0.5769231 0.1875 0.6153846 0.15625 0.5769231 0.1875 0.5769231 0.1875 0.6538462 0.15625 0.6153846 0.1875 0.6153846 0.1875 0.6923077 0.15625 0.6538462 0.1875 0.6538462 0.1875 0.7307693 0.15625 0.6923077 0.1875 0.6923077 0.1875 0.7692308 0.15625 0.7307693 0.1875 0.7307693 0.1875 0.8076924 0.15625 0.7692308 0.1875 0.7692308 0.1875 0.8461539 0.15625 0.8076924 0.1875 0.8076924 0.1875 0.8846154 0.15625 0.8461539 0.1875 0.8461539 0.1875 0.923077 0.15625 0.8846154 0.1875 0.8846154 0.78125 1 0.78125 0.9615385 0.78125 1 0.21875 0.5384616 0.1875 0.5 0.21875 0.5 0.21875 0.5769231 0.1875 0.5384616 0.21875 0.5384616 0.21875 0.6153846 0.1875 0.5769231 0.21875 0.5769231 0.21875 0.6538462 0.1875 0.6153846 0.21875 0.6153846 0.53125 0.6538462 0.53125 0.6923077 0.53125 0.6923077 0.875 0.5769231 0.84375 0.5769231 0.84375 0.5769231 0.28125 0.8461539 0.3125 0.8461539 0.3125 0.8461539 0.8125 0.5384616 0.8125 0.5769231 0.8125 0.5384616 0.53125 0.6923077 0.53125 0.7307693 0.53125 0.7307693 0.21875 0.8846154 0.1875 0.8461539 0.21875 0.8461539 0.21875 0.923077 0.1875 0.8846154 0.21875 0.8846154 0.21875 0.9615385 0.1875 0.923077 0.21875 0.923077 0.25 0.5384616 0.21875 0.5 0.25 0.5 0.25 0.5769231 0.21875 0.5384616 0.25 0.5384616 0.25 0.8846154 0.25 0.8461539 0.25 0.8461539 0.59375 0.6538462 0.5625 0.6538462 0.59375 0.6538462 0.25 0.6923077 0.21875 0.6538462 0.25 0.6538462 0.25 0.7307693 0.21875 0.6923077 0.25 0.6923077 0.25 0.7692308 0.21875 0.7307693 0.25 0.7307693 0.25 0.8076924 0.21875 0.7692308 0.25 0.7692308 0.25 0.8461539 0.21875 0.8076924 0.25 0.8076924 0.53125 0.7692308 0.53125 0.7307693 0.53125 0.7692308 0.25 0.923077 0.25 0.8846154 0.25 0.8846154 0.25 0.9615385 0.21875 0.923077 0.25 0.923077 0.53125 0.8076924 0.53125 0.7692308 0.53125 0.8076924 0.25 0.9615385 0.25 0.923077 0.25 0.9615385 0.28125 0.6153846 0.25 0.5769231 0.28125 0.5769231 0.28125 0.6538462 0.25 0.6153846 0.28125 0.6153846 0.28125 0.6923077 0.25 0.6538462 0.28125 0.6538462 0.28125 0.7307693 0.25 0.6923077 0.28125 0.6923077 0.28125 0.7692308 0.25 0.7307693 0.28125 0.7307693 0.28125 0.8076924 0.25 0.7692308 0.28125 0.7692308 0.28125 0.8461539 0.25 0.8076924 0.28125 0.8076924 0.28125 0.8846154 0.25 0.8461539 0.28125 0.8461539 0.28125 0.923077 0.25 0.8846154 0.28125 0.8846154 0.25 0.5 0.25 0.5384616 0.25 0.5384616 0.3125 0.5384616 0.28125 0.5 0.3125 0.5 0.3125 0.5769231 0.28125 0.5384616 0.3125 0.5384616 0.3125 0.6153846 0.28125 0.5769231 0.3125 0.5769231 0.3125 0.6538462 0.28125 0.6153846 0.3125 0.6153846 0.8125001 0.6538462 0.8125 0.6923077 0.8125 0.6923077 0.59375 0.5769231 0.5625 0.5769231 0.5625 0.5769231 0.53125 0.8461539 0.53125 0.8076924 0.53125 0.8461539 0.25 1 0.25 0.9615385 0.25 1 0 0.8461539 0.03125 0.8461539 0.03125 0.8461539 0.3125 0.8846154 0.28125 0.8461539 0.3125 0.8461539 0.3125 0.923077 0.28125 0.8846154 0.3125 0.8846154 0.3125 0.9615385 0.28125 0.923077 0.3125 0.923077 0.34375 0.5384616 0.3125 0.5 0.34375 0.5 0.34375 0.5769231 0.3125 0.5384616 0.34375 0.5384616 0.00999999 0.25 0.01461154 0.2031783 0.01461154 0.2031783 0.8125 0.6923077 0.8125 0.7307693 0.8125 0.7307693 0.34375 0.6923077 0.3125 0.6538462 0.34375 0.6538462 0.34375 0.7307693 0.3125 0.6923077 0.34375 0.6923077 0.34375 0.7692308 0.3125 0.7307693 0.34375 0.7307693 0.34375 0.8076924 0.3125 0.7692308 0.34375 0.7692308 0.34375 0.8461539 0.3125 0.8076924 0.34375 0.8076924 0.84375 0.8461539 0.8125 0.8461539 0.84375 0.8461539 0.28125 0.5384616 0.28125 0.5769231 0.28125 0.5384616 0.34375 0.9615385 0.3125 0.923077 0.34375 0.923077 0.51 0.25 0.5146116 0.2031783 0.51 0.25 0.28125 0.6538462 0.3125 0.6538462 0.28125 0.6538462 0.375 0.6153846 0.34375 0.5769231 0.375 0.5769231 0.375 0.6538462 0.34375 0.6153846 0.375 0.6153846 0.375 0.6923077 0.34375 0.6538462 0.375 0.6538462 0.375 0.7307693 0.34375 0.6923077 0.375 0.6923077 0.375 0.7692308 0.34375 0.7307693 0.375 0.7307693 0.375 0.8076924 0.34375 0.7692308 0.375 0.7692308 0.375 0.8461539 0.34375 0.8076924 0.375 0.8076924 0.375 0.8846154 0.34375 0.8461539 0.375 0.8461539 0.375 0.923077 0.34375 0.8846154 0.375 0.8846154 0.8125 0.7692308 0.8125 0.7307693 0.8125 0.7692308 0.40625 0.5384616 0.375 0.5 0.40625 0.5 0.40625 0.5769231 0.375 0.5384616 0.40625 0.5384616 0.40625 0.6153846 0.375 0.5769231 0.40625 0.5769231 0.40625 0.6538462 0.375 0.6153846 0.40625 0.6153846 0.53125 0.923077 0.53125 0.8846154 0.53125 0.8846154 0.28125 0.5 0.28125 0.5384616 0.28125 0.5 0.8125 0.8076924 0.8125 0.7692308 0.8125 0.8076924 0.53125 0.9615385 0.53125 0.923077 0.53125 0.923077 0.8125 0.8461539 0.8125 0.8076924 0.8125 0.8461539 0.40625 0.8846154 0.375 0.8461539 0.40625 0.8461539 0.40625 0.923077 0.375 0.8846154 0.40625 0.8846154 0.40625 0.9615385 0.375 0.923077 0.40625 0.923077 0.4375 0.5384616 0.40625 0.5 0.4375 0.5 0.4375 0.5769231 0.40625 0.5384616 0.4375 0.5384616 0.28125 0.6538462 0.28125 0.6923077 0.28125 0.6923077 0.5625 0.8461539 0.53125 0.8461539 0.5625 0.8461539 0.4375 0.6923077 0.40625 0.6538462 0.4375 0.6538462 0.4375 0.7307693 0.40625 0.6923077 0.4375 0.6923077 0.4375 0.7692308 0.40625 0.7307693 0.4375 0.7307693 0.4375 0.8076924 0.40625 0.7692308 0.4375 0.7692308 0.4375 0.8461539 0.40625 0.8076924 0.4375 0.8076924 0.28125 0.6923077 0.28125 0.7307693 0.28125 0.7307693 0 0.6538463 0.03125 0.6538462 0 0.6538463 0.4375 0.9615385 0.40625 0.923077 0.4375 0.923077 0.5625 0.5769231 0.5625 0.6153846 0.5625 0.6153846 0.84375 0.6538462 0.8125001 0.6538462 0.8125001 0.6538462 0.46875 0.6153846 0.4375 0.5769231 0.46875 0.5769231 0.46875 0.6538462 0.4375 0.6153846 0.46875 0.6153846 0.46875 0.6923077 0.4375 0.6538462 0.46875 0.6538462 0.46875 0.7307693 0.4375 0.6923077 0.46875 0.6923077 0.46875 0.7692308 0.4375 0.7307693 0.46875 0.7307693 0.46875 0.8076924 0.4375 0.7692308 0.46875 0.7692308 0.46875 0.8461539 0.4375 0.8076924 0.46875 0.8076924 0.46875 0.8846154 0.4375 0.8461539 0.46875 0.8461539 0.46875 0.923077 0.4375 0.8846154 0.46875 0.8846154 0.28125 0.7692308 0.28125 0.7307693 0.28125 0.7692308 0.5 0.5384616 0.46875 0.5 0.5 0.5 0.5 0.5769231 0.46875 0.5384616 0.5 0.5384616 0.5 0.6153846 0.46875 0.5769231 0.5 0.5769231 0.5 0.6538462 0.46875 0.6153846 0.5 0.6153846 0.25 0.923077 0.28125 0.923077 0.25 0.923077 0.8125 0.9615385 0.8125 0.923077 0.8125 0.923077 0.5625 0.6153846 0.5625 0.6538462 0.5625 0.6538462 0.28125 0.8076924 0.28125 0.7692308 0.28125 0.8076924 0.8125 1 0.8125 0.9615385 0.8125 0.9615385 0.5 0.8846154 0.46875 0.8461539 0.5 0.8461539 0.5 0.923077 0.46875 0.8846154 0.5 0.8846154 0.5 0.9615385 0.46875 0.923077 0.5 0.923077 0.53125 0.5384616 0.5 0.5 0.53125 0.5 0.5625 0.6538462 0.5625 0.6923077 0.5625 0.6538462 0.28125 0.8461539 0.28125 0.8076924 0.28125 0.8461539 0.53125 0.6538462 0.5 0.6153846 0.53125 0.6153846 0.53125 0.6923077 0.5 0.6538462 0.53125 0.6538462 0.53125 0.7307693 0.5 0.6923077 0.53125 0.6923077 0.53125 0.7692308 0.5 0.7307693 0.53125 0.7307693 0.53125 0.8076924 0.5 0.7692308 0.53125 0.7692308 0.53125 0.8461539 0.5 0.8076924 0.53125 0.8076924 0.53125 0.8846154 0.5 0.8461539 0.53125 0.8461539 0.34375 0.5 0.34375 0.5384616 0.34375 0.5384616 0.5625 0.6923077 0.5625 0.7307693 0.5625 0.6923077 0.5625 0.5384616 0.53125 0.5 0.5625 0.5 0.5625 0.5769231 0.53125 0.5384616 0.5625 0.5384616 0.5625 0.6153846 0.53125 0.5769231 0.5625 0.5769231 0.5625 0.6538462 0.53125 0.6153846 0.5625 0.6153846 0.05044728 0.1166631 0.08029437 0.08029437 0.08029437 0.08029437 0.84375 0.5769231 0.84375 0.6153846 0.84375 0.6153846 0.5625 0.6538462 0.53125 0.6538462 0.53125 0.6538462 0.5625 0.7692308 0.5625 0.7307693 0.5625 0.7307693 0.03125 0.5769231 0.03125 0.6153846 0.03125 0.6153846 0.5625 0.8846154 0.53125 0.8461539 0.5625 0.8461539 0.5625 0.923077 0.53125 0.8846154 0.5625 0.8846154 0.5625 0.9615385 0.53125 0.923077 0.5625 0.923077 0.59375 0.5384616 0.5625 0.5 0.59375 0.5 0.59375 0.5769231 0.5625 0.5384616 0.59375 0.5384616 0.5504473 0.1166631 0.5802944 0.08029437 0.5504473 0.1166631 0.84375 0.6153846 0.84375 0.6538462 0.84375 0.6538462 0.59375 0.6923077 0.5625 0.6538462 0.59375 0.6538462 0.59375 0.7307693 0.5625 0.6923077 0.59375 0.6923077 0.59375 0.7692308 0.5625 0.7307693 0.59375 0.7307693 0.59375 0.8076924 0.5625 0.7692308 0.59375 0.7692308 0.59375 0.8461539 0.5625 0.8076924 0.59375 0.8076924 0.5625 0.8076924 0.5625 0.7692308 0.5625 0.7692308 0.8125 0.923077 0.7812501 0.923077 0.7812501 0.923077 0.59375 0.9615385 0.5625 0.923077 0.5937501 0.923077 0.28125 0.9615385 0.28125 0.923077 0.28125 0.923077 0.03125 0.6153846 0.03125 0.6538462 0.03125 0.6538462 0.625 0.6153846 0.59375 0.5769231 0.625 0.5769231 0.625 0.6538462 0.59375 0.6153846 0.625 0.6153846 0.625 0.6923077 0.59375 0.6538462 0.625 0.6538462 0.625 0.7307693 0.59375 0.6923077 0.625 0.6923077 0.625 0.7692308 0.59375 0.7307693 0.625 0.7307693 0.625 0.8076924 0.59375 0.7692308 0.625 0.7692308 0.625 0.8461539 0.59375 0.8076924 0.625 0.8076924 0.625 0.8846154 0.59375 0.8461539 0.625 0.8461539 0.625 0.923077 0.59375 0.8846154 0.625 0.8846154 0.375 0.5 0.375 0.5384616 0.375 0.5 0.65625 0.5384616 0.625 0.5 0.65625 0.5 0.65625 0.5769231 0.625 0.5384616 0.65625 0.5384616 0.6562501 0.6153846 0.625 0.5769231 0.65625 0.5769231 0.6562501 0.6538462 0.625 0.6153846 0.6562501 0.6153846 0.84375 0.6538462 0.84375 0.6923077 0.84375 0.6538462 0.5625 0.8461539 0.5625 0.8076924 0.5625 0.8076924 0.28125 1 0.28125 0.9615385 0.28125 0.9615385 0.03125 0.6538462 0.03125 0.6923077 0.03125 0.6538462 0.84375 0.6923077 0.84375 0.7307693 0.84375 0.6923077 0.65625 0.8846154 0.625 0.8461539 0.65625 0.8461539 0.65625 0.923077 0.625 0.8846154 0.65625 0.8846154 0.65625 0.9615385 0.625 0.923077 0.65625 0.923077 0.6875 0.5384616 0.65625 0.5 0.6875 0.5 0.6875 0.5769231 0.65625 0.5384616 0.6875 0.5384616 0.5625 0.8846154 0.5625 0.8461539 0.5625 0.8846154 0.03125 0.6923077 0.03125 0.7307693 0.03125 0.6923077 0.6875 0.6923077 0.6562501 0.6538462 0.6875 0.6538462 0.6875001 0.7307693 0.65625 0.6923077 0.6875 0.6923077 0.6875001 0.7692308 0.65625 0.7307693 0.6875001 0.7307693 0.6875001 0.8076924 0.65625 0.7692308 0.6875001 0.7692308 0.6875001 0.8461539 0.65625 0.8076924 0.6875001 0.8076924 0.84375 0.7692308 0.84375 0.7307693 0.84375 0.7307693 0.53125 0.9615385 0.5 0.9615385 0.53125 0.9615385 0.6875 0.9615385 0.65625 0.923077 0.6875001 0.923077 0.5625 0.923077 0.5625 0.8846154 0.5625 0.923077 0.3125 0.5769231 0.3125 0.6153846 0.3125 0.6153846 0.71875 0.6153846 0.6875 0.5769231 0.71875 0.5769231 0.71875 0.6538462 0.6875 0.6153846 0.71875 0.6153846 0.71875 0.6923077 0.6875 0.6538462 0.71875 0.6538462 0.71875 0.7307693 0.6875 0.6923077 0.71875 0.6923077 0.71875 0.7692308 0.6875001 0.7307693 0.71875 0.7307693 0.71875 0.8076924 0.6875001 0.7692308 0.71875 0.7692308 0.71875 0.8461539 0.6875001 0.8076924 0.71875 0.8076924 0.71875 0.8846154 0.6875001 0.8461539 0.71875 0.8461539 0.71875 0.923077 0.6875001 0.8846154 0.71875 0.8846154 0.03125 0.7692308 0.03125 0.7307693 0.03125 0.7307693 0.75 0.5384616 0.71875 0.5 0.75 0.5 0.75 0.5769231 0.71875 0.5384616 0.75 0.5384616 0.75 0.6153846 0.71875 0.5769231 0.75 0.5769231 0.75 0.6538462 0.71875 0.6153846 0.75 0.6153846 0.84375 0.8076924 0.84375 0.7692308 0.84375 0.7692308 0.3125 0.6153846 0.3125 0.6538462 0.3125 0.6538462 0.03125 0.8076924 0.03125 0.7692308 0.03125 0.7692308 0.25 0.5769231 0.28125 0.5769231 0.28125 0.5769231 0.84375 0.8461539 0.84375 0.8076924 0.84375 0.8076924 0.75 0.8846154 0.71875 0.8461539 0.75 0.8461539 0.75 0.923077 0.71875 0.8846154 0.75 0.8846154 0.75 0.9615385 0.71875 0.923077 0.75 0.923077 0.78125 0.5384616 0.75 0.5 0.78125 0.5 0.78125 0.5769231 0.75 0.5384616 0.78125 0.5384616 0.53125 0.8846154 0.5 0.8846154 0.5 0.8846154 0.3125 0.6538462 0.3125 0.6923077 0.3125 0.6538462 0.78125 0.6923077 0.75 0.6538462 0.78125 0.6538462 0.7812501 0.7307693 0.75 0.6923077 0.78125 0.6923077 0.7812501 0.7692308 0.75 0.7307693 0.7812501 0.7307693 0.7812501 0.8076924 0.75 0.7692308 0.7812501 0.7692308 0.7812501 0.8461539 0.75 0.8076924 0.7812501 0.8076924 0.03125 0.8461539 0.03125 0.8076924 0.03125 0.8076924 0.84375 0.8846154 0.84375 0.8461539 0.84375 0.8846154 0.78125 0.9615385 0.75 0.923077 0.7812501 0.923077 0.59375 0.5384616 0.59375 0.5769231 0.59375 0.5769231 0.3125 0.6923077 0.3125 0.7307693 0.3125 0.6923077 0.8125001 0.6153846 0.78125 0.5769231 0.8125 0.5769231 0.8125001 0.6538462 0.78125 0.6153846 0.8125001 0.6153846 0.8125 0.6923077 0.78125 0.6538462 0.8125001 0.6538462 0.8125 0.7307693 0.78125 0.6923077 0.8125 0.6923077 0.8125 0.7692308 0.7812501 0.7307693 0.8125 0.7307693 0.8125 0.8076924 0.7812501 0.7692308 0.8125 0.7692308 0.8125 0.8461539 0.7812501 0.8076924 0.8125 0.8076924 0.8125 0.8846154 0.7812501 0.8461539 0.8125 0.8461539 0.8125 0.923077 0.7812501 0.8846154 0.8125 0.8846154 0.03125 0.8846154 0.03125 0.8461539 0.03125 0.8846154 0.84375 0.5384616 0.8125 0.5 0.84375 0.5 0.84375 0.5769231 0.8125 0.5384616 0.84375 0.5384616 0.84375 0.6153846 0.8125 0.5769231 0.84375 0.5769231 0.84375 0.6538462 0.8125001 0.6153846 0.84375 0.6153846 0.4375 0.5 0.4375 0.5384616 0.4375 0.5384616 0.84375 0.923077 0.84375 0.8846154 0.84375 0.923077 0.59375 0.5769231 0.59375 0.6153846 0.59375 0.5769231 0.3125 0.7692308 0.3125 0.7307693 0.3125 0.7307693 0.03125 0.923077 0.03125 0.8846154 0.03125 0.923077 0.84375 0.8846154 0.8125 0.8461539 0.84375 0.8461539 0.84375 0.923077 0.8125 0.8846154 0.84375 0.8846154 0.84375 0.9615385 0.8125 0.923077 0.84375 0.923077 0.875 0.5384616 0.84375 0.5 0.875 0.5 0.875 0.5769231 0.84375 0.5384616 0.875 0.5384616 0.1581559 0.02826887 0.2031783 0.01461154 0.2031783 0.01461154 0.21875 0.923077 0.25 0.923077 0.25 0.923077 0.875 0.6923077 0.84375 0.6538462 0.875 0.6538462 0.875 0.7307693 0.84375 0.6923077 0.875 0.6923077 0.875 0.7692308 0.84375 0.7307693 0.875 0.7307693 0.875 0.8076924 0.84375 0.7692308 0.875 0.7692308 0.875 0.8461539 0.84375 0.8076924 0.875 0.8076924 0.59375 0.6153846 0.59375 0.6538462 0.59375 0.6153846 0.3125 0.8076924 0.3125 0.7692308 0.3125 0.7692308 0.875 0.9615385 0.84375 0.923077 0.8750001 0.923077 0.658156 0.02826887 0.7031784 0.01461154 0.658156 0.02826887 0.8125 0.5769231 0.78125 0.5769231 0.8125 0.5769231 0.90625 0.6153846 0.875 0.5769231 0.90625 0.5769231 0.90625 0.6538462 0.875 0.6153846 0.90625 0.6153846 0.90625 0.6923077 0.875 0.6538462 0.90625 0.6538462 0.90625 0.7307693 0.875 0.6923077 0.90625 0.6923077 0.90625 0.7692308 0.875 0.7307693 0.90625 0.7307693 0.90625 0.8076924 0.875 0.7692308 0.90625 0.7692308 0.90625 0.8461539 0.875 0.8076924 0.90625 0.8076924 0.9062501 0.8846154 0.875 0.8461539 0.90625 0.8461539 0.9062501 0.923077 0.875 0.8846154 0.9062501 0.8846154 0.3125 0.8461539 0.3125 0.8076924 0.3125 0.8076924 0.9375 0.5384616 0.90625 0.5 0.9375 0.5 0.9375 0.5769231 0.90625 0.5384616 0.9375 0.5384616 0.9375001 0.6153846 0.90625 0.5769231 0.9375 0.5769231 0.9375001 0.6538462 0.90625 0.6153846 0.9375001 0.6153846 0.46875 0.5 0.46875 0.5384616 0.46875 0.5 0.21875 0.8461539 0.25 0.8461539 0.21875 0.8461539 0.875 0.5384616 0.875 0.5769231 0.875 0.5769231 0.3125 0.8846154 0.3125 0.8461539 0.3125 0.8846154 0.0625 0.5384616 0.0625 0.5769231 0.0625 0.5769231 0.9375 0.8846154 0.90625 0.8461539 0.9375 0.8461539 0.9375 0.923077 0.9062501 0.8846154 0.9375 0.8846154 0.9375 0.9615385 0.9062501 0.923077 0.9375 0.923077 0.96875 0.5384616 0.9375 0.5 0.96875 0.5 0.96875 0.5769231 0.9375 0.5384616 0.96875 0.5384616 0.875 0.5769231 0.875 0.6153846 0.875 0.5769231 0.3125 0.923077 0.3125 0.8846154 0.3125 0.923077 0.96875 0.6923077 0.9375001 0.6538462 0.9687501 0.6538462 0.96875 0.7307693 0.9375001 0.6923077 0.96875 0.6923077 0.96875 0.7692308 0.9375001 0.7307693 0.96875 0.7307693 0.96875 0.8076924 0.9375 0.7692308 0.96875 0.7692308 0.96875 0.8461539 0.9375 0.8076924 0.96875 0.8076924 0.0625 0.5769231 0.0625 0.6153846 0.0625 0.5769231 0.875 0.6153846 0.875 0.6538462 0.875 0.6153846 0.96875 0.9615385 0.9375 0.923077 0.9687501 0.923077 0.53125 0.6153846 0.5 0.6153846 0.53125 0.6153846 0.7812501 0.923077 0.75 0.923077 0.7812501 0.923077 1 0.6153847 0.96875 0.5769231 1 0.5769231 1 0.6538463 0.9687501 0.6153846 1 0.6153847 1 0.6923078 0.9687501 0.6538462 1 0.6538463 1 0.7307693 0.96875 0.6923077 1 0.6923078 1 0.7692308 0.96875 0.7307693 1 0.7307693 1 0.8076924 0.96875 0.7692308 1 0.7692308 1 0.8461539 0.96875 0.8076924 1 0.8076924 1 0.8846154 0.96875 0.8461539 1 0.8461539 1 0.9230769 0.96875 0.8846154 1 0.8846154 0.0625 0.6153846 0.0625 0.6538462 0.0625 0.6153846 1 1 0.96875 0.9615385 1 0.9615384 0.90625 1 0.875 0.9615385 0.9062501 0.9615385 0.8125 1 0.78125 0.9615385 0.8125 0.9615385 0.71875 1 0.6875 0.9615385 0.71875 0.9615385 0.625 1 0.59375 0.9615385 0.625 0.9615385 0.46875 1 0.4375 0.9615385 0.46875 0.9615385 0.375 1 0.34375 0.9615385 0.375 0.9615385 0.28125 1 0.25 0.9615385 0.28125 0.9615385 0.1875 1 0.15625 0.9615385 0.1875 0.9615385 0.09375 1 0.0625 0.9615385 0.09375 0.9615385 0.03125 0.6538462 0 0.6923078 0 0.6538463 0.03125 0.6923077 0 0.7307693 0 0.6923078 0.03125 0.7307693 0 0.7692308 0 0.7307693 0.03125 0.7692308 0 0.8076924 0 0.7692308 0.03125 0.8076924 0 0.8461539 0 0.8076924 0.0625 0.6153846 0.03125 0.5769231 0.0625 0.5769231 0.0625 0.6538462 0.03125 0.6153846 0.0625 0.6153846 0.0625 0.8846154 0.03125 0.8461539 0.0625 0.8461539 0.0625 0.923077 0.03125 0.8846154 0.0625 0.8846154 0.09375 0.5384616 0.0625 0.5 0.09375 0.5 0.09375 0.5769231 0.0625 0.5384616 0.09375 0.5384616 0.09375 0.9615385 0.0625 0.923077 0.09375 0.923077 0.125 0.6923077 0.09375 0.6538462 0.125 0.6538462 0.125 0.7307693 0.09375 0.6923077 0.125 0.6923077 0.125 0.7692308 0.09375 0.7307693 0.125 0.7307693 0.125 0.8076924 0.09375 0.7692308 0.125 0.7692308 0.125 0.8461539 0.09375 0.8076924 0.125 0.8076924 0.15625 0.5769231 0.125 0.5384616 0.15625 0.5384616 0.15625 0.6153846 0.125 0.5769231 0.15625 0.5769231 0.15625 0.8846154 0.125 0.8461539 0.15625 0.8461539 0.15625 0.923077 0.125 0.8846154 0.15625 0.8846154 0.1875 0.5384616 0.15625 0.5 0.1875 0.5 0.1875 0.5769231 0.15625 0.5384616 0.1875 0.5384616 0.1875 0.9615385 0.15625 0.923077 0.1875 0.923077 0.21875 0.6923077 0.1875 0.6538462 0.21875 0.6538462 0.21875 0.7307693 0.1875 0.6923077 0.21875 0.6923077 0.21875 0.7692308 0.1875 0.7307693 0.21875 0.7307693 0.21875 0.8076924 0.1875 0.7692308 0.21875 0.7692308 0.21875 0.8461539 0.1875 0.8076924 0.21875 0.8076924 0.25 0.6153846 0.21875 0.5769231 0.25 0.5769231 0.25 0.6538462 0.21875 0.6153846 0.25 0.6153846 0.25 0.8846154 0.21875 0.8461539 0.25 0.8461539 0.25 0.923077 0.21875 0.8846154 0.25 0.8846154 0.28125 0.5384616 0.25 0.5 0.28125 0.5 0.28125 0.5769231 0.25 0.5384616 0.28125 0.5384616 0.28125 0.9615385 0.25 0.923077 0.28125 0.923077 0.3125 0.6923077 0.28125 0.6538462 0.3125 0.6538462 0.3125 0.7307693 0.28125 0.6923077 0.3125 0.6923077 0.3125 0.7692308 0.28125 0.7307693 0.3125 0.7307693 0.3125 0.8076924 0.28125 0.7692308 0.3125 0.7692308 0.3125 0.8461539 0.28125 0.8076924 0.3125 0.8076924 0.34375 0.6153846 0.3125 0.5769231 0.34375 0.5769231 0.34375 0.6538462 0.3125 0.6153846 0.34375 0.6153846 0.34375 0.8846154 0.3125 0.8461539 0.34375 0.8461539 0.34375 0.923077 0.3125 0.8846154 0.34375 0.8846154 0.375 0.5384616 0.34375 0.5 0.375 0.5 0.375 0.5769231 0.34375 0.5384616 0.375 0.5384616 0.375 0.9615385 0.34375 0.923077 0.375 0.923077 0.40625 0.6923077 0.375 0.6538462 0.40625 0.6538462 0.40625 0.7307693 0.375 0.6923077 0.40625 0.6923077 0.40625 0.7692308 0.375 0.7307693 0.40625 0.7307693 0.40625 0.8076924 0.375 0.7692308 0.40625 0.7692308 0.40625 0.8461539 0.375 0.8076924 0.40625 0.8076924 0.4375 0.6153846 0.40625 0.5769231 0.4375 0.5769231 0.4375 0.6538462 0.40625 0.6153846 0.4375 0.6153846 0.4375 0.8846154 0.40625 0.8461539 0.4375 0.8461539 0.4375 0.923077 0.40625 0.8846154 0.4375 0.8846154 0.46875 0.5384616 0.4375 0.5 0.46875 0.5 0.46875 0.5769231 0.4375 0.5384616 0.46875 0.5384616 0.46875 0.9615385 0.4375 0.923077 0.46875 0.923077 0.5 0.6923077 0.46875 0.6538462 0.5 0.6538462 0.5 0.7307693 0.46875 0.6923077 0.5 0.6923077 0.5 0.7692308 0.46875 0.7307693 0.5 0.7307693 0.5 0.8076924 0.46875 0.7692308 0.5 0.7692308 0.5 0.8461539 0.46875 0.8076924 0.5 0.8076924 0.53125 0.5769231 0.5 0.5384616 0.53125 0.5384616 0.53125 0.6153846 0.5 0.5769231 0.53125 0.5769231 0.53125 0.923077 0.5 0.8846154 0.53125 0.8846154 0.53125 0.9615385 0.5 0.923077 0.53125 0.923077 0.5625 0.6923077 0.53125 0.6538462 0.5625 0.6538462 0.5625 0.7307693 0.53125 0.6923077 0.5625 0.6923077 0.5625 0.7692308 0.53125 0.7307693 0.5625 0.7307693 0.5625 0.8076924 0.53125 0.7692308 0.5625 0.7692308 0.5625 0.8461539 0.53125 0.8076924 0.5625 0.8076924 0.59375 0.6153846 0.5625 0.5769231 0.59375 0.5769231 0.59375 0.6538462 0.5625 0.6153846 0.59375 0.6153846 0.59375 0.8846154 0.5625 0.8461539 0.59375 0.8461539 0.5937501 0.923077 0.5625 0.8846154 0.59375 0.8846154 0.625 0.5384616 0.59375 0.5 0.625 0.5 0.625 0.5769231 0.59375 0.5384616 0.625 0.5384616 0.625 0.9615385 0.5937501 0.923077 0.625 0.923077 0.65625 0.6923077 0.625 0.6538462 0.6562501 0.6538462 0.65625 0.7307693 0.625 0.6923077 0.65625 0.6923077 0.65625 0.7692308 0.625 0.7307693 0.65625 0.7307693 0.65625 0.8076924 0.625 0.7692308 0.65625 0.7692308 0.65625 0.8461539 0.625 0.8076924 0.65625 0.8076924 0.6875 0.6153846 0.65625 0.5769231 0.6875 0.5769231 0.6875 0.6538462 0.6562501 0.6153846 0.6875 0.6153846 0.6875001 0.8846154 0.65625 0.8461539 0.6875001 0.8461539 0.6875001 0.923077 0.65625 0.8846154 0.6875001 0.8846154 0.71875 0.5384616 0.6875 0.5 0.71875 0.5 0.71875 0.5769231 0.6875 0.5384616 0.71875 0.5384616 0.71875 0.9615385 0.6875001 0.923077 0.71875 0.923077 0.75 0.6923077 0.71875 0.6538462 0.75 0.6538462 0.75 0.7307693 0.71875 0.6923077 0.75 0.6923077 0.75 0.7692308 0.71875 0.7307693 0.75 0.7307693 0.75 0.8076924 0.71875 0.7692308 0.75 0.7692308 0.75 0.8461539 0.71875 0.8076924 0.75 0.8076924 0.78125 0.6153846 0.75 0.5769231 0.78125 0.5769231 0.78125 0.6538462 0.75 0.6153846 0.78125 0.6153846 0.7812501 0.8846154 0.75 0.8461539 0.7812501 0.8461539 0.7812501 0.923077 0.75 0.8846154 0.7812501 0.8846154 0.8125 0.5384616 0.78125 0.5 0.8125 0.5 0.8125 0.5769231 0.78125 0.5384616 0.8125 0.5384616 0.8125 0.9615385 0.7812501 0.923077 0.8125 0.923077 0.84375 0.6923077 0.8125001 0.6538462 0.84375 0.6538462 0.84375 0.7307693 0.8125 0.6923077 0.84375 0.6923077 0.84375 0.7692308 0.8125 0.7307693 0.84375 0.7307693 0.84375 0.8076924 0.8125 0.7692308 0.84375 0.7692308 0.84375 0.8461539 0.8125 0.8076924 0.84375 0.8076924 0.875 0.6153846 0.84375 0.5769231 0.875 0.5769231 0.875 0.6538462 0.84375 0.6153846 0.875 0.6153846 0.875 0.8846154 0.84375 0.8461539 0.875 0.8461539 0.8750001 0.923077 0.84375 0.8846154 0.875 0.8846154 0.90625 0.5384616 0.875 0.5 0.90625 0.5 0.90625 0.5769231 0.875 0.5384616 0.90625 0.5384616 0.9062501 0.9615385 0.8750001 0.923077 0.9062501 0.923077 0.9375001 0.6923077 0.90625 0.6538462 0.9375001 0.6538462 0.9375001 0.7307693 0.90625 0.6923077 0.9375001 0.6923077 0.9375 0.7692308 0.90625 0.7307693 0.9375001 0.7307693 0.9375 0.8076924 0.90625 0.7692308 0.9375 0.7692308 0.9375 0.8461539 0.90625 0.8076924 0.9375 0.8076924 0.9687501 0.6153846 0.9375 0.5769231 0.96875 0.5769231 0.9687501 0.6538462 0.9375001 0.6153846 0.9687501 0.6153846 0.96875 0.8846154 0.9375 0.8461539 0.96875 0.8461539 0.9687501 0.923077 0.9375 0.8846154 0.96875 0.8846154 1 0.5384616 0.96875 0.5 1 0.5 1 0.5769231 0.96875 0.5384616 1 0.5384616 1 0.9615384 0.9687501 0.923077 1 0.9230769 0.5 0.6923077 0.5 0.7307693 0.5 0.6923077 0.78125 0.5384616 0.78125 0.5769231 0.78125 0.5769231 0.3125 0.8461539 0.34375 0.8461539 0.3125 0.8461539 0.09375 0.5 0.09375 0.5384616 0.09375 0.5 0.21875 0.8461539 0.21875 0.8076924 0.21875 0.8076924 0.90625 0.5769231 0.875 0.5769231 0.90625 0.5769231 0.5 0.6538462 0.5 0.6923077 0.5 0.6538462 0.658156 0.4717311 0.6166632 0.4495527 0.658156 0.4717311 0.0625 0.5769231 0.09375 0.5769231 0.09375 0.5769231 0.21875 0.8076924 0.21875 0.7692308 0.21875 0.7692308 0.3125 0.923077 0.34375 0.923077 0.34375 0.923077 0.1581559 0.4717311 0.1166631 0.4495527 0.1166631 0.4495527 0.21875 0.7692308 0.21875 0.7307693 0.21875 0.7307693 0.5 0.5769231 0.5 0.6153846 0.5 0.6153846 0.75 0.923077 0.75 0.8846154 0.75 0.923077 0.0625 0.5 0.0625 0.5384616 0.0625 0.5384616 0.21875 0.6923077 0.21875 0.7307693 0.21875 0.6923077 0.5 0.5384616 0.5 0.5769231 0.5 0.5769231 0.75 0.8846154 0.75 0.8461539 0.75 0.8846154 0.21875 0.6538462 0.21875 0.6923077 0.21875 0.6538462 0.46875 1 0.46875 0.9615385 0.46875 0.9615385 0.75 0.8461539 0.75 0.8076924 0.75 0.8076924 0.34375 0.5769231 0.375 0.5769231 0.375 0.5769231 0.21875 0.6153846 0.21875 0.6538462 0.21875 0.6538462 0.46875 0.9615385 0.46875 0.923077 0.46875 0.923077 0.625 0.923077 0.5937501 0.923077 0.5937501 0.923077 0.75 0.8076924 0.75 0.7692308 0.75 0.7692308 0.21875 0.5769231 0.21875 0.6153846 0.21875 0.6153846 0.75 0.7692308 0.75 0.7307693 0.75 0.7307693 0.75 0.6923077 0.75 0.7307693 0.75 0.6923077 0.1875 1 0.1875 0.9615385 0.1875 0.9615385 0.46875 0.8461539 0.46875 0.8076924 0.46875 0.8461539 0.75 0.6538462 0.75 0.6923077 0.75 0.6538462 0 0.5 0 0.5384616 0 0.5 0.1875 0.9615385 0.1875 0.923077 0.1875 0.923077 0.9062501 0.923077 0.8750001 0.923077 0.8750001 0.923077 0.46875 0.8076924 0.46875 0.7692308 0.46875 0.8076924 0.75 0.6153846 0.75 0.6538462 0.75 0.6538462 0 0.5384616 0 0.5769231 0 0.5384616 0.0625 0.923077 0.09375 0.923077 0.0625 0.923077 0.46875 0.7692308 0.46875 0.7307693 0.46875 0.7692308 0.6562501 0.6538462 0.625 0.6538462 0.625 0.6538462 0.75 0.5769231 0.75 0.6153846 0.75 0.6153846 0.46875 0.6923077 0.46875 0.7307693 0.46875 0.7307693 0.1875 0.8461539 0.1875 0.8076924 0.1875 0.8461539 0.46875 0.6538462 0.46875 0.6923077 0.46875 0.6923077 0.71875 1 0.71875 0.9615385 0.71875 0.9615385 1 0.6538463 1 0.6923078 1 0.6923078 0.1875 0.8076924 0.1875 0.7692308 0.1875 0.8076924 0.71875 0.9615385 0.71875 0.923077 0.71875 0.923077 0.34375 0.923077 0.375 0.923077 0.34375 0.923077 1 0.6923078 1 0.7307693 1 0.7307693 0.1875 0.7692308 0.1875 0.7307693 0.1875 0.7692308 0.9375001 0.6538462 0.90625 0.6538462 0.90625 0.6538462 1 0.7692308 1 0.7307693 1 0.7692308 0.09375 0.6538462 0.125 0.6538462 0.09375 0.6538462 0.1875 0.6923077 0.1875 0.7307693 0.1875 0.7307693 0.46875 0.5384616 0.46875 0.5769231 0.46875 0.5384616 0.65625 0.8461539 0.625 0.8461539 0.65625 0.8461539 1 0.8076924 1 0.7692308 1 0.8076924 0.1875 0.6538462 0.1875 0.6923077 0.1875 0.6923077 0.4375 1 0.4375 0.9615385 0.4375 1 0.71875 0.8461539 0.71875 0.8076924 0.71875 0.8461539 1 0.8461539 1 0.8076924 1 0.8461539 0.75 0.49 0.7968217 0.4853885 0.7968217 0.4853885 0.4375 0.9615385 0.4375 0.923077 0.4375 0.9615385 0.71875 0.8076924 0.71875 0.7692308 0.71875 0.8076924 0.25 0.49 0.2968217 0.4853885 0.25 0.49 0.4375 0.923077 0.4375 0.8846154 0.4375 0.8846154 0.71875 0.7692308 0.71875 0.7307693 0.71875 0.7692308 0.375 0.6538462 0.40625 0.6538462 0.375 0.6538462 0 1 0 0.9615384 0 0.9615384 0.1875 0.5384616 0.1875 0.5769231 0.1875 0.5384616 0.9375 0.8461539 0.90625 0.8461539 0.9375 0.8461539 0.4375 0.8846154 0.4375 0.8461539 0.4375 0.8461539 0.71875 0.6923077 0.71875 0.7307693 0.71875 0.7307693 0 0.9615384 0 0.9230769 0 0.9230769 0.09375 0.8461539 0.125 0.8461539 0.125 0.8461539 0.96875 0.5 0.96875 0.5384616 0.96875 0.5384616 0.15625 1 0.15625 0.9615385 0.15625 1 0.6875 0.5769231 0.65625 0.5769231 0.65625 0.5769231 0.71875 0.6538462 0.71875 0.6923077 0.71875 0.6923077 0.96875 1 0.96875 0.9615385 0.96875 1 0.15625 0.9615385 0.15625 0.923077 0.15625 0.9615385 0.96875 0.9615385 0.9687501 0.923077 0.96875 0.9615385 0.15625 0.923077 0.15625 0.8846154 0.15625 0.8846154 0.6875 0.6538462 0.6562501 0.6538462 0.6875 0.6538462 0.9687501 0.923077 0.96875 0.8846154 0.96875 0.8846154 0.15625 0.8846154 0.15625 0.8461539 0.15625 0.8461539 0.71875 0.5384616 0.71875 0.5769231 0.71875 0.5384616 0.375 0.8461539 0.40625 0.8461539 0.40625 0.8461539 0.96875 0.8846154 0.96875 0.8461539 0.96875 0.8461539 0.125 0.5384616 0.15625 0.5384616 0.125 0.5384616 0.96875 0.5769231 0.9375 0.5769231 0.9375 0.5769231 0.6875 1 0.6875 0.9615385 0.6875 1 0.4375 0.6153846 0.4375 0.6538462 0.4375 0.6153846 0.6875 0.9615385 0.6875001 0.923077 0.6875 0.9615385 0.125 0.6153846 0.15625 0.6153846 0.15625 0.6153846 0.90625 0.5 0.90625 0.5384616 0.90625 0.5 0.9687501 0.6538462 0.9375001 0.6538462 0.9687501 0.6538462 0.4375 0.5769231 0.4375 0.6153846 0.4375 0.5769231 0.6875001 0.923077 0.6875001 0.8846154 0.6875001 0.8846154 0.8833369 0.4495527 0.9197056 0.4197056 0.9197056 0.4197056 0.4375 0.5384616 0.4375 0.5769231 0.4375 0.5769231 0.6875001 0.8461539 0.65625 0.8461539 0.65625 0.8461539 0.6875001 0.8846154 0.6875001 0.8461539 0.6875001 0.8461539 0.3833369 0.4495527 0.4197056 0.4197056 0.3833369 0.4495527 0.40625 0.5769231 0.4375 0.5769231 0.40625 0.5769231 0.875 0.5 0.875 0.5384616 0.875 0.5384616 0.6875001 0.923077 0.65625 0.923077 0.6875001 0.923077 0.9687501 0.6153846 0.9687501 0.6538462 0.9687501 0.6153846 0.15625 0.5769231 0.15625 0.6153846 0.15625 0.5769231 0.40625 0.923077 0.40625 0.8846154 0.40625 0.923077 0.40625 0.6538462 0.4375 0.6538462 0.4375 0.6538462 0.96875 0.5769231 0.9687501 0.6153846 0.96875 0.5769231 0.96875 0.8461539 0.9375 0.8461539 0.9375 0.8461539 0.40625 0.8846154 0.40625 0.8461539 0.40625 0.8846154 0.96875 0.5384616 0.96875 0.5769231 0.96875 0.5769231 0.125 0.8461539 0.15625 0.8461539 0.125 0.8461539 0.40625 0.8461539 0.40625 0.8076924 0.40625 0.8076924 0.71875 0.5769231 0.6875 0.5769231 0.71875 0.5769231 0.9687501 0.923077 0.9375 0.923077 0.9687501 0.923077 0.40625 0.8076924 0.40625 0.7692308 0.40625 0.7692308 0.6875 0.6153846 0.6875 0.6538462 0.6875 0.6153846 0.125 0.923077 0.15625 0.923077 0.15625 0.923077 0.125 0.923077 0.125 0.8846154 0.125 0.923077 0.40625 0.7692308 0.40625 0.7307693 0.40625 0.7307693 0.6875 0.5769231 0.6875 0.6153846 0.6875 0.5769231 0.9375 0.923077 0.9375 0.8846154 0.9375 0.923077 0.8125 0.5 0.8125 0.5384616 0.8125 0.5 0.125 0.8846154 0.125 0.8461539 0.125 0.8846154 0.40625 0.6923077 0.40625 0.7307693 0.40625 0.6923077 0.6875 0.5384616 0.6875 0.5769231 0.6875 0.5769231 0.40625 0.8461539 0.4375 0.8461539 0.40625 0.8461539 0.9375 0.8846154 0.9375 0.8461539 0.9375 0.8846154 0.9717311 0.341844 0.9853885 0.2968217 0.9853885 0.2968217 0.125 0.8461539 0.125 0.8076924 0.125 0.8076924 1 0.5769231 0.96875 0.5769231 1 0.5769231 0.40625 0.6538462 0.40625 0.6923077 0.40625 0.6538462 0.9375 0.8461539 0.9375 0.8076924 0.9375 0.8076924 0.15625 0.5769231 0.1875 0.5769231 0.1875 0.5769231 0.4717311 0.341844 0.4853885 0.2968217 0.4717311 0.341844 0.125 0.8076924 0.125 0.7692308 0.125 0.7692308 0.40625 0.6153846 0.40625 0.6538462 0.40625 0.6538462 0.40625 0.923077 0.4375 0.923077 0.4375 0.923077 0.9375 0.8076924 0.9375 0.7692308 0.9375 0.7692308 0.78125 0.5 0.78125 0.5384616 0.78125 0.5384616 0.125 0.7692308 0.125 0.7307693 0.125 0.7307693 0.40625 0.5769231 0.40625 0.6153846 0.40625 0.6153846 0.65625 0.923077 0.65625 0.8846154 0.65625 0.923077 0.9375 0.7692308 0.9375001 0.7307693 0.9375001 0.7307693 0.125 0.6923077 0.125 0.7307693 0.125 0.6923077 0.65625 0.8846154 0.65625 0.8461539 0.65625 0.8846154 0.9375001 0.6923077 0.9375001 0.7307693 0.9375001 0.6923077 0.125 0.6538462 0.125 0.6923077 0.125 0.6538462 0.375 1 0.375 0.9615385 0.375 0.9615385 0.65625 0.8461539 0.65625 0.8076924 0.65625 0.8076924 0.4375 0.5769231 0.46875 0.5769231 0.46875 0.5769231 0.9375001 0.6538462 0.9375001 0.6923077 0.9375001 0.6538462 0.375 0.9615385 0.375 0.923077 0.375 0.923077 0.71875 0.923077 0.6875001 0.923077 0.6875001 0.923077 0.65625 0.8076924 0.65625 0.7692308 0.65625 0.7692308 0.9375001 0.6153846 0.9375001 0.6538462 0.9375001 0.6538462 0.125 0.5769231 0.125 0.6153846 0.125 0.6153846 0.65625 0.7692308 0.65625 0.7307693 0.65625 0.7307693 0.9375 0.5769231 0.9375001 0.6153846 0.9375001 0.6153846 0.125 0.5384616 0.125 0.5769231 0.125 0.5769231 0.65625 0.6923077 0.65625 0.7307693 0.65625 0.6923077 0.71875 0.5 0.71875 0.5384616 0.71875 0.5 0.09375 1 0.09375 0.9615385 0.09375 0.9615385 0.375 0.8461539 0.375 0.8076924 0.375 0.8461539 0.6562501 0.6538462 0.65625 0.6923077 0.6562501 0.6538462 0.90625 1 0.9062501 0.9615385 0.9062501 0.9615385 0.9853885 0.2031783 0.9717311 0.1581559 0.9717311 0.1581559 0.09375 0.9615385 0.09375 0.923077 0.09375 0.923077 1 0.9230769 0.9687501 0.923077 0.9687501 0.923077 0.375 0.8076924 0.375 0.7692308 0.375 0.8076924 0.6562501 0.6153846 0.6562501 0.6538462 0.6562501 0.6538462 0.9062501 0.9615385 0.9062501 0.923077 0.9062501 0.923077 0.15625 0.923077 0.1875 0.923077 0.15625 0.923077 0.4853885 0.2031783 0.4717311 0.1581559 0.4853885 0.2031783 0.375 0.7692308 0.375 0.7307693 0.375 0.7692308 0.75 0.6538462 0.71875 0.6538462 0.71875 0.6538462 0.65625 0.5769231 0.6562501 0.6153846 0.6562501 0.6153846 0.6875 0.5 0.6875 0.5384616 0.6875 0.5384616 0.375 0.6923077 0.375 0.7307693 0.375 0.7307693 0.09375 0.8461539 0.09375 0.8076924 0.09375 0.8461539 0.375 0.6538462 0.375 0.6923077 0.375 0.6923077 0.625 1 0.625 0.9615385 0.625 0.9615385 0.90625 0.8461539 0.90625 0.8076924 0.90625 0.8461539 0.09375 0.8076924 0.09375 0.7692308 0.09375 0.8076924 0.625 0.9615385 0.625 0.923077 0.625 0.923077 0.4375 0.923077 0.46875 0.923077 0.4375 0.923077 0.90625 0.8076924 0.90625 0.7692308 0.90625 0.8076924 0.09375 0.7692308 0.09375 0.7307693 0.09375 0.7692308 0.90625 0.7692308 0.90625 0.7307693 0.90625 0.7692308 0.1875 0.6538462 0.21875 0.6538462 0.1875 0.6538462 0.09375 0.6923077 0.09375 0.7307693 0.09375 0.7307693 0.375 0.5384616 0.375 0.5769231 0.375 0.5384616 0.75 0.8461539 0.71875 0.8461539 0.75 0.8461539 0.90625 0.6923077 0.90625 0.7307693 0.90625 0.7307693 0.09375 0.6538462 0.09375 0.6923077 0.09375 0.6923077 0.34375 1 0.34375 0.9615385 0.34375 1 0.625 0.8461539 0.625 0.8076924 0.625 0.8461539 0.90625 0.6538462 0.90625 0.6923077 0.90625 0.6923077 0.625 0.5 0.625 0.5384616 0.625 0.5 0.34375 0.9615385 0.34375 0.923077 0.34375 0.9615385 0.625 0.8076924 0.625 0.7692308 0.625 0.8076924 0.9197056 0.08029437 0.8833369 0.05044728 0.8833369 0.05044728 0.34375 0.923077 0.34375 0.8846154 0.34375 0.8846154 0.625 0.7692308 0.625 0.7307693 0.625 0.7692308 0.46875 0.6538462 0.5 0.6538462 0.46875 0.6538462 0.4197056 0.08029437 0.3833369 0.05044728 0.4197056 0.08029437 0.09375 0.5384616 0.09375 0.5769231 0.09375 0.5384616 0.34375 0.8846154 0.34375 0.8461539 0.34375 0.8461539 0.625 0.6923077 0.625 0.7307693 0.625 0.7307693 0.90625 0.5384616 0.90625 0.5769231 0.90625 0.5384616 0.1875 0.8461539 0.21875 0.8461539 0.21875 0.8461539 0.59375 0.5 0.59375 0.5384616 0.59375 0.5384616 0.0625 1 0.0625 0.9615385 0.0625 1 0.78125 0.5769231 0.75 0.5769231 0.75 0.5769231 0.625 0.6538462 0.625 0.6923077 0.625 0.6923077 0.875 1 0.875 0.9615385 0.875 1 0.0625 0.9615385 0.0625 0.923077 0.0625 0.9615385 0.875 0.9615385 0.8750001 0.923077 0.875 0.9615385 0.0625 0.923077 0.0625 0.8846154 0.0625 0.8846154 0.78125 0.6538462 0.75 0.6538462 0.78125 0.6538462 0.8750001 0.923077 0.875 0.8846154 0.875 0.8846154 0.0625 0.8846154 0.0625 0.8461539 0.0625 0.8461539 0.625 0.5384616 0.625 0.5769231 0.625 0.5384616 0.46875 0.8461539 0.5 0.8461539 0.5 0.8461539 0.875 0.8846154 0.875 0.8461539 0.875 0.8461539 0.59375 1 0.59375 0.9615385 0.59375 1 0.21875 0.5769231 0.25 0.5769231 0.21875 0.5769231 0.34375 0.6153846 0.34375 0.6538462 0.34375 0.6153846 0.59375 0.9615385 0.5937501 0.923077 0.59375 0.9615385 0.34375 0.5769231 0.34375 0.6153846 0.34375 0.5769231 0.5937501 0.923077 0.59375 0.8846154 0.59375 0.8846154 0.21875 0.6538462 0.25 0.6538462 0.25 0.6538462 0.34375 0.5384616 0.34375 0.5769231 0.34375 0.5769231 0.7812501 0.8461539 0.75 0.8461539 0.75 0.8461539 0.59375 0.8846154 0.59375 0.8461539 0.59375 0.8461539 0.53125 0.5384616 0.5 0.5384616 0.5 0.5384616 0 0 0 0 0 0 0 0 0 0 0 0 0 0 0 0 0 0 0 0 0 0 0 0 0 0 0 0 0 0 0 0 0 0 0 0 0 0 0 0 0 0 0 0 0 0 0 0 0 0 0 0 0 0 0 0 0 0 0 0 0 0 0 0 0 0 0 0 0 0 0 0 0 0 0 0 0 0 0 0 0 0 0 0 0 0 0 0 0 0 0 0 0 0 0 0 0 0 0 0 0 0 0 0 0 0 0 0 0 0 0 0 0 0 0 0 0 0 0 0 0 0 0 0 0 0 0 0 0 0 0 0 0 0 0 0 0 0 0 0 0 0 0 0 0 0 0 0 0 0 0 0 0 0 0 0 0 0 0 0 0 0 0 0 0 0 0 0 0 0 0 0 0 0 0 0 0 0 0 0 0 0 0 0 0 0 0 0 0 0 0 0 0 0 0 0 0 0 0 0 0 0 0 0 0 0 0 0 0 0 0 0 0 0 0 0 0 0 0 0 0 0 0 0 0 0 0 0 0 0 0 0 0 0 0 0 0 0 0 0 0 0 0 0 0 0 0 0 0 0 0 0 0 0 0 0 0 0 0 0 0 0 0 0 0 0 0 0 0 0 0 0 0 0 0 0 0 0 0 0 0 0 0 0 0 0 0 0 0 0 0 0 0 0 0 0 0 0 0 0 0 0 0 0 0 0 0 0 0 0 0 0 0 0 0 0 0 0 0 0 0 0 0 0 0 0 0 0 0 0 0 0 0 0 0 0 0 0 0 0 0 0 0 0 0 0 0 0 0 0 0 0 0 0 0.21875 0.8846154 0.21875 0.8461539 0.21875 0.8461539 0.96875 1 0.9375 1 0.9375 0.9615385 0.9375 1 0.90625 1 0.9062501 0.9615385 0.78125 0.5769231 0.78125 0.6153846 0.78125 0.6153846 0.875 1 0.84375 1 0.84375 0.9615385 0.84375 1 0.8125 1 0.8125 0.9615385 0.5 0.7692308 0.5 0.7692308 0.5 0.7307693 0.78125 1 0.75 1 0.75 0.9615385 0.75 1 0.71875 1 0.71875 0.9615385 0.21875 0.923077 0.21875 0.8846154 0.21875 0.8846154 0.6875 1 0.65625 1 0.65625 0.9615385 0.65625 1 0.625 1 0.625 0.9615385 0.03125 0.923077 0.03125 0.923077 0.0625 0.923077 0.59375 1 0.5625 1 0.5625 0.9615385 0.5625 1 0.53125 1 0.53125 0.9615385 0.53125 1 0.5 1 0.5 0.9615385 0.5 1 0.46875 1 0.46875 0.9615385 0.78125 0.6153846 0.78125 0.6538462 0.78125 0.6538462 0.4375 1 0.40625 1 0.40625 0.9615385 0.40625 1 0.375 1 0.375 0.9615385 0.5 0.8076924 0.5 0.8076924 0.5 0.7692308 0.34375 1 0.3125 1 0.3125 0.9615385 0.3125 1 0.28125 1 0.28125 0.9615385 0.8750001 0.923077 0.84375 0.923077 0.84375 0.923077 0.25 1 0.21875 1 0.21875 0.9615385 0.21875 1 0.1875 1 0.1875 0.9615385 0.625 0.5769231 0.59375 0.5769231 0.59375 0.5769231 0.15625 1 0.125 1 0.125 0.9615385 0.125 1 0.09375 1 0.09375 0.9615385 0.5 0.8461539 0.5 0.8461539 0.5 0.8076924 0.0625 1 0.03125 1 0.03125 0.9615385 0.03125 1 0 1 0 0.9615384 0.03125 0.5384616 0 0.5384616 0 0.5 0.03125 0.5769231 0 0.5769231 0 0.5384616 0.03125 0.6153846 0 0.6153847 0 0.5769231 0.03125 0.6153846 0.03125 0.6538462 0 0.6538463 0.03125 0.8461539 0.0625 0.8461539 0.0625 0.8461539 0.875 0.8461539 0.875 0.8461539 0.84375 0.8461539 0.25 0.5384616 0.25 0.5384616 0.25 0.5769231 0.3125 0.6538462 0.3125 0.6538462 0.34375 0.6538462 0.5 0.923077 0.5 0.8846154 0.5 0.8846154 0.03125 0.8461539 0.03125 0.8846154 0 0.8846154 0.03125 0.923077 0 0.9230769 0 0.8846154 0.03125 0.9615385 0 0.9615384 0 0.9230769 0.0625 0.5384616 0.03125 0.5384616 0.03125 0.5 0.0625 0.5769231 0.03125 0.5769231 0.03125 0.5384616 0.25 0.5769231 0.25 0.6153846 0.25 0.6153846 0.15625 0.5 0.15625 0.5 0.15625 0.5384616 0.0625 0.6923077 0.03125 0.6923077 0.03125 0.6538462 0.0625 0.7307693 0.03125 0.7307693 0.03125 0.6923077 0.0625 0.7692308 0.03125 0.7692308 0.03125 0.7307693 0.0625 0.8076924 0.03125 0.8076924 0.03125 0.7692308 0.0625 0.8461539 0.03125 0.8461539 0.03125 0.8076924 0.5937501 0.923077 0.5625 0.923077 0.5625 0.923077 0.5 0.9615385 0.5 0.923077 0.5 0.923077 0.0625 0.9615385 0.03125 0.9615385 0.03125 0.923077 0.25 0.6153846 0.25 0.6538462 0.25 0.6538462 0.05044728 0.3833369 0.05044728 0.3833369 0.02826887 0.341844 0.09375 0.6153846 0.0625 0.6153846 0.0625 0.5769231 0.09375 0.6538462 0.0625 0.6538462 0.0625 0.6153846 0.09375 0.6923077 0.0625 0.6923077 0.0625 0.6538462 0.09375 0.7307693 0.0625 0.7307693 0.0625 0.6923077 0.09375 0.7692308 0.0625 0.7692308 0.0625 0.7307693 0.09375 0.8076924 0.0625 0.8076924 0.0625 0.7692308 0.09375 0.8461539 0.0625 0.8461539 0.0625 0.8076924 0.09375 0.8846154 0.0625 0.8846154 0.0625 0.8461539 0.09375 0.923077 0.0625 0.923077 0.0625 0.8846154 0.3125 0.5769231 0.34375 0.5769231 0.34375 0.5769231 0.125 0.5384616 0.09375 0.5384616 0.09375 0.5 0.125 0.5769231 0.09375 0.5769231 0.09375 0.5384616 0.125 0.6153846 0.09375 0.6153846 0.09375 0.5769231 0.125 0.6538462 0.09375 0.6538462 0.09375 0.6153846 0.5504473 0.3833369 0.5282689 0.341844 0.5282689 0.341844 0.7812501 0.8846154 0.7812501 0.8846154 0.7812501 0.8461539 0.59375 0.8461539 0.59375 0.8461539 0.5625 0.8461539 0.53125 0.5384616 0.53125 0.5769231 0.53125 0.5769231 0.03125 0.6538462 0.03125 0.6538462 0.0625 0.6538462 0.125 0.8846154 0.09375 0.8846154 0.09375 0.8461539 0.125 0.923077 0.09375 0.923077 0.09375 0.8846154 0.125 0.9615385 0.09375 0.9615385 0.09375 0.923077 0.15625 0.5384616 0.125 0.5384616 0.125 0.5 0.1875 0.5 0.1875 0.5384616 0.1875 0.5384616 0.7812501 0.923077 0.7812501 0.923077 0.7812501 0.8846154 0.15625 0.6538462 0.125 0.6538462 0.125 0.6153846 0.15625 0.6923077 0.125 0.6923077 0.125 0.6538462 0.15625 0.7307693 0.125 0.7307693 0.125 0.6923077 0.15625 0.7692308 0.125 0.7692308 0.125 0.7307693 0.15625 0.8076924 0.125 0.8076924 0.125 0.7692308 0.15625 0.8461539 0.125 0.8461539 0.125 0.8076924 0.53125 0.5769231 0.53125 0.6153846 0.53125 0.6153846 0.875 0.6538462 0.84375 0.6538462 0.84375 0.6538462 0.15625 0.9615385 0.125 0.9615385 0.125 0.923077 0.78125 0.9615385 0.7812501 0.923077 0.7812501 0.923077 0.03125 0.5769231 0.0625 0.5769231 0.0625 0.5769231 0.1875 0.6153846 0.15625 0.6153846 0.15625 0.5769231 0.1875 0.6538462 0.15625 0.6538462 0.15625 0.6153846 0.1875 0.6923077 0.15625 0.6923077 0.15625 0.6538462 0.1875 0.7307693 0.15625 0.7307693 0.15625 0.6923077 0.1875 0.7692308 0.15625 0.7692308 0.15625 0.7307693 0.1875 0.8076924 0.15625 0.8076924 0.15625 0.7692308 0.1875 0.8461539 0.15625 0.8461539 0.15625 0.8076924 0.1875 0.8846154 0.15625 0.8846154 0.15625 0.8461539 0.1875 0.923077 0.15625 0.923077 0.15625 0.8846154 0.78125 1 0.78125 0.9615385 0.78125 0.9615385 0.21875 0.5384616 0.1875 0.5384616 0.1875 0.5 0.21875 0.5769231 0.1875 0.5769231 0.1875 0.5384616 0.21875 0.6153846 0.1875 0.6153846 0.1875 0.5769231 0.21875 0.6538462 0.1875 0.6538462 0.1875 0.6153846 0.53125 0.6538462 0.53125 0.6538462 0.53125 0.6923077 0.875 0.5769231 0.875 0.5769231 0.84375 0.5769231 0.28125 0.8461539 0.28125 0.8461539 0.3125 0.8461539 0.8125 0.5384616 0.8125 0.5769231 0.8125 0.5769231 0.53125 0.6923077 0.53125 0.6923077 0.53125 0.7307693 0.21875 0.8846154 0.1875 0.8846154 0.1875 0.8461539 0.21875 0.923077 0.1875 0.923077 0.1875 0.8846154 0.21875 0.9615385 0.1875 0.9615385 0.1875 0.923077 0.25 0.5384616 0.21875 0.5384616 0.21875 0.5 0.25 0.5769231 0.21875 0.5769231 0.21875 0.5384616 0.25 0.8846154 0.25 0.8846154 0.25 0.8461539 0.59375 0.6538462 0.5625 0.6538462 0.5625 0.6538462 0.25 0.6923077 0.21875 0.6923077 0.21875 0.6538462 0.25 0.7307693 0.21875 0.7307693 0.21875 0.6923077 0.25 0.7692308 0.21875 0.7692308 0.21875 0.7307693 0.25 0.8076924 0.21875 0.8076924 0.21875 0.7692308 0.25 0.8461539 0.21875 0.8461539 0.21875 0.8076924 0.53125 0.7692308 0.53125 0.7307693 0.53125 0.7307693 0.25 0.923077 0.25 0.923077 0.25 0.8846154 0.25 0.9615385 0.21875 0.9615385 0.21875 0.923077 0.53125 0.8076924 0.53125 0.7692308 0.53125 0.7692308 0.25 0.9615385 0.25 0.923077 0.25 0.923077 0.28125 0.6153846 0.25 0.6153846 0.25 0.5769231 0.28125 0.6538462 0.25 0.6538462 0.25 0.6153846 0.28125 0.6923077 0.25 0.6923077 0.25 0.6538462 0.28125 0.7307693 0.25 0.7307693 0.25 0.6923077 0.28125 0.7692308 0.25 0.7692308 0.25 0.7307693 0.28125 0.8076924 0.25 0.8076924 0.25 0.7692308 0.28125 0.8461539 0.25 0.8461539 0.25 0.8076924 0.28125 0.8846154 0.25 0.8846154 0.25 0.8461539 0.28125 0.923077 0.25 0.923077 0.25 0.8846154 0.25 0.5 0.25 0.5 0.25 0.5384616 0.3125 0.5384616 0.28125 0.5384616 0.28125 0.5 0.3125 0.5769231 0.28125 0.5769231 0.28125 0.5384616 0.3125 0.6153846 0.28125 0.6153846 0.28125 0.5769231 0.3125 0.6538462 0.28125 0.6538462 0.28125 0.6153846 0.8125001 0.6538462 0.8125001 0.6538462 0.8125 0.6923077 0.59375 0.5769231 0.59375 0.5769231 0.5625 0.5769231 0.53125 0.8461539 0.53125 0.8076924 0.53125 0.8076924 0.25 1 0.25 0.9615385 0.25 0.9615385 0 0.8461539 0 0.8461539 0.03125 0.8461539 0.3125 0.8846154 0.28125 0.8846154 0.28125 0.8461539 0.3125 0.923077 0.28125 0.923077 0.28125 0.8846154 0.3125 0.9615385 0.28125 0.9615385 0.28125 0.923077 0.34375 0.5384616 0.3125 0.5384616 0.3125 0.5 0.34375 0.5769231 0.3125 0.5769231 0.3125 0.5384616 0.00999999 0.25 0.00999999 0.25 0.01461154 0.2031783 0.8125 0.6923077 0.8125 0.6923077 0.8125 0.7307693 0.34375 0.6923077 0.3125 0.6923077 0.3125 0.6538462 0.34375 0.7307693 0.3125 0.7307693 0.3125 0.6923077 0.34375 0.7692308 0.3125 0.7692308 0.3125 0.7307693 0.34375 0.8076924 0.3125 0.8076924 0.3125 0.7692308 0.34375 0.8461539 0.3125 0.8461539 0.3125 0.8076924 0.84375 0.8461539 0.8125 0.8461539 0.8125 0.8461539 0.28125 0.5384616 0.28125 0.5769231 0.28125 0.5769231 0.34375 0.9615385 0.3125 0.9615385 0.3125 0.923077 0.51 0.25 0.5146116 0.2031783 0.5146116 0.2031783 0.28125 0.6538462 0.3125 0.6538462 0.3125 0.6538462 0.375 0.6153846 0.34375 0.6153846 0.34375 0.5769231 0.375 0.6538462 0.34375 0.6538462 0.34375 0.6153846 0.375 0.6923077 0.34375 0.6923077 0.34375 0.6538462 0.375 0.7307693 0.34375 0.7307693 0.34375 0.6923077 0.375 0.7692308 0.34375 0.7692308 0.34375 0.7307693 0.375 0.8076924 0.34375 0.8076924 0.34375 0.7692308 0.375 0.8461539 0.34375 0.8461539 0.34375 0.8076924 0.375 0.8846154 0.34375 0.8846154 0.34375 0.8461539 0.375 0.923077 0.34375 0.923077 0.34375 0.8846154 0.8125 0.7692308 0.8125 0.7307693 0.8125 0.7307693 0.40625 0.5384616 0.375 0.5384616 0.375 0.5 0.40625 0.5769231 0.375 0.5769231 0.375 0.5384616 0.40625 0.6153846 0.375 0.6153846 0.375 0.5769231 0.40625 0.6538462 0.375 0.6538462 0.375 0.6153846 0.53125 0.923077 0.53125 0.923077 0.53125 0.8846154 0.28125 0.5 0.28125 0.5384616 0.28125 0.5384616 0.8125 0.8076924 0.8125 0.7692308 0.8125 0.7692308 0.53125 0.9615385 0.53125 0.9615385 0.53125 0.923077 0.8125 0.8461539 0.8125 0.8076924 0.8125 0.8076924 0.40625 0.8846154 0.375 0.8846154 0.375 0.8461539 0.40625 0.923077 0.375 0.923077 0.375 0.8846154 0.40625 0.9615385 0.375 0.9615385 0.375 0.923077 0.4375 0.5384616 0.40625 0.5384616 0.40625 0.5 0.4375 0.5769231 0.40625 0.5769231 0.40625 0.5384616 0.28125 0.6538462 0.28125 0.6538462 0.28125 0.6923077 0.5625 0.8461539 0.53125 0.8461539 0.53125 0.8461539 0.4375 0.6923077 0.40625 0.6923077 0.40625 0.6538462 0.4375 0.7307693 0.40625 0.7307693 0.40625 0.6923077 0.4375 0.7692308 0.40625 0.7692308 0.40625 0.7307693 0.4375 0.8076924 0.40625 0.8076924 0.40625 0.7692308 0.4375 0.8461539 0.40625 0.8461539 0.40625 0.8076924 0.28125 0.6923077 0.28125 0.6923077 0.28125 0.7307693 0 0.6538463 0.03125 0.6538462 0.03125 0.6538462 0.4375 0.9615385 0.40625 0.9615385 0.40625 0.923077 0.5625 0.5769231 0.5625 0.5769231 0.5625 0.6153846 0.84375 0.6538462 0.84375 0.6538462 0.8125001 0.6538462 0.46875 0.6153846 0.4375 0.6153846 0.4375 0.5769231 0.46875 0.6538462 0.4375 0.6538462 0.4375 0.6153846 0.46875 0.6923077 0.4375 0.6923077 0.4375 0.6538462 0.46875 0.7307693 0.4375 0.7307693 0.4375 0.6923077 0.46875 0.7692308 0.4375 0.7692308 0.4375 0.7307693 0.46875 0.8076924 0.4375 0.8076924 0.4375 0.7692308 0.46875 0.8461539 0.4375 0.8461539 0.4375 0.8076924 0.46875 0.8846154 0.4375 0.8846154 0.4375 0.8461539 0.46875 0.923077 0.4375 0.923077 0.4375 0.8846154 0.28125 0.7692308 0.28125 0.7307693 0.28125 0.7307693 0.5 0.5384616 0.46875 0.5384616 0.46875 0.5 0.5 0.5769231 0.46875 0.5769231 0.46875 0.5384616 0.5 0.6153846 0.46875 0.6153846 0.46875 0.5769231 0.5 0.6538462 0.46875 0.6538462 0.46875 0.6153846 0.25 0.923077 0.28125 0.923077 0.28125 0.923077 0.8125 0.9615385 0.8125 0.9615385 0.8125 0.923077 0.5625 0.6153846 0.5625 0.6153846 0.5625 0.6538462 0.28125 0.8076924 0.28125 0.7692308 0.28125 0.7692308 0.8125 1 0.8125 1 0.8125 0.9615385 0.5 0.8846154 0.46875 0.8846154 0.46875 0.8461539 0.5 0.923077 0.46875 0.923077 0.46875 0.8846154 0.5 0.9615385 0.46875 0.9615385 0.46875 0.923077 0.53125 0.5384616 0.5 0.5384616 0.5 0.5 0.5625 0.6538462 0.5625 0.6923077 0.5625 0.6923077 0.28125 0.8461539 0.28125 0.8076924 0.28125 0.8076924 0.53125 0.6538462 0.5 0.6538462 0.5 0.6153846 0.53125 0.6923077 0.5 0.6923077 0.5 0.6538462 0.53125 0.7307693 0.5 0.7307693 0.5 0.6923077 0.53125 0.7692308 0.5 0.7692308 0.5 0.7307693 0.53125 0.8076924 0.5 0.8076924 0.5 0.7692308 0.53125 0.8461539 0.5 0.8461539 0.5 0.8076924 0.53125 0.8846154 0.5 0.8846154 0.5 0.8461539 0.34375 0.5 0.34375 0.5 0.34375 0.5384616 0.5625 0.6923077 0.5625 0.7307693 0.5625 0.7307693 0.5625 0.5384616 0.53125 0.5384616 0.53125 0.5 0.5625 0.5769231 0.53125 0.5769231 0.53125 0.5384616 0.5625 0.6153846 0.53125 0.6153846 0.53125 0.5769231 0.5625 0.6538462 0.53125 0.6538462 0.53125 0.6153846 0.05044728 0.1166631 0.05044728 0.1166631 0.08029437 0.08029437 0.84375 0.5769231 0.84375 0.5769231 0.84375 0.6153846 0.5625 0.6538462 0.5625 0.6538462 0.53125 0.6538462 0.5625 0.7692308 0.5625 0.7692308 0.5625 0.7307693 0.03125 0.5769231 0.03125 0.5769231 0.03125 0.6153846 0.5625 0.8846154 0.53125 0.8846154 0.53125 0.8461539 0.5625 0.923077 0.53125 0.923077 0.53125 0.8846154 0.5625 0.9615385 0.53125 0.9615385 0.53125 0.923077 0.59375 0.5384616 0.5625 0.5384616 0.5625 0.5 0.59375 0.5769231 0.5625 0.5769231 0.5625 0.5384616 0.5504473 0.1166631 0.5802944 0.08029437 0.5802944 0.08029437 0.84375 0.6153846 0.84375 0.6153846 0.84375 0.6538462 0.59375 0.6923077 0.5625 0.6923077 0.5625 0.6538462 0.59375 0.7307693 0.5625 0.7307693 0.5625 0.6923077 0.59375 0.7692308 0.5625 0.7692308 0.5625 0.7307693 0.59375 0.8076924 0.5625 0.8076924 0.5625 0.7692308 0.59375 0.8461539 0.5625 0.8461539 0.5625 0.8076924 0.5625 0.8076924 0.5625 0.8076924 0.5625 0.7692308 0.8125 0.923077 0.8125 0.923077 0.7812501 0.923077 0.59375 0.9615385 0.5625 0.9615385 0.5625 0.923077 0.28125 0.9615385 0.28125 0.9615385 0.28125 0.923077 0.03125 0.6153846 0.03125 0.6153846 0.03125 0.6538462 0.625 0.6153846 0.59375 0.6153846 0.59375 0.5769231 0.625 0.6538462 0.59375 0.6538462 0.59375 0.6153846 0.625 0.6923077 0.59375 0.6923077 0.59375 0.6538462 0.625 0.7307693 0.59375 0.7307693 0.59375 0.6923077 0.625 0.7692308 0.59375 0.7692308 0.59375 0.7307693 0.625 0.8076924 0.59375 0.8076924 0.59375 0.7692308 0.625 0.8461539 0.59375 0.8461539 0.59375 0.8076924 0.625 0.8846154 0.59375 0.8846154 0.59375 0.8461539 0.625 0.923077 0.5937501 0.923077 0.59375 0.8846154 0.375 0.5 0.375 0.5384616 0.375 0.5384616 0.65625 0.5384616 0.625 0.5384616 0.625 0.5 0.65625 0.5769231 0.625 0.5769231 0.625 0.5384616 0.6562501 0.6153846 0.625 0.6153846 0.625 0.5769231 0.6562501 0.6538462 0.625 0.6538462 0.625 0.6153846 0.84375 0.6538462 0.84375 0.6923077 0.84375 0.6923077 0.5625 0.8461539 0.5625 0.8461539 0.5625 0.8076924 0.28125 1 0.28125 1 0.28125 0.9615385 0.03125 0.6538462 0.03125 0.6923077 0.03125 0.6923077 0.84375 0.6923077 0.84375 0.7307693 0.84375 0.7307693 0.65625 0.8846154 0.625 0.8846154 0.625 0.8461539 0.65625 0.923077 0.625 0.923077 0.625 0.8846154 0.65625 0.9615385 0.625 0.9615385 0.625 0.923077 0.6875 0.5384616 0.65625 0.5384616 0.65625 0.5 0.6875 0.5769231 0.65625 0.5769231 0.65625 0.5384616 0.5625 0.8846154 0.5625 0.8461539 0.5625 0.8461539 0.03125 0.6923077 0.03125 0.7307693 0.03125 0.7307693 0.6875 0.6923077 0.65625 0.6923077 0.6562501 0.6538462 0.6875001 0.7307693 0.65625 0.7307693 0.65625 0.6923077 0.6875001 0.7692308 0.65625 0.7692308 0.65625 0.7307693 0.6875001 0.8076924 0.65625 0.8076924 0.65625 0.7692308 0.6875001 0.8461539 0.65625 0.8461539 0.65625 0.8076924 0.84375 0.7692308 0.84375 0.7692308 0.84375 0.7307693 0.53125 0.9615385 0.5 0.9615385 0.5 0.9615385 0.6875 0.9615385 0.65625 0.9615385 0.65625 0.923077 0.5625 0.923077 0.5625 0.8846154 0.5625 0.8846154 0.3125 0.5769231 0.3125 0.5769231 0.3125 0.6153846 0.71875 0.6153846 0.6875 0.6153846 0.6875 0.5769231 0.71875 0.6538462 0.6875 0.6538462 0.6875 0.6153846 0.71875 0.6923077 0.6875 0.6923077 0.6875 0.6538462 0.71875 0.7307693 0.6875001 0.7307693 0.6875 0.6923077 0.71875 0.7692308 0.6875001 0.7692308 0.6875001 0.7307693 0.71875 0.8076924 0.6875001 0.8076924 0.6875001 0.7692308 0.71875 0.8461539 0.6875001 0.8461539 0.6875001 0.8076924 0.71875 0.8846154 0.6875001 0.8846154 0.6875001 0.8461539 0.71875 0.923077 0.6875001 0.923077 0.6875001 0.8846154 0.03125 0.7692308 0.03125 0.7692308 0.03125 0.7307693 0.75 0.5384616 0.71875 0.5384616 0.71875 0.5 0.75 0.5769231 0.71875 0.5769231 0.71875 0.5384616 0.75 0.6153846 0.71875 0.6153846 0.71875 0.5769231 0.75 0.6538462 0.71875 0.6538462 0.71875 0.6153846 0.84375 0.8076924 0.84375 0.8076924 0.84375 0.7692308 0.3125 0.6153846 0.3125 0.6153846 0.3125 0.6538462 0.03125 0.8076924 0.03125 0.8076924 0.03125 0.7692308 0.25 0.5769231 0.25 0.5769231 0.28125 0.5769231 0.84375 0.8461539 0.84375 0.8461539 0.84375 0.8076924 0.75 0.8846154 0.71875 0.8846154 0.71875 0.8461539 0.75 0.923077 0.71875 0.923077 0.71875 0.8846154 0.75 0.9615385 0.71875 0.9615385 0.71875 0.923077 0.78125 0.5384616 0.75 0.5384616 0.75 0.5 0.78125 0.5769231 0.75 0.5769231 0.75 0.5384616 0.53125 0.8846154 0.53125 0.8846154 0.5 0.8846154 0.3125 0.6538462 0.3125 0.6923077 0.3125 0.6923077 0.78125 0.6923077 0.75 0.6923077 0.75 0.6538462 0.7812501 0.7307693 0.75 0.7307693 0.75 0.6923077 0.7812501 0.7692308 0.75 0.7692308 0.75 0.7307693 0.7812501 0.8076924 0.75 0.8076924 0.75 0.7692308 0.7812501 0.8461539 0.75 0.8461539 0.75 0.8076924 0.03125 0.8461539 0.03125 0.8461539 0.03125 0.8076924 0.84375 0.8846154 0.84375 0.8461539 0.84375 0.8461539 0.78125 0.9615385 0.75 0.9615385 0.75 0.923077 0.59375 0.5384616 0.59375 0.5384616 0.59375 0.5769231 0.3125 0.6923077 0.3125 0.7307693 0.3125 0.7307693 0.8125001 0.6153846 0.78125 0.6153846 0.78125 0.5769231 0.8125001 0.6538462 0.78125 0.6538462 0.78125 0.6153846 0.8125 0.6923077 0.78125 0.6923077 0.78125 0.6538462 0.8125 0.7307693 0.7812501 0.7307693 0.78125 0.6923077 0.8125 0.7692308 0.7812501 0.7692308 0.7812501 0.7307693 0.8125 0.8076924 0.7812501 0.8076924 0.7812501 0.7692308 0.8125 0.8461539 0.7812501 0.8461539 0.7812501 0.8076924 0.8125 0.8846154 0.7812501 0.8846154 0.7812501 0.8461539 0.8125 0.923077 0.7812501 0.923077 0.7812501 0.8846154 0.03125 0.8846154 0.03125 0.8461539 0.03125 0.8461539 0.84375 0.5384616 0.8125 0.5384616 0.8125 0.5 0.84375 0.5769231 0.8125 0.5769231 0.8125 0.5384616 0.84375 0.6153846 0.8125001 0.6153846 0.8125 0.5769231 0.84375 0.6538462 0.8125001 0.6538462 0.8125001 0.6153846 0.4375 0.5 0.4375 0.5 0.4375 0.5384616 0.84375 0.923077 0.84375 0.8846154 0.84375 0.8846154 0.59375 0.5769231 0.59375 0.6153846 0.59375 0.6153846 0.3125 0.7692308 0.3125 0.7692308 0.3125 0.7307693 0.03125 0.923077 0.03125 0.8846154 0.03125 0.8846154 0.84375 0.8846154 0.8125 0.8846154 0.8125 0.8461539 0.84375 0.923077 0.8125 0.923077 0.8125 0.8846154 0.84375 0.9615385 0.8125 0.9615385 0.8125 0.923077 0.875 0.5384616 0.84375 0.5384616 0.84375 0.5 0.875 0.5769231 0.84375 0.5769231 0.84375 0.5384616 0.1581559 0.02826887 0.1581559 0.02826887 0.2031783 0.01461154 0.21875 0.923077 0.21875 0.923077 0.25 0.923077 0.875 0.6923077 0.84375 0.6923077 0.84375 0.6538462 0.875 0.7307693 0.84375 0.7307693 0.84375 0.6923077 0.875 0.7692308 0.84375 0.7692308 0.84375 0.7307693 0.875 0.8076924 0.84375 0.8076924 0.84375 0.7692308 0.875 0.8461539 0.84375 0.8461539 0.84375 0.8076924 0.59375 0.6153846 0.59375 0.6538462 0.59375 0.6538462 0.3125 0.8076924 0.3125 0.8076924 0.3125 0.7692308 0.875 0.9615385 0.84375 0.9615385 0.84375 0.923077 0.658156 0.02826887 0.7031784 0.01461154 0.7031784 0.01461154 0.8125 0.5769231 0.78125 0.5769231 0.78125 0.5769231 0.90625 0.6153846 0.875 0.6153846 0.875 0.5769231 0.90625 0.6538462 0.875 0.6538462 0.875 0.6153846 0.90625 0.6923077 0.875 0.6923077 0.875 0.6538462 0.90625 0.7307693 0.875 0.7307693 0.875 0.6923077 0.90625 0.7692308 0.875 0.7692308 0.875 0.7307693 0.90625 0.8076924 0.875 0.8076924 0.875 0.7692308 0.90625 0.8461539 0.875 0.8461539 0.875 0.8076924 0.9062501 0.8846154 0.875 0.8846154 0.875 0.8461539 0.9062501 0.923077 0.8750001 0.923077 0.875 0.8846154 0.3125 0.8461539 0.3125 0.8461539 0.3125 0.8076924 0.9375 0.5384616 0.90625 0.5384616 0.90625 0.5 0.9375 0.5769231 0.90625 0.5769231 0.90625 0.5384616 0.9375001 0.6153846 0.90625 0.6153846 0.90625 0.5769231 0.9375001 0.6538462 0.90625 0.6538462 0.90625 0.6153846 0.46875 0.5 0.46875 0.5384616 0.46875 0.5384616 0.21875 0.8461539 0.25 0.8461539 0.25 0.8461539 0.875 0.5384616 0.875 0.5384616 0.875 0.5769231 0.3125 0.8846154 0.3125 0.8461539 0.3125 0.8461539 0.0625 0.5384616 0.0625 0.5384616 0.0625 0.5769231 0.9375 0.8846154 0.9062501 0.8846154 0.90625 0.8461539 0.9375 0.923077 0.9062501 0.923077 0.9062501 0.8846154 0.9375 0.9615385 0.9062501 0.9615385 0.9062501 0.923077 0.96875 0.5384616 0.9375 0.5384616 0.9375 0.5 0.96875 0.5769231 0.9375 0.5769231 0.9375 0.5384616 0.875 0.5769231 0.875 0.6153846 0.875 0.6153846 0.3125 0.923077 0.3125 0.8846154 0.3125 0.8846154 0.96875 0.6923077 0.9375001 0.6923077 0.9375001 0.6538462 0.96875 0.7307693 0.9375001 0.7307693 0.9375001 0.6923077 0.96875 0.7692308 0.9375 0.7692308 0.9375001 0.7307693 0.96875 0.8076924 0.9375 0.8076924 0.9375 0.7692308 0.96875 0.8461539 0.9375 0.8461539 0.9375 0.8076924 0.0625 0.5769231 0.0625 0.6153846 0.0625 0.6153846 0.875 0.6153846 0.875 0.6538462 0.875 0.6538462 0.96875 0.9615385 0.9375 0.9615385 0.9375 0.923077 0.53125 0.6153846 0.5 0.6153846 0.5 0.6153846 0.7812501 0.923077 0.75 0.923077 0.75 0.923077 1 0.6153847 0.9687501 0.6153846 0.96875 0.5769231 1 0.6538463 0.9687501 0.6538462 0.9687501 0.6153846 1 0.6923078 0.96875 0.6923077 0.9687501 0.6538462 1 0.7307693 0.96875 0.7307693 0.96875 0.6923077 1 0.7692308 0.96875 0.7692308 0.96875 0.7307693 1 0.8076924 0.96875 0.8076924 0.96875 0.7692308 1 0.8461539 0.96875 0.8461539 0.96875 0.8076924 1 0.8846154 0.96875 0.8846154 0.96875 0.8461539 1 0.9230769 0.9687501 0.923077 0.96875 0.8846154 0.0625 0.6153846 0.0625 0.6538462 0.0625 0.6538462 1 1 0.96875 1 0.96875 0.9615385 0.90625 1 0.875 1 0.875 0.9615385 0.8125 1 0.78125 1 0.78125 0.9615385 0.71875 1 0.6875 1 0.6875 0.9615385 0.625 1 0.59375 1 0.59375 0.9615385 0.46875 1 0.4375 1 0.4375 0.9615385 0.375 1 0.34375 1 0.34375 0.9615385 0.28125 1 0.25 1 0.25 0.9615385 0.1875 1 0.15625 1 0.15625 0.9615385 0.09375 1 0.0625 1 0.0625 0.9615385 0.03125 0.6538462 0.03125 0.6923077 0 0.6923078 0.03125 0.6923077 0.03125 0.7307693 0 0.7307693 0.03125 0.7307693 0.03125 0.7692308 0 0.7692308 0.03125 0.7692308 0.03125 0.8076924 0 0.8076924 0.03125 0.8076924 0.03125 0.8461539 0 0.8461539 0.0625 0.6153846 0.03125 0.6153846 0.03125 0.5769231 0.0625 0.6538462 0.03125 0.6538462 0.03125 0.6153846 0.0625 0.8846154 0.03125 0.8846154 0.03125 0.8461539 0.0625 0.923077 0.03125 0.923077 0.03125 0.8846154 0.09375 0.5384616 0.0625 0.5384616 0.0625 0.5 0.09375 0.5769231 0.0625 0.5769231 0.0625 0.5384616 0.09375 0.9615385 0.0625 0.9615385 0.0625 0.923077 0.125 0.6923077 0.09375 0.6923077 0.09375 0.6538462 0.125 0.7307693 0.09375 0.7307693 0.09375 0.6923077 0.125 0.7692308 0.09375 0.7692308 0.09375 0.7307693 0.125 0.8076924 0.09375 0.8076924 0.09375 0.7692308 0.125 0.8461539 0.09375 0.8461539 0.09375 0.8076924 0.15625 0.5769231 0.125 0.5769231 0.125 0.5384616 0.15625 0.6153846 0.125 0.6153846 0.125 0.5769231 0.15625 0.8846154 0.125 0.8846154 0.125 0.8461539 0.15625 0.923077 0.125 0.923077 0.125 0.8846154 0.1875 0.5384616 0.15625 0.5384616 0.15625 0.5 0.1875 0.5769231 0.15625 0.5769231 0.15625 0.5384616 0.1875 0.9615385 0.15625 0.9615385 0.15625 0.923077 0.21875 0.6923077 0.1875 0.6923077 0.1875 0.6538462 0.21875 0.7307693 0.1875 0.7307693 0.1875 0.6923077 0.21875 0.7692308 0.1875 0.7692308 0.1875 0.7307693 0.21875 0.8076924 0.1875 0.8076924 0.1875 0.7692308 0.21875 0.8461539 0.1875 0.8461539 0.1875 0.8076924 0.25 0.6153846 0.21875 0.6153846 0.21875 0.5769231 0.25 0.6538462 0.21875 0.6538462 0.21875 0.6153846 0.25 0.8846154 0.21875 0.8846154 0.21875 0.8461539 0.25 0.923077 0.21875 0.923077 0.21875 0.8846154 0.28125 0.5384616 0.25 0.5384616 0.25 0.5 0.28125 0.5769231 0.25 0.5769231 0.25 0.5384616 0.28125 0.9615385 0.25 0.9615385 0.25 0.923077 0.3125 0.6923077 0.28125 0.6923077 0.28125 0.6538462 0.3125 0.7307693 0.28125 0.7307693 0.28125 0.6923077 0.3125 0.7692308 0.28125 0.7692308 0.28125 0.7307693 0.3125 0.8076924 0.28125 0.8076924 0.28125 0.7692308 0.3125 0.8461539 0.28125 0.8461539 0.28125 0.8076924 0.34375 0.6153846 0.3125 0.6153846 0.3125 0.5769231 0.34375 0.6538462 0.3125 0.6538462 0.3125 0.6153846 0.34375 0.8846154 0.3125 0.8846154 0.3125 0.8461539 0.34375 0.923077 0.3125 0.923077 0.3125 0.8846154 0.375 0.5384616 0.34375 0.5384616 0.34375 0.5 0.375 0.5769231 0.34375 0.5769231 0.34375 0.5384616 0.375 0.9615385 0.34375 0.9615385 0.34375 0.923077 0.40625 0.6923077 0.375 0.6923077 0.375 0.6538462 0.40625 0.7307693 0.375 0.7307693 0.375 0.6923077 0.40625 0.7692308 0.375 0.7692308 0.375 0.7307693 0.40625 0.8076924 0.375 0.8076924 0.375 0.7692308 0.40625 0.8461539 0.375 0.8461539 0.375 0.8076924 0.4375 0.6153846 0.40625 0.6153846 0.40625 0.5769231 0.4375 0.6538462 0.40625 0.6538462 0.40625 0.6153846 0.4375 0.8846154 0.40625 0.8846154 0.40625 0.8461539 0.4375 0.923077 0.40625 0.923077 0.40625 0.8846154 0.46875 0.5384616 0.4375 0.5384616 0.4375 0.5 0.46875 0.5769231 0.4375 0.5769231 0.4375 0.5384616 0.46875 0.9615385 0.4375 0.9615385 0.4375 0.923077 0.5 0.6923077 0.46875 0.6923077 0.46875 0.6538462 0.5 0.7307693 0.46875 0.7307693 0.46875 0.6923077 0.5 0.7692308 0.46875 0.7692308 0.46875 0.7307693 0.5 0.8076924 0.46875 0.8076924 0.46875 0.7692308 0.5 0.8461539 0.46875 0.8461539 0.46875 0.8076924 0.53125 0.5769231 0.5 0.5769231 0.5 0.5384616 0.53125 0.6153846 0.5 0.6153846 0.5 0.5769231 0.53125 0.923077 0.5 0.923077 0.5 0.8846154 0.53125 0.9615385 0.5 0.9615385 0.5 0.923077 0.5625 0.6923077 0.53125 0.6923077 0.53125 0.6538462 0.5625 0.7307693 0.53125 0.7307693 0.53125 0.6923077 0.5625 0.7692308 0.53125 0.7692308 0.53125 0.7307693 0.5625 0.8076924 0.53125 0.8076924 0.53125 0.7692308 0.5625 0.8461539 0.53125 0.8461539 0.53125 0.8076924 0.59375 0.6153846 0.5625 0.6153846 0.5625 0.5769231 0.59375 0.6538462 0.5625 0.6538462 0.5625 0.6153846 0.59375 0.8846154 0.5625 0.8846154 0.5625 0.8461539 0.5937501 0.923077 0.5625 0.923077 0.5625 0.8846154 0.625 0.5384616 0.59375 0.5384616 0.59375 0.5 0.625 0.5769231 0.59375 0.5769231 0.59375 0.5384616 0.625 0.9615385 0.59375 0.9615385 0.5937501 0.923077 0.65625 0.6923077 0.625 0.6923077 0.625 0.6538462 0.65625 0.7307693 0.625 0.7307693 0.625 0.6923077 0.65625 0.7692308 0.625 0.7692308 0.625 0.7307693 0.65625 0.8076924 0.625 0.8076924 0.625 0.7692308 0.65625 0.8461539 0.625 0.8461539 0.625 0.8076924 0.6875 0.6153846 0.6562501 0.6153846 0.65625 0.5769231 0.6875 0.6538462 0.6562501 0.6538462 0.6562501 0.6153846 0.6875001 0.8846154 0.65625 0.8846154 0.65625 0.8461539 0.6875001 0.923077 0.65625 0.923077 0.65625 0.8846154 0.71875 0.5384616 0.6875 0.5384616 0.6875 0.5 0.71875 0.5769231 0.6875 0.5769231 0.6875 0.5384616 0.71875 0.9615385 0.6875 0.9615385 0.6875001 0.923077 0.75 0.6923077 0.71875 0.6923077 0.71875 0.6538462 0.75 0.7307693 0.71875 0.7307693 0.71875 0.6923077 0.75 0.7692308 0.71875 0.7692308 0.71875 0.7307693 0.75 0.8076924 0.71875 0.8076924 0.71875 0.7692308 0.75 0.8461539 0.71875 0.8461539 0.71875 0.8076924 0.78125 0.6153846 0.75 0.6153846 0.75 0.5769231 0.78125 0.6538462 0.75 0.6538462 0.75 0.6153846 0.7812501 0.8846154 0.75 0.8846154 0.75 0.8461539 0.7812501 0.923077 0.75 0.923077 0.75 0.8846154 0.8125 0.5384616 0.78125 0.5384616 0.78125 0.5 0.8125 0.5769231 0.78125 0.5769231 0.78125 0.5384616 0.8125 0.9615385 0.78125 0.9615385 0.7812501 0.923077 0.84375 0.6923077 0.8125 0.6923077 0.8125001 0.6538462 0.84375 0.7307693 0.8125 0.7307693 0.8125 0.6923077 0.84375 0.7692308 0.8125 0.7692308 0.8125 0.7307693 0.84375 0.8076924 0.8125 0.8076924 0.8125 0.7692308 0.84375 0.8461539 0.8125 0.8461539 0.8125 0.8076924 0.875 0.6153846 0.84375 0.6153846 0.84375 0.5769231 0.875 0.6538462 0.84375 0.6538462 0.84375 0.6153846 0.875 0.8846154 0.84375 0.8846154 0.84375 0.8461539 0.8750001 0.923077 0.84375 0.923077 0.84375 0.8846154 0.90625 0.5384616 0.875 0.5384616 0.875 0.5 0.90625 0.5769231 0.875 0.5769231 0.875 0.5384616 0.9062501 0.9615385 0.875 0.9615385 0.8750001 0.923077 0.9375001 0.6923077 0.90625 0.6923077 0.90625 0.6538462 0.9375001 0.7307693 0.90625 0.7307693 0.90625 0.6923077 0.9375 0.7692308 0.90625 0.7692308 0.90625 0.7307693 0.9375 0.8076924 0.90625 0.8076924 0.90625 0.7692308 0.9375 0.8461539 0.90625 0.8461539 0.90625 0.8076924 0.9687501 0.6153846 0.9375001 0.6153846 0.9375 0.5769231 0.9687501 0.6538462 0.9375001 0.6538462 0.9375001 0.6153846 0.96875 0.8846154 0.9375 0.8846154 0.9375 0.8461539 0.9687501 0.923077 0.9375 0.923077 0.9375 0.8846154 1 0.5384616 0.96875 0.5384616 0.96875 0.5 1 0.5769231 0.96875 0.5769231 0.96875 0.5384616 1 0.9615384 0.96875 0.9615385 0.9687501 0.923077 0.5 0.6923077 0.5 0.7307693 0.5 0.7307693 0.78125 0.5384616 0.78125 0.5384616 0.78125 0.5769231 0.3125 0.8461539 0.34375 0.8461539 0.34375 0.8461539 0.09375 0.5 0.09375 0.5384616 0.09375 0.5384616 0.21875 0.8461539 0.21875 0.8461539 0.21875 0.8076924 0.90625 0.5769231 0.875 0.5769231 0.875 0.5769231 0.5 0.6538462 0.5 0.6923077 0.5 0.6923077 0.658156 0.4717311 0.6166632 0.4495527 0.6166632 0.4495527 0.0625 0.5769231 0.0625 0.5769231 0.09375 0.5769231 0.21875 0.8076924 0.21875 0.8076924 0.21875 0.7692308 0.3125 0.923077 0.3125 0.923077 0.34375 0.923077 0.1581559 0.4717311 0.1581559 0.4717311 0.1166631 0.4495527 0.21875 0.7692308 0.21875 0.7692308 0.21875 0.7307693 0.5 0.5769231 0.5 0.5769231 0.5 0.6153846 0.75 0.923077 0.75 0.8846154 0.75 0.8846154 0.0625 0.5 0.0625 0.5 0.0625 0.5384616 0.21875 0.6923077 0.21875 0.7307693 0.21875 0.7307693 0.5 0.5384616 0.5 0.5384616 0.5 0.5769231 0.75 0.8846154 0.75 0.8461539 0.75 0.8461539 0.21875 0.6538462 0.21875 0.6923077 0.21875 0.6923077 0.46875 1 0.46875 1 0.46875 0.9615385 0.75 0.8461539 0.75 0.8461539 0.75 0.8076924 0.34375 0.5769231 0.34375 0.5769231 0.375 0.5769231 0.21875 0.6153846 0.21875 0.6153846 0.21875 0.6538462 0.46875 0.9615385 0.46875 0.9615385 0.46875 0.923077 0.625 0.923077 0.625 0.923077 0.5937501 0.923077 0.75 0.8076924 0.75 0.8076924 0.75 0.7692308 0.21875 0.5769231 0.21875 0.5769231 0.21875 0.6153846 0.75 0.7692308 0.75 0.7692308 0.75 0.7307693 0.75 0.6923077 0.75 0.7307693 0.75 0.7307693 0.1875 1 0.1875 1 0.1875 0.9615385 0.46875 0.8461539 0.46875 0.8076924 0.46875 0.8076924 0.75 0.6538462 0.75 0.6923077 0.75 0.6923077 0 0.5 0 0.5384616 0 0.5384616 0.1875 0.9615385 0.1875 0.9615385 0.1875 0.923077 0.9062501 0.923077 0.9062501 0.923077 0.8750001 0.923077 0.46875 0.8076924 0.46875 0.7692308 0.46875 0.7692308 0.75 0.6153846 0.75 0.6153846 0.75 0.6538462 0 0.5384616 0 0.5769231 0 0.5769231 0.0625 0.923077 0.09375 0.923077 0.09375 0.923077 0.46875 0.7692308 0.46875 0.7307693 0.46875 0.7307693 0.6562501 0.6538462 0.6562501 0.6538462 0.625 0.6538462 0.75 0.5769231 0.75 0.5769231 0.75 0.6153846 0.46875 0.6923077 0.46875 0.6923077 0.46875 0.7307693 0.1875 0.8461539 0.1875 0.8076924 0.1875 0.8076924 0.46875 0.6538462 0.46875 0.6538462 0.46875 0.6923077 0.71875 1 0.71875 1 0.71875 0.9615385 1 0.6538463 1 0.6538463 1 0.6923078 0.1875 0.8076924 0.1875 0.7692308 0.1875 0.7692308 0.71875 0.9615385 0.71875 0.9615385 0.71875 0.923077 0.34375 0.923077 0.375 0.923077 0.375 0.923077 1 0.6923078 1 0.6923078 1 0.7307693 0.1875 0.7692308 0.1875 0.7307693 0.1875 0.7307693 0.9375001 0.6538462 0.9375001 0.6538462 0.90625 0.6538462 1 0.7692308 1 0.7307693 1 0.7307693 0.09375 0.6538462 0.125 0.6538462 0.125 0.6538462 0.1875 0.6923077 0.1875 0.6923077 0.1875 0.7307693 0.46875 0.5384616 0.46875 0.5769231 0.46875 0.5769231 0.65625 0.8461539 0.625 0.8461539 0.625 0.8461539 1 0.8076924 1 0.7692308 1 0.7692308 0.1875 0.6538462 0.1875 0.6538462 0.1875 0.6923077 0.4375 1 0.4375 0.9615385 0.4375 0.9615385 0.71875 0.8461539 0.71875 0.8076924 0.71875 0.8076924 1 0.8461539 1 0.8076924 1 0.8076924 0.75 0.49 0.75 0.49 0.7968217 0.4853885 0.4375 0.9615385 0.4375 0.923077 0.4375 0.923077 0.71875 0.8076924 0.71875 0.7692308 0.71875 0.7692308 0.25 0.49 0.2968217 0.4853885 0.2968217 0.4853885 0.4375 0.923077 0.4375 0.923077 0.4375 0.8846154 0.71875 0.7692308 0.71875 0.7307693 0.71875 0.7307693 0.375 0.6538462 0.40625 0.6538462 0.40625 0.6538462 0 1 0 1 0 0.9615384 0.1875 0.5384616 0.1875 0.5769231 0.1875 0.5769231 0.9375 0.8461539 0.90625 0.8461539 0.90625 0.8461539 0.4375 0.8846154 0.4375 0.8846154 0.4375 0.8461539 0.71875 0.6923077 0.71875 0.6923077 0.71875 0.7307693 0 0.9615384 0 0.9615384 0 0.9230769 0.09375 0.8461539 0.09375 0.8461539 0.125 0.8461539 0.96875 0.5 0.96875 0.5 0.96875 0.5384616 0.15625 1 0.15625 0.9615385 0.15625 0.9615385 0.6875 0.5769231 0.6875 0.5769231 0.65625 0.5769231 0.71875 0.6538462 0.71875 0.6538462 0.71875 0.6923077 0.96875 1 0.96875 0.9615385 0.96875 0.9615385 0.15625 0.9615385 0.15625 0.923077 0.15625 0.923077 0.96875 0.9615385 0.9687501 0.923077 0.9687501 0.923077 0.15625 0.923077 0.15625 0.923077 0.15625 0.8846154 0.6875 0.6538462 0.6562501 0.6538462 0.6562501 0.6538462 0.9687501 0.923077 0.9687501 0.923077 0.96875 0.8846154 0.15625 0.8846154 0.15625 0.8846154 0.15625 0.8461539 0.71875 0.5384616 0.71875 0.5769231 0.71875 0.5769231 0.375 0.8461539 0.375 0.8461539 0.40625 0.8461539 0.96875 0.8846154 0.96875 0.8846154 0.96875 0.8461539 0.125 0.5384616 0.15625 0.5384616 0.15625 0.5384616 0.96875 0.5769231 0.96875 0.5769231 0.9375 0.5769231 0.6875 1 0.6875 0.9615385 0.6875 0.9615385 0.4375 0.6153846 0.4375 0.6538462 0.4375 0.6538462 0.6875 0.9615385 0.6875001 0.923077 0.6875001 0.923077 0.125 0.6153846 0.125 0.6153846 0.15625 0.6153846 0.90625 0.5 0.90625 0.5384616 0.90625 0.5384616 0.9687501 0.6538462 0.9375001 0.6538462 0.9375001 0.6538462 0.4375 0.5769231 0.4375 0.6153846 0.4375 0.6153846 0.6875001 0.923077 0.6875001 0.923077 0.6875001 0.8846154 0.8833369 0.4495527 0.8833369 0.4495527 0.9197056 0.4197056 0.4375 0.5384616 0.4375 0.5384616 0.4375 0.5769231 0.6875001 0.8461539 0.6875001 0.8461539 0.65625 0.8461539 0.6875001 0.8846154 0.6875001 0.8846154 0.6875001 0.8461539 0.3833369 0.4495527 0.4197056 0.4197056 0.4197056 0.4197056 0.40625 0.5769231 0.4375 0.5769231 0.4375 0.5769231 0.875 0.5 0.875 0.5 0.875 0.5384616 0.6875001 0.923077 0.65625 0.923077 0.65625 0.923077 0.9687501 0.6153846 0.9687501 0.6538462 0.9687501 0.6538462 0.15625 0.5769231 0.15625 0.6153846 0.15625 0.6153846 0.40625 0.923077 0.40625 0.8846154 0.40625 0.8846154 0.40625 0.6538462 0.40625 0.6538462 0.4375 0.6538462 0.96875 0.5769231 0.9687501 0.6153846 0.9687501 0.6153846 0.96875 0.8461539 0.96875 0.8461539 0.9375 0.8461539 0.40625 0.8846154 0.40625 0.8461539 0.40625 0.8461539 0.96875 0.5384616 0.96875 0.5384616 0.96875 0.5769231 0.125 0.8461539 0.15625 0.8461539 0.15625 0.8461539 0.40625 0.8461539 0.40625 0.8461539 0.40625 0.8076924 0.71875 0.5769231 0.6875 0.5769231 0.6875 0.5769231 0.9687501 0.923077 0.9375 0.923077 0.9375 0.923077 0.40625 0.8076924 0.40625 0.8076924 0.40625 0.7692308 0.6875 0.6153846 0.6875 0.6538462 0.6875 0.6538462 0.125 0.923077 0.125 0.923077 0.15625 0.923077 0.125 0.923077 0.125 0.8846154 0.125 0.8846154 0.40625 0.7692308 0.40625 0.7692308 0.40625 0.7307693 0.6875 0.5769231 0.6875 0.6153846 0.6875 0.6153846 0.9375 0.923077 0.9375 0.8846154 0.9375 0.8846154 0.8125 0.5 0.8125 0.5384616 0.8125 0.5384616 0.125 0.8846154 0.125 0.8461539 0.125 0.8461539 0.40625 0.6923077 0.40625 0.7307693 0.40625 0.7307693 0.6875 0.5384616 0.6875 0.5384616 0.6875 0.5769231 0.40625 0.8461539 0.4375 0.8461539 0.4375 0.8461539 0.9375 0.8846154 0.9375 0.8461539 0.9375 0.8461539 0.9717311 0.341844 0.9717311 0.341844 0.9853885 0.2968217 0.125 0.8461539 0.125 0.8461539 0.125 0.8076924 1 0.5769231 0.96875 0.5769231 0.96875 0.5769231 0.40625 0.6538462 0.40625 0.6923077 0.40625 0.6923077 0.9375 0.8461539 0.9375 0.8461539 0.9375 0.8076924 0.15625 0.5769231 0.15625 0.5769231 0.1875 0.5769231 0.4717311 0.341844 0.4853885 0.2968217 0.4853885 0.2968217 0.125 0.8076924 0.125 0.8076924 0.125 0.7692308 0.40625 0.6153846 0.40625 0.6153846 0.40625 0.6538462 0.40625 0.923077 0.40625 0.923077 0.4375 0.923077 0.9375 0.8076924 0.9375 0.8076924 0.9375 0.7692308 0.78125 0.5 0.78125 0.5 0.78125 0.5384616 0.125 0.7692308 0.125 0.7692308 0.125 0.7307693 0.40625 0.5769231 0.40625 0.5769231 0.40625 0.6153846 0.65625 0.923077 0.65625 0.8846154 0.65625 0.8846154 0.9375 0.7692308 0.9375 0.7692308 0.9375001 0.7307693 0.125 0.6923077 0.125 0.7307693 0.125 0.7307693 0.65625 0.8846154 0.65625 0.8461539 0.65625 0.8461539 0.9375001 0.6923077 0.9375001 0.7307693 0.9375001 0.7307693 0.125 0.6538462 0.125 0.6923077 0.125 0.6923077 0.375 1 0.375 1 0.375 0.9615385 0.65625 0.8461539 0.65625 0.8461539 0.65625 0.8076924 0.4375 0.5769231 0.4375 0.5769231 0.46875 0.5769231 0.9375001 0.6538462 0.9375001 0.6923077 0.9375001 0.6923077 0.375 0.9615385 0.375 0.9615385 0.375 0.923077 0.71875 0.923077 0.71875 0.923077 0.6875001 0.923077 0.65625 0.8076924 0.65625 0.8076924 0.65625 0.7692308 0.9375001 0.6153846 0.9375001 0.6153846 0.9375001 0.6538462 0.125 0.5769231 0.125 0.5769231 0.125 0.6153846 0.65625 0.7692308 0.65625 0.7692308 0.65625 0.7307693 0.9375 0.5769231 0.9375 0.5769231 0.9375001 0.6153846 0.125 0.5384616 0.125 0.5384616 0.125 0.5769231 0.65625 0.6923077 0.65625 0.7307693 0.65625 0.7307693 0.71875 0.5 0.71875 0.5384616 0.71875 0.5384616 0.09375 1 0.09375 1 0.09375 0.9615385 0.375 0.8461539 0.375 0.8076924 0.375 0.8076924 0.6562501 0.6538462 0.65625 0.6923077 0.65625 0.6923077 0.90625 1 0.90625 1 0.9062501 0.9615385 0.9853885 0.2031783 0.9853885 0.2031783 0.9717311 0.1581559 0.09375 0.9615385 0.09375 0.9615385 0.09375 0.923077 1 0.9230769 1 0.9230769 0.9687501 0.923077 0.375 0.8076924 0.375 0.7692308 0.375 0.7692308 0.6562501 0.6153846 0.6562501 0.6153846 0.6562501 0.6538462 0.9062501 0.9615385 0.9062501 0.9615385 0.9062501 0.923077 0.15625 0.923077 0.1875 0.923077 0.1875 0.923077 0.4853885 0.2031783 0.4717311 0.1581559 0.4717311 0.1581559 0.375 0.7692308 0.375 0.7307693 0.375 0.7307693 0.75 0.6538462 0.75 0.6538462 0.71875 0.6538462 0.65625 0.5769231 0.65625 0.5769231 0.6562501 0.6153846 0.6875 0.5 0.6875 0.5 0.6875 0.5384616 0.375 0.6923077 0.375 0.6923077 0.375 0.7307693 0.09375 0.8461539 0.09375 0.8076924 0.09375 0.8076924 0.375 0.6538462 0.375 0.6538462 0.375 0.6923077 0.625 1 0.625 1 0.625 0.9615385 0.90625 0.8461539 0.90625 0.8076924 0.90625 0.8076924 0.09375 0.8076924 0.09375 0.7692308 0.09375 0.7692308 0.625 0.9615385 0.625 0.9615385 0.625 0.923077 0.4375 0.923077 0.46875 0.923077 0.46875 0.923077 0.90625 0.8076924 0.90625 0.7692308 0.90625 0.7692308 0.09375 0.7692308 0.09375 0.7307693 0.09375 0.7307693 0.90625 0.7692308 0.90625 0.7307693 0.90625 0.7307693 0.1875 0.6538462 0.21875 0.6538462 0.21875 0.6538462 0.09375 0.6923077 0.09375 0.6923077 0.09375 0.7307693 0.375 0.5384616 0.375 0.5769231 0.375 0.5769231 0.75 0.8461539 0.71875 0.8461539 0.71875 0.8461539 0.90625 0.6923077 0.90625 0.6923077 0.90625 0.7307693 0.09375 0.6538462 0.09375 0.6538462 0.09375 0.6923077 0.34375 1 0.34375 0.9615385 0.34375 0.9615385 0.625 0.8461539 0.625 0.8076924 0.625 0.8076924 0.90625 0.6538462 0.90625 0.6538462 0.90625 0.6923077 0.625 0.5 0.625 0.5384616 0.625 0.5384616 0.34375 0.9615385 0.34375 0.923077 0.34375 0.923077 0.625 0.8076924 0.625 0.7692308 0.625 0.7692308 0.9197056 0.08029437 0.9197056 0.08029437 0.8833369 0.05044728 0.34375 0.923077 0.34375 0.923077 0.34375 0.8846154 0.625 0.7692308 0.625 0.7307693 0.625 0.7307693 0.46875 0.6538462 0.5 0.6538462 0.5 0.6538462 0.4197056 0.08029437 0.3833369 0.05044728 0.3833369 0.05044728 0.09375 0.5384616 0.09375 0.5769231 0.09375 0.5769231 0.34375 0.8846154 0.34375 0.8846154 0.34375 0.8461539 0.625 0.6923077 0.625 0.6923077 0.625 0.7307693 0.90625 0.5384616 0.90625 0.5769231 0.90625 0.5769231 0.1875 0.8461539 0.1875 0.8461539 0.21875 0.8461539 0.59375 0.5 0.59375 0.5 0.59375 0.5384616 0.0625 1 0.0625 0.9615385 0.0625 0.9615385 0.78125 0.5769231 0.78125 0.5769231 0.75 0.5769231 0.625 0.6538462 0.625 0.6538462 0.625 0.6923077 0.875 1 0.875 0.9615385 0.875 0.9615385 0.0625 0.9615385 0.0625 0.923077 0.0625 0.923077 0.875 0.9615385 0.8750001 0.923077 0.8750001 0.923077 0.0625 0.923077 0.0625 0.923077 0.0625 0.8846154 0.78125 0.6538462 0.75 0.6538462 0.75 0.6538462 0.8750001 0.923077 0.8750001 0.923077 0.875 0.8846154 0.0625 0.8846154 0.0625 0.8846154 0.0625 0.8461539 0.625 0.5384616 0.625 0.5769231 0.625 0.5769231 0.46875 0.8461539 0.46875 0.8461539 0.5 0.8461539 0.875 0.8846154 0.875 0.8846154 0.875 0.8461539 0.59375 1 0.59375 0.9615385 0.59375 0.9615385 0.21875 0.5769231 0.25 0.5769231 0.25 0.5769231 0.34375 0.6153846 0.34375 0.6538462 0.34375 0.6538462 0.59375 0.9615385 0.5937501 0.923077 0.5937501 0.923077 0.34375 0.5769231 0.34375 0.6153846 0.34375 0.6153846 0.5937501 0.923077 0.5937501 0.923077 0.59375 0.8846154 0.21875 0.6538462 0.21875 0.6538462 0.25 0.6538462 0.34375 0.5384616 0.34375 0.5384616 0.34375 0.5769231 0.7812501 0.8461539 0.7812501 0.8461539 0.75 0.8461539 0.59375 0.8846154 0.59375 0.8846154 0.59375 0.8461539 0.53125 0.5384616 0.53125 0.5384616 0.5 0.5384616</float_array>
          <technique_common>
            <accessor source="#Cylinder_006-mesh-map-0-array" count="4968" stride="2">
              <param name="S" type="float"/>
              <param name="T" type="float"/>
            </accessor>
          </technique_common>
        </source>
        <vertices id="Cylinder_006-mesh-vertices">
          <input semantic="POSITION" source="#Cylinder_006-mesh-positions"/>
        </vertices>
        <triangles material="black_005-material" count="1656">
          <input semantic="VERTEX" source="#Cylinder_006-mesh-vertices" offset="0"/>
          <input semantic="NORMAL" source="#Cylinder_006-mesh-normals" offset="1"/>
          <input semantic="TEXCOORD" source="#Cylinder_006-mesh-map-0" offset="2" set="0"/>
          <p>366 0 0 732 1 1 731 2 2 3 3 3 88 4 4 76 3 5 5 5 6 100 6 7 88 4 8 158 7 9 574 8 10 575 9 11 9 10 12 124 11 13 112 10 14 11 12 15 136 13 16 124 11 17 261 14 18 656 15 19 262 16 20 15 17 21 160 18 22 148 19 23 17 20 24 172 21 25 160 18 26 365 22 27 731 2 28 730 23 29 21 24 30 196 25 31 184 26 32 23 27 33 208 28 34 196 25 35 437 29 36 776 30 37 425 31 38 27 32 39 232 33 40 220 34 41 29 35 42 244 36 43 232 33 44 31 37 45 256 38 46 244 36 47 33 39 48 268 40 49 256 38 50 157 41 51 573 42 52 574 8 53 37 43 54 292 44 55 280 45 56 39 46 57 304 47 58 292 44 59 260 48 60 655 49 61 261 14 62 43 50 63 328 51 64 316 52 65 45 53 66 340 54 67 328 51 68 113 55 69 550 56 70 544 57 71 49 58 72 364 59 73 352 60 74 51 61 75 376 62 76 364 59 77 218 63 78 627 64 79 620 65 80 55 66 81 400 67 82 388 66 83 57 68 84 412 69 85 400 67 86 259 70 87 654 71 88 260 48 89 3 72 90 1 72 91 63 73 92 61 74 93 436 75 94 424 76 95 63 75 96 75 77 97 436 75 98 447 75 99 0 78 100 62 79 101 446 80 102 64 81 103 447 75 104 445 82 105 65 83 106 446 80 107 445 82 108 67 84 109 66 85 110 439 86 111 778 87 112 784 88 113 115 89 114 552 90 115 127 91 116 363 92 117 729 93 118 362 94 119 336 95 120 701 96 121 324 97 122 257 98 123 652 99 124 651 100 125 439 101 126 73 102 127 72 103 128 437 80 129 73 102 130 438 104 131 436 75 132 74 83 133 437 80 134 435 76 135 62 79 136 60 105 137 434 74 138 447 75 139 435 76 140 362 106 141 728 107 142 729 108 143 54 109 144 501 110 145 399 111 146 431 112 147 444 113 148 432 114 149 430 112 150 443 115 151 431 112 152 429 116 153 442 113 154 430 112 155 428 116 156 441 113 157 429 116 158 427 117 159 440 118 160 428 116 161 221 119 162 628 120 163 622 121 164 256 122 165 651 100 166 650 123 167 424 76 168 437 80 169 425 105 170 361 124 171 727 125 172 728 107 173 55 126 174 500 127 175 53 128 176 421 129 177 434 130 178 422 131 179 420 132 180 433 133 181 421 129 182 419 134 183 432 114 184 420 132 185 418 134 186 431 112 187 419 134 188 417 134 189 430 112 190 418 134 191 416 134 192 429 116 193 417 134 194 415 135 195 428 116 196 416 134 197 414 129 198 427 117 199 415 135 200 413 136 201 426 130 202 414 129 203 338 137 204 703 138 205 713 139 206 411 140 207 58 141 208 56 142 209 410 141 210 423 69 211 411 140 212 409 143 213 422 131 214 410 141 215 408 144 216 421 129 217 409 143 218 54 145 219 497 146 220 498 147 221 150 148 222 572 149 223 151 150 224 223 151 225 630 152 226 235 153 227 255 154 228 648 155 229 649 156 230 444 157 231 779 158 232 432 159 233 402 160 234 415 135 235 403 161 236 401 162 237 414 129 238 402 160 239 400 67 240 413 136 241 401 162 242 399 66 243 56 142 244 54 163 245 52 164 246 496 165 247 497 166 248 149 167 249 571 168 250 150 148 251 396 169 252 409 143 253 397 170 254 395 171 255 408 144 256 396 169 257 394 172 258 407 173 259 395 171 260 393 174 261 406 175 262 394 172 263 392 176 264 405 177 265 393 174 266 391 178 267 404 179 268 392 176 269 254 180 270 647 181 271 648 155 272 120 182 273 557 183 274 547 184 275 388 66 276 401 162 277 389 163 278 148 185 279 570 186 280 569 187 281 446 188 282 781 189 283 791 190 284 385 191 285 398 192 286 386 193 287 384 194 288 397 170 289 385 191 290 383 195 291 396 169 292 384 194 293 382 196 294 395 171 295 383 195 296 381 197 297 394 172 298 382 196 299 380 198 300 393 174 301 381 197 302 379 199 303 392 176 304 380 198 305 378 200 306 391 178 307 379 199 308 377 201 309 390 202 310 378 200 311 15 203 312 569 187 313 463 204 314 375 59 315 52 62 316 50 205 317 374 206 318 387 62 319 375 59 320 373 207 321 386 193 322 374 206 323 372 208 324 385 191 325 373 207 326 252 209 327 645 210 328 251 211 329 122 212 330 559 213 331 134 214 332 343 215 333 706 216 334 331 217 335 147 218 336 568 219 337 460 220 338 251 211 339 644 221 340 250 222 341 366 223 342 379 199 343 367 224 344 365 225 345 378 200 346 366 223 347 364 59 348 377 201 349 365 225 350 363 226 351 50 205 352 48 227 353 362 58 354 375 59 355 363 226 356 354 228 357 726 229 358 355 230 359 228 231 360 635 232 361 625 233 362 359 234 363 372 235 364 360 236 365 358 237 366 371 238 367 359 234 368 357 239 369 370 238 370 358 237 371 356 240 372 369 241 373 357 239 374 355 242 375 368 243 376 356 240 377 249 244 378 644 221 379 643 245 380 353 246 381 725 247 382 354 228 383 352 60 384 365 225 385 353 248 386 248 249 387 643 245 388 642 250 389 352 251 390 724 252 391 723 253 392 349 254 393 362 255 394 350 256 395 348 257 396 361 258 397 349 254 398 347 259 399 360 236 400 348 257 401 346 260 402 359 234 403 347 259 404 345 260 405 358 237 406 346 260 407 344 259 408 357 239 409 345 260 410 343 261 411 356 240 412 344 259 413 342 262 414 355 242 415 343 261 416 341 263 417 354 264 418 342 262 419 48 265 420 495 266 421 363 92 422 339 267 423 46 54 424 44 268 425 338 269 426 351 54 427 339 267 428 337 270 429 350 256 430 338 269 431 336 271 432 349 254 433 337 270 434 144 272 435 566 273 436 143 274 437 230 275 438 637 276 439 242 277 440 247 278 441 642 250 442 641 279 443 49 280 444 723 253 445 493 281 446 72 282 447 784 283 448 439 284 449 330 285 450 343 261 451 331 286 452 329 287 453 342 262 454 330 285 455 328 51 456 341 263 457 329 287 458 327 50 459 44 268 460 42 288 461 326 289 462 339 267 463 327 50 464 49 290 465 494 291 466 47 292 467 143 274 468 565 293 469 142 294 470 323 295 471 336 296 472 324 297 473 322 298 474 335 299 475 323 295 476 321 300 477 334 301 478 322 298 479 320 300 480 333 302 481 321 300 482 319 303 483 332 299 484 320 300 485 127 304 486 562 305 487 552 306 488 351 307 489 722 308 490 490 309 491 316 52 492 329 287 493 317 310 494 48 311 495 491 312 496 492 313 497 348 314 498 711 315 499 721 316 500 313 317 501 326 318 502 314 319 503 312 320 504 325 321 505 313 317 506 311 322 507 324 297 508 312 320 509 310 323 510 323 295 511 311 322 512 309 324 513 322 298 514 310 323 515 308 325 516 321 300 517 309 324 518 307 326 519 320 300 520 308 325 521 306 327 522 319 303 523 307 326 524 305 328 525 318 325 526 306 327 527 141 329 528 565 293 529 564 330 530 303 44 531 40 331 532 38 332 533 302 333 534 315 47 535 303 44 536 301 334 537 314 319 538 302 333 539 300 335 540 313 317 541 301 334 542 245 336 543 640 337 544 246 338 545 46 339 546 490 309 547 491 340 548 140 341 549 564 330 550 563 342 551 244 343 552 639 344 553 245 336 554 139 345 555 563 342 556 562 346 557 294 347 558 307 326 559 295 348 560 293 333 561 306 327 562 294 347 563 292 44 564 305 328 565 293 333 566 291 349 567 38 332 568 36 350 569 290 43 570 303 44 571 291 349 572 348 351 573 720 352 574 347 353 575 235 354 576 641 355 577 630 356 578 287 357 579 300 358 580 288 359 581 286 360 582 299 358 583 287 357 584 285 361 585 298 43 586 286 360 587 284 362 588 297 358 589 285 361 590 283 359 591 296 43 592 284 362 593 347 353 594 719 363 595 346 364 596 67 365 597 789 366 598 510 367 599 280 45 600 293 333 601 281 368 602 242 369 603 636 370 604 241 371 605 132 372 606 567 373 607 144 374 608 277 375 609 290 376 610 278 377 611 276 378 612 289 379 613 277 375 614 275 380 615 288 359 616 276 378 617 274 381 618 287 357 619 275 380 620 273 376 621 286 360 622 274 381 623 272 382 624 285 361 625 273 376 626 271 383 627 284 362 628 272 382 629 270 375 630 283 359 631 271 383 632 269 384 633 282 381 634 270 375 635 345 385 636 719 363 637 718 386 638 267 387 639 34 40 640 32 39 641 266 388 642 279 389 643 267 387 644 265 390 645 278 377 646 266 388 647 264 391 648 277 375 649 265 390 650 353 392 651 715 393 652 724 394 653 136 395 654 561 396 655 137 397 656 241 371 657 635 398 658 240 399 659 344 400 660 718 386 661 717 401 662 13 402 663 560 403 664 136 395 665 258 404 666 271 383 667 259 405 668 257 40 669 270 375 670 258 404 671 256 38 672 269 384 673 257 40 674 255 406 675 32 39 676 30 407 677 240 408 678 634 409 679 635 410 680 343 411 681 717 401 682 716 412 683 252 413 684 265 390 685 253 406 686 251 414 687 264 391 688 252 413 689 250 415 690 263 416 691 251 414 692 249 417 693 262 415 694 250 415 695 248 415 696 261 415 697 249 417 698 247 418 699 260 415 700 248 415 701 246 36 702 259 405 703 247 418 704 42 419 705 489 420 706 327 421 707 239 422 708 633 423 709 634 409 710 243 424 711 30 407 712 28 425 713 242 426 714 255 406 715 243 424 716 241 427 717 254 428 718 242 426 719 240 428 720 253 406 721 241 427 722 43 429 723 488 430 724 41 431 725 134 432 726 558 433 727 133 434 728 240 435 729 646 436 730 252 437 731 237 438 732 633 423 733 238 439 734 446 440 735 790 441 736 445 442 737 234 427 738 247 418 739 235 428 740 233 443 741 246 36 742 234 427 743 232 33 744 245 428 745 233 443 746 231 444 747 28 425 748 26 445 749 230 32 750 243 424 751 231 444 752 42 446 753 485 447 754 486 448 755 133 434 756 557 449 757 132 450 758 227 451 759 240 32 760 228 452 761 226 453 762 239 32 763 227 451 764 225 453 765 238 32 766 226 453 767 224 451 768 237 32 769 225 453 770 223 454 771 236 455 772 224 451 773 236 409 774 632 456 775 237 438 776 137 457 777 570 458 778 149 459 779 220 34 780 233 443 781 221 460 782 340 461 783 715 462 784 341 463 785 445 442 786 789 464 787 444 465 788 217 466 789 230 467 790 218 468 791 216 469 792 229 470 793 217 466 794 215 467 795 228 452 796 216 469 797 214 471 798 227 451 799 215 467 800 213 472 801 226 453 802 214 471 803 212 473 804 225 453 805 213 472 806 211 469 807 224 451 808 212 473 809 210 474 810 223 454 811 211 469 812 209 475 813 222 470 814 210 474 815 40 476 816 484 477 817 485 478 818 207 479 819 24 480 820 22 481 821 206 482 822 219 480 823 207 479 824 205 28 825 218 468 826 206 482 827 204 483 828 217 466 829 205 28 830 132 484 831 556 485 832 557 486 833 235 487 834 631 488 835 236 409 836 47 489 837 714 490 838 340 461 839 444 491 840 788 492 841 789 493 842 131 494 843 555 495 844 556 485 845 198 496 846 211 469 847 199 28 848 197 497 849 210 474 850 198 496 851 196 25 852 209 475 853 197 497 854 195 498 855 22 481 856 20 499 857 194 500 858 207 479 859 195 498 860 234 501 861 630 502 862 629 503 863 443 504 864 787 505 865 788 492 866 191 506 867 204 500 868 192 507 869 190 508 870 203 509 871 191 506 872 189 508 873 202 510 874 190 508 875 188 506 876 201 511 877 189 508 878 187 512 879 200 513 880 188 506 881 129 514 882 555 495 883 130 515 884 244 516 885 650 517 886 638 518 887 184 26 888 197 497 889 185 519 890 233 520 891 629 503 892 628 521 893 338 522 894 712 523 895 337 524 896 181 525 897 194 526 898 182 527 899 180 528 900 193 529 901 181 525 902 179 530 903 192 507 904 180 528 905 178 531 906 191 506 907 179 530 908 177 531 909 190 508 910 178 531 911 176 531 912 189 508 913 177 531 914 175 532 915 188 506 916 176 531 917 174 533 918 187 512 919 175 532 920 173 534 921 186 526 922 174 533 923 441 535 924 787 505 925 442 536 926 171 537 927 18 538 928 16 539 929 170 540 930 183 21 931 171 537 932 169 541 933 182 527 934 170 540 935 168 541 936 181 525 937 169 541 938 128 542 939 554 543 940 129 514 941 337 524 942 711 544 943 336 545 944 440 546 945 786 547 946 441 535 947 362 548 948 722 549 949 350 550 950 127 484 951 553 551 952 128 542 953 162 552 954 175 532 955 163 553 956 161 540 957 174 533 958 162 552 959 160 18 960 173 534 961 161 540 962 159 554 963 16 539 964 14 555 965 158 17 966 171 537 967 159 554 968 246 556 969 652 557 970 258 558 971 336 559 972 710 560 973 711 561 974 155 562 975 168 554 976 156 563 977 154 562 978 167 564 979 155 562 980 153 562 981 166 564 982 154 562 983 152 565 984 165 566 985 153 562 986 151 567 987 164 568 988 152 565 989 439 569 990 785 570 991 440 546 992 126 571 993 552 572 994 551 573 995 148 19 996 161 540 997 149 574 998 231 575 999 627 576 1000 230 577 1001 335 578 1002 709 579 1003 710 560 1004 145 580 1005 158 581 1006 146 582 1007 144 583 1008 157 584 1009 145 580 1010 143 585 1011 156 563 1012 144 583 1013 142 586 1014 155 562 1015 143 585 1016 141 586 1017 154 562 1018 142 586 1019 140 586 1020 153 562 1021 141 586 1022 139 587 1023 152 565 1024 140 586 1025 138 588 1026 151 567 1027 139 587 1028 137 589 1029 150 581 1030 138 588 1031 438 590 1032 784 591 1033 783 592 1034 135 593 1035 12 594 1036 10 595 1037 134 596 1038 147 597 1039 135 593 1040 133 598 1041 146 582 1042 134 596 1043 132 599 1044 145 580 1045 133 598 1046 36 600 1047 483 601 1048 291 602 1049 125 603 1050 551 573 1051 550 603 1052 230 604 1053 626 605 1054 627 606 1055 333 607 1056 709 579 1057 334 608 1058 437 609 1059 783 592 1060 782 610 1061 126 611 1062 139 587 1063 127 599 1064 125 612 1065 138 588 1066 126 611 1067 124 11 1068 137 589 1069 125 612 1070 123 613 1071 10 595 1072 8 614 1073 122 615 1074 135 593 1075 123 613 1076 37 616 1077 482 617 1078 35 618 1079 365 619 1080 724 620 1081 353 621 1082 119 622 1083 132 623 1084 120 624 1085 118 625 1086 131 626 1087 119 622 1088 117 627 1089 130 628 1090 118 625 1091 116 629 1092 129 628 1093 117 627 1094 115 630 1095 128 631 1096 116 629 1097 229 632 1098 625 633 1099 626 605 1100 332 634 1101 708 635 1102 333 607 1103 112 10 1104 125 612 1105 113 614 1106 36 636 1107 479 637 1108 480 638 1109 146 639 1110 575 640 1111 568 641 1112 109 642 1113 122 643 1114 110 644 1115 108 645 1116 121 646 1117 109 642 1118 107 647 1119 120 624 1120 108 645 1121 106 647 1122 119 622 1123 107 647 1124 105 648 1125 118 625 1126 106 647 1127 104 649 1128 117 627 1129 105 648 1130 103 650 1131 116 629 1132 104 649 1133 102 651 1134 115 630 1135 103 650 1136 101 652 1137 114 653 1138 102 651 1139 331 654 1140 707 655 1141 332 634 1142 99 656 1143 6 657 1144 4 656 1145 98 658 1146 111 6 1147 99 656 1148 97 659 1149 110 644 1150 98 658 1151 96 657 1152 109 642 1153 97 659 1154 34 660 1155 478 661 1156 479 662 1157 367 663 1158 726 664 1159 732 665 1160 123 666 1161 549 667 1162 122 668 1163 330 669 1164 706 670 1165 705 671 1166 435 672 1167 781 673 1168 434 674 1169 90 659 1170 103 650 1171 91 6 1172 89 675 1173 102 651 1174 90 659 1175 88 4 1176 101 652 1177 89 675 1178 87 3 1179 4 656 1180 2 676 1181 86 3 1182 99 656 1183 87 3 1184 122 677 1185 548 678 1186 549 679 1187 329 680 1188 705 671 1189 704 681 1190 83 682 1191 96 683 1192 84 684 1193 82 682 1194 95 3 1195 83 682 1196 81 685 1197 94 686 1198 82 682 1199 80 685 1200 93 686 1201 81 685 1202 79 687 1203 92 683 1204 80 685 1205 434 688 1206 780 689 1207 781 690 1208 121 691 1209 547 692 1210 548 678 1211 76 3 1212 89 675 1213 77 676 1214 253 693 1215 659 694 1216 647 695 1217 149 696 1218 576 697 1219 570 698 1220 66 85 1221 86 699 1222 65 83 1223 67 84 1224 85 700 1225 66 85 1226 68 701 1227 84 684 1228 67 84 1229 69 702 1230 83 682 1231 68 701 1232 70 701 1233 82 682 1234 69 702 1235 71 703 1236 81 685 1237 70 701 1238 72 103 1239 80 685 1240 71 703 1241 73 102 1242 79 687 1243 72 103 1244 74 83 1245 78 702 1246 73 102 1247 433 704 1248 779 705 1249 780 689 1250 451 706 1251 517 707 1252 452 708 1253 458 709 1254 543 710 1255 534 711 1256 464 712 1257 569 713 1258 560 714 1259 470 715 1260 595 716 1261 586 717 1262 476 718 1263 621 719 1264 612 720 1265 482 379 1266 671 721 1267 662 382 1268 488 722 1269 697 322 1270 688 324 1271 494 723 1272 723 724 1273 714 725 1274 500 726 1275 749 727 1276 740 195 1277 506 728 1278 775 729 1279 766 730 1280 789 731 1281 511 732 1282 510 733 1283 788 734 1284 512 735 1285 511 732 1286 787 736 1287 513 736 1288 512 735 1289 786 734 1290 514 737 1291 513 736 1292 785 735 1293 515 738 1294 514 737 1295 780 739 1296 791 740 1297 781 741 1298 779 742 1299 790 743 1300 780 739 1301 777 740 1302 784 743 1303 778 744 1304 776 745 1305 783 746 1306 777 740 1307 502 730 1308 504 747 1309 503 748 1310 774 749 1311 507 749 1312 502 730 1313 766 730 1314 776 747 1315 767 748 1316 761 750 1317 773 751 1318 762 752 1319 760 753 1320 772 751 1321 761 750 1322 759 751 1323 771 753 1324 760 753 1325 758 754 1326 770 755 1327 759 751 1328 757 751 1329 769 753 1330 758 754 1331 754 756 1332 765 173 1333 501 757 1334 753 758 1335 764 66 1336 754 756 1337 751 163 1338 757 66 1339 752 759 1340 750 760 1341 756 177 1342 751 163 1343 496 761 1344 498 762 1345 497 763 1346 748 764 1347 501 757 1348 496 761 1349 740 195 1350 750 765 1351 741 766 1352 736 767 1353 747 767 1354 737 768 1355 735 769 1356 746 770 1357 736 767 1358 734 769 1359 745 769 1360 735 769 1361 733 771 1362 744 769 1363 734 769 1364 732 771 1365 743 771 1366 733 771 1367 728 772 1368 739 773 1369 729 774 1370 727 58 1371 738 775 1372 728 772 1373 725 776 1374 732 777 1375 726 778 1376 724 776 1377 731 777 1378 725 776 1379 490 725 1380 492 779 1381 491 780 1382 722 781 1383 495 782 1384 490 725 1385 714 725 1386 724 783 1387 715 784 1388 710 785 1389 721 785 1390 711 786 1391 709 787 1392 720 788 1393 710 785 1394 708 785 1395 719 785 1396 709 787 1397 707 789 1398 718 787 1399 708 785 1400 706 787 1401 717 787 1402 707 789 1403 702 790 1404 713 791 1405 703 792 1406 701 793 1407 712 794 1408 702 790 1409 699 289 1410 706 795 1411 700 288 1412 698 299 1413 705 791 1414 699 289 1415 484 796 1416 486 322 1417 485 797 1418 696 798 1419 489 799 1420 484 796 1421 688 324 1422 698 800 1423 689 801 1424 684 802 1425 695 802 1426 685 803 1427 683 804 1428 694 335 1429 684 802 1430 682 335 1431 693 331 1432 683 804 1433 681 335 1434 692 335 1435 682 335 1436 680 335 1437 691 805 1438 681 335 1439 676 806 1440 687 806 1441 677 807 1442 675 806 1443 686 808 1444 676 806 1445 673 45 1446 680 809 1447 674 810 1448 672 43 1449 679 350 1450 673 45 1451 478 811 1452 480 721 1453 479 812 1454 670 811 1455 483 813 1456 478 811 1457 662 382 1458 672 379 1459 663 814 1460 657 815 1461 669 816 1462 658 817 1463 656 815 1464 668 818 1465 657 815 1466 655 819 1467 667 816 1468 656 815 1469 654 816 1470 666 820 1471 655 819 1472 653 819 1473 665 815 1474 654 816 1475 648 821 1476 661 822 1477 649 823 1478 647 824 1479 660 825 1480 648 821 1481 639 821 1482 652 826 1483 640 827 1484 638 828 1485 651 824 1486 639 821 1487 634 829 1488 646 830 1489 635 831 1490 633 829 1491 645 427 1492 634 829 1493 632 428 1494 644 428 1495 633 829 1496 631 427 1497 643 428 1498 632 428 1499 630 830 1500 642 428 1501 631 427 1502 626 832 1503 637 833 1504 627 834 1505 625 444 1506 636 835 1507 626 832 1508 623 445 1509 630 833 1510 624 836 1511 622 833 1512 629 445 1513 623 445 1514 472 837 1515 474 838 1516 473 839 1517 620 719 1518 477 840 1519 472 837 1520 612 720 1521 622 838 1522 613 839 1523 608 841 1524 619 842 1525 609 843 1526 607 844 1527 618 845 1528 608 841 1529 606 28 1530 617 842 1531 607 844 1532 605 846 1533 616 845 1534 606 28 1535 604 28 1536 615 842 1537 605 846 1538 600 847 1539 611 848 1540 601 849 1541 599 509 1542 610 850 1543 600 847 1544 597 851 1545 604 852 1546 598 853 1547 596 509 1548 603 498 1549 597 851 1550 466 854 1551 468 855 1552 467 856 1553 594 857 1554 471 858 1555 466 854 1556 586 717 1557 596 859 1558 587 856 1559 582 860 1560 593 861 1561 583 862 1562 581 863 1563 592 864 1564 582 860 1565 580 865 1566 591 553 1567 581 863 1568 579 866 1569 590 864 1570 580 865 1571 578 867 1572 589 553 1573 579 866 1574 574 868 1575 585 869 1576 575 870 1577 573 871 1578 584 872 1579 574 868 1580 571 873 1581 578 874 1582 572 870 1583 570 875 1584 577 876 1585 571 873 1586 460 585 1587 462 877 1588 461 878 1589 568 585 1590 465 879 1591 460 585 1592 560 714 1593 570 877 1594 561 878 1595 556 880 1596 567 881 1597 557 882 1598 555 880 1599 566 883 1600 556 880 1601 554 884 1602 565 885 1603 555 880 1604 553 880 1605 564 886 1606 554 884 1607 552 887 1608 563 888 1609 553 880 1610 548 623 1611 559 889 1612 549 890 1613 547 891 1614 558 628 1615 548 623 1616 545 892 1617 552 892 1618 546 890 1619 544 623 1620 551 893 1621 545 892 1622 454 711 1623 456 894 1624 455 895 1625 542 710 1626 459 896 1627 454 711 1628 534 711 1629 544 894 1630 535 895 1631 530 897 1632 541 897 1633 531 898 1634 529 899 1635 540 900 1636 530 897 1637 528 897 1638 539 900 1639 529 899 1640 527 899 1641 538 900 1642 528 897 1643 526 899 1644 537 899 1645 527 899 1646 522 901 1647 533 902 1648 523 903 1649 521 904 1650 532 901 1651 522 901 1652 519 905 1653 526 901 1654 520 906 1655 518 903 1656 525 901 1657 519 905 1658 508 708 1659 449 907 1660 448 907 1661 509 908 1662 453 909 1663 508 708 1664 452 708 1665 518 910 1666 516 911 1667 263 912 1668 656 15 1669 657 913 1670 159 914 1671 575 915 1672 158 915 1673 331 916 1674 700 917 1675 706 918 1676 58 919 1677 502 920 1678 503 921 1679 367 922 1680 733 923 1681 368 924 1682 110 925 1683 549 926 1684 542 927 1685 264 928 1686 657 913 1687 658 929 1688 60 930 1689 503 931 1690 504 932 1691 434 933 1692 774 934 1693 422 935 1694 368 924 1695 734 936 1696 369 937 1697 329 938 1698 698 939 1699 317 940 1700 61 941 1701 506 942 1702 59 943 1703 369 937 1704 735 944 1705 370 945 1706 266 946 1707 659 947 1708 265 948 1709 161 949 1710 577 950 1711 576 951 1712 60 952 1713 507 953 1714 435 672 1715 371 954 1716 735 944 1717 736 955 1718 267 956 1719 660 957 1720 266 946 1721 162 958 1722 578 959 1723 577 950 1724 372 960 1725 736 955 1726 737 961 1727 35 962 1728 662 963 1729 268 964 1730 163 965 1731 579 966 1732 164 967 1733 326 968 1734 696 969 1735 314 970 1736 373 971 1737 737 972 1738 372 973 1739 268 964 1740 663 974 1741 269 975 1742 209 976 1743 622 977 1744 221 978 1745 164 967 1746 580 979 1747 165 980 1748 374 981 1749 738 982 1750 373 971 1751 165 980 1752 581 983 1753 166 984 1754 167 985 1755 581 983 1756 582 986 1757 53 987 1758 740 988 1759 376 989 1760 271 990 1761 665 991 1762 664 992 1763 168 993 1764 582 986 1765 583 994 1766 0 995 1767 508 996 1768 448 997 1769 376 989 1770 741 998 1771 377 999 1772 101 1000 1773 544 1001 1774 113 1002 1775 272 1003 1776 666 1004 1777 665 991 1778 169 1005 1779 583 1006 1780 168 1007 1781 64 1008 1782 509 1009 1783 508 996 1784 425 1010 1785 767 1011 1786 776 1012 1787 273 1004 1788 667 1013 1789 666 1004 1790 204 1014 1791 619 1015 1792 216 1016 1793 170 1017 1794 584 1018 1795 169 1005 1796 275 1019 1797 667 1013 1798 274 1020 1799 379 1021 1800 743 1022 1801 742 1023 1802 276 1024 1803 668 1025 1804 275 1019 1805 19 1026 1806 586 1027 1807 172 1028 1808 67 1029 1809 511 1030 1810 68 1031 1811 380 1032 1812 744 1033 1813 743 1022 1814 172 1028 1815 587 1034 1816 173 1035 1817 317 1036 1818 689 1037 1819 698 1038 1820 68 1031 1821 512 1039 1822 69 1040 1823 381 1033 1824 745 1041 1825 744 1033 1826 96 1042 1827 541 1043 1828 108 1044 1829 70 1045 1830 512 1039 1831 513 1046 1832 420 1047 1833 762 1048 1834 773 1049 1835 383 1050 1836 745 1041 1837 382 1051 1838 279 1052 1839 670 1053 1840 478 661 1841 199 1054 1842 614 1055 1843 604 1056 1844 71 1057 1845 513 1046 1846 514 1057 1847 384 1058 1848 746 1059 1849 383 1050 1850 37 1060 1851 671 1061 1852 481 1062 1853 175 1063 1854 589 1064 1855 588 1065 1856 72 1066 1857 514 1057 1858 515 1067 1859 0 1068 1860 449 1069 1861 2 1070 1862 280 1071 1863 672 1072 1864 671 1061 1865 176 1073 1866 590 1074 1867 589 1064 1868 1 1075 1869 450 1076 1870 451 1077 1871 281 1078 1872 673 1079 1873 282 1080 1874 177 1081 1875 591 1082 1876 590 1074 1877 312 1083 1878 685 1084 1879 695 1085 1880 1 1086 1881 452 1087 1882 75 1088 1883 387 1089 1884 748 1090 1885 496 165 1886 91 1091 1887 536 1092 1888 526 1093 1889 282 1080 1890 674 1094 1891 283 1095 1892 179 1096 1893 591 1082 1894 178 1097 1895 75 1088 1896 516 1098 1897 74 1099 1898 415 1100 1899 757 1101 1900 403 1102 1901 2 1103 1902 453 1104 1903 87 1105 1904 55 1106 1905 749 1107 1906 499 1108 1907 194 1109 1908 611 1110 1909 206 1111 1910 180 1112 1911 592 1113 1912 179 1096 1913 3 1114 1914 517 1115 1915 450 1116 1916 388 1117 1917 750 1118 1918 749 1107 1919 76 1119 1920 518 1120 1921 517 1115 1922 389 1121 1923 751 1122 1924 390 1123 1925 192 1124 1926 609 1125 1927 599 1126 1928 77 1127 1929 519 1128 1930 78 1129 1931 390 1123 1932 752 1130 1933 391 1123 1934 183 1131 1935 594 1132 1936 466 1133 1937 307 1134 1938 680 1135 1939 295 1136 1940 78 1129 1941 520 1137 1942 79 1138 1943 411 1139 1944 501 1140 1945 765 1141 1946 86 1142 1947 533 1143 1948 98 1144 1949 21 1145 1950 595 1146 1951 469 1147 1952 289 1148 1953 675 1149 1954 676 1150 1955 184 1151 1956 596 1152 1957 595 1146 1958 409 1153 1959 753 1154 1960 397 1154 1961 6 1155 1962 454 1156 1963 455 1157 1964 84 1158 1965 531 1159 1966 521 1160 1967 290 1161 1968 676 1150 1969 677 1162 1970 185 1163 1971 597 1164 1972 186 1165 1973 6 1166 1974 456 1167 1975 8 1168 1976 291 602 1977 677 1169 1978 290 1170 1979 187 1171 1980 604 1172 1981 199 1173 1982 186 1165 1983 598 1174 1984 187 1175 1985 7 1176 1986 457 1177 1987 458 1178 1988 302 1179 1989 677 1180 1990 687 1181 1991 8 1182 1992 459 1183 1993 123 666 1994 185 1184 1995 602 1185 1996 596 1186 1997 85 1187 1998 521 1188 1999 522 1189 2000 398 1190 2001 753 1191 2002 754 1192 2003 293 1193 2004 679 1194 2005 678 1195 2006 300 1196 2007 675 1197 2008 288 1198 2009 86 1199 2010 522 1189 2011 523 1200 2012 79 1201 2013 526 1202 2014 91 1203 2015 294 1204 2016 680 1205 2017 679 1194 2018 87 1105 2019 523 1206 2020 86 1207 2021 403 1208 2022 752 1209 2023 757 1210 2024 295 1211 2025 681 1212 2026 296 1213 2027 182 1214 2028 601 1215 2029 594 1216 2030 77 1217 2031 524 1218 2032 518 1219 2033 296 1213 2034 682 1220 2035 297 1221 2036 193 1222 2037 599 1223 2038 600 1224 2039 401 1225 2040 750 1226 2041 389 1227 2042 401 1228 2043 756 1229 2044 755 1230 2045 297 1221 2046 683 1231 2047 298 1232 2048 194 1233 2049 600 1224 2050 601 1234 2051 89 1235 2052 525 1236 2053 524 1237 2054 12 1238 2055 460 220 2056 461 1239 2057 402 1240 2058 757 1241 2059 756 1229 2060 299 1242 2061 683 1231 2062 684 1243 2063 195 1244 2064 601 1245 2065 194 1246 2066 295 1247 2067 674 1248 2068 680 1249 2069 90 1250 2070 526 1251 2071 525 1236 2072 12 1252 2073 462 1253 2074 14 1254 2075 403 1255 2076 758 1256 2077 404 1256 2078 65 1257 2079 523 1258 2080 509 1259 2081 300 1260 2082 684 1243 2083 685 1261 2084 91 1262 2085 527 1263 2086 92 1264 2087 398 1265 2088 748 1266 2089 386 1267 2090 13 1268 2091 463 1269 2092 464 1270 2093 404 1256 2094 759 1271 2095 405 1272 2096 301 1273 2097 685 1274 2098 300 1275 2099 293 1276 2100 672 1277 2101 281 1278 2102 92 1264 2103 528 1279 2104 93 1280 2105 14 1281 2106 465 1282 2107 159 914 2108 405 1272 2109 760 1283 2110 406 1284 2111 302 1285 2112 686 1286 2113 301 1273 2114 197 1287 2115 603 1288 2116 602 1287 2117 93 1280 2118 529 1289 2119 94 1290 2120 407 1291 2121 760 1283 2122 761 1292 2123 198 1293 2124 604 1294 2125 603 1288 2126 95 1295 2127 529 1289 2128 530 1296 2129 408 1297 2130 761 1292 2131 762 1298 2132 41 1299 2133 688 1300 2134 304 1301 2135 199 1302 2136 605 1303 2137 200 1304 2138 290 1305 2139 670 1306 2140 278 1307 2141 96 1308 2142 530 1296 2143 531 1309 2144 304 1301 2145 689 1310 2146 305 1311 2147 173 1312 2148 596 1313 2149 185 1314 2150 200 1304 2151 606 1315 2152 201 1316 2153 97 1317 2154 531 1318 2155 96 1319 2156 410 1320 2157 763 1321 2158 409 1322 2159 201 1316 2160 607 1323 2161 202 1324 2162 98 1325 2163 532 1326 2164 97 1317 2165 411 1327 2166 764 1328 2167 410 1320 2168 203 1329 2169 607 1323 2170 608 1330 2171 18 1331 2172 466 1133 2173 467 1332 2174 59 1333 2175 766 1334 2176 412 1335 2177 307 1336 2178 691 1337 2179 690 1338 2180 204 1339 2181 608 1330 2182 609 1340 2183 7 1341 2184 534 1342 2185 100 1343 2186 18 1344 2187 468 1345 2188 20 1346 2189 412 1335 2190 767 1347 2191 413 1348 2192 74 1349 2193 518 1350 2194 77 1351 2195 308 1352 2196 692 1353 2197 691 1337 2198 205 1354 2199 609 1355 2200 204 1356 2201 100 1343 2202 535 1357 2203 101 1358 2204 389 1359 2205 741 1360 2206 750 1361 2207 19 1362 2208 469 1363 2209 470 1364 2210 309 1365 2211 693 1366 2212 692 1353 2213 168 1367 2214 593 1368 2215 180 1369 2216 206 1370 2217 610 1371 2218 205 1354 2219 20 1372 2220 471 1373 2221 195 1244 2222 311 1374 2223 693 1366 2224 310 1375 2225 415 1376 2226 769 1377 2227 768 1378 2228 312 1379 2229 694 1380 2230 311 1374 2231 25 1381 2232 612 1382 2233 208 1383 2234 103 1384 2235 537 1385 2236 536 1386 2237 416 1387 2238 770 1388 2239 769 1377 2240 208 1383 2241 613 1389 2242 209 1390 2243 281 1391 2244 663 1392 2245 672 1393 2246 104 1394 2247 538 1395 2248 537 1385 2249 417 1396 2250 771 1397 2251 770 1388 2252 105 1398 2253 539 1399 2254 538 1395 2255 384 1400 2256 737 1401 2257 747 1402 2258 419 1403 2259 771 1397 2260 418 1404 2261 315 1405 2262 696 1406 2263 484 477 2264 163 1407 2265 588 1408 2266 578 1409 2267 107 1410 2268 539 1399 2269 106 1411 2270 420 1412 2271 772 1413 2272 419 1403 2273 43 1414 2274 697 1415 2275 487 1416 2276 211 1417 2277 615 1418 2278 614 1419 2279 108 1398 2280 540 1420 2281 107 1410 2282 24 1421 2283 472 1422 2284 473 1423 2285 316 1424 2286 698 1425 2287 697 1415 2288 212 1426 2289 616 1427 2290 615 1418 2291 24 1428 2292 474 1429 2293 26 1430 2294 317 1431 2295 699 1432 2296 318 1433 2297 213 1434 2298 617 1435 2299 616 1427 2300 276 1436 2301 658 1437 2302 669 1438 2303 25 1439 2304 475 1440 2305 476 1441 2306 423 1442 2307 774 1443 2308 502 920 2309 318 1433 2310 700 1444 2311 319 1445 2312 215 1446 2313 617 1435 2314 214 1447 2315 111 1448 2316 542 1449 2317 454 1156 2318 379 1450 2319 732 1451 2320 367 1452 2321 26 1453 2322 477 1454 2323 231 575 2324 61 1455 2325 775 1456 2326 505 1457 2327 158 1458 2328 585 1459 2329 170 1460 2330 216 1461 2331 618 1461 2332 215 1446 2333 9 1462 2334 543 1463 2335 457 1464 2336 424 1465 2337 776 1466 2338 775 1456 2339 112 1467 2340 544 1468 2341 543 1463 2342 425 1469 2343 777 1470 2344 426 1471 2345 156 1472 2346 583 1473 2347 573 1474 2348 113 1475 2349 545 1476 2350 114 1477 2351 426 1471 2352 778 1478 2353 427 1479 2354 219 1480 2355 620 1481 2356 472 1422 2357 271 1482 2358 653 1483 2359 259 1484 2360 114 1477 2361 546 1485 2362 115 1486 2363 27 1487 2364 621 1488 2365 475 1489 2366 374 1490 2367 729 1491 2368 739 1492 2369 325 1445 2370 701 1493 2371 702 1494 2372 220 1495 2373 622 1496 2374 621 1488 2375 326 1497 2376 702 1494 2377 703 1498 2378 221 1499 2379 623 1500 2380 222 1501 2381 372 1502 2382 727 1503 2383 360 1504 2384 327 421 2385 703 1505 2386 326 1506 2387 151 1507 2388 578 1508 2389 163 1509 2390 222 1501 2391 624 1499 2392 223 1499 2393 255 1510 2394 661 1511 2395 267 1512 2396 5 1513 2397 3 72 2398 63 73 2399 25 1514 2400 39 1515 2401 29 1516 2402 63 73 2403 61 1517 2404 59 1518 2405 7 1519 2406 63 73 2407 59 1518 2408 9 1520 2409 7 1519 2410 59 1518 2411 7 1519 2412 5 1513 2413 63 73 2414 59 1518 2415 57 1521 2416 55 1522 2417 11 1523 2418 59 1518 2419 55 1522 2420 13 72 2421 11 1523 2422 55 1522 2423 13 72 2424 55 1522 2425 53 72 2426 15 72 2427 13 72 2428 53 72 2429 15 72 2430 53 72 2431 51 72 2432 17 72 2433 15 72 2434 51 72 2435 17 72 2436 51 72 2437 49 72 2438 19 72 2439 17 72 2440 49 72 2441 19 72 2442 49 72 2443 47 72 2444 21 72 2445 19 72 2446 47 72 2447 21 72 2448 47 72 2449 45 72 2450 23 72 2451 21 72 2452 45 72 2453 23 72 2454 45 72 2455 43 1524 2456 25 1514 2457 23 72 2458 43 1524 2459 41 1525 2460 39 1515 2461 43 1524 2462 11 1523 2463 9 1520 2464 59 1518 2465 39 1515 2466 25 1514 2467 43 1524 2468 27 72 2469 25 1514 2470 29 1516 2471 29 1516 2472 39 1515 2473 37 72 2474 31 72 2475 29 1516 2476 37 72 2477 31 72 2478 37 72 2479 35 72 2480 33 72 2481 31 72 2482 35 72 2483 62 1526 2484 0 1526 2485 2 1527 2486 60 1528 2487 62 1526 2488 2 1527 2489 40 1529 2490 26 1530 2491 36 1531 2492 2 1527 2493 4 1532 2494 6 1533 2495 58 1534 2496 2 1527 2497 6 1533 2498 56 1535 2499 58 1534 2500 6 1533 2501 58 1534 2502 60 1528 2503 2 1527 2504 6 1533 2505 8 1536 2506 10 1537 2507 54 1538 2508 6 1533 2509 10 1537 2510 52 1526 2511 54 1538 2512 10 1537 2513 52 1526 2514 10 1537 2515 12 1526 2516 50 1526 2517 52 1526 2518 12 1526 2519 50 1526 2520 12 1526 2521 14 1526 2522 48 1526 2523 50 1526 2524 14 1526 2525 48 1526 2526 14 1526 2527 16 1526 2528 46 1526 2529 48 1526 2530 16 1526 2531 46 1526 2532 16 1526 2533 18 1526 2534 44 1526 2535 46 1526 2536 18 1526 2537 44 1526 2538 18 1526 2539 20 1526 2540 42 1526 2541 44 1526 2542 20 1526 2543 42 1526 2544 20 1526 2545 22 1539 2546 40 1529 2547 42 1526 2548 22 1539 2549 24 1540 2550 26 1530 2551 22 1539 2552 54 1538 2553 56 1535 2554 6 1533 2555 26 1530 2556 40 1529 2557 22 1539 2558 38 1526 2559 40 1529 2560 36 1531 2561 36 1531 2562 26 1530 2563 28 1526 2564 34 1526 2565 36 1531 2566 28 1526 2567 34 1526 2568 28 1526 2569 30 1526 2570 32 1526 2571 34 1526 2572 30 1526 2573 366 0 2574 367 1541 2575 732 1 2576 3 3 2577 5 5 2578 88 4 2579 5 5 2580 7 1542 2581 100 6 2582 158 7 2583 157 41 2584 574 8 2585 9 10 2586 11 12 2587 124 11 2588 11 12 2589 13 1543 2590 136 13 2591 261 14 2592 655 49 2593 656 15 2594 15 17 2595 17 20 2596 160 18 2597 17 20 2598 19 1544 2599 172 21 2600 365 22 2601 366 0 2602 731 2 2603 21 24 2604 23 27 2605 196 25 2606 23 27 2607 25 1545 2608 208 28 2609 437 29 2610 782 1546 2611 776 30 2612 27 32 2613 29 35 2614 232 33 2615 29 35 2616 31 37 2617 244 36 2618 31 37 2619 33 39 2620 256 38 2621 33 39 2622 35 1547 2623 268 40 2624 157 41 2625 156 1548 2626 573 42 2627 37 43 2628 39 46 2629 292 44 2630 39 46 2631 41 1549 2632 304 47 2633 260 48 2634 654 71 2635 655 49 2636 43 50 2637 45 53 2638 328 51 2639 45 53 2640 47 1550 2641 340 54 2642 113 55 2643 125 1551 2644 550 56 2645 49 58 2646 51 61 2647 364 59 2648 51 61 2649 53 1552 2650 376 62 2651 218 63 2652 230 1553 2653 627 64 2654 55 66 2655 57 68 2656 400 67 2657 57 68 2658 59 1554 2659 412 69 2660 259 70 2661 653 1555 2662 654 71 2663 61 74 2664 63 75 2665 436 75 2666 63 75 2667 1 1556 2668 75 77 2669 447 75 2670 64 81 2671 0 78 2672 446 80 2673 65 83 2674 64 81 2675 445 82 2676 66 85 2677 65 83 2678 445 82 2679 444 78 2680 67 84 2681 439 86 2682 427 1557 2683 778 87 2684 115 89 2685 546 1558 2686 552 90 2687 363 92 2688 495 266 2689 729 93 2690 336 95 2691 711 1559 2692 701 96 2693 257 98 2694 258 1560 2695 652 99 2696 439 101 2697 438 104 2698 73 102 2699 437 80 2700 74 83 2701 73 102 2702 436 75 2703 75 77 2704 74 83 2705 435 76 2706 447 75 2707 62 79 2708 434 74 2709 446 80 2710 447 75 2711 362 106 2712 361 124 2713 728 107 2714 54 109 2715 498 1561 2716 501 110 2717 431 112 2718 443 115 2719 444 113 2720 430 112 2721 442 113 2722 443 115 2723 429 116 2724 441 113 2725 442 113 2726 428 116 2727 440 118 2728 441 113 2729 427 117 2730 439 1562 2731 440 118 2732 221 119 2733 233 1563 2734 628 120 2735 256 122 2736 257 98 2737 651 100 2738 424 76 2739 436 75 2740 437 80 2741 361 124 2742 360 1564 2743 727 125 2744 55 126 2745 499 1565 2746 500 127 2747 421 129 2748 433 133 2749 434 130 2750 420 132 2751 432 114 2752 433 133 2753 419 134 2754 431 112 2755 432 114 2756 418 134 2757 430 112 2758 431 112 2759 417 134 2760 429 116 2761 430 112 2762 416 134 2763 428 116 2764 429 116 2765 415 135 2766 427 117 2767 428 116 2768 414 129 2769 426 130 2770 427 117 2771 413 136 2772 425 1566 2773 426 130 2774 338 137 2775 326 1567 2776 703 138 2777 411 140 2778 423 69 2779 58 141 2780 410 141 2781 422 131 2782 423 69 2783 409 143 2784 421 129 2785 422 131 2786 408 144 2787 420 132 2788 421 129 2789 54 145 2790 52 1568 2791 497 146 2792 150 148 2793 571 168 2794 572 149 2795 223 151 2796 624 1569 2797 630 152 2798 255 154 2799 254 180 2800 648 155 2801 444 157 2802 789 1570 2803 779 158 2804 402 160 2805 414 129 2806 415 135 2807 401 162 2808 413 136 2809 414 129 2810 400 67 2811 412 69 2812 413 136 2813 399 66 2814 411 140 2815 56 142 2816 52 164 2817 387 1089 2818 496 165 2819 149 167 2820 570 1571 2821 571 168 2822 396 169 2823 408 144 2824 409 143 2825 395 171 2826 407 173 2827 408 144 2828 394 172 2829 406 175 2830 407 173 2831 393 174 2832 405 177 2833 406 175 2834 392 176 2835 404 179 2836 405 177 2837 391 178 2838 403 1572 2839 404 179 2840 254 180 2841 253 1573 2842 647 181 2843 120 182 2844 132 1574 2845 557 183 2846 388 66 2847 400 67 2848 401 162 2849 148 185 2850 149 203 2851 570 186 2852 446 188 2853 434 1575 2854 781 189 2855 385 191 2856 397 170 2857 398 192 2858 384 194 2859 396 169 2860 397 170 2861 383 195 2862 395 171 2863 396 169 2864 382 196 2865 394 172 2866 395 171 2867 381 197 2868 393 174 2869 394 172 2870 380 198 2871 392 176 2872 393 174 2873 379 199 2874 391 178 2875 392 176 2876 378 200 2877 390 202 2878 391 178 2879 377 201 2880 389 1576 2881 390 202 2882 15 203 2883 148 185 2884 569 187 2885 375 59 2886 387 62 2887 52 62 2888 374 206 2889 386 193 2890 387 62 2891 373 207 2892 385 191 2893 386 193 2894 372 208 2895 384 194 2896 385 191 2897 252 209 2898 646 1577 2899 645 210 2900 122 212 2901 549 1578 2902 559 213 2903 343 215 2904 716 1579 2905 706 216 2906 147 218 2907 146 1580 2908 568 219 2909 251 211 2910 645 210 2911 644 221 2912 366 223 2913 378 200 2914 379 199 2915 365 225 2916 377 201 2917 378 200 2918 364 59 2919 376 62 2920 377 201 2921 363 226 2922 375 59 2923 50 205 2924 362 58 2925 374 206 2926 375 59 2927 354 228 2928 725 247 2929 726 229 2930 228 231 2931 240 1581 2932 635 232 2933 359 234 2934 371 238 2935 372 235 2936 358 237 2937 370 238 2938 371 238 2939 357 239 2940 369 241 2941 370 238 2942 356 240 2943 368 243 2944 369 241 2945 355 242 2946 367 1582 2947 368 243 2948 249 244 2949 250 222 2950 644 221 2951 353 246 2952 724 1583 2953 725 247 2954 352 60 2955 364 59 2956 365 225 2957 248 249 2958 249 244 2959 643 245 2960 352 251 2961 353 1584 2962 724 252 2963 349 254 2964 361 258 2965 362 255 2966 348 257 2967 360 236 2968 361 258 2969 347 259 2970 359 234 2971 360 236 2972 346 260 2973 358 237 2974 359 234 2975 345 260 2976 357 239 2977 358 237 2978 344 259 2979 356 240 2980 357 239 2981 343 261 2982 355 242 2983 356 240 2984 342 262 2985 354 264 2986 355 242 2987 341 263 2988 353 1585 2989 354 264 2990 48 265 2991 492 1586 2992 495 266 2993 339 267 2994 351 54 2995 46 54 2996 338 269 2997 350 256 2998 351 54 2999 337 270 3000 349 254 3001 350 256 3002 336 271 3003 348 257 3004 349 254 3005 144 272 3006 567 1587 3007 566 273 3008 230 275 3009 627 1588 3010 637 276 3011 247 278 3012 248 249 3013 642 250 3014 49 280 3015 352 251 3016 723 253 3017 72 282 3018 515 1589 3019 784 283 3020 330 285 3021 342 262 3022 343 261 3023 329 287 3024 341 263 3025 342 262 3026 328 51 3027 340 54 3028 341 263 3029 327 50 3030 339 267 3031 44 268 3032 326 289 3033 338 269 3034 339 267 3035 49 290 3036 493 1590 3037 494 291 3038 143 274 3039 566 273 3040 565 293 3041 323 295 3042 335 299 3043 336 296 3044 322 298 3045 334 301 3046 335 299 3047 321 300 3048 333 302 3049 334 301 3050 320 300 3051 332 299 3052 333 302 3053 319 303 3054 331 1591 3055 332 299 3056 127 304 3057 139 1592 3058 562 305 3059 351 307 3060 350 1593 3061 722 308 3062 316 52 3063 328 51 3064 329 287 3065 48 311 3066 46 1594 3067 491 312 3068 348 314 3069 336 1595 3070 711 315 3071 313 317 3072 325 321 3073 326 318 3074 312 320 3075 324 297 3076 325 321 3077 311 322 3078 323 295 3079 324 297 3080 310 323 3081 322 298 3082 323 295 3083 309 324 3084 321 300 3085 322 298 3086 308 325 3087 320 300 3088 321 300 3089 307 326 3090 319 303 3091 320 300 3092 306 327 3093 318 325 3094 319 303 3095 305 328 3096 317 800 3097 318 325 3098 141 329 3099 142 294 3100 565 293 3101 303 44 3102 315 47 3103 40 331 3104 302 333 3105 314 319 3106 315 47 3107 301 334 3108 313 317 3109 314 319 3110 300 335 3111 312 320 3112 313 317 3113 245 336 3114 639 344 3115 640 337 3116 46 339 3117 351 307 3118 490 309 3119 140 341 3120 141 329 3121 564 330 3122 244 343 3123 638 1596 3124 639 344 3125 139 345 3126 140 341 3127 563 342 3128 294 347 3129 306 327 3130 307 326 3131 293 333 3132 305 328 3133 306 327 3134 292 44 3135 304 47 3136 305 328 3137 291 349 3138 303 44 3139 38 332 3140 290 43 3141 302 333 3142 303 44 3143 348 351 3144 721 412 3145 720 352 3146 235 354 3147 247 1597 3148 641 355 3149 287 357 3150 299 358 3151 300 358 3152 286 360 3153 298 43 3154 299 358 3155 285 361 3156 297 358 3157 298 43 3158 284 362 3159 296 43 3160 297 358 3161 283 359 3162 295 350 3163 296 43 3164 347 353 3165 720 352 3166 719 363 3167 67 365 3168 444 1598 3169 789 366 3170 280 45 3171 292 44 3172 293 333 3173 242 369 3174 637 1599 3175 636 370 3176 132 372 3177 557 1600 3178 567 373 3179 277 375 3180 289 379 3181 290 376 3182 276 378 3183 288 359 3184 289 379 3185 275 380 3186 287 357 3187 288 359 3188 274 381 3189 286 360 3190 287 357 3191 273 376 3192 285 361 3193 286 360 3194 272 382 3195 284 362 3196 285 361 3197 271 383 3198 283 359 3199 284 362 3200 270 375 3201 282 381 3202 283 359 3203 269 384 3204 281 811 3205 282 381 3206 345 385 3207 346 364 3208 719 363 3209 267 387 3210 279 389 3211 34 40 3212 266 388 3213 278 377 3214 279 389 3215 265 390 3216 277 375 3217 278 377 3218 264 391 3219 276 378 3220 277 375 3221 353 392 3222 341 1601 3223 715 393 3224 136 395 3225 560 403 3226 561 396 3227 241 371 3228 636 370 3229 635 398 3230 344 400 3231 345 385 3232 718 386 3233 13 402 3234 464 1602 3235 560 403 3236 258 404 3237 270 375 3238 271 383 3239 257 40 3240 269 384 3241 270 375 3242 256 38 3243 268 40 3244 269 384 3245 255 406 3246 267 387 3247 32 39 3248 240 408 3249 239 422 3250 634 409 3251 343 411 3252 344 400 3253 717 401 3254 252 413 3255 264 391 3256 265 390 3257 251 414 3258 263 416 3259 264 391 3260 250 415 3261 262 415 3262 263 416 3263 249 417 3264 261 415 3265 262 415 3266 248 415 3267 260 415 3268 261 415 3269 247 418 3270 259 405 3271 260 415 3272 246 36 3273 258 404 3274 259 405 3275 42 419 3276 486 1603 3277 489 420 3278 239 422 3279 238 439 3280 633 423 3281 243 424 3282 255 406 3283 30 407 3284 242 426 3285 254 428 3286 255 406 3287 241 427 3288 253 406 3289 254 428 3290 240 428 3291 252 413 3292 253 406 3293 43 429 3294 487 1604 3295 488 430 3296 134 432 3297 559 1605 3298 558 433 3299 240 435 3300 635 1606 3301 646 436 3302 237 438 3303 632 456 3304 633 423 3305 446 440 3306 791 1607 3307 790 441 3308 234 427 3309 246 36 3310 247 418 3311 233 443 3312 245 428 3313 246 36 3314 232 33 3315 244 36 3316 245 428 3317 231 444 3318 243 424 3319 28 425 3320 230 32 3321 242 426 3322 243 424 3323 42 446 3324 40 1608 3325 485 447 3326 133 434 3327 558 433 3328 557 449 3329 227 451 3330 239 32 3331 240 32 3332 226 453 3333 238 32 3334 239 32 3335 225 453 3336 237 32 3337 238 32 3338 224 451 3339 236 455 3340 237 32 3341 223 454 3342 235 445 3343 236 455 3344 236 409 3345 631 488 3346 632 456 3347 137 457 3348 561 1609 3349 570 458 3350 220 34 3351 232 33 3352 233 443 3353 340 461 3354 714 490 3355 715 462 3356 445 442 3357 790 441 3358 789 464 3359 217 466 3360 229 470 3361 230 467 3362 216 469 3363 228 452 3364 229 470 3365 215 467 3366 227 451 3367 228 452 3368 214 471 3369 226 453 3370 227 451 3371 213 472 3372 225 453 3373 226 453 3374 212 473 3375 224 451 3376 225 453 3377 211 469 3378 223 454 3379 224 451 3380 210 474 3381 222 470 3382 223 454 3383 209 475 3384 221 1610 3385 222 470 3386 40 476 3387 315 1405 3388 484 477 3389 207 479 3390 219 480 3391 24 480 3392 206 482 3393 218 468 3394 219 480 3395 205 28 3396 217 466 3397 218 468 3398 204 483 3399 216 469 3400 217 466 3401 132 484 3402 131 494 3403 556 485 3404 235 487 3405 630 1611 3406 631 488 3407 47 489 3408 494 1612 3409 714 490 3410 444 491 3411 443 504 3412 788 492 3413 131 494 3414 130 515 3415 555 495 3416 198 496 3417 210 474 3418 211 469 3419 197 497 3420 209 475 3421 210 474 3422 196 25 3423 208 28 3424 209 475 3425 195 498 3426 207 479 3427 22 481 3428 194 500 3429 206 482 3430 207 479 3431 234 501 3432 235 1613 3433 630 502 3434 443 504 3435 442 536 3436 787 505 3437 191 506 3438 203 509 3439 204 500 3440 190 508 3441 202 510 3442 203 509 3443 189 508 3444 201 511 3445 202 510 3446 188 506 3447 200 513 3448 201 511 3449 187 512 3450 199 519 3451 200 513 3452 129 514 3453 554 543 3454 555 495 3455 244 516 3456 256 1614 3457 650 517 3458 184 26 3459 196 25 3460 197 497 3461 233 520 3462 234 501 3463 629 503 3464 338 522 3465 713 681 3466 712 523 3467 181 525 3468 193 529 3469 194 526 3470 180 528 3471 192 507 3472 193 529 3473 179 530 3474 191 506 3475 192 507 3476 178 531 3477 190 508 3478 191 506 3479 177 531 3480 189 508 3481 190 508 3482 176 531 3483 188 506 3484 189 508 3485 175 532 3486 187 512 3487 188 506 3488 174 533 3489 186 526 3490 187 512 3491 173 534 3492 185 1615 3493 186 526 3494 441 535 3495 786 547 3496 787 505 3497 171 537 3498 183 21 3499 18 538 3500 170 540 3501 182 527 3502 183 21 3503 169 541 3504 181 525 3505 182 527 3506 168 541 3507 180 528 3508 181 525 3509 128 542 3510 553 551 3511 554 543 3512 337 524 3513 712 523 3514 711 544 3515 440 546 3516 785 570 3517 786 547 3518 362 548 3519 729 1616 3520 722 549 3521 127 484 3522 552 486 3523 553 551 3524 162 552 3525 174 533 3526 175 532 3527 161 540 3528 173 534 3529 174 533 3530 160 18 3531 172 21 3532 173 534 3533 159 554 3534 171 537 3535 16 539 3536 158 17 3537 170 540 3538 171 537 3539 246 556 3540 640 1617 3541 652 557 3542 336 559 3543 335 578 3544 710 560 3545 155 562 3546 167 564 3547 168 554 3548 154 562 3549 166 564 3550 167 564 3551 153 562 3552 165 566 3553 166 564 3554 152 565 3555 164 568 3556 165 566 3557 151 567 3558 163 574 3559 164 568 3560 439 569 3561 784 1618 3562 785 570 3563 126 571 3564 127 1619 3565 552 572 3566 148 19 3567 160 18 3568 161 540 3569 231 575 3570 477 1454 3571 627 576 3572 335 578 3573 334 608 3574 709 579 3575 145 580 3576 157 584 3577 158 581 3578 144 583 3579 156 563 3580 157 584 3581 143 585 3582 155 562 3583 156 563 3584 142 586 3585 154 562 3586 155 562 3587 141 586 3588 153 562 3589 154 562 3590 140 586 3591 152 565 3592 153 562 3593 139 587 3594 151 567 3595 152 565 3596 138 588 3597 150 581 3598 151 567 3599 137 589 3600 149 1620 3601 150 581 3602 438 590 3603 439 1621 3604 784 591 3605 135 593 3606 147 597 3607 12 594 3608 134 596 3609 146 582 3610 147 597 3611 133 598 3612 145 580 3613 146 582 3614 132 599 3615 144 583 3616 145 580 3617 36 600 3618 480 1622 3619 483 601 3620 125 603 3621 126 571 3622 551 573 3623 230 604 3624 229 632 3625 626 605 3626 333 607 3627 708 635 3628 709 579 3629 437 609 3630 438 590 3631 783 592 3632 126 611 3633 138 588 3634 139 587 3635 125 612 3636 137 589 3637 138 588 3638 124 11 3639 136 13 3640 137 589 3641 123 613 3642 135 593 3643 10 595 3644 122 615 3645 134 596 3646 135 593 3647 37 616 3648 481 1623 3649 482 617 3650 365 619 3651 730 1624 3652 724 620 3653 119 622 3654 131 626 3655 132 623 3656 118 625 3657 130 628 3658 131 626 3659 117 627 3660 129 628 3661 130 628 3662 116 629 3663 128 631 3664 129 628 3665 115 630 3666 127 631 3667 128 631 3668 229 632 3669 228 1625 3670 625 633 3671 332 634 3672 707 655 3673 708 635 3674 112 10 3675 124 11 3676 125 612 3677 36 636 3678 34 1626 3679 479 637 3680 146 639 3681 158 1627 3682 575 640 3683 109 642 3684 121 646 3685 122 643 3686 108 645 3687 120 624 3688 121 646 3689 107 647 3690 119 622 3691 120 624 3692 106 647 3693 118 625 3694 119 622 3695 105 648 3696 117 627 3697 118 625 3698 104 649 3699 116 629 3700 117 627 3701 103 650 3702 115 630 3703 116 629 3704 102 651 3705 114 653 3706 115 630 3707 101 652 3708 113 1628 3709 114 653 3710 331 654 3711 706 561 3712 707 655 3713 99 656 3714 111 6 3715 6 657 3716 98 658 3717 110 644 3718 111 6 3719 97 659 3720 109 642 3721 110 644 3722 96 657 3723 108 645 3724 109 642 3725 34 660 3726 279 1052 3727 478 661 3728 367 663 3729 355 1629 3730 726 664 3731 123 666 3732 459 1183 3733 549 667 3734 330 669 3735 331 1630 3736 706 670 3737 435 672 3738 507 953 3739 781 673 3740 90 659 3741 102 651 3742 103 650 3743 89 675 3744 101 652 3745 102 651 3746 88 4 3747 100 6 3748 101 652 3749 87 3 3750 99 656 3751 4 656 3752 86 3 3753 98 658 3754 99 656 3755 122 677 3756 121 691 3757 548 678 3758 329 680 3759 330 669 3760 705 671 3761 83 682 3762 95 3 3763 96 683 3764 82 682 3765 94 686 3766 95 3 3767 81 685 3768 93 686 3769 94 686 3770 80 685 3771 92 683 3772 93 686 3773 79 687 3774 91 1631 3775 92 683 3776 434 688 3777 433 704 3778 780 689 3779 121 691 3780 120 1632 3781 547 692 3782 76 3 3783 88 4 3784 89 675 3785 253 693 3786 265 1633 3787 659 694 3788 149 696 3789 161 1634 3790 576 697 3791 66 85 3792 85 700 3793 86 699 3794 67 84 3795 84 684 3796 85 700 3797 68 701 3798 83 682 3799 84 684 3800 69 702 3801 82 682 3802 83 682 3803 70 701 3804 81 685 3805 82 682 3806 71 703 3807 80 685 3808 81 685 3809 72 103 3810 79 687 3811 80 685 3812 73 102 3813 78 702 3814 79 687 3815 74 83 3816 77 1635 3817 78 702 3818 433 704 3819 432 1636 3820 779 705 3821 451 706 3822 450 1637 3823 517 707 3824 458 709 3825 457 1638 3826 543 710 3827 464 712 3828 463 1639 3829 569 713 3830 470 715 3831 469 1640 3832 595 716 3833 476 718 3834 475 720 3835 621 719 3836 482 379 3837 481 1641 3838 671 721 3839 488 722 3840 487 722 3841 697 322 3842 494 723 3843 493 1642 3844 723 724 3845 500 726 3846 499 1643 3847 749 727 3848 506 728 3849 505 1644 3850 775 729 3851 789 731 3852 788 734 3853 511 732 3854 788 734 3855 787 736 3856 512 735 3857 787 736 3858 786 734 3859 513 736 3860 786 734 3861 785 735 3862 514 737 3863 785 735 3864 784 737 3865 515 738 3866 780 739 3867 790 743 3868 791 740 3869 779 742 3870 789 1645 3871 790 743 3872 777 740 3873 783 746 3874 784 743 3875 776 745 3876 782 1646 3877 783 746 3878 502 730 3879 507 749 3880 504 747 3881 774 749 3882 781 1647 3883 507 749 3884 766 730 3885 775 729 3886 776 747 3887 761 750 3888 772 751 3889 773 751 3890 760 753 3891 771 753 3892 772 751 3893 759 751 3894 770 755 3895 771 753 3896 758 754 3897 769 753 3898 770 755 3899 757 751 3900 768 1648 3901 769 753 3902 754 756 3903 764 66 3904 765 173 3905 753 758 3906 763 1649 3907 764 66 3908 751 163 3909 756 177 3910 757 66 3911 750 760 3912 755 1650 3913 756 177 3914 496 761 3915 501 757 3916 498 762 3917 748 764 3918 754 756 3919 501 757 3920 740 195 3921 749 727 3922 750 765 3923 736 767 3924 746 770 3925 747 767 3926 735 769 3927 745 769 3928 746 770 3929 734 769 3930 744 769 3931 745 769 3932 733 771 3933 743 771 3934 744 769 3935 732 771 3936 742 1651 3937 743 771 3938 728 772 3939 738 775 3940 739 773 3941 727 58 3942 737 1652 3943 738 775 3944 725 776 3945 731 777 3946 732 777 3947 724 776 3948 730 778 3949 731 777 3950 490 725 3951 495 782 3952 492 779 3953 722 781 3954 729 1653 3955 495 782 3956 714 725 3957 723 724 3958 724 783 3959 710 785 3960 720 788 3961 721 785 3962 709 787 3963 719 785 3964 720 788 3965 708 785 3966 718 787 3967 719 785 3968 707 789 3969 717 787 3970 718 787 3971 706 787 3972 716 1654 3973 717 787 3974 702 790 3975 712 794 3976 713 791 3977 701 793 3978 711 792 3979 712 794 3980 699 289 3981 705 791 3982 706 795 3983 698 299 3984 704 792 3985 705 791 3986 484 796 3987 489 799 3988 486 322 3989 696 798 3990 703 798 3991 489 799 3992 688 324 3993 697 322 3994 698 800 3995 684 802 3996 694 335 3997 695 802 3998 683 804 3999 693 331 4000 694 335 4001 682 335 4002 692 335 4003 693 331 4004 681 335 4005 691 805 4006 692 335 4007 680 335 4008 690 347 4009 691 805 4010 676 806 4011 686 808 4012 687 806 4013 675 806 4014 685 349 4015 686 808 4016 673 45 4017 679 350 4018 680 809 4019 672 43 4020 678 1655 4021 679 350 4022 478 811 4023 483 813 4024 480 721 4025 670 811 4026 677 812 4027 483 813 4028 662 382 4029 671 721 4030 672 379 4031 657 815 4032 668 818 4033 669 816 4034 656 815 4035 667 816 4036 668 818 4037 655 819 4038 666 820 4039 667 816 4040 654 816 4041 665 815 4042 666 820 4043 653 819 4044 664 1656 4045 665 815 4046 648 821 4047 660 825 4048 661 822 4049 647 824 4050 659 1657 4051 660 825 4052 639 821 4053 651 824 4054 652 826 4055 638 828 4056 650 1658 4057 651 824 4058 634 829 4059 645 427 4060 646 830 4061 633 829 4062 644 428 4063 645 427 4064 632 428 4065 643 428 4066 644 428 4067 631 427 4068 642 428 4069 643 428 4070 630 830 4071 641 1659 4072 642 428 4073 626 832 4074 636 835 4075 637 833 4076 625 444 4077 635 832 4078 636 835 4079 623 445 4080 629 445 4081 630 833 4082 622 833 4083 628 836 4084 629 445 4085 472 837 4086 477 840 4087 474 838 4088 620 719 4089 627 838 4090 477 840 4091 612 720 4092 621 719 4093 622 838 4094 608 841 4095 618 845 4096 619 842 4097 607 844 4098 617 842 4099 618 845 4100 606 28 4101 616 845 4102 617 842 4103 605 846 4104 615 842 4105 616 845 4106 604 28 4107 614 842 4108 615 842 4109 600 847 4110 610 850 4111 611 848 4112 599 509 4113 609 853 4114 610 850 4115 597 851 4116 603 498 4117 604 852 4118 596 509 4119 602 849 4120 603 498 4121 466 854 4122 471 858 4123 468 855 4124 594 857 4125 601 1660 4126 471 858 4127 586 717 4128 595 716 4129 596 859 4130 582 860 4131 592 864 4132 593 861 4133 581 863 4134 591 553 4135 592 864 4136 580 865 4137 590 864 4138 591 553 4139 579 866 4140 589 553 4141 590 864 4142 578 867 4143 588 1661 4144 589 553 4145 574 868 4146 584 872 4147 585 869 4148 573 871 4149 583 1662 4150 584 872 4151 571 873 4152 577 876 4153 578 874 4154 570 875 4155 576 1663 4156 577 876 4157 460 585 4158 465 879 4159 462 877 4160 568 585 4161 575 1639 4162 465 879 4163 560 714 4164 569 713 4165 570 877 4166 556 880 4167 566 883 4168 567 881 4169 555 880 4170 565 885 4171 566 883 4172 554 884 4173 564 886 4174 565 885 4175 553 880 4176 563 888 4177 564 886 4178 552 887 4179 562 599 4180 563 888 4181 548 623 4182 558 628 4183 559 889 4184 547 891 4185 557 1664 4186 558 628 4187 545 892 4188 551 893 4189 552 892 4190 544 623 4191 550 1665 4192 551 893 4193 454 711 4194 459 896 4195 456 894 4196 542 710 4197 549 894 4198 459 896 4199 534 711 4200 543 710 4201 544 894 4202 530 897 4203 540 900 4204 541 897 4205 529 899 4206 539 900 4207 540 900 4208 528 897 4209 538 900 4210 539 900 4211 527 899 4212 537 899 4213 538 900 4214 526 899 4215 536 1666 4216 537 899 4217 522 901 4218 532 901 4219 533 902 4220 521 904 4221 531 901 4222 532 901 4223 519 905 4224 525 901 4225 526 901 4226 518 903 4227 524 904 4228 525 901 4229 508 708 4230 453 909 4231 449 907 4232 509 908 4233 523 1667 4234 453 909 4235 452 708 4236 517 707 4237 518 910 4238 263 912 4239 262 16 4240 656 15 4241 159 914 4242 465 1282 4243 575 915 4244 331 916 4245 319 1668 4246 700 917 4247 58 919 4248 423 1442 4249 502 920 4250 367 922 4251 732 1669 4252 733 923 4253 110 925 4254 122 1670 4255 549 926 4256 264 928 4257 263 912 4258 657 913 4259 60 930 4260 58 1671 4261 503 931 4262 434 933 4263 781 1672 4264 774 934 4265 368 924 4266 733 923 4267 734 936 4268 329 938 4269 704 1673 4270 698 939 4271 61 941 4272 505 1674 4273 506 942 4274 369 937 4275 734 936 4276 735 944 4277 266 946 4278 660 957 4279 659 947 4280 161 949 4281 162 958 4282 577 950 4283 60 952 4284 504 1675 4285 507 953 4286 371 954 4287 370 945 4288 735 944 4289 267 956 4290 661 1676 4291 660 957 4292 162 958 4293 163 1677 4294 578 959 4295 372 960 4296 371 954 4297 736 955 4298 35 962 4299 482 662 4300 662 963 4301 163 965 4302 578 1678 4303 579 966 4304 326 968 4305 703 1679 4306 696 969 4307 373 971 4308 738 982 4309 737 972 4310 268 964 4311 662 963 4312 663 974 4313 209 976 4314 613 1680 4315 622 977 4316 164 967 4317 579 966 4318 580 979 4319 374 981 4320 739 23 4321 738 982 4322 165 980 4323 580 979 4324 581 983 4325 167 985 4326 166 984 4327 581 983 4328 53 987 4329 500 987 4330 740 988 4331 271 990 4332 272 1003 4333 665 991 4334 168 993 4335 167 985 4336 582 986 4337 0 995 4338 64 1008 4339 508 996 4340 376 989 4341 740 988 4342 741 998 4343 101 1000 4344 535 1681 4345 544 1001 4346 272 1003 4347 273 1004 4348 666 1004 4349 169 1005 4350 584 1018 4351 583 1006 4352 64 1008 4353 65 1682 4354 509 1009 4355 425 1010 4356 413 1683 4357 767 1011 4358 273 1004 4359 274 1020 4360 667 1013 4361 204 1014 4362 609 1684 4363 619 1015 4364 170 1017 4365 585 1685 4366 584 1018 4367 275 1019 4368 668 1025 4369 667 1013 4370 379 1021 4371 380 1032 4372 743 1022 4373 276 1024 4374 669 1686 4375 668 1025 4376 19 1026 4377 470 1687 4378 586 1027 4379 67 1029 4380 510 1688 4381 511 1030 4382 380 1032 4383 381 1033 4384 744 1033 4385 172 1028 4386 586 1027 4387 587 1034 4388 317 1036 4389 305 1689 4390 689 1037 4391 68 1031 4392 511 1030 4393 512 1039 4394 381 1033 4395 382 1051 4396 745 1041 4397 96 1042 4398 531 1690 4399 541 1043 4400 70 1045 4401 69 1040 4402 512 1039 4403 420 1047 4404 408 1691 4405 762 1048 4406 383 1050 4407 746 1059 4408 745 1041 4409 279 1052 4410 278 1692 4411 670 1053 4412 199 1054 4413 211 1693 4414 614 1055 4415 71 1057 4416 70 1045 4417 513 1046 4418 384 1058 4419 747 1023 4420 746 1059 4421 37 1060 4422 280 1071 4423 671 1061 4424 175 1063 4425 176 1073 4426 589 1064 4427 72 1066 4428 71 1057 4429 514 1057 4430 0 1068 4431 448 1694 4432 449 1069 4433 280 1071 4434 281 1695 4435 672 1072 4436 176 1073 4437 177 1081 4438 590 1074 4439 1 1075 4440 3 1696 4441 450 1076 4442 281 1078 4443 672 1697 4444 673 1079 4445 177 1081 4446 178 1097 4447 591 1082 4448 312 1083 4449 300 1698 4450 685 1084 4451 1 1086 4452 451 1699 4453 452 1087 4454 387 1089 4455 386 1700 4456 748 1090 4457 91 1091 4458 103 1701 4459 536 1092 4460 282 1080 4461 673 1079 4462 674 1094 4463 179 1096 4464 592 1113 4465 591 1082 4466 75 1088 4467 452 1087 4468 516 1098 4469 415 1100 4470 768 1702 4471 757 1101 4472 2 1103 4473 449 1116 4474 453 1104 4475 55 1106 4476 388 1117 4477 749 1107 4478 194 1109 4479 601 1703 4480 611 1110 4481 180 1112 4482 593 1065 4483 592 1113 4484 3 1114 4485 76 1119 4486 517 1115 4487 388 1117 4488 389 1704 4489 750 1118 4490 76 1119 4491 77 1705 4492 518 1120 4493 389 1121 4494 750 1192 4495 751 1122 4496 192 1124 4497 204 1706 4498 609 1125 4499 77 1127 4500 518 1707 4501 519 1128 4502 390 1123 4503 751 1122 4504 752 1130 4505 183 1131 4506 182 1708 4507 594 1132 4508 307 1134 4509 690 1709 4510 680 1135 4511 78 1129 4512 519 1128 4513 520 1137 4514 411 1139 4515 399 1710 4516 501 1140 4517 86 1142 4518 523 1711 4519 533 1143 4520 21 1145 4521 184 1151 4522 595 1146 4523 289 1148 4524 288 1712 4525 675 1149 4526 184 1151 4527 185 1713 4528 596 1152 4529 409 1153 4530 763 1714 4531 753 1154 4532 6 1155 4533 111 1448 4534 454 1156 4535 84 1158 4536 96 1715 4537 531 1159 4538 290 1161 4539 289 1148 4540 676 1150 4541 185 1163 4542 596 1234 4543 597 1164 4544 6 1166 4545 455 1716 4546 456 1167 4547 291 602 4548 483 601 4549 677 1169 4550 187 1171 4551 598 1717 4552 604 1172 4553 186 1165 4554 597 1164 4555 598 1174 4556 7 1176 4557 9 1718 4558 457 1177 4559 302 1179 4560 290 1719 4561 677 1180 4562 8 1182 4563 456 1720 4564 459 1183 4565 185 1184 4566 197 1721 4567 602 1185 4568 85 1187 4569 84 1722 4570 521 1188 4571 398 1190 4572 397 1723 4573 753 1191 4574 293 1193 4575 294 1204 4576 679 1194 4577 300 1196 4578 685 1724 4579 675 1197 4580 86 1199 4581 85 1187 4582 522 1189 4583 79 1201 4584 520 1725 4585 526 1202 4586 294 1204 4587 295 1726 4588 680 1205 4589 87 1105 4590 453 1104 4591 523 1206 4592 403 1208 4593 391 1727 4594 752 1209 4595 295 1211 4596 680 1728 4597 681 1212 4598 182 1214 4599 194 1729 4600 601 1215 4601 77 1217 4602 89 1730 4603 524 1218 4604 296 1213 4605 681 1212 4606 682 1220 4607 193 1222 4608 192 1731 4609 599 1223 4610 401 1225 4611 755 1732 4612 750 1226 4613 401 1228 4614 402 1240 4615 756 1229 4616 297 1221 4617 682 1220 4618 683 1231 4619 194 1233 4620 193 1222 4621 600 1224 4622 89 1235 4623 90 1250 4624 525 1236 4625 12 1238 4626 147 218 4627 460 220 4628 402 1240 4629 403 1733 4630 757 1241 4631 299 1242 4632 298 1232 4633 683 1231 4634 195 1244 4635 471 1373 4636 601 1245 4637 295 1247 4638 283 1734 4639 674 1248 4640 90 1250 4641 91 1735 4642 526 1251 4643 12 1252 4644 461 1736 4645 462 1253 4646 403 1255 4647 757 1298 4648 758 1256 4649 65 1257 4650 86 1737 4651 523 1258 4652 300 1260 4653 299 1242 4654 684 1243 4655 91 1262 4656 526 1738 4657 527 1263 4658 398 1265 4659 754 1739 4660 748 1266 4661 13 1268 4662 15 1740 4663 463 1269 4664 404 1256 4665 758 1256 4666 759 1271 4667 301 1273 4668 686 1286 4669 685 1274 4670 293 1276 4671 678 1741 4672 672 1277 4673 92 1264 4674 527 1263 4675 528 1279 4676 14 1281 4677 462 204 4678 465 1282 4679 405 1272 4680 759 1271 4681 760 1283 4682 302 1285 4683 687 1742 4684 686 1286 4685 197 1287 4686 198 1293 4687 603 1288 4688 93 1280 4689 528 1279 4690 529 1289 4691 407 1291 4692 406 1284 4693 760 1283 4694 198 1293 4695 199 1743 4696 604 1294 4697 95 1295 4698 94 1290 4699 529 1289 4700 408 1297 4701 407 1291 4702 761 1292 4703 41 1299 4704 488 1744 4705 688 1300 4706 199 1302 4707 604 1340 4708 605 1303 4709 290 1305 4710 677 1745 4711 670 1306 4712 96 1308 4713 95 1295 4714 530 1296 4715 304 1301 4716 688 1300 4717 689 1310 4718 173 1312 4719 587 1746 4720 596 1313 4721 200 1304 4722 605 1303 4723 606 1315 4724 97 1317 4725 532 1326 4726 531 1318 4727 410 1320 4728 764 1328 4729 763 1321 4730 201 1316 4731 606 1315 4732 607 1323 4733 98 1325 4734 533 1747 4735 532 1326 4736 411 1327 4737 765 1230 4738 764 1328 4739 203 1329 4740 202 1324 4741 607 1323 4742 18 1331 4743 183 1131 4744 466 1133 4745 59 1333 4746 506 1748 4747 766 1334 4748 307 1336 4749 308 1352 4750 691 1337 4751 204 1339 4752 203 1329 4753 608 1330 4754 7 1341 4755 458 1749 4756 534 1342 4757 18 1344 4758 467 1750 4759 468 1345 4760 412 1335 4761 766 1334 4762 767 1347 4763 74 1349 4764 516 1751 4765 518 1350 4766 308 1352 4767 309 1365 4768 692 1353 4769 205 1354 4770 610 1371 4771 609 1355 4772 100 1343 4773 534 1342 4774 535 1357 4775 389 1359 4776 377 1752 4777 741 1360 4778 19 1362 4779 21 1753 4780 469 1363 4781 309 1365 4782 310 1375 4783 693 1366 4784 168 1367 4785 583 1754 4786 593 1368 4787 206 1370 4788 611 1755 4789 610 1371 4790 20 1372 4791 468 1147 4792 471 1373 4793 311 1374 4794 694 1380 4795 693 1366 4796 415 1376 4797 416 1387 4798 769 1377 4799 312 1379 4800 695 1338 4801 694 1380 4802 25 1381 4803 476 1756 4804 612 1382 4805 103 1384 4806 104 1394 4807 537 1385 4808 416 1387 4809 417 1396 4810 770 1388 4811 208 1383 4812 612 1382 4813 613 1389 4814 281 1391 4815 269 1757 4816 663 1392 4817 104 1394 4818 105 1398 4819 538 1395 4820 417 1396 4821 418 1404 4822 771 1397 4823 105 1398 4824 106 1411 4825 539 1399 4826 384 1400 4827 372 1758 4828 737 1401 4829 419 1403 4830 772 1413 4831 771 1397 4832 315 1405 4833 314 1759 4834 696 1406 4835 163 1407 4836 175 1760 4837 588 1408 4838 107 1410 4839 540 1420 4840 539 1399 4841 420 1412 4842 773 1378 4843 772 1413 4844 43 1414 4845 316 1424 4846 697 1415 4847 211 1417 4848 212 1426 4849 615 1418 4850 108 1398 4851 541 1386 4852 540 1420 4853 24 1421 4854 219 1480 4855 472 1422 4856 316 1424 4857 317 1761 4858 698 1425 4859 212 1426 4860 213 1434 4861 616 1427 4862 24 1428 4863 473 1762 4864 474 1429 4865 317 1431 4866 698 1498 4867 699 1432 4868 213 1434 4869 214 1447 4870 617 1435 4871 276 1436 4872 264 1763 4873 658 1437 4874 25 1439 4875 27 1764 4876 475 1440 4877 423 1442 4878 422 1765 4879 774 1443 4880 318 1433 4881 699 1432 4882 700 1444 4883 215 1446 4884 618 1461 4885 617 1435 4886 111 1448 4887 110 1766 4888 542 1449 4889 379 1450 4890 742 1767 4891 732 1451 4892 26 1453 4893 474 1768 4894 477 1454 4895 61 1455 4896 424 1465 4897 775 1456 4898 158 1458 4899 575 1769 4900 585 1459 4901 216 1461 4902 619 1419 4903 618 1461 4904 9 1462 4905 112 1467 4906 543 1463 4907 424 1465 4908 425 1770 4909 776 1466 4910 112 1467 4911 113 1771 4912 544 1468 4913 425 1469 4914 776 1772 4915 777 1470 4916 156 1472 4917 168 1773 4918 583 1473 4919 113 1475 4920 544 1774 4921 545 1476 4922 426 1471 4923 777 1470 4924 778 1478 4925 219 1480 4926 218 1775 4927 620 1481 4928 271 1482 4929 664 1776 4930 653 1483 4931 114 1477 4932 545 1476 4933 546 1485 4934 27 1487 4935 220 1495 4936 621 1488 4937 374 1490 4938 362 1777 4939 729 1491 4940 325 1445 4941 324 1778 4942 701 1493 4943 220 1495 4944 221 1779 4945 622 1496 4946 326 1497 4947 325 1445 4948 702 1494 4949 221 1499 4950 622 606 4951 623 1500 4952 372 1502 4953 737 1780 4954 727 1503 4955 327 421 4956 489 420 4957 703 1505 4958 151 1507 4959 572 1781 4960 578 1508 4961 222 1501 4962 623 1500 4963 624 1499 4964 255 1510 4965 649 1782 4966 661 1511 4967</p>
        </triangles>
      </mesh>
    </geometry>
  </library_geometries>
  <library_visual_scenes>
    <visual_scene id="Scene" name="Scene">
      <node id="wheel_rh" name="wheel_rh" type="NODE">
        <matrix sid="transform">0.03829661 0 0 0 0 2.89131e-9 -0.01118911 0 0 0.03829661 8.44754e-10 0 0 0 0 1</matrix>
        <instance_geometry url="#Cylinder_006-mesh" name="wheel_rh">
          <bind_material>
            <technique_common>
              <instance_material symbol="black_005-material" target="#black_005-material">
                <bind_vertex_input semantic="UVMap" input_semantic="TEXCOORD" input_set="0"/>
              </instance_material>
            </technique_common>
          </bind_material>
        </instance_geometry>
      </node>
    </visual_scene>
  </library_visual_scenes>
  <scene>
    <instance_visual_scene url="#Scene"/>
  </scene>
</COLLADA>