<?xml version="1.0" encoding="utf-8"?>
<COLLADA xmlns="http://www.collada.org/2005/11/COLLADASchema" version="1.4.1" xmlns:xsi="http://www.w3.org/2001/XMLSchema-instance">
  <asset>
    <contributor>
      <author>Blender User</author>
      <authoring_tool>Blender 3.6.20 commit date:2025-01-20, commit time:15:08, hash:46254438b9dd</authoring_tool>
    </contributor>
    <created>2025-11-06T12:46:45</created>
    <modified>2025-11-06T12:46:45</modified>
    <unit name="meter" meter="1"/>
    <up_axis>Z_UP</up_axis>
  </asset>
  <library_effects>
    <effect id="black_001-effect">
      <profile_COMMON>
        <technique sid="common">
          <lambert>
            <emission>
              <color sid="emission">0 0 0 1</color>
            </emission>
            <diffuse>
              <color sid="diffuse">0 0 0 1</color>
            </diffuse>
            <reflectivity>
              <float sid="specular">0.5</float>
            </reflectivity>
            <index_of_refraction>
              <float sid="ior">1.45</float>
            </index_of_refraction>
          </lambert>
        </technique>
      </profile_COMMON>
    </effect>
  </library_effects>
  <library_images/>
  <library_materials>
    <material id="black_001-material" name="black.001">
      <instance_effect url="#black_001-effect"/>
    </material>
  </library_materials>
  <library_geometries>
    <geometry id="Cylinder-mesh" name="Cylinder">
      <mesh>
        <source id="Cylinder-mesh-positions">
          <float_array id="Cylinder-mesh-positions-array" count="1632">7.01341e-7 -0.06665426 -0.008583426 7.01341e-7 0.06665432 -0.008583426 -0.001673758 -0.06665426 -0.0084185 -0.001673758 0.06665432 -0.0084185 -0.003283917 -0.06665426 -0.00793004 -0.003283917 0.06665432 -0.00793004 -0.004767835 -0.06665426 -0.007136881 -0.004767835 0.06665432 -0.007136762 -0.006068587 -0.06665426 -0.006069362 -0.006068587 0.06665432 -0.006069362 -0.007135987 -0.06665426 -0.004768729 -0.007135987 0.06665432 -0.004768729 -0.007929265 -0.06665426 -0.003284752 -0.007929265 0.06665432 -0.003284752 -0.008417665 -0.06665426 -0.001674532 -0.008417665 0.06665432 -0.001674532 -0.008582592 -0.06665426 0 -0.008582592 0.06665432 0 -0.008417665 -0.06665426 0.001674354 -0.008417665 0.06665432 0.001674354 -0.007929265 -0.06665426 0.003284454 -0.007929265 0.06665432 0.003284513 -0.007135987 -0.06665426 0.004768431 -0.007135987 0.06665432 0.004768431 -0.006068587 -0.06665426 0.006069183 -0.006068587 0.06665432 0.006069183 -0.004767835 -0.06665426 0.007136583 -0.004767835 0.06665432 0.007136583 -0.003283917 -0.06665426 0.007929801 -0.003283917 0.06665432 0.007929801 -0.001673758 -0.06665426 0.008418262 -0.001673758 0.06665432 0.008418262 7.01341e-7 -0.06665426 0.008583188 7.01341e-7 0.06665432 0.008583188 0.001675128 -0.06665426 0.008418262 0.001675128 0.06665432 0.008418262 0.003285348 -0.06665426 0.007929801 0.003285348 0.06665432 0.007929801 0.004769206 -0.06665426 0.007136583 0.004769206 0.06665432 0.007136583 0.006069958 -0.06665426 0.006069183 0.006069958 0.06665432 0.006069183 0.007137358 -0.06665426 0.004768431 0.007137358 0.06665432 0.004768431 0.007930636 -0.06665426 0.003284454 0.007930636 0.06665432 0.003284513 0.008419036 -0.06665426 0.001674354 0.008419036 0.06665432 0.001674354 0.008583962 -0.06665426 0 0.008583962 0.06665432 0 0.008419036 -0.06665426 -0.001674532 0.008419036 0.06665432 -0.001674532 0.007930636 -0.06665426 -0.003284752 0.007930636 0.06665432 -0.003284752 0.007137358 -0.06665426 -0.004768729 0.007137358 0.06665432 -0.004768729 0.006069958 -0.06665426 -0.006069362 0.006069958 0.06665432 -0.006069362 0.004769206 -0.06665426 -0.007136881 0.004769206 0.06665432 -0.007136762 0.003285348 -0.06665426 -0.00793004 0.003285348 0.06665432 -0.00793004 0.001675128 -0.06665426 -0.0084185 0.001675128 0.06665432 -0.0084185 7.01341e-7 -0.03986412 -0.008583426 7.01341e-7 0.03986412 -0.008583426 -0.001673758 0.03986412 -0.0084185 -0.001673758 -0.03986412 -0.0084185 -0.003283917 0.03986412 -0.00793004 -0.003283917 -0.03986412 -0.00793004 -0.004767835 0.03986412 -0.007136881 -0.004767835 -0.03986412 -0.007136881 -0.006068587 0.03986412 -0.006069362 -0.006068587 -0.03986412 -0.006069362 -0.007135987 0.03986412 -0.004768729 -0.007135987 -0.03986412 -0.004768729 -0.007929265 0.03986412 -0.003284752 -0.007929265 -0.03986412 -0.003284752 -0.008417665 0.03986412 -0.001674532 -0.008417665 -0.03986412 -0.001674532 -0.008582592 0.03986412 0 -0.008582592 -0.03986412 0 -0.008417665 0.03986412 0.001674354 -0.008417665 -0.03986412 0.001674354 -0.007929265 0.03986412 0.003284513 -0.007929265 -0.03986412 0.003284513 -0.007135987 0.03986412 0.004768431 -0.007135987 -0.03986412 0.004768431 -0.006068587 0.03986412 0.006069183 -0.006068587 -0.03986412 0.006069183 -0.004767835 0.03986412 0.007136583 -0.004767835 -0.03986412 0.007136583 -0.003283917 0.03986412 0.007929801 -0.003283917 -0.03986412 0.007929801 -0.001673758 0.03986412 0.008418262 -0.001673758 -0.03986412 0.008418262 7.01341e-7 0.03986412 0.008583188 7.01341e-7 -0.03986412 0.008583188 0.001675128 0.03986412 0.008418262 0.001675128 -0.03986412 0.008418262 0.003285348 0.03986412 0.007929801 0.003285348 -0.03986412 0.007929801 0.004769206 0.03986412 0.007136583 0.004769206 -0.03986412 0.007136583 0.006069958 0.03986412 0.006069183 0.006069958 -0.03986412 0.006069183 0.007137358 0.03986412 0.004768431 0.007137358 -0.03986412 0.004768431 0.007930636 0.03986412 0.003284513 0.007930636 -0.03986412 0.003284513 0.008419036 0.03986412 0.001674354 0.008419036 -0.03986412 0.001674354 0.008583962 0.03986412 0 0.008583962 -0.03986412 0 0.008419036 0.03986412 -0.001674532 0.008419036 -0.03986412 -0.001674532 0.007930636 0.03986412 -0.003284752 0.007930636 -0.03986412 -0.003284752 0.007137358 0.03986412 -0.004768729 0.007137358 -0.03986412 -0.004768729 0.006069958 0.03986412 -0.006069362 0.006069958 -0.03986412 -0.006069362 0.004769206 0.03986412 -0.007136881 0.004769206 -0.03986412 -0.007136881 0.003285348 0.03986412 -0.00793004 0.003285348 -0.03986412 -0.00793004 0.001675128 0.03986412 -0.0084185 0.001675128 -0.03986412 -0.0084185 -3.71543e-7 0 -0.05977529 -0.01166188 0 -0.05862671 -0.0228753 0 -0.05522513 -0.03320974 0 -0.04970133 -0.04226785 0 -0.0422675 -0.04970175 0 -0.03320932 -0.05522555 0 -0.02287495 -0.05862706 0 -0.01166146 -0.05977571 0 0 -0.05862706 0 0.01166158 -0.05522555 0 0.02287507 -0.04970175 0 0.03320944 -0.04226785 0 0.04226762 -0.03320974 0 0.04970145 -0.0228753 0 0.05522525 -0.01166188 0 0.05862683 -3.71543e-7 0 0.05977541 0.01166123 0 0.05862683 0.02287465 0 0.05522525 0.03320896 0 0.04970145 0.0422672 0 0.04226762 0.04970103 0 0.03320944 0.05522477 0 0.02287507 0.05862641 0 0.01166158 0.05977499 0 0 0.05862641 0 -0.01166146 0.05522477 0 -0.02287495 0.04970103 0 -0.03320932 0.0422672 0 -0.0422675 0.03320896 0 -0.04970133 0.02287465 0 -0.05522513 0.01166123 0 -0.05862671 -3.71543e-7 -0.01850259 -0.05909419 2.24504e-7 -0.03986412 -0.03180456 -3.71543e-7 -0.02510362 -0.05755394 -2.52334e-7 -0.03105854 -0.05357033 -1.33124e-7 -0.03578442 -0.04753291 0 -0.03881859 -0.04003304 2.24504e-7 0.03986412 -0.03180456 -3.71543e-7 0.01850259 -0.05909419 0 0.03881853 -0.04003298 -1.33124e-7 0.03578442 -0.04753291 -2.52334e-7 0.03105854 -0.05357027 -3.71543e-7 0.02510362 -0.05755394 -0.01152902 0.01850259 -0.05795866 -0.006204545 0.03986412 -0.03119349 -0.01122856 0.02510362 -0.0564481 -0.01045125 0.03105854 -0.05254089 -0.00927335 0.03578442 -0.04661965 -0.007809937 0.03881859 -0.03926378 -0.006204545 -0.03986412 -0.03119355 -0.01152902 -0.01850259 -0.05795872 -0.007809937 -0.03881859 -0.03926384 -0.00927335 -0.03578442 -0.04661965 -0.01045125 -0.03105854 -0.05254089 -0.01122856 -0.02510362 -0.05644816 -0.02261465 0.01850259 -0.05459582 -0.01217091 0.03986412 -0.02938365 -0.02202522 0.02510362 -0.05317294 -0.02050065 0.03105854 -0.04949247 -0.0181902 0.03578442 -0.04391479 -0.01531994 0.03881859 -0.03698575 -0.01217091 -0.03986412 -0.02938365 -0.02261465 -0.01850259 -0.05459582 -0.01531994 -0.03881859 -0.03698581 -0.0181902 -0.03578442 -0.04391479 -0.02050065 -0.03105854 -0.04949247 -0.02202522 -0.02510362 -0.05317294 -0.03283131 0.01850259 -0.04913491 -0.01766949 0.03986412 -0.02644473 -0.03197556 0.02510362 -0.04785442 -0.02976226 0.03105854 -0.04454213 -0.02640807 0.03578442 -0.03952229 -0.02224117 0.03881859 -0.03328633 -0.01766949 -0.03986412 -0.02644473 -0.03283131 -0.01850259 -0.04913496 -0.02224117 -0.03881859 -0.03328639 -0.02640807 -0.03578442 -0.03952229 -0.02976226 -0.03105854 -0.04454213 -0.03197556 -0.02510362 -0.04785442 -0.04178631 0.01850259 -0.04178583 -0.02248919 0.03986412 -0.02248936 -0.04069715 0.02510362 -0.04069674 -0.03788024 0.03105854 -0.03787994 -0.03361105 0.03578442 -0.03361088 -0.02830773 0.03881859 -0.02830773 -0.02248919 -0.03986412 -0.02248936 -0.04178631 -0.01850259 -0.04178583 -0.02830773 -0.03881859 -0.02830773 -0.03361105 -0.03578442 -0.03361093 -0.03788024 -0.03105854 -0.03787994 -0.04069715 -0.02510362 -0.04069674 -0.04913538 0.01850259 -0.03283095 -0.02644455 0.03986412 -0.01766979 -0.04785484 0.02510362 -0.0319752 -0.04454243 0.03105854 -0.02976202 -0.0395224 0.03578442 -0.02640789 -0.03328639 0.03881853 -0.02224129 -0.02644455 -0.03986412 -0.01766979 -0.04913538 -0.01850259 -0.03283095 -0.03328639 -0.03881859 -0.02224129 -0.0395224 -0.03578442 -0.02640789 -0.04454243 -0.03105854 -0.02976202 -0.04785484 -0.02510362 -0.03197526 -0.0545963 0.01850259 -0.0226143 -0.02938365 0.03986412 -0.01217114 -0.05317342 0.02510362 -0.02202486 -0.04949283 0.03105854 -0.02050048 -0.04391503 0.03578442 -0.01819014 -0.03698593 0.03881853 -0.01532006 -0.02938365 -0.03986412 -0.01217114 -0.0545963 -0.01850259 -0.0226143 -0.03698593 -0.03881859 -0.01532006 -0.04391503 -0.03578442 -0.01819014 -0.04949283 -0.03105854 -0.02050048 -0.05317342 -0.02510362 -0.02202486 -0.05795902 0.01850259 -0.01152861 -0.03119361 0.03986412 -0.006204843 -0.05644845 0.02510362 -0.01122814 -0.05254125 0.03105854 -0.01045095 -0.04661995 0.03578442 -0.009273231 -0.03926402 0.03881859 -0.007810056 -0.03119361 -0.03986412 -0.006204843 -0.05795902 -0.01850259 -0.01152867 -0.03926396 -0.03881859 -0.007810056 -0.04661995 -0.03578442 -0.009273231 -0.05254125 -0.03105854 -0.01045095 -0.0564484 -0.02510362 -0.0112282 -0.05909454 0.01850259 0 -0.0318048 0.03986412 0 -0.05755448 0.02510362 0 -0.05357062 0.03105854 0 -0.04753333 0.03578442 0 -0.04003334 0.03881859 0 -0.0318048 -0.03986412 0 -0.05909454 -0.01850259 0 -0.04003334 -0.03881859 0 -0.04753333 -0.03578442 0 -0.05357062 -0.03105854 0 -0.05755448 -0.02510362 0 -0.05795902 0.01850259 0.01152873 -0.03119367 0.03986412 0.006204724 -0.05644851 0.02510362 0.01122832 -0.05254137 0.03105854 0.01045107 -0.04662007 0.03578442 0.00927329 -0.03926408 0.03881859 0.007810056 -0.03119361 -0.03986412 0.006204724 -0.05795902 -0.01850259 0.01152873 -0.03926408 -0.03881859 0.007810056 -0.04661995 -0.03578442 0.009273231 -0.05254125 -0.03105854 0.01045101 -0.05644845 -0.02510362 0.01122826 -0.0545963 0.01850259 0.02261435 -0.02938365 0.03986412 0.01217108 -0.05317342 0.02510362 0.02202498 -0.04949283 0.03105854 0.02050054 -0.04391503 0.03578442 0.01819014 -0.03698593 0.03881859 0.01532006 -0.02938365 -0.03986412 0.01217108 -0.0545963 -0.01850259 0.02261435 -0.03698593 -0.03881859 0.01532006 -0.04391503 -0.03578442 0.01819014 -0.04949283 -0.03105854 0.02050054 -0.05317342 -0.02510362 0.02202498 -0.04913538 0.01850259 0.03283101 -0.02644461 0.03986412 0.01766973 -0.0478549 0.02510362 0.03197532 -0.04454249 0.03105854 0.02976208 -0.03952246 0.03578442 0.02640795 -0.03328645 0.03881859 0.02224129 -0.02644461 -0.03986412 0.01766973 -0.04913538 -0.01850259 0.03283101 -0.03328645 -0.03881859 0.02224129 -0.03952246 -0.03578442 0.02640795 -0.04454249 -0.03105854 0.02976208 -0.0478549 -0.02510362 0.03197532 -0.04178631 0.01850259 0.04178601 -0.02248919 0.03986412 0.02248936 -0.04069715 0.02510362 0.04069685 -0.03788024 0.03105854 0.03788 -0.03361105 0.03578442 0.03361093 -0.02830773 0.03881853 0.02830773 -0.02248919 -0.03986412 0.02248936 -0.04178631 -0.01850259 0.04178589 -0.02830773 -0.03881859 0.02830773 -0.03361099 -0.03578442 0.03361093 -0.03788018 -0.03105854 0.03788 -0.04069715 -0.02510362 0.04069685 -0.03283131 0.01850259 0.04913502 -0.01766955 0.03986412 0.02644473 -0.03197556 0.02510362 0.04785448 -0.02976226 0.03105854 0.04454219 -0.02640807 0.03578442 0.03952229 -0.02224123 0.03881853 0.03328639 -0.01766955 -0.03986412 0.02644473 -0.03283131 -0.01850259 0.04913502 -0.02224123 -0.03881859 0.03328639 -0.02640807 -0.03578442 0.03952229 -0.02976226 -0.03105854 0.04454219 -0.03197556 -0.02510362 0.04785448 -0.02261465 0.01850259 0.05459594 -0.01217091 0.03986412 0.02938371 -0.02202522 0.02510362 0.05317306 -0.02050065 0.03105854 0.04949253 -0.0181902 0.03578442 0.04391485 -0.01531994 0.03881853 0.03698581 -0.01217091 -0.03986412 0.02938371 -0.02261465 -0.01850259 0.05459594 -0.01531994 -0.03881859 0.03698581 -0.0181902 -0.03578442 0.04391485 -0.02050065 -0.03105854 0.04949253 -0.02202522 -0.02510362 0.05317306 -0.01152902 0.01850259 0.05795878 -0.006204605 0.03986412 0.03119355 -0.01122856 0.02510362 0.05644822 -0.01045125 0.03105854 0.05254101 -0.009273409 0.03578442 0.04661977 -0.007810056 0.03881853 0.0392639 -0.006204605 -0.03986412 0.03119355 -0.01152902 -0.01850259 0.05795878 -0.007810056 -0.03881859 0.0392639 -0.00927335 -0.03578442 0.04661971 -0.01045125 -0.03105854 0.05254101 -0.01122856 -0.02510362 0.05644822 -3.71543e-7 0.01850259 0.05909425 2.24504e-7 0.03986412 0.03180462 -3.71543e-7 0.02510362 0.05755406 -2.52334e-7 0.03105854 0.05357033 -1.33124e-7 0.03578442 0.04753303 0 0.03881853 0.0400331 2.24504e-7 -0.03986412 0.03180462 -3.71543e-7 -0.01850259 0.05909425 0 -0.03881859 0.0400331 -1.33124e-7 -0.03578442 0.04753303 -2.52334e-7 -0.03105854 0.05357033 -3.71543e-7 -0.02510362 0.05755406 0.01152831 0.01850259 0.05795878 0.006204903 0.03986412 0.03119343 0.01122778 0.02510362 0.05644822 0.01045078 0.03105854 0.05254095 0.009273052 0.03578442 0.04661965 0.007809937 0.03881853 0.03926378 0.006204903 -0.03986412 0.03119343 0.01152831 -0.01850259 0.05795878 0.007809937 -0.03881859 0.03926378 0.009273052 -0.03578442 0.04661965 0.01045072 -0.03105854 0.05254095 0.01122778 -0.02510362 0.05644816 0.022614 0.01850259 0.05459594 0.01217114 0.03986412 0.02938348 0.02202463 0.02510362 0.05317294 0.02050018 0.03105854 0.04949247 0.01818984 0.03578442 0.04391473 0.01531994 0.03881853 0.03698557 0.01217114 -0.03986412 0.02938348 0.022614 -0.01850259 0.05459594 0.01531994 -0.03881859 0.03698557 0.01818984 -0.03578442 0.04391473 0.02050018 -0.03105854 0.04949247 0.02202463 -0.02510362 0.05317306 0.03283053 0.01850259 0.04913502 0.01766973 0.03986412 0.02644437 0.03197497 0.02510362 0.04785448 0.02976179 0.03105854 0.04454213 0.02640771 0.03578442 0.03952223 0.02224111 0.03881853 0.03328615 0.01766973 -0.03986412 0.02644437 0.03283053 -0.01850259 0.04913502 0.02224111 -0.03881859 0.03328615 0.02640765 -0.03578442 0.03952223 0.02976179 -0.03105854 0.04454213 0.03197497 -0.02510362 0.04785448 0.04178553 0.01850259 0.04178601 0.02248924 0.03986412 0.02248907 0.04069656 0.02510362 0.04069685 0.0378797 0.03105854 0.03788 0.03361076 0.03578442 0.03361088 0.02830755 0.03881853 0.02830749 0.02248919 -0.03986412 0.02248901 0.04178553 -0.01850259 0.04178589 0.02830749 -0.03881859 0.02830749 0.03361076 -0.03578442 0.03361088 0.0378797 -0.03105854 0.03788 0.04069656 -0.02510362 0.04069685 0.04913473 0.01850259 0.03283101 0.02644449 0.03986412 0.01766943 0.04785418 0.02510362 0.03197532 0.04454183 0.03105854 0.02976202 0.03952205 0.03578442 0.02640783 0.03328615 0.03881859 0.02224105 0.02644449 -0.03986412 0.01766943 0.04913473 -0.01850259 0.03283101 0.03328615 -0.03881859 0.02224105 0.03952205 -0.03578442 0.02640783 0.04454183 -0.03105854 0.02976202 0.04785418 -0.02510362 0.03197532 0.05459553 0.01850259 0.02261435 0.02938348 0.03986412 0.01217091 0.05317258 0.02510362 0.02202498 0.04949218 0.03105854 0.02050048 0.04391443 0.03578442 0.01819002 0.03698539 0.03881859 0.01531982 0.02938348 -0.03986412 0.01217091 0.05459553 -0.01850259 0.02261435 0.03698539 -0.03881859 0.01531982 0.04391443 -0.03578442 0.01819002 0.04949218 -0.03105854 0.02050048 0.05317258 -0.02510362 0.02202498 0.05795836 0.01850259 0.01152873 0.03119331 0.03986412 0.006204605 0.05644786 0.02510362 0.01122826 0.05254071 0.03105854 0.01045101 0.04661947 0.03578442 0.009273231 0.0392636 0.03881859 0.007809937 0.03119331 -0.03986412 0.006204605 0.05795836 -0.01850259 0.01152873 0.0392636 -0.03881859 0.007809937 0.04661947 -0.03578442 0.009273171 0.05254065 -0.03105854 0.01045101 0.05644786 -0.02510362 0.01122826 0.05909389 0.01850259 0 0.03180444 0.03986412 0 0.0575537 0.02510362 0 0.05357009 0.03105854 0 0.04753273 0.03578442 0 0.04003286 0.03881859 0 0.03180444 -0.03986412 0 0.05909389 -0.01850259 0 0.04003286 -0.03881859 0 0.04753273 -0.03578442 0 0.05357009 -0.03105854 0 0.0575537 -0.02510362 0 0.05795836 0.01850259 -0.01152861 0.03119331 0.03986412 -0.006204724 0.05644786 0.02510362 -0.0112282 0.05254071 0.03105854 -0.01045095 0.04661947 0.03578442 -0.009273171 0.0392636 0.03881859 -0.007809937 0.03119331 -0.03986412 -0.006204724 0.05795836 -0.01850259 -0.01152867 0.0392636 -0.03881859 -0.007809937 0.04661947 -0.03578442 -0.009273171 0.05254071 -0.03105854 -0.01045095 0.05644786 -0.02510362 -0.0112282 0.05459553 0.01850259 -0.0226143 0.02938348 0.03986412 -0.01217097 0.05317258 0.02510362 -0.02202486 0.04949218 0.03105854 -0.02050036 0.04391437 0.03578442 -0.0181899 0.03698539 0.03881853 -0.01531982 0.02938348 -0.03986412 -0.01217097 0.05459553 -0.01850259 -0.0226143 0.03698539 -0.03881859 -0.01531982 0.04391437 -0.03578442 -0.0181899 0.04949218 -0.03105854 -0.02050036 0.05317258 -0.02510362 -0.02202481 0.04913473 0.01850259 -0.03283095 0.02644443 0.03986412 -0.01766943 0.04785406 0.02510362 -0.0319752 0.04454171 0.03105854 -0.02976197 0.03952199 0.03578442 -0.02640777 0.03328603 0.03881853 -0.02224099 0.02644443 -0.03986412 -0.01766949 0.04913473 -0.01850259 -0.03283095 0.03328603 -0.03881859 -0.02224105 0.03952199 -0.03578442 -0.02640777 0.04454177 -0.03105854 -0.02976197 0.04785406 -0.02510362 -0.0319752 0.04178553 0.01850259 -0.04178583 0.02248919 0.03986412 -0.02248907 0.04069656 0.02510362 -0.04069674 0.03787958 0.03105854 -0.03787988 0.0336107 0.03578442 -0.03361082 0.02830743 0.03881859 -0.02830743 0.02248919 -0.03986412 -0.02248907 0.04178553 -0.01850259 -0.04178583 0.02830743 -0.03881859 -0.02830743 0.0336107 -0.03578442 -0.03361082 0.03787958 -0.03105854 -0.03787988 0.04069656 -0.02510362 -0.04069674 0.03283053 0.01850259 -0.04913491 0.01766967 0.03986412 -0.02644437 0.03197497 0.02510362 -0.04785436 0.02976179 0.03105854 -0.04454201 0.02640765 0.03578442 -0.03952211 0.02224105 0.03881859 -0.03328609 0.01766967 -0.03986412 -0.02644437 0.03283053 -0.01850259 -0.04913496 0.02224105 -0.03881859 -0.03328609 0.02640765 -0.03578442 -0.03952211 0.02976179 -0.03105854 -0.04454201 0.03197491 -0.02510362 -0.04785436 0.022614 0.01850259 -0.05459582 0.01217114 0.03986412 -0.02938348 0.02202463 0.02510362 -0.05317288 0.02050018 0.03105854 -0.04949235 0.01818984 0.03578442 -0.04391455 0.01531994 0.03881859 -0.03698551 0.01217114 -0.03986412 -0.02938348 0.022614 -0.01850259 -0.05459582 0.01531994 -0.03881859 -0.03698551 0.01818984 -0.03578442 -0.04391455 0.02050018 -0.03105854 -0.04949235 0.02202463 -0.02510362 -0.05317288 0.01152831 0.01850259 -0.05795866 0.006204903 0.03986412 -0.03119337 0.01122778 0.02510362 -0.0564481 0.01045078 0.03105854 -0.05254089 0.009273052 0.03578442 -0.04661959 0.007810056 0.03881859 -0.03926372 0.006204903 -0.03986412 -0.03119337 0.01152831 -0.01850259 -0.05795872 0.007809937 -0.03881859 -0.03926372 0.009273052 -0.03578442 -0.04661959 0.01045072 -0.03105854 -0.05254083 0.01122778 -0.02510362 -0.0564481</float_array>
          <technique_common>
            <accessor source="#Cylinder-mesh-positions-array" count="544" stride="3">
              <param name="X" type="float"/>
              <param name="Y" type="float"/>
              <param name="Z" type="float"/>
            </accessor>
          </technique_common>
        </source>
        <source id="Cylinder-mesh-normals">
          <float_array id="Cylinder-mesh-normals-array" count="1890">-0.1950964 0 -0.9807841 2.52605e-7 0 -1 1.58712e-6 0 -1 -0.3826869 0 -0.9238781 -0.1950968 0 -0.980784 -0.5555698 9.03123e-7 -0.8314699 -0.3827012 9.53747e-7 -0.9238723 -0.7071064 8.28974e-7 -0.7071072 -0.5555719 1.02789e-6 -0.8314685 -0.8314662 0 -0.5555753 -0.7070969 0 -0.7071166 -0.9238819 0 -0.3826777 -0.831466 0 -0.5555756 -0.9807877 0 -0.1950784 -0.9238819 0 -0.382678 -1 0 6.90613e-6 -0.9807876 0 -0.1950784 -0.9807873 -3.14486e-7 0.19508 -1 0 5.30471e-6 -0.9238806 -2.97266e-7 0.382681 -0.9807866 -1.34014e-7 0.1950836 -0.8314617 0 0.5555822 -0.9238786 0 0.3826858 -0.7071066 0 0.707107 -0.8314616 0 0.5555823 -0.5555692 0 0.8314703 -0.7071069 0 0.7071067 -0.3826873 0 0.923878 -0.5555693 0 0.8314703 -0.1950974 0 0.9807839 -0.3826869 0 0.9238781 8.67437e-7 0 1 -0.195097 0 0.9807839 0.1950979 0 0.9807839 9.67525e-7 0 1 0.382687 0 0.9238781 0.1950983 0 0.9807837 0.5555694 0 0.8314703 0.3826873 0 0.923878 0.7071068 0 0.7071067 0.5555692 0 0.8314703 0.8314616 0 0.5555823 0.7071067 0 0.7071068 0.8314617 0 0.5555822 0.9238788 -2.91966e-7 0.3826855 0.9807874 0 0.1950802 0.9238806 0 0.3826808 1 0 6.87277e-6 0.9807868 -3.07865e-7 0.1950836 0.9807878 0 -0.1950781 1 0 5.18556e-6 0.9238819 0 -0.3826778 0.9807877 0 -0.1950783 0.8314661 0 -0.5555755 0.9238818 0 -0.3826779 0.7071063 8.27211e-7 -0.7071074 0.8314661 0 -0.5555754 0.5555719 1.02782e-6 -0.8314685 0.707097 0 -0.7071166 0.5555698 9.01287e-7 -0.8314699 0.3827013 9.53746e-7 -0.9238722 0 1 7.90093e-7 0.1950977 0 -0.9807838 0.3826867 0 -0.9238783 0.1950973 0 -0.9807839 0 -1 0 1.51563e-6 0 -1 0.1950972 0 -0.9807839 0.195098 0 -0.9807838 -0.5507194 -0.1318352 -0.8242133 -0.3826835 9.4411e-7 -0.9238795 -0.3793449 -0.1318321 -0.9158154 0.3826871 0 -0.923878 0.3826869 0 -0.9238782 0.3826839 4.4427e-7 -0.9238793 0.5507192 0.1318326 -0.8242139 0.5555683 1.44784e-6 -0.831471 0.5555694 0 -0.8314703 0.5555698 0 -0.83147 5.11493e-7 0 1 0.1933875 0.1318341 0.9722249 9.71688e-7 0.1318352 0.9912717 0.707107 0 -0.7071067 0.7071066 0 -0.707107 -0.03726488 0.997748 -0.05577218 0 1 -7.33424e-7 0 1 6.13365e-7 0.8314663 0 -0.5555752 0.8314661 0 -0.5555757 0 -1 -7.32263e-7 0.03726619 -0.9977478 -0.05577176 0 -1 0 0.9238819 0 -0.3826779 0.9238819 0 -0.382678 0.01308679 -0.997748 0.06578737 0 -1 -1.82786e-7 0 -1 3.30395e-7 0.9807878 0 -0.1950782 -0.7071064 5.83496e-7 -0.7071072 -0.5507206 0.1318327 -0.824213 -0.5555683 1.48429e-6 -0.831471 1 0 6.92996e-6 1 0 6.92997e-6 0.5507194 -0.1318373 -0.824213 0.9807873 -3.1142e-7 0.1950802 0.9807863 0 0.1950851 0.1933882 -0.1318377 0.9722242 9.70484e-7 -0.1318352 0.9912717 0.923882 -5.55714e-7 0.3826777 0.9238808 -3.46048e-7 0.3826807 -0.700933 -0.1318367 -0.7009364 0.8314661 -5.21087e-7 0.5555756 0.8314617 0 0.5555822 0.1950915 1.07437e-6 -0.9807851 0.3793442 0.1318342 -0.9158154 0.7071068 0 0.7071068 0.7071069 0 0.7071067 0.1950913 0 0.9807851 0.3793446 0.1318373 0.9158148 0.5555691 0 0.8314704 0.5555695 0 0.8314701 -0.8314706 0 -0.5555688 -0.7009319 0.131837 -0.7009376 0.3826872 0 0.923878 0.3826869 0 0.9238782 0.3793432 -0.1318344 -0.9158157 0.1950984 0 0.9807837 0.1950977 0 0.9807838 0.3793432 -0.1318347 0.9158157 8.96034e-7 0 1 9.008e-7 0 1 -0.1950969 0 0.980784 -0.1950974 0 0.9807839 -0.1950921 1.05973e-6 -0.980785 1.19444e-6 0.1318355 -0.9912717 2.24674e-7 5.17468e-7 -1 -0.3826869 0 0.9238782 -0.382687 0 0.923878 0.3826847 0 0.923879 0.5507177 0.1318338 0.8242146 -0.5555695 0 0.8314701 -0.5555691 0 0.8314704 -0.92388 -2.32442e-7 -0.3826823 -0.824213 0.1318331 -0.5507205 -0.707107 0 0.7071067 -0.7071067 0 0.7071069 0.1933887 -0.1318365 -0.9722242 -0.8314661 -5.19332e-7 0.5555756 0.5507203 -0.131833 0.8242132 -0.9238808 -3.45975e-7 0.3826807 -0.923882 -5.53886e-7 0.3826777 -0.8242136 -0.1318311 -0.5507201 -0.9807873 -3.1142e-7 0.1950805 -0.9807863 0 0.1950854 0.5555679 -5.26431e-7 0.8314713 0.7009338 0.1318342 0.7009362 -1 0 6.9252e-6 -1 0 6.91567e-6 -0.980785 1.66414e-7 -0.1950919 -0.9158174 0.1318308 -0.3793406 -0.9807876 0 -0.1950784 -0.9807877 0 -0.1950784 0.7071066 -1.28411e-6 0.707107 -0.9238818 0 -0.3826779 -0.9238818 0 -0.3826779 -0.9722239 -0.1318365 -0.1933904 -0.9158176 -0.1318315 -0.3793396 -0.8314661 0 -0.5555756 -0.8314663 0 -0.5555753 0.8314709 -3.57627e-7 0.5555685 -0.7071067 0 -0.707107 -0.7071069 0 -0.7071067 -1 3.6659e-7 -2.46783e-7 -0.9722248 0.1318329 -0.1933882 -0.5555698 0 -0.83147 -0.5555693 0 -0.8314703 0.7009339 -0.131832 0.7009365 -0.3826874 0 -0.9238779 -0.3826865 0 -0.9238784 -0.9912723 -0.1318311 0 -0.1950972 0 -0.9807839 -0.1950962 0 -0.9807841 0.9238798 0 0.382683 0.8242139 0.1318297 0.5507199 2.85968e-7 0 -1 -0.9722256 0.1318292 0.1933873 -0.9912723 0.1318308 -5.08119e-7 0.01308661 0.9977479 -0.06578701 0 1 1.82789e-7 0 1 -3.30398e-7 0 -1 -6.44587e-7 0.02566963 -0.9977478 -0.06197088 0.03726619 0.9977478 -0.05577176 0 1 0 0 1 2.95701e-7 0.7009332 -0.1318344 -0.7009367 0.7071064 5.74832e-7 -0.7071072 0.8314707 0 -0.5555686 0.8242135 -0.1318343 -0.5507194 0.9238799 -2.30949e-7 -0.3826825 0.9158166 -0.1318354 -0.3793407 0.9722246 -0.1318311 -0.1933907 0.980785 0 -0.1950922 0.9912722 -0.1318313 -4.33467e-7 1 3.00562e-7 -2.22882e-7 0.9722249 -0.1318307 0.1933893 0.9807851 0 0.1950911 0.9158169 -0.131834 0.3793405 0.06197065 -0.9977478 0.0256685 0 -1 2.02221e-6 0 -1 2.21926e-7 0.05577224 -0.997748 0.03726482 0 -1 4.0319e-7 0.04743003 -0.997748 0.04742884 0 -1 0 0.03726607 -0.997748 0.05577129 0 -1 1.25198e-6 0.02566957 -0.9977479 0.06196987 0 1 0 0.01308751 0.9977476 0.06579107 0 1 6.44583e-7 -0.1950924 0 0.980785 -0.19339 -0.1318343 0.9722242 -0.3826835 0 0.9238796 -0.3793439 -0.1318352 0.9158153 -0.5507203 -0.1318355 0.8242127 -0.5555679 -6.54305e-7 0.8314713 -0.7071066 -1.36418e-6 0.707107 -0.7009333 -0.1318345 0.7009366 -0.8314708 -3.04147e-7 0.5555686 -0.8242136 -0.1318289 0.5507205 -0.9238798 0 0.3826829 -0.9158171 -0.1318314 0.379341 -0.9807853 0 0.195091 -0.9722248 -0.1318336 0.1933884 -0.06578588 -0.997748 0.01308566 0 -1 0 0 -1 1.42686e-6 -0.06578671 -0.9977479 -0.01308578 0 -1 -1.42389e-6 -0.06196928 -0.997748 -0.02566879 0 -1 0 -0.05577069 -0.997748 -0.03726559 0 -1 0 -0.04742926 -0.9977479 -0.04742991 -0.03726464 -0.9977479 -0.05577188 0 -1 6.28373e-7 -0.02566784 0.9977479 -0.06197053 0 1 8.0961e-7 -0.1933889 -0.1318328 -0.9722247 -0.01308417 0.9977478 -0.06578856 0 1 1.57092e-7 -0.19339 0.1318343 0.9722242 0.7009327 0.1318333 -0.7009375 -0.3793441 0.1318315 -0.9158158 0 1 2.90351e-7 9.11435e-7 0.9977477 0.06707972 0.04743212 0.9977478 -0.04742962 0 1 -6.43388e-7 -0.1933896 0.1318337 -0.9722245 -0.3793439 0.1318352 0.9158154 0.8242136 0.1318342 -0.5507194 5.8518e-7 -0.131835 -0.9912717 0 1 -4.18074e-7 -0.01308578 0.9977477 0.06579083 0.0557754 0.9977476 -0.03726708 0 1 -5.25256e-7 0.1933877 0.1318342 -0.9722248 -0.550719 0.1318363 0.8242136 0.9158167 0.1318347 -0.3793405 0 1 -6.4457e-7 -0.02566957 0.9977477 0.06197392 0.0619747 0.9977476 -0.02567106 0 1 -2.21932e-7 -0.7009325 0.1318368 0.7009372 0.972225 0.1318305 -0.1933892 0 1 0 -0.03726679 0.9977477 0.05577492 0.06578803 0.9977478 -0.01308757 0 1 -1.87124e-7 -0.8242146 0.1318289 0.550719 0.9912722 0.1318314 -4.98487e-7 0 1 0 -0.04743236 0.9977477 0.0474326 0 1 -1.39787e-6 -0.9158168 0.1318304 0.3793421 0.9722249 0.1318311 0.1933889 0 1 0 -0.05577105 0.9977479 0.03726667 0 1 -1.29134e-6 0.06707632 0.9977478 1.37923e-7 0.9158169 0.1318339 0.3793405 0.8242133 -0.1318293 0.5507209 0 -1 0 0.01308661 -0.997748 -0.06578737 0 -1 7.32259e-7 -0.0130853 -0.9977478 -0.06578755 0 -1 0 -0.02566784 -0.997748 -0.06196999 -0.04742926 0.9977479 -0.04742997 0 1 -4.84976e-7 -0.05577361 0.9977477 -0.03726625 0 1 -2.51939e-7 -0.06197273 0.9977477 -0.0256704 0 1 -1.51892e-6 -0.06578713 0.9977478 -0.01308733 0 1 2.29147e-7 -0.06707561 0.9977479 -2.4602e-7 0 1 1.13306e-6 -0.0619688 0.997748 0.02566897 0 -1 0 -0.05577081 -0.9977479 0.03726524 0 -1 4.84972e-7 -0.04742968 -0.9977479 0.04742991 0 -1 7.33419e-7 -0.0372647 -0.9977479 0.05577182 0 -1 -6.13355e-7 -0.02566814 -0.9977479 0.06197047 0 -1 -6.52513e-7 -0.01308512 -0.9977479 0.06578707 0 -1 0 8.96727e-7 -0.9977479 0.0670759 0.025671 0.9977477 0.06197345 0 1 1.9404e-6 0.03726786 0.9977477 0.05577445 0 1 2.56443e-7 0.04743164 0.9977477 0.04743254 0 1 -2.56398e-7 0.0557723 0.997748 0.03726422 0 1 1.3835e-6 0.06197059 0.9977478 0.02566862 0 1 0 0.06578707 0.9977479 0.01308572 0.06578695 -0.9977479 0.01308548 0 -1 -7.41833e-7 0.06707632 -0.9977478 1.86648e-7 0 -1 -1.29233e-6 0.06578725 -0.9977479 -0.01308619 0 -1 -4.67794e-7 0 -1 0 0 -1 0 0.06197118 -0.9977478 -0.02566927 0 -1 0 0.05577236 -0.9977478 -0.03726541 0.04743051 -0.9977478 -0.0474298 0.02566963 0.9977478 -0.06197082 -3.72299e-7 0.9977477 -0.067079 6.06435e-7 -0.3940409 -0.919093 0.1793074 -0.3940436 -0.9014314 1.54748e-6 -0.6753877 -0.7374629 0.143875 -0.675389 -0.7232909 2.53979e-6 -0.8619055 -0.5070691 0.09892797 -0.8619043 -0.4973273 1.80512e-6 -0.9655717 -0.2601376 0.05075287 -0.9655717 -0.2551382 1.20485e-6 -0.9977479 -0.06707566 0.05074942 0.9655714 -0.2551401 0.09892696 0.8619061 -0.4973243 1.52314e-6 0.9655718 -0.2601368 0.1438738 0.6753874 -0.7232926 2.11288e-6 0.8619065 -0.5070672 0.1793054 0.394038 -0.9014343 5.61505e-7 0.6753882 -0.7374624 6.54119e-7 0.394042 -0.9190924 0.3517221 -0.3940426 -0.8491302 0.2822154 -0.6753889 -0.6813254 0.194049 -0.8619048 -0.4684711 0.09955191 -0.9655712 -0.2403364 0.09955215 0.9655712 -0.2403365 0.1940491 0.8619047 -0.4684712 0.2822166 0.6753897 -0.6813241 0.3517231 0.394041 -0.8491305 0.5106188 -0.3940417 -0.7641986 0.4097112 -0.6753865 -0.6131801 0.2817126 -0.8619046 -0.4216142 0.1445255 -0.9655716 -0.2162963 0.1445255 0.9655716 -0.2162963 0.2817127 0.8619047 -0.4216142 0.409711 0.6753877 -0.613179 0.5106192 0.3940384 -0.7642001 0.6498954 -0.3940404 -0.6498985 0.5214645 -0.6753873 -0.5214661 0.3585532 -0.8619043 -0.3585537 0.1839458 -0.9655716 -0.1839445 0.183947 0.9655719 -0.1839417 0.3585542 0.8619039 -0.3585535 0.5214654 0.6753877 -0.5214647 0.6498962 0.394041 -0.6498975 0.7641995 -0.3940402 -0.5106188 0.6131803 -0.6753866 -0.4097108 0.421615 -0.8619052 -0.2817097 0.2162979 -0.9655714 -0.1445235 0.2162984 0.965572 -0.1445193 0.4216148 0.8619053 -0.2817094 0.6131792 0.6753882 -0.4097098 0.7641985 0.3940432 -0.5106179 0.8491317 -0.3940399 -0.3517215 0.6813256 -0.6753883 -0.2822165 0.4684704 -0.8619052 -0.1940488 0.2403361 -0.9655714 -0.09955155 0.240334 0.9655716 -0.09955459 0.468468 0.8619065 -0.1940488 0.6813244 0.6753888 -0.282218 0.8491311 0.3940399 -0.351723 0.7232945 -0.6753849 -0.1438763 0.9014359 -0.3940316 -0.1793111 0.4973272 -0.8619043 -0.09892815 0.2551398 -0.9655714 -0.05075228 0.2551383 0.9655717 -0.0507546 0.4973272 0.8619043 -0.09892815 0.7232944 0.6753851 -0.143876 0.9014363 0.3940309 -0.1793107 0.9190952 -0.3940356 0 0.7374647 -0.6753858 1.53777e-6 0.2601377 -0.9655715 1.33346e-7 0.5070708 -0.8619045 0 0.2601377 0.9655716 1.23458e-7 0.7374645 0.675386 -1.76456e-7 0.5070708 0.8619045 -1.66189e-7 0.9190958 0.3940343 -3.27671e-7 0.9014345 -0.3940355 0.1793099 0.7232938 -0.6753858 0.143876 0.4973288 -0.8619035 0.09892702 0.2551395 -0.9655714 0.05075168 0.2551394 0.9655714 0.05075162 0.4973275 0.8619043 0.09892714 0.7232947 0.6753846 0.1438766 0.9014356 0.394033 0.1793103 0.8491324 -0.3940406 0.3517189 0.6813272 -0.6753882 0.2822129 0.4684724 -0.8619046 0.1940469 0.2403345 -0.965572 0.09954899 0.4684716 0.8619049 0.1940473 0.2403345 0.965572 0.09954899 0.6813269 0.6753881 0.282214 0.8491324 0.3940406 0.3517189 0.7642006 -0.3940359 0.5106204 0.6131802 -0.6753884 0.4097081 0.4216155 -0.8619048 0.28171 0.2162983 -0.9655715 0.1445226 0.2162976 0.9655714 0.1445245 0.4216148 0.8619052 0.2817102 0.6131802 0.6753884 0.4097081 0.7642006 0.3940359 0.5106204 0.6498963 -0.3940357 0.6499006 0.5214642 -0.6753869 0.5214669 0.3585528 -0.861905 0.3585521 0.1839455 -0.9655717 0.1839441 0.183945 0.9655712 0.1839476 0.3585516 0.8619064 0.3585501 0.5214645 0.6753867 0.5214668 0.6498961 0.3940383 0.6498991 0.51062 -0.394038 0.7641998 0.4097104 -0.6753873 0.6131798 0.2817119 -0.8619051 0.4216138 0.144525 -0.9655717 0.2162958 0.1445243 0.9655719 0.2162952 0.2817108 0.8619065 0.4216117 0.4097105 0.6753867 0.6131804 0.510618 0.3940379 0.7642011 0.3517203 -0.3940411 0.8491316 0.2822141 -0.6753897 0.6813252 0.1940474 -0.8619051 0.4684712 0.09955132 -0.9655717 0.2403349 0.09955096 0.9655717 0.2403352 0.194046 0.8619067 0.468469 0.2822145 0.6753876 0.6813271 0.3517225 0.3940426 0.84913 0.1793064 -0.394042 0.9014323 0.1438726 -0.6753879 0.7232925 0.09892672 -0.8619053 0.4973255 0.05075252 -0.9655719 0.2551379 0.05075252 0.9655719 0.2551376 0.09892624 0.8619072 0.4973224 0.1438743 0.6753896 0.7232905 0.1793071 0.3940411 0.9014325 2.24296e-6 -0.3940427 0.9190922 3.04462e-6 -0.67539 0.7374608 1.81663e-6 -0.8619054 0.5070693 1.81501e-6 -0.9655717 0.2601375 1.88303e-6 0.9655717 0.2601372 3.25995e-6 0.8619072 0.5070661 2.63168e-6 0.67539 0.7374607 6.8224e-7 0.394042 0.9190924 -0.179308 -0.3940404 0.9014326 -0.1438716 -0.67539 0.7232906 -0.09892231 -0.8619065 0.4973244 -0.05074954 -0.9655717 0.2551389 -0.05074876 0.9655721 0.2551376 -0.09892302 0.8619073 0.497323 -0.1438724 0.6753886 0.7232918 -0.179308 0.3940404 0.9014328 -0.3517216 -0.3940426 0.8491303 -0.2822135 -0.6753904 0.6813248 -0.1940447 -0.8619065 0.4684696 -0.09954816 -0.9655721 0.2403351 -0.09954828 0.9655722 0.240334 -0.1940449 0.861908 0.4684669 -0.2822135 0.6753904 0.6813248 -0.3517216 0.3940427 0.8491304 -0.5106202 -0.3940422 0.7641975 -0.4097116 -0.6753899 0.6131761 -0.2817112 -0.8619066 0.4216113 -0.1445234 -0.9655719 0.2162962 -0.1445232 0.965572 0.216296 -0.2817087 0.8619084 0.4216093 -0.4097105 0.67539 0.6131769 -0.51062 0.3940418 0.7641979 -0.6498914 -0.3940457 0.6498994 -0.5214582 -0.6753934 0.5214645 -0.3585485 -0.8619068 0.3585522 -0.1839429 -0.9655721 0.1839447 -0.1839393 0.9655725 0.183946 -0.3585463 0.8619083 0.358551 -0.5214601 0.6753917 0.5214648 -0.6498911 0.3940463 0.6498993 -0.7641983 -0.3940387 0.5106216 -0.6131721 -0.6753936 0.4097117 -0.4216085 -0.8619073 0.2817128 -0.2162938 -0.9655721 0.1445251 -0.2162915 0.9655725 0.1445261 -0.421609 0.8619075 0.2817115 -0.6131728 0.6753934 0.409711 -0.7641984 0.3940392 0.510621 -0.8491334 -0.3940398 0.3517176 -0.6813233 -0.6753932 0.2822103 -0.4684677 -0.8619076 0.1940448 -0.2403338 -0.9655722 0.09954959 -0.0619691 -0.997748 0.02566838 -0.2403336 0.9655722 0.09955 -0.4684655 0.8619083 0.1940475 -0.6813222 0.675393 0.2822136 -0.8491321 0.3940398 0.3517208 -0.9014322 -0.3940421 0.1793066 -0.4973238 -0.8619067 0.09892463 -0.7232894 -0.6753916 0.1438707 -0.2551371 -0.9655721 0.05075079 -0.0657866 0.997748 0.01308602 -0.2551358 0.9655724 0.05075067 -0.4973236 0.8619067 0.09892451 -0.723291 0.6753897 0.1438714 -0.9014344 0.3940373 0.1793068 -0.9190922 -0.3940427 -1.73189e-6 -0.7374594 -0.6753916 -9.45342e-7 -0.5070682 -0.8619059 0 -0.2601361 -0.965572 -9.25933e-7 -0.06707572 -0.9977479 -2.90144e-7 -0.5070674 0.8619064 -2.95798e-6 -0.2601362 0.9655719 -7.12579e-7 -0.7374587 0.6753923 -3.77773e-6 -0.9190928 0.3940413 -2.83473e-6 -0.9014314 -0.3940433 -0.1793082 -0.7232919 -0.6753889 -0.1438711 -0.4973226 -0.8619072 -0.09892499 -0.2551347 -0.9655728 -0.05075126 -0.2551344 0.9655728 -0.05075329 -0.4973232 0.861907 -0.09892481 -0.7232902 0.6753908 -0.1438708 -0.9014323 0.3940421 -0.179306 -0.6813245 -0.6753913 -0.282212 -0.8491344 -0.3940388 -0.3517163 -0.4684674 -0.8619073 -0.1940466 -0.2403349 -0.9655719 -0.09954959 -0.2403326 0.9655722 -0.09955263 -0.4684653 0.8619084 -0.1940468 -0.681324 0.6753913 -0.2822131 -0.8491328 0.3940396 -0.3517191 -0.7641962 -0.3940426 -0.510622 -0.6131721 -0.6753934 -0.409712 -0.4216093 -0.8619071 -0.2817122 -0.216294 -0.9655721 -0.1445249 -0.2162961 0.9655719 -0.1445235 -0.4216066 0.861909 -0.281711 -0.6131734 0.675392 -0.4097124 -0.7641965 0.3940429 -0.5106213 -0.6498937 -0.3940446 -0.6498978 -0.5214638 -0.6753889 -0.5214647 -0.3585508 -0.861906 -0.3585521 -0.1839423 -0.9655722 -0.1839444 -0.1839452 0.9655718 -0.1839435 -0.3585502 0.8619069 -0.3585504 -0.5214628 0.67539 -0.5214642 -0.6498943 0.3940438 -0.6498978 -0.5106208 -0.3940405 -0.764198 -0.4097102 -0.6753895 -0.6131775 -0.2817094 -0.8619065 -0.4216125 -0.144523 -0.9655719 -0.2162965 -0.1445218 0.9655721 -0.2162959 -0.28171 0.8619067 -0.4216119 -0.4097105 0.6753897 -0.6131771 -0.5106219 0.394038 -0.7641985 -0.3517225 -0.3940396 -0.8491314 -0.2822123 -0.6753904 -0.6813252 -0.1940447 -0.8619058 -0.4684712 -0.0995481 -0.9655718 -0.2403361 -0.0995478 0.965572 -0.2403352 -0.1940444 0.8619064 -0.4684702 -0.2822118 0.67539 -0.6813258 -0.3517206 0.3940395 -0.8491322 -0.1793049 -0.3940429 -0.9014323 -0.1438708 -0.6753904 -0.7232905 -0.09892302 -0.8619055 -0.497326 -0.05074834 -0.9655719 -0.2551387 -0.0507453 0.9655724 -0.2551369 -0.09892231 0.8619059 -0.4973255 -0.1438705 0.6753888 -0.7232921 -0.1793058 0.3940406 -0.901433 0 1 0 0 1 -1.81422e-5 0 1 9.06968e-6 0 1 -9.07083e-6 0 1 1.81402e-5 0 1 -1.77929e-5 0 1 9.06966e-6 0 1 1.81424e-5 0 1 -1.7791e-5 0 1 1.9075e-6 0 1 -1.90741e-6 0 -1 1.81405e-5 0 -1 2.63489e-5 0 -1 -2.6349e-5 0 -1 -1.77918e-5 0 -1 -2.63489e-5 0 -1 2.63464e-5 0 -1 2.63488e-5 0 -1 -2.38105e-6 0 -1 -2.57727e-6 0 -1 -9.53713e-7 0 -1 -9.53713e-7 0 -1 1.58017e-6</float_array>
          <technique_common>
            <accessor source="#Cylinder-mesh-normals-array" count="630" stride="3">
              <param name="X" type="float"/>
              <param name="Y" type="float"/>
              <param name="Z" type="float"/>
            </accessor>
          </technique_common>
        </source>
        <source id="Cylinder-mesh-map-0">
          <float_array id="Cylinder-mesh-map-0-array" count="6504">0.96875 0.8333333 1 1 1 0.8333333 0.9375 0.8333333 0.96875 1 0.96875 0.8333333 0.90625 0.8333333 0.9375 1 0.9375 0.8333333 0.8750001 0.8333333 0.90625 1 0.90625 0.8333333 0.84375 0.8333333 0.8750001 1 0.8750001 0.8333333 0.8125 0.8333333 0.84375 1 0.84375 0.8333333 0.78125 0.8333333 0.8125 1 0.8125 0.8333333 0.75 0.8333333 0.78125 1 0.78125 0.8333333 0.71875 0.8333333 0.75 1 0.75 0.8333333 0.6875 0.8333333 0.71875 1 0.71875 0.8333333 0.65625 0.8333333 0.6875 1 0.6875 0.8333333 0.625 0.8333333 0.65625 1 0.65625 0.8333333 0.59375 0.8333333 0.625 1 0.625 0.8333333 0.5625 0.8333333 0.59375 1 0.59375 0.8333333 0.53125 0.8333333 0.5625 1 0.5625 0.8333333 0.5 0.8333333 0.53125 1 0.53125 0.8333333 0.46875 0.8333333 0.5 1 0.5 0.8333333 0.4375 0.8333333 0.46875 1 0.46875 0.8333333 0.40625 0.8333333 0.4375 1 0.4375 0.8333333 0.375 0.8333333 0.40625 1 0.40625 0.8333333 0.375 0.8333333 0.34375 1 0.375 1 0.34375 0.8333333 0.3125 1 0.34375 1 0.28125 0.8333333 0.3125 1 0.3125 0.8333333 0.25 0.8333333 0.28125 1 0.28125 0.8333333 0.21875 0.8333333 0.25 1 0.25 0.8333333 0.1875 0.8333333 0.21875 1 0.21875 0.8333333 0.15625 0.8333333 0.1875 1 0.1875 0.8333333 0.125 0.8333333 0.15625 1 0.15625 0.8333333 0.125 0.8333333 0.09375 1 0.125 1 0.09375 0.8333333 0.0625 1 0.09375 1 0.49 0.25 0.25 0.00999999 0.00999999 0.25 0.03125 0.8333333 0.0625 1 0.0625 0.8333333 0 0.8333333 0.03125 1 0.03125 0.8333333 0.5146116 0.2968217 0.7031784 0.01461154 0.9853885 0.2031783 0 0.5 0.03125 0.6666666 0.03125 0.5 0.9062498 0.7113215 0.9375 0.75 0.9374997 0.7113215 0.03125 0.5 0.0625 0.6666666 0.0625 0.5 0.0625 0.75 0.09375 0.7886785 0.09375 0.75 0.09375 0.5 0.0625 0.6666666 0.09375 0.6666666 0.5 0.75 0.46875 0.7886785 0.4999999 0.7886785 0.09375 0.5 0.125 0.6666666 0.125 0.5 0.90625 0.8333333 0.8750001 0.8333333 0.90625 0.8333333 0.125 0.5 0.15625 0.6666666 0.15625 0.5 0.0625 0.6666666 0.09375 0.6666666 0.09375 0.6666666 0.15625 0.5 0.1875 0.6666666 0.1875 0.5 0.46875 0.6666666 0.5 0.6666666 0.46875 0.6666666 0.21875 0.5 0.1875 0.6666666 0.21875 0.6666666 0.8750001 0.75 0.90625 0.7886785 0.90625 0.75 0.21875 0.5 0.25 0.6666666 0.25 0.5 0.09375017 0.7113215 0.0625 0.75 0.09375 0.75 0.25 0.5 0.28125 0.6666666 0.28125 0.5 0.46875 0.7113215 0.5 0.75 0.5 0.7113215 0.3125 0.5 0.28125 0.6666666 0.3125 0.6666666 0.8750001 0.7113215 0.90625 0.75 0.9062498 0.7113215 0.34375 0.5 0.3125 0.6666666 0.34375 0.6666666 0.03125 0.75 0.06249988 0.7886784 0.0625 0.75 0.34375 0.5 0.375 0.6666666 0.375 0.5 0.46875 0.75 0.4374998 0.7886785 0.46875 0.7886785 0.375 0.5 0.40625 0.6666666 0.40625 0.5 0.84375 0.75 0.8750001 0.7886785 0.8750001 0.75 0.40625 0.5 0.4375 0.6666666 0.4375 0.5 0.0625 0.7113215 0.03125 0.75 0.0625 0.75 0.4375 0.5 0.46875 0.6666666 0.46875 0.5 0.4374998 0.7113215 0.46875 0.75 0.46875 0.7113215 0.46875 0.5 0.5 0.6666666 0.5 0.5 0.8750001 0.7113215 0.84375 0.75 0.8750001 0.75 0.5 0.5 0.53125 0.6666666 0.53125 0.5 0.96875 0.75 1 0.7886785 1 0.75 0.53125 0.5 0.5625 0.6666666 0.5625 0.5 0.4375 0.75 0.4062501 0.7886785 0.4374998 0.7886785 0.5625 0.5 0.59375 0.6666666 0.59375 0.5 0.8125 0.75 0.84375 0.7886784 0.84375 0.75 0.59375 0.5 0.625 0.6666666 0.625 0.5 0.03125005 0.7113214 0 0.75 0.03125 0.75 0.625 0.5 0.65625 0.6666666 0.65625 0.5 0.40625 0.7113215 0.4375 0.75 0.4374998 0.7113215 0.65625 0.5 0.6875 0.6666666 0.6875 0.5 0.84375 0.7113215 0.8125 0.75 0.84375 0.75 0.6875 0.5 0.71875 0.6666666 0.71875 0.5 0.40625 0.75 0.375 0.7886785 0.4062501 0.7886785 0.71875 0.5 0.75 0.6666666 0.75 0.5 0.78125 0.75 0.8125 0.7886785 0.8125 0.75 0.75 0.5 0.78125 0.6666666 0.78125 0.5 0.40625 0.7113215 0.375 0.75 0.40625 0.75 0.78125 0.5 0.8125 0.6666666 0.8125 0.5 0.78125 0.7113215 0.8125 0.75 0.8125 0.7113215 0.8125 0.5 0.84375 0.6666666 0.84375 0.5 0.34375 0.75 0.375 0.7886785 0.375 0.75 0.84375 0.5 0.8750001 0.6666666 0.8750001 0.5 0.75 0.75 0.78125 0.7886785 0.78125 0.75 0.8750001 0.5 0.90625 0.6666666 0.90625 0.5 0.375 0.7113215 0.34375 0.75 0.375 0.75 0.90625 0.5 0.9375 0.6666666 0.9375 0.5 0.75 0.7113215 0.78125 0.75 0.78125 0.7113215 0.9375 0.5 0.96875 0.6666666 0.96875 0.5 0.3125 0.75 0.34375 0.7886785 0.34375 0.75 0.96875 0.5 1 0.6666666 1 0.5 0.75 0.75 0.71875 0.7886785 0.75 0.7886785 0.03125 0.8333333 0 0.8333333 0.03125 0.8333333 0.03125 0.6666666 0.0625 0.6666666 0.0625 0.6666666 0.09375 0.8333333 0.0625 0.8333333 0.09375 0.8333333 0.1250001 0.7113215 0.09375 0.75 0.125 0.75 0.1250001 0.7113215 0.15625 0.75 0.1562501 0.7113215 0.1562501 0.7113215 0.1875 0.75 0.1875001 0.7113215 0.21875 0.7113215 0.1875 0.75 0.21875 0.75 0.25 0.7113215 0.21875 0.75 0.25 0.75 0.28125 0.7113215 0.25 0.75 0.28125 0.75 0.3125 0.7113215 0.28125 0.75 0.3125 0.75 0.3125 0.6666666 0.34375 0.6666666 0.3125 0.6666666 0.34375 0.6666666 0.375 0.6666666 0.34375 0.6666666 0.375 0.6666666 0.40625 0.6666666 0.375 0.6666666 0.40625 0.6666666 0.4375 0.6666666 0.40625 0.6666666 0.4375 0.6666666 0.46875 0.6666666 0.4375 0.6666666 0.5 0.8333333 0.46875 0.8333333 0.46875 0.8333333 0.5 0.7113215 0.53125 0.75 0.53125 0.7113215 0.53125 0.7113215 0.5625 0.75 0.5625 0.7113215 0.59375 0.7113215 0.5625 0.75 0.59375 0.75 0.59375 0.7113215 0.625 0.75 0.625 0.7113215 0.625 0.7113215 0.65625 0.75 0.6562501 0.7113215 0.6562501 0.7113215 0.6875 0.75 0.6875 0.7113215 0.6875 0.7113215 0.71875 0.75 0.71875 0.7113215 0.71875 0.6666666 0.75 0.6666666 0.71875 0.6666666 0.75 0.6666666 0.78125 0.6666666 0.78125 0.6666666 0.78125 0.6666666 0.8125 0.6666666 0.8125 0.6666666 0.8125 0.6666666 0.84375 0.6666666 0.84375 0.6666666 0.84375 0.6666666 0.8750001 0.6666666 0.8750001 0.6666666 0.8750001 0.6666666 0.90625 0.6666666 0.90625 0.6666666 0.9375 0.8333333 0.90625 0.8333333 0.9375 0.8333333 0.96875 0.7113215 0.9375 0.75 0.96875 0.75 0.96875 0.8333333 0.9375 0.8333333 0.96875 0.8333333 0.53125 0.75 0.4999999 0.7886785 0.5312499 0.7886784 0.125 0.75 0.09375 0.7886785 0.125 0.7886784 0.9375 0.75 0.90625 0.7886785 0.9375 0.7886784 0.53125 0.8333333 0.5 0.8333333 0.5 0.8333333 0.125 0.8333333 0.09375 0.8333333 0.125 0.8333333 0.9375 0.75 0.9687498 0.7886785 0.96875 0.75 0.5625 0.75 0.5312499 0.7886784 0.5624999 0.7886784 0.15625 0.75 0.125 0.7886784 0.1562502 0.7886784 1 0.7113215 0.96875 0.75 1 0.75 0.5625 0.8333333 0.53125 0.8333333 0.53125 0.8333333 0.15625 0.8333333 0.125 0.8333333 0.15625 0.8333333 0 0.75 0.03125 0.7886785 0.03125 0.75 0.5625 0.75 0.5937499 0.7886784 0.59375 0.75 0.1875 0.75 0.15625 0.7886784 0.1874998 0.7886785 0.59375 0.8333333 0.5625 0.8333333 0.5625 0.8333333 0.1875 0.8333333 0.15625 0.8333333 0.1875 0.8333333 0.59375 0.75 0.625 0.7886784 0.625 0.75 0.21875 0.75 0.1874998 0.7886785 0.21875 0.7886785 0.625 0.8333333 0.59375 0.8333333 0.59375 0.8333333 0.21875 0.8333333 0.1875 0.8333333 0.21875 0.8333333 0.65625 0.75 0.625 0.7886784 0.6562502 0.7886785 0.25 0.75 0.21875 0.7886785 0.25 0.7886785 0.65625 0.8333333 0.625 0.8333333 0.625 0.8333333 0.25 0.8333333 0.21875 0.8333333 0.21875 0.8333333 0.6875 0.75 0.6562502 0.7886785 0.6875 0.7886784 0.25 0.75 0.28125 0.7886785 0.28125 0.75 0.6875 0.8333333 0.65625 0.8333333 0.65625 0.8333333 0.28125 0.8333333 0.25 0.8333333 0.25 0.8333333 0.71875 0.75 0.6875 0.7886784 0.71875 0.7886785 0.28125 0.75 0.3125 0.7886785 0.3125 0.75 0.71875 0.7113215 0.75 0.75 0.75 0.7113215 0.34375 0.7113215 0.3125 0.75 0.34375 0.75 0 0.6666666 0.03125 0.6666666 0.03125 0.6666666 0.9375 0.6666666 0.96875 0.6666666 0.96875 0.6666666 0.90625 0.6666666 0.9375 0.6666666 0.9375 0.6666666 0.8750001 0.8333333 0.84375 0.8333333 0.8750001 0.8333333 0.8437499 0.8333333 0.8125 0.8333333 0.84375 0.8333333 0.8125 0.8333333 0.78125 0.8333333 0.8125 0.8333333 0.78125 0.8333333 0.75 0.8333333 0.78125 0.8333333 0.75 0.8333334 0.71875 0.8333333 0.75 0.8333333 0.71875 0.8333333 0.6875 0.8333333 0.6875 0.8333333 0.6875 0.6666666 0.71875 0.6666666 0.71875 0.6666666 0.65625 0.6666666 0.6875 0.6666666 0.65625 0.6666666 0.625 0.6666666 0.65625 0.6666666 0.625 0.6666666 0.59375 0.6666666 0.625 0.6666666 0.59375 0.6666666 0.5625 0.6666666 0.59375 0.6666666 0.5625 0.6666666 0.53125 0.6666666 0.5625 0.6666666 0.53125 0.6666666 0.5 0.6666666 0.53125 0.6666666 0.5 0.6666666 0.46875 0.8333333 0.4375 0.8333333 0.4375 0.8333333 0.4375 0.8333333 0.40625 0.8333333 0.40625 0.8333333 0.40625 0.8333333 0.375 0.8333333 0.375 0.8333333 0.375 0.8333333 0.34375 0.8333333 0.34375 0.8333333 0.34375 0.8333333 0.3125 0.8333334 0.3125 0.8333333 0.3125 0.8333333 0.28125 0.8333333 0.28125 0.8333333 0.28125 0.6666666 0.3125 0.6666666 0.28125 0.6666666 0.25 0.6666666 0.28125 0.6666666 0.25 0.6666666 0.21875 0.6666666 0.25 0.6666666 0.21875 0.6666666 0.1875 0.6666666 0.21875 0.6666666 0.21875 0.6666666 0.15625 0.6666666 0.1875 0.6666666 0.1875 0.6666666 0.125 0.6666666 0.15625 0.6666666 0.15625 0.6666666 0.09375 0.6666666 0.125 0.6666666 0.125 0.6666666 0.0625 0.8333333 0.03125 0.8333333 0.0625 0.8333333 1 0.8333333 0.96875 0.8333333 1 0.8333333 0.03125005 0.7113214 3.44002e-4 0.6974576 0 0.7113216 0.03125 0.6974576 0.001347005 0.684821 3.44002e-4 0.6974576 0.03125011 0.684821 0 0.6666666 0.001347005 0.684821 0.03125 0.6666666 0 0.6666666 0 0.6666666 0.03125 0.6666666 0 0.6666666 0 0.6666666 0.03125 0.8333333 0 0.8333333 0.03125 0.8333333 0.03125 0.8333333 0 0.8333333 0.03125 0.8333333 0.03125029 0.815179 0 0.8333333 0.03125 0.8333333 0.03124988 0.8025424 0.001347184 0.815179 0.03125029 0.815179 0.03125 0.7886785 3.44111e-4 0.8025424 0.03124988 0.8025424 0.0625 0.7113215 0.03125 0.6974576 0.03124982 0.7113215 0.06250017 0.6974576 0.03125011 0.684821 0.03125 0.6974576 0.06250023 0.684821 0.03125 0.6666666 0.03125011 0.684821 0.0625 0.6666666 0.03125 0.6666666 0.03125 0.6666666 0.0625 0.6666666 0.03125 0.6666666 0.03125 0.6666666 0.0625 0.8333334 0.03125 0.8333333 0.0625 0.8333333 0.0625 0.8333333 0.03125 0.8333333 0.0625 0.8333334 0.06250017 0.815179 0.03125 0.8333333 0.0625 0.8333333 0.06249994 0.8025425 0.03125029 0.815179 0.06250017 0.815179 0.06249988 0.7886784 0.03124988 0.8025424 0.06249994 0.8025425 0.09375017 0.7113215 0.06250017 0.6974576 0.06250005 0.7113215 0.09374994 0.6974576 0.06250023 0.684821 0.06250017 0.6974576 0.09375035 0.684821 0.0625 0.6666666 0.06250023 0.684821 0.09375 0.6666666 0.0625 0.6666666 0.0625 0.6666666 0.09375 0.6666666 0.0625 0.6666666 0.0625 0.6666666 0.09375 0.8333333 0.0625 0.8333333 0.09375 0.8333333 0.09375 0.8333333 0.0625 0.8333334 0.09375 0.8333333 0.09375029 0.815179 0.0625 0.8333333 0.09375 0.8333333 0.09375005 0.8025425 0.06250017 0.815179 0.09375029 0.815179 0.09375 0.7886785 0.06249994 0.8025425 0.09375005 0.8025425 0.1250001 0.7113215 0.09374994 0.6974576 0.09375017 0.7113215 0.1250001 0.6974576 0.09375035 0.684821 0.09374994 0.6974576 0.1250001 0.684821 0.09375 0.6666666 0.09375035 0.684821 0.125 0.6666666 0.09375 0.6666666 0.09375 0.6666666 0.125 0.6666666 0.09375 0.6666666 0.09375 0.6666666 0.125 0.8333333 0.09375 0.8333333 0.125 0.8333333 0.125 0.8333333 0.09375 0.8333333 0.125 0.8333333 0.1250001 0.8151789 0.09375 0.8333333 0.125 0.8333333 0.125 0.8025424 0.09375029 0.815179 0.1250001 0.8151789 0.125 0.7886784 0.09375005 0.8025425 0.125 0.8025424 0.1562501 0.7113215 0.1250001 0.6974576 0.1250001 0.7113215 0.15625 0.6974576 0.1250001 0.684821 0.1250001 0.6974576 0.1562502 0.684821 0.125 0.6666666 0.1250001 0.684821 0.15625 0.6666666 0.125 0.6666666 0.125 0.6666666 0.15625 0.6666666 0.125 0.6666666 0.125 0.6666666 0.15625 0.8333334 0.125 0.8333333 0.15625 0.8333333 0.15625 0.8333333 0.125 0.8333333 0.15625 0.8333334 0.1562501 0.815179 0.125 0.8333333 0.15625 0.8333333 0.15625 0.8025425 0.1250001 0.8151789 0.1562501 0.815179 0.1562502 0.7886784 0.125 0.8025424 0.15625 0.8025425 0.1875001 0.7113215 0.15625 0.6974576 0.1562501 0.7113215 0.1875001 0.6974576 0.1562502 0.684821 0.15625 0.6974576 0.1875001 0.684821 0.15625 0.6666666 0.1562502 0.684821 0.1875 0.6666666 0.15625 0.6666666 0.15625 0.6666666 0.1875 0.6666666 0.15625 0.6666666 0.15625 0.6666666 0.1875 0.8333333 0.15625 0.8333333 0.1875 0.8333333 0.1875 0.8333333 0.15625 0.8333334 0.1875 0.8333333 0.1875001 0.8151789 0.15625 0.8333333 0.1875 0.8333333 0.1875 0.8025424 0.1562501 0.815179 0.1875001 0.8151789 0.1874998 0.7886785 0.15625 0.8025425 0.1875 0.8025424 0.21875 0.7113215 0.1875001 0.6974576 0.1875001 0.7113215 0.21875 0.684821 0.1875001 0.6974576 0.21875 0.6974576 0.21875 0.6666666 0.1875001 0.684821 0.21875 0.684821 0.21875 0.6666666 0.1875 0.6666666 0.21875 0.6666666 0.21875 0.6666666 0.1875 0.6666666 0.21875 0.6666666 0.21875 0.8333333 0.1875 0.8333333 0.1875 0.8333333 0.21875 0.8333333 0.1875 0.8333333 0.1875 0.8333333 0.21875 0.8333333 0.1875001 0.8151789 0.1875 0.8333333 0.21875 0.815179 0.1875 0.8025424 0.1875001 0.8151789 0.21875 0.7886785 0.1875 0.8025424 0.21875 0.8025425 0.25 0.6974576 0.21875 0.7113215 0.25 0.7113215 0.25 0.6974576 0.21875 0.684821 0.21875 0.6974576 0.2499999 0.684821 0.21875 0.6666666 0.21875 0.684821 0.25 0.6666666 0.21875 0.6666666 0.25 0.6666666 0.25 0.6666666 0.21875 0.6666666 0.25 0.6666666 0.25 0.8333333 0.21875 0.8333333 0.21875 0.8333333 0.25 0.8333333 0.21875 0.8333333 0.21875 0.8333333 0.2499999 0.815179 0.21875 0.8333333 0.25 0.8333333 0.25 0.8025425 0.21875 0.815179 0.2499999 0.815179 0.25 0.8025425 0.21875 0.7886785 0.21875 0.8025425 0.28125 0.6974576 0.25 0.7113215 0.28125 0.7113215 0.2812499 0.6848209 0.25 0.6974576 0.28125 0.6974576 0.28125 0.6666666 0.2499999 0.684821 0.2812499 0.6848209 0.28125 0.6666666 0.25 0.6666666 0.28125 0.6666666 0.28125 0.6666666 0.25 0.6666666 0.28125 0.6666666 0.28125 0.8333333 0.25 0.8333333 0.25 0.8333333 0.28125 0.8333333 0.25 0.8333333 0.25 0.8333333 0.28125 0.8333333 0.2499999 0.815179 0.25 0.8333333 0.2812499 0.815179 0.25 0.8025425 0.2499999 0.815179 0.28125 0.7886785 0.25 0.8025425 0.28125 0.8025425 0.3125 0.6974576 0.28125 0.7113215 0.3125 0.7113215 0.3124998 0.684821 0.28125 0.6974576 0.3125 0.6974576 0.3125 0.6666666 0.2812499 0.6848209 0.3124998 0.684821 0.3125 0.6666666 0.28125 0.6666666 0.28125 0.6666666 0.3125 0.6666666 0.28125 0.6666666 0.3125 0.6666666 0.3125 0.8333334 0.28125 0.8333333 0.28125 0.8333333 0.3125 0.8333333 0.28125 0.8333333 0.3125 0.8333333 0.3124998 0.815179 0.28125 0.8333333 0.3125 0.8333333 0.3124998 0.815179 0.28125 0.8025425 0.2812499 0.815179 0.3125 0.8025425 0.28125 0.7886785 0.28125 0.8025425 0.34375 0.6974576 0.3125 0.7113215 0.34375 0.7113215 0.3437497 0.684821 0.3125 0.6974576 0.34375 0.6974576 0.34375 0.6666666 0.3124998 0.684821 0.3437497 0.684821 0.34375 0.6666666 0.3125 0.6666666 0.34375 0.6666666 0.34375 0.6666666 0.3125 0.6666666 0.34375 0.6666666 0.34375 0.8333333 0.3125 0.8333333 0.3125 0.8333334 0.34375 0.8333333 0.3125 0.8333333 0.3125 0.8333333 0.34375 0.8333333 0.3124998 0.815179 0.3125 0.8333333 0.3437497 0.815179 0.3125 0.8025425 0.3124998 0.815179 0.34375 0.8025424 0.3125 0.7886785 0.3125 0.8025425 0.375 0.6974576 0.34375 0.7113215 0.375 0.7113215 0.3749999 0.684821 0.34375 0.6974576 0.375 0.6974576 0.375 0.6666666 0.3437497 0.684821 0.3749999 0.684821 0.375 0.6666666 0.34375 0.6666666 0.375 0.6666666 0.375 0.6666666 0.34375 0.6666666 0.375 0.6666666 0.375 0.8333333 0.34375 0.8333333 0.34375 0.8333333 0.375 0.8333333 0.34375 0.8333333 0.34375 0.8333333 0.375 0.8333333 0.3437497 0.815179 0.34375 0.8333333 0.3749997 0.8151789 0.34375 0.8025424 0.3437497 0.815179 0.3749998 0.8025425 0.34375 0.7886785 0.34375 0.8025424 0.4062501 0.6974576 0.375 0.7113215 0.40625 0.7113215 0.4062498 0.684821 0.375 0.6974576 0.4062501 0.6974576 0.40625 0.6666666 0.3749999 0.684821 0.4062498 0.684821 0.40625 0.6666666 0.375 0.6666666 0.40625 0.6666666 0.40625 0.6666666 0.375 0.6666666 0.40625 0.6666666 0.40625 0.8333333 0.375 0.8333333 0.375 0.8333333 0.40625 0.8333333 0.375 0.8333333 0.375 0.8333333 0.40625 0.8333333 0.3749997 0.8151789 0.375 0.8333333 0.4062498 0.815179 0.3749998 0.8025425 0.3749997 0.8151789 0.40625 0.8025425 0.375 0.7886785 0.3749998 0.8025425 0.4374998 0.6974576 0.40625 0.7113215 0.4374998 0.7113215 0.4374996 0.684821 0.4062501 0.6974576 0.4374998 0.6974576 0.4375 0.6666666 0.4062498 0.684821 0.4374996 0.684821 0.4375 0.6666666 0.40625 0.6666666 0.4375 0.6666666 0.4375 0.6666666 0.40625 0.6666666 0.4375 0.6666666 0.4375 0.8333333 0.40625 0.8333333 0.40625 0.8333333 0.4375 0.8333333 0.40625 0.8333333 0.40625 0.8333333 0.4375 0.8333333 0.4062498 0.815179 0.40625 0.8333333 0.4374997 0.8151789 0.40625 0.8025425 0.4062498 0.815179 0.4374999 0.8025424 0.4062501 0.7886785 0.40625 0.8025425 0.4687499 0.6974576 0.4374998 0.7113215 0.46875 0.7113215 0.4687498 0.684821 0.4374998 0.6974576 0.4687499 0.6974576 0.46875 0.6666666 0.4374996 0.684821 0.4687498 0.684821 0.4687501 0.6666666 0.4375 0.6666666 0.46875 0.6666666 0.46875 0.6666666 0.4375 0.6666666 0.4687501 0.6666666 0.46875 0.8333333 0.4375 0.8333333 0.4375 0.8333333 0.46875 0.8333333 0.4375 0.8333333 0.4375 0.8333333 0.46875 0.8333333 0.4374997 0.8151789 0.4375 0.8333333 0.4687497 0.8151789 0.4374999 0.8025424 0.4374997 0.8151789 0.4687501 0.8025425 0.4374998 0.7886785 0.4374999 0.8025424 0.5 0.6974576 0.46875 0.7113215 0.5 0.7113215 0.4999997 0.684821 0.4687499 0.6974576 0.5 0.6974576 0.5 0.6666666 0.4687498 0.684821 0.4999997 0.684821 0.5 0.6666666 0.46875 0.6666666 0.5 0.6666666 0.5 0.6666666 0.4687501 0.6666666 0.5 0.6666666 0.5 0.8333333 0.46875 0.8333333 0.46875 0.8333333 0.5 0.8333334 0.46875 0.8333333 0.46875 0.8333333 0.5 0.8333334 0.4687497 0.8151789 0.46875 0.8333333 0.4999997 0.815179 0.4687501 0.8025425 0.4687497 0.8151789 0.5000001 0.8025424 0.46875 0.7886785 0.4687501 0.8025425 0.5312499 0.6974576 0.5 0.7113215 0.53125 0.7113215 0.5312498 0.684821 0.5 0.6974576 0.5312499 0.6974576 0.53125 0.6666666 0.4999997 0.684821 0.5312498 0.684821 0.53125 0.6666666 0.5 0.6666666 0.53125 0.6666666 0.53125 0.6666666 0.5 0.6666666 0.53125 0.6666666 0.53125 0.8333333 0.5 0.8333334 0.5 0.8333333 0.53125 0.8333333 0.5 0.8333334 0.5 0.8333334 0.53125 0.8333333 0.4999997 0.815179 0.5 0.8333334 0.5312497 0.8151789 0.5000001 0.8025424 0.4999997 0.815179 0.5312498 0.8025425 0.4999999 0.7886785 0.5000001 0.8025424 0.5625 0.6974576 0.53125 0.7113215 0.5625 0.7113215 0.5624998 0.684821 0.5312499 0.6974576 0.5625 0.6974576 0.5625 0.6666666 0.5312498 0.684821 0.5624998 0.684821 0.5625 0.6666666 0.53125 0.6666666 0.5625 0.6666666 0.5625 0.6666666 0.53125 0.6666666 0.5625 0.6666666 0.5625 0.8333333 0.53125 0.8333333 0.53125 0.8333333 0.5625 0.8333333 0.53125 0.8333333 0.53125 0.8333333 0.5625 0.8333333 0.5312497 0.8151789 0.53125 0.8333333 0.5624997 0.8151789 0.5312498 0.8025425 0.5312497 0.8151789 0.5624998 0.8025425 0.5312499 0.7886784 0.5312498 0.8025425 0.59375 0.6974575 0.5625 0.7113215 0.59375 0.7113215 0.5937498 0.684821 0.5625 0.6974576 0.59375 0.6974575 0.59375 0.6666666 0.5624998 0.684821 0.5937498 0.684821 0.59375 0.6666666 0.5625 0.6666666 0.59375 0.6666666 0.59375 0.6666666 0.5625 0.6666666 0.59375 0.6666666 0.59375 0.8333333 0.5625 0.8333333 0.5625 0.8333333 0.59375 0.8333334 0.5625 0.8333333 0.5625 0.8333333 0.59375 0.8333333 0.5624997 0.8151789 0.5625 0.8333333 0.5937497 0.8151789 0.5624998 0.8025425 0.5624997 0.8151789 0.5937501 0.8025425 0.5624999 0.7886784 0.5624998 0.8025425 0.625 0.6974576 0.59375 0.7113215 0.625 0.7113215 0.6249997 0.684821 0.59375 0.6974575 0.625 0.6974576 0.6249998 0.6666666 0.5937498 0.684821 0.6249997 0.684821 0.625 0.6666666 0.59375 0.6666666 0.6249998 0.6666666 0.625 0.6666666 0.59375 0.6666666 0.625 0.6666666 0.625 0.8333333 0.59375 0.8333334 0.59375 0.8333333 0.625 0.8333333 0.59375 0.8333333 0.59375 0.8333334 0.625 0.8333334 0.5937497 0.8151789 0.59375 0.8333333 0.6249999 0.815179 0.5937501 0.8025425 0.5937497 0.8151789 0.6249999 0.8025425 0.5937499 0.7886784 0.5937501 0.8025425 0.65625 0.6974576 0.625 0.7113215 0.6562501 0.7113215 0.65625 0.684821 0.625 0.6974576 0.65625 0.6974576 0.65625 0.6666666 0.6249997 0.684821 0.65625 0.684821 0.65625 0.6666666 0.6249998 0.6666666 0.65625 0.6666666 0.65625 0.6666666 0.625 0.6666666 0.65625 0.6666666 0.65625 0.8333333 0.625 0.8333333 0.625 0.8333333 0.65625 0.8333334 0.625 0.8333334 0.625 0.8333333 0.65625 0.8333333 0.6249999 0.815179 0.625 0.8333334 0.6562501 0.815179 0.6249999 0.8025425 0.6249999 0.815179 0.65625 0.8025423 0.625 0.7886784 0.6249999 0.8025425 0.6875 0.6974576 0.6562501 0.7113215 0.6875 0.7113215 0.6874999 0.684821 0.65625 0.6974576 0.6875 0.6974576 0.6875 0.6666666 0.65625 0.684821 0.6874999 0.684821 0.6875 0.6666666 0.65625 0.6666666 0.6875 0.6666666 0.6875 0.6666666 0.65625 0.6666666 0.6875 0.6666666 0.6875 0.8333333 0.65625 0.8333334 0.65625 0.8333333 0.6875 0.8333334 0.65625 0.8333333 0.65625 0.8333334 0.6875 0.8333333 0.6562501 0.815179 0.65625 0.8333333 0.6874999 0.8151789 0.65625 0.8025423 0.6562501 0.815179 0.6875 0.8025424 0.6562502 0.7886785 0.65625 0.8025423 0.7187499 0.6974576 0.6875 0.7113215 0.71875 0.7113215 0.7187499 0.6974576 0.6874999 0.684821 0.6875 0.6974576 0.71875 0.6666666 0.6874999 0.684821 0.71875 0.684821 0.71875 0.6666666 0.6875 0.6666666 0.71875 0.6666666 0.71875 0.6666666 0.6875 0.6666666 0.71875 0.6666666 0.71875 0.8333333 0.6875 0.8333334 0.6875 0.8333333 0.71875 0.8333333 0.6875 0.8333333 0.6875 0.8333334 0.71875 0.8333333 0.6874999 0.8151789 0.6875 0.8333333 0.71875 0.815179 0.6875 0.8025424 0.6874999 0.8151789 0.7187499 0.8025424 0.6875 0.7886784 0.6875 0.8025424 0.75 0.6974576 0.71875 0.7113215 0.75 0.7113215 0.7500001 0.684821 0.7187499 0.6974576 0.75 0.6974576 0.75 0.6666666 0.71875 0.684821 0.7500001 0.684821 0.75 0.6666666 0.71875 0.6666666 0.75 0.6666666 0.75 0.6666666 0.71875 0.6666666 0.75 0.6666666 0.75 0.8333334 0.71875 0.8333333 0.71875 0.8333333 0.75 0.8333333 0.71875 0.8333333 0.75 0.8333333 0.75 0.8151789 0.71875 0.8333333 0.75 0.8333333 0.7499999 0.8025423 0.71875 0.815179 0.75 0.8151789 0.7499999 0.8025423 0.71875 0.7886785 0.7187499 0.8025424 0.78125 0.7113215 0.75 0.6974576 0.75 0.7113215 0.78125 0.6974576 0.7500001 0.684821 0.75 0.6974576 0.7812501 0.684821 0.75 0.6666666 0.7500001 0.684821 0.78125 0.6666666 0.75 0.6666666 0.75 0.6666666 0.78125 0.6666666 0.75 0.6666666 0.75 0.6666666 0.78125 0.8333334 0.75 0.8333334 0.78125 0.8333333 0.78125 0.8333333 0.75 0.8333333 0.78125 0.8333334 0.7812501 0.815179 0.75 0.8333333 0.78125 0.8333333 0.78125 0.8025425 0.75 0.8151789 0.7812501 0.815179 0.78125 0.7886785 0.7499999 0.8025423 0.78125 0.8025425 0.8125 0.7113215 0.78125 0.6974576 0.78125 0.7113215 0.8125001 0.684821 0.78125 0.6974576 0.8124999 0.6974576 0.8125001 0.684821 0.78125 0.6666666 0.7812501 0.684821 0.8125 0.6666666 0.78125 0.6666666 0.78125 0.6666666 0.8125 0.6666666 0.78125 0.6666666 0.78125 0.6666666 0.8125 0.8333333 0.78125 0.8333333 0.8125 0.8333333 0.8125 0.8333333 0.78125 0.8333334 0.8125 0.8333333 0.8125002 0.8151789 0.78125 0.8333333 0.8125 0.8333333 0.8125001 0.8025425 0.7812501 0.815179 0.8125002 0.8151789 0.8125001 0.8025425 0.78125 0.7886785 0.78125 0.8025425 0.84375 0.7113215 0.8124999 0.6974576 0.8125 0.7113215 0.8437501 0.6974576 0.8125001 0.684821 0.8124999 0.6974576 0.8437502 0.684821 0.8125 0.6666666 0.8125001 0.684821 0.84375 0.6666666 0.8125 0.6666666 0.8125 0.6666666 0.84375 0.6666666 0.8125 0.6666666 0.8125 0.6666666 0.84375 0.8333333 0.8125 0.8333333 0.8437499 0.8333333 0.8437499 0.8333333 0.8125 0.8333333 0.84375 0.8333333 0.8437501 0.815179 0.8125 0.8333333 0.8437499 0.8333333 0.84375 0.8025423 0.8125002 0.8151789 0.8437501 0.815179 0.84375 0.7886784 0.8125001 0.8025425 0.84375 0.8025423 0.8750001 0.7113215 0.8437501 0.6974576 0.84375 0.7113215 0.8750001 0.6974576 0.8437502 0.684821 0.8437501 0.6974576 0.8750001 0.684821 0.84375 0.6666666 0.8437502 0.684821 0.8750001 0.6666666 0.84375 0.6666666 0.84375 0.6666666 0.8750001 0.6666666 0.84375 0.6666666 0.84375 0.6666666 0.8750001 0.8333334 0.8437499 0.8333333 0.8750001 0.8333333 0.8750001 0.8333333 0.84375 0.8333333 0.8750001 0.8333334 0.8750002 0.815179 0.8437499 0.8333333 0.8750001 0.8333333 0.8750001 0.8025424 0.8437501 0.815179 0.8750002 0.815179 0.8750001 0.7886785 0.84375 0.8025423 0.8750001 0.8025424 0.9062498 0.7113215 0.8750001 0.6974576 0.8750001 0.7113215 0.90625 0.6974576 0.8750001 0.684821 0.8750001 0.6974576 0.9062502 0.684821 0.8750001 0.6666666 0.8750001 0.684821 0.90625 0.6666666 0.8750001 0.6666666 0.8750001 0.6666666 0.90625 0.6666666 0.8750001 0.6666666 0.8750001 0.6666666 0.90625 0.8333334 0.8750001 0.8333333 0.90625 0.8333333 0.90625 0.8333333 0.8750001 0.8333334 0.90625 0.8333334 0.9062504 0.815179 0.8750001 0.8333333 0.90625 0.8333333 0.9062502 0.8025425 0.8750002 0.815179 0.9062504 0.815179 0.90625 0.7886785 0.8750001 0.8025424 0.9062502 0.8025425 0.9374997 0.7113215 0.90625 0.6974576 0.9062498 0.7113215 0.9375 0.6974576 0.9062502 0.684821 0.90625 0.6974576 0.9375001 0.684821 0.90625 0.6666666 0.9062502 0.684821 0.9375 0.6666666 0.90625 0.6666666 0.90625 0.6666666 0.9375 0.6666666 0.90625 0.6666666 0.90625 0.6666666 0.9375 0.8333334 0.90625 0.8333333 0.9375 0.8333333 0.9375 0.8333334 0.90625 0.8333334 0.9375 0.8333334 0.9375004 0.815179 0.90625 0.8333333 0.9375 0.8333334 0.9375002 0.8025425 0.9062504 0.815179 0.9375004 0.815179 0.9375 0.7886784 0.9062502 0.8025425 0.9375002 0.8025425 0.96875 0.7113215 0.9375 0.6974576 0.9374997 0.7113215 0.9687501 0.6974576 0.9375001 0.684821 0.9375 0.6974576 0.9687504 0.684821 0.9375 0.6666666 0.9375001 0.684821 0.96875 0.6666666 0.9375 0.6666666 0.9375 0.6666666 0.9687501 0.6666666 0.9375 0.6666666 0.9375 0.6666666 0.96875 0.8333333 0.9375 0.8333333 0.96875 0.8333333 0.96875 0.8333333 0.9375 0.8333334 0.96875 0.8333333 0.9687504 0.815179 0.9375 0.8333334 0.96875 0.8333333 0.9687501 0.8025425 0.9375004 0.815179 0.9687504 0.815179 0.9687498 0.7886785 0.9375002 0.8025425 0.9687501 0.8025425 1 0.7113215 0.9687501 0.6974576 0.96875 0.7113215 0.999656 0.6974575 0.9687504 0.684821 0.9687501 0.6974576 0.9986537 0.684821 0.96875 0.6666666 0.9687504 0.684821 1 0.6666666 0.9687501 0.6666666 0.96875 0.6666666 1 0.6666666 0.96875 0.6666666 0.9687501 0.6666666 1 0.8333333 0.96875 0.8333333 1 0.8333333 1 0.8333333 0.96875 0.8333333 1 0.8333333 0.9986537 0.815179 0.96875 0.8333333 1 0.8333333 0.999656 0.8025424 0.9687504 0.815179 0.9986537 0.815179 1 0.7886785 0.9687501 0.8025425 0.999656 0.8025424 0.96875 0.6666666 1 0.6666666 1 0.6666666 0.96875 0.8333333 0.96875 1 1 1 0.9375 0.8333333 0.9375 1 0.96875 1 0.90625 0.8333333 0.90625 1 0.9375 1 0.8750001 0.8333333 0.8750001 1 0.90625 1 0.84375 0.8333333 0.84375 1 0.8750001 1 0.8125 0.8333333 0.8125 1 0.84375 1 0.78125 0.8333333 0.78125 1 0.8125 1 0.75 0.8333333 0.75 1 0.78125 1 0.71875 0.8333333 0.71875 1 0.75 1 0.6875 0.8333333 0.6875 1 0.71875 1 0.65625 0.8333333 0.65625 1 0.6875 1 0.625 0.8333333 0.625 1 0.65625 1 0.59375 0.8333333 0.59375 1 0.625 1 0.5625 0.8333333 0.5625 1 0.59375 1 0.53125 0.8333333 0.53125 1 0.5625 1 0.5 0.8333333 0.5 1 0.53125 1 0.46875 0.8333333 0.46875 1 0.5 1 0.4375 0.8333333 0.4375 1 0.46875 1 0.40625 0.8333333 0.40625 1 0.4375 1 0.375 0.8333333 0.375 1 0.40625 1 0.375 0.8333333 0.34375 0.8333333 0.34375 1 0.34375 0.8333333 0.3125 0.8333333 0.3125 1 0.28125 0.8333333 0.28125 1 0.3125 1 0.25 0.8333333 0.25 1 0.28125 1 0.21875 0.8333333 0.21875 1 0.25 1 0.1875 0.8333333 0.1875 1 0.21875 1 0.15625 0.8333333 0.15625 1 0.1875 1 0.125 0.8333333 0.125 1 0.15625 1 0.125 0.8333333 0.09375 0.8333333 0.09375 1 0.09375 0.8333333 0.0625 0.8333333 0.0625 1 0.25 0.49 0.2968217 0.4853885 0.341844 0.4717311 0.341844 0.4717311 0.3833369 0.4495527 0.25 0.49 0.3833369 0.4495527 0.4197056 0.4197056 0.25 0.49 0.4197056 0.4197056 0.4495527 0.3833369 0.4717311 0.341844 0.4717311 0.341844 0.4853885 0.2968217 0.4197056 0.4197056 0.4853885 0.2968217 0.49 0.25 0.4197056 0.4197056 0.49 0.25 0.4853885 0.2031783 0.4197056 0.08029437 0.4853885 0.2031783 0.4717311 0.1581559 0.4197056 0.08029437 0.4717311 0.1581559 0.4495527 0.116663 0.4197056 0.08029437 0.4197056 0.08029437 0.3833369 0.05044728 0.25 0.00999999 0.3833369 0.05044728 0.341844 0.02826887 0.25 0.00999999 0.341844 0.02826887 0.2968217 0.01461154 0.25 0.00999999 0.25 0.00999999 0.2031783 0.01461154 0.1581559 0.02826887 0.1581559 0.02826887 0.116663 0.05044728 0.25 0.00999999 0.116663 0.05044728 0.08029437 0.08029437 0.25 0.00999999 0.08029437 0.08029437 0.05044728 0.116663 0.02826887 0.1581559 0.02826887 0.1581559 0.01461154 0.2031783 0.08029437 0.08029437 0.01461154 0.2031783 0.00999999 0.25 0.08029437 0.08029437 0.00999999 0.25 0.01461154 0.2968217 0.08029437 0.4197056 0.01461154 0.2968217 0.02826887 0.341844 0.08029437 0.4197056 0.02826887 0.341844 0.05044728 0.3833369 0.08029437 0.4197056 0.08029437 0.4197056 0.116663 0.4495527 0.25 0.49 0.116663 0.4495527 0.1581559 0.4717311 0.25 0.49 0.1581559 0.4717311 0.2031783 0.4853885 0.25 0.49 0.25 0.49 0.4197056 0.4197056 0.49 0.25 0.49 0.25 0.4197056 0.08029437 0.25 0.00999999 0.25 0.00999999 0.08029437 0.08029437 0.00999999 0.25 0.00999999 0.25 0.08029437 0.4197056 0.25 0.49 0.25 0.49 0.49 0.25 0.00999999 0.25 0.03125 0.8333333 0.03125 1 0.0625 1 0 0.8333333 0 1 0.03125 1 0.7968217 0.4853885 0.75 0.49 0.6166632 0.4495527 0.75 0.49 0.7031784 0.4853885 0.6166632 0.4495527 0.7031784 0.4853885 0.658156 0.4717311 0.6166632 0.4495527 0.6166632 0.4495527 0.5802944 0.4197056 0.5146116 0.2968217 0.5802944 0.4197056 0.5504473 0.3833369 0.5146116 0.2968217 0.5504473 0.3833369 0.5282689 0.341844 0.5146116 0.2968217 0.5146116 0.2968217 0.51 0.25 0.5504473 0.116663 0.51 0.25 0.5146116 0.2031783 0.5504473 0.116663 0.5146116 0.2031783 0.5282689 0.1581559 0.5504473 0.116663 0.5504473 0.116663 0.5802944 0.08029437 0.7031784 0.01461154 0.5802944 0.08029437 0.6166632 0.05044728 0.7031784 0.01461154 0.6166632 0.05044728 0.658156 0.02826887 0.7031784 0.01461154 0.7031784 0.01461154 0.75 0.00999999 0.8833369 0.05044728 0.75 0.00999999 0.7968217 0.01461154 0.8833369 0.05044728 0.7968217 0.01461154 0.841844 0.02826887 0.8833369 0.05044728 0.8833369 0.05044728 0.9197056 0.08029437 0.9853885 0.2031783 0.9197056 0.08029437 0.9495527 0.116663 0.9853885 0.2031783 0.9495527 0.116663 0.9717311 0.1581559 0.9853885 0.2031783 0.9853885 0.2031783 0.99 0.25 0.9495527 0.3833369 0.99 0.25 0.9853885 0.2968217 0.9495527 0.3833369 0.9853885 0.2968217 0.9717311 0.341844 0.9495527 0.3833369 0.9495527 0.3833369 0.9197056 0.4197056 0.8833369 0.4495527 0.8833369 0.4495527 0.841844 0.4717311 0.7968217 0.4853885 0.9495527 0.3833369 0.8833369 0.4495527 0.9853885 0.2031783 0.8833369 0.4495527 0.7968217 0.4853885 0.9853885 0.2031783 0.7968217 0.4853885 0.6166632 0.4495527 0.5146116 0.2968217 0.5146116 0.2968217 0.5504473 0.116663 0.7031784 0.01461154 0.7031784 0.01461154 0.8833369 0.05044728 0.9853885 0.2031783 0.7968217 0.4853885 0.5146116 0.2968217 0.9853885 0.2031783 0 0.5 0 0.6666666 0.03125 0.6666666 0.9062498 0.7113215 0.90625 0.75 0.9375 0.75 0.03125 0.5 0.03125 0.6666666 0.0625 0.6666666 0.0625 0.75 0.0625 0.7886785 0.09375 0.7886785 0.09375 0.5 0.0625 0.5 0.0625 0.6666666 0.5 0.75 0.46875 0.75 0.46875 0.7886785 0.09375 0.5 0.09375 0.6666666 0.125 0.6666666 0.90625 0.8333333 0.8750001 0.8333333 0.8750001 0.8333333 0.125 0.5 0.125 0.6666666 0.15625 0.6666666 0.0625 0.6666666 0.0625 0.6666666 0.09375 0.6666666 0.15625 0.5 0.15625 0.6666666 0.1875 0.6666666 0.46875 0.6666666 0.5 0.6666666 0.5 0.6666666 0.21875 0.5 0.1875 0.5 0.1875 0.6666666 0.8750001 0.75 0.8750001 0.7886785 0.90625 0.7886785 0.21875 0.5 0.21875 0.6666666 0.25 0.6666666 0.09375017 0.7113215 0.06250005 0.7113215 0.0625 0.75 0.25 0.5 0.25 0.6666666 0.28125 0.6666666 0.46875 0.7113215 0.46875 0.75 0.5 0.75 0.3125 0.5 0.28125 0.5 0.28125 0.6666666 0.8750001 0.7113215 0.8750001 0.75 0.90625 0.75 0.34375 0.5 0.3125 0.5 0.3125 0.6666666 0.03125 0.75 0.03124982 0.7886785 0.06249988 0.7886784 0.34375 0.5 0.34375 0.6666666 0.375 0.6666666 0.46875 0.75 0.4375 0.75 0.4374998 0.7886785 0.375 0.5 0.375 0.6666666 0.40625 0.6666666 0.84375 0.75 0.84375 0.7886784 0.8750001 0.7886785 0.40625 0.5 0.40625 0.6666666 0.4375 0.6666666 0.0625 0.7113215 0.03124982 0.7113215 0.03125 0.75 0.4375 0.5 0.4375 0.6666666 0.46875 0.6666666 0.4374998 0.7113215 0.4375 0.75 0.46875 0.75 0.46875 0.5 0.46875 0.6666666 0.5 0.6666666 0.8750001 0.7113215 0.84375 0.7113215 0.84375 0.75 0.5 0.5 0.5 0.6666666 0.53125 0.6666666 0.96875 0.75 0.9687498 0.7886785 1 0.7886785 0.53125 0.5 0.53125 0.6666666 0.5625 0.6666666 0.4375 0.75 0.40625 0.75 0.4062501 0.7886785 0.5625 0.5 0.5625 0.6666666 0.59375 0.6666666 0.8125 0.75 0.8125 0.7886785 0.84375 0.7886784 0.59375 0.5 0.59375 0.6666666 0.625 0.6666666 0.03125005 0.7113214 0 0.7113216 0 0.75 0.625 0.5 0.625 0.6666666 0.65625 0.6666666 0.40625 0.7113215 0.40625 0.75 0.4375 0.75 0.65625 0.5 0.65625 0.6666666 0.6875 0.6666666 0.84375 0.7113215 0.8125 0.7113215 0.8125 0.75 0.6875 0.5 0.6875 0.6666666 0.71875 0.6666666 0.40625 0.75 0.375 0.75 0.375 0.7886785 0.71875 0.5 0.71875 0.6666666 0.75 0.6666666 0.78125 0.75 0.78125 0.7886785 0.8125 0.7886785 0.75 0.5 0.75 0.6666666 0.78125 0.6666666 0.40625 0.7113215 0.375 0.7113215 0.375 0.75 0.78125 0.5 0.78125 0.6666666 0.8125 0.6666666 0.78125 0.7113215 0.78125 0.75 0.8125 0.75 0.8125 0.5 0.8125 0.6666666 0.84375 0.6666666 0.34375 0.75 0.34375 0.7886785 0.375 0.7886785 0.84375 0.5 0.84375 0.6666666 0.8750001 0.6666666 0.75 0.75 0.75 0.7886785 0.78125 0.7886785 0.8750001 0.5 0.8750001 0.6666666 0.90625 0.6666666 0.375 0.7113215 0.34375 0.7113215 0.34375 0.75 0.90625 0.5 0.90625 0.6666666 0.9375 0.6666666 0.75 0.7113215 0.75 0.75 0.78125 0.75 0.9375 0.5 0.9375 0.6666666 0.96875 0.6666666 0.3125 0.75 0.3125 0.7886785 0.34375 0.7886785 0.96875 0.5 0.96875 0.6666666 1 0.6666666 0.75 0.75 0.71875 0.75 0.71875 0.7886785 0.03125 0.8333333 0 0.8333333 0 0.8333333 0.03125 0.6666666 0.03125 0.6666666 0.0625 0.6666666 0.09375 0.8333333 0.0625 0.8333333 0.0625 0.8333333 0.1250001 0.7113215 0.09375017 0.7113215 0.09375 0.75 0.1250001 0.7113215 0.125 0.75 0.15625 0.75 0.1562501 0.7113215 0.15625 0.75 0.1875 0.75 0.21875 0.7113215 0.1875001 0.7113215 0.1875 0.75 0.25 0.7113215 0.21875 0.7113215 0.21875 0.75 0.28125 0.7113215 0.25 0.7113215 0.25 0.75 0.3125 0.7113215 0.28125 0.7113215 0.28125 0.75 0.3125 0.6666666 0.34375 0.6666666 0.34375 0.6666666 0.34375 0.6666666 0.375 0.6666666 0.375 0.6666666 0.375 0.6666666 0.40625 0.6666666 0.40625 0.6666666 0.40625 0.6666666 0.4375 0.6666666 0.4375 0.6666666 0.4375 0.6666666 0.46875 0.6666666 0.46875 0.6666666 0.5 0.8333333 0.5 0.8333333 0.46875 0.8333333 0.5 0.7113215 0.5 0.75 0.53125 0.75 0.53125 0.7113215 0.53125 0.75 0.5625 0.75 0.59375 0.7113215 0.5625 0.7113215 0.5625 0.75 0.59375 0.7113215 0.59375 0.75 0.625 0.75 0.625 0.7113215 0.625 0.75 0.65625 0.75 0.6562501 0.7113215 0.65625 0.75 0.6875 0.75 0.6875 0.7113215 0.6875 0.75 0.71875 0.75 0.71875 0.6666666 0.75 0.6666666 0.75 0.6666666 0.75 0.6666666 0.75 0.6666666 0.78125 0.6666666 0.78125 0.6666666 0.78125 0.6666666 0.8125 0.6666666 0.8125 0.6666666 0.8125 0.6666666 0.84375 0.6666666 0.84375 0.6666666 0.84375 0.6666666 0.8750001 0.6666666 0.8750001 0.6666666 0.8750001 0.6666666 0.90625 0.6666666 0.9375 0.8333333 0.90625 0.8333333 0.90625 0.8333333 0.96875 0.7113215 0.9374997 0.7113215 0.9375 0.75 0.96875 0.8333333 0.9375 0.8333333 0.9375 0.8333333 0.53125 0.75 0.5 0.75 0.4999999 0.7886785 0.125 0.75 0.09375 0.75 0.09375 0.7886785 0.9375 0.75 0.90625 0.75 0.90625 0.7886785 0.53125 0.8333333 0.53125 0.8333333 0.5 0.8333333 0.125 0.8333333 0.09375 0.8333333 0.09375 0.8333333 0.9375 0.75 0.9375 0.7886784 0.9687498 0.7886785 0.5625 0.75 0.53125 0.75 0.5312499 0.7886784 0.15625 0.75 0.125 0.75 0.125 0.7886784 1 0.7113215 0.96875 0.7113215 0.96875 0.75 0.5625 0.8333333 0.5625 0.8333333 0.53125 0.8333333 0.15625 0.8333333 0.125 0.8333333 0.125 0.8333333 0 0.75 0 0.7886784 0.03125 0.7886785 0.5625 0.75 0.5624999 0.7886784 0.5937499 0.7886784 0.1875 0.75 0.15625 0.75 0.15625 0.7886784 0.59375 0.8333333 0.59375 0.8333333 0.5625 0.8333333 0.1875 0.8333333 0.15625 0.8333333 0.15625 0.8333333 0.59375 0.75 0.5937499 0.7886784 0.625 0.7886784 0.21875 0.75 0.1875 0.75 0.1874998 0.7886785 0.625 0.8333333 0.625 0.8333333 0.59375 0.8333333 0.21875 0.8333333 0.1875 0.8333333 0.1875 0.8333333 0.65625 0.75 0.625 0.75 0.625 0.7886784 0.25 0.75 0.21875 0.75 0.21875 0.7886785 0.65625 0.8333333 0.65625 0.8333333 0.625 0.8333333 0.25 0.8333333 0.25 0.8333333 0.21875 0.8333333 0.6875 0.75 0.65625 0.75 0.6562502 0.7886785 0.25 0.75 0.25 0.7886785 0.28125 0.7886785 0.6875 0.8333333 0.6875 0.8333333 0.65625 0.8333333 0.28125 0.8333333 0.28125 0.8333333 0.25 0.8333333 0.71875 0.75 0.6875 0.75 0.6875 0.7886784 0.28125 0.75 0.28125 0.7886785 0.3125 0.7886785 0.71875 0.7113215 0.71875 0.75 0.75 0.75 0.34375 0.7113215 0.3125 0.7113215 0.3125 0.75 0 0.6666666 0 0.6666666 0.03125 0.6666666 0.9375 0.6666666 0.9375 0.6666666 0.96875 0.6666666 0.90625 0.6666666 0.90625 0.6666666 0.9375 0.6666666 0.8750001 0.8333333 0.8437499 0.8333333 0.84375 0.8333333 0.8437499 0.8333333 0.8125 0.8333333 0.8125 0.8333333 0.8125 0.8333333 0.78125 0.8333333 0.78125 0.8333333 0.78125 0.8333333 0.75 0.8333334 0.75 0.8333333 0.75 0.8333334 0.71875 0.8333333 0.71875 0.8333333 0.71875 0.8333333 0.71875 0.8333333 0.6875 0.8333333 0.6875 0.6666666 0.6875 0.6666666 0.71875 0.6666666 0.65625 0.6666666 0.6875 0.6666666 0.6875 0.6666666 0.625 0.6666666 0.65625 0.6666666 0.65625 0.6666666 0.59375 0.6666666 0.625 0.6666666 0.625 0.6666666 0.5625 0.6666666 0.59375 0.6666666 0.59375 0.6666666 0.53125 0.6666666 0.5625 0.6666666 0.5625 0.6666666 0.5 0.6666666 0.53125 0.6666666 0.53125 0.6666666 0.46875 0.8333333 0.46875 0.8333333 0.4375 0.8333333 0.4375 0.8333333 0.4375 0.8333333 0.40625 0.8333333 0.40625 0.8333333 0.40625 0.8333333 0.375 0.8333333 0.375 0.8333333 0.375 0.8333333 0.34375 0.8333333 0.34375 0.8333333 0.34375 0.8333333 0.3125 0.8333334 0.3125 0.8333333 0.3125 0.8333334 0.28125 0.8333333 0.28125 0.6666666 0.3125 0.6666666 0.3125 0.6666666 0.25 0.6666666 0.28125 0.6666666 0.28125 0.6666666 0.21875 0.6666666 0.25 0.6666666 0.25 0.6666666 0.1875 0.6666666 0.1875 0.6666666 0.21875 0.6666666 0.15625 0.6666666 0.15625 0.6666666 0.1875 0.6666666 0.125 0.6666666 0.125 0.6666666 0.15625 0.6666666 0.09375 0.6666666 0.09375 0.6666666 0.125 0.6666666 0.0625 0.8333333 0.03125 0.8333333 0.03125 0.8333333 1 0.8333333 0.96875 0.8333333 0.96875 0.8333333 0.03125005 0.7113214 0.03125 0.6974576 3.44002e-4 0.6974576 0.03125 0.6974576 0.03125011 0.684821 0.001347005 0.684821 0.03125011 0.684821 0.03125 0.6666666 0 0.6666666 0.03125 0.6666666 0.03125 0.6666666 0 0.6666666 0.03125 0.6666666 0.03125 0.6666666 0 0.6666666 0.03125 0.8333333 0 0.8333333 0 0.8333333 0.03125 0.8333333 0 0.8333333 0 0.8333333 0.03125029 0.815179 0.001347184 0.815179 0 0.8333333 0.03124988 0.8025424 3.44111e-4 0.8025424 0.001347184 0.815179 0.03125 0.7886785 0 0.7886784 3.44111e-4 0.8025424 0.0625 0.7113215 0.06250017 0.6974576 0.03125 0.6974576 0.06250017 0.6974576 0.06250023 0.684821 0.03125011 0.684821 0.06250023 0.684821 0.0625 0.6666666 0.03125 0.6666666 0.0625 0.6666666 0.0625 0.6666666 0.03125 0.6666666 0.0625 0.6666666 0.0625 0.6666666 0.03125 0.6666666 0.0625 0.8333334 0.03125 0.8333333 0.03125 0.8333333 0.0625 0.8333333 0.03125 0.8333333 0.03125 0.8333333 0.06250017 0.815179 0.03125029 0.815179 0.03125 0.8333333 0.06249994 0.8025425 0.03124988 0.8025424 0.03125029 0.815179 0.06249988 0.7886784 0.03124982 0.7886785 0.03124988 0.8025424 0.09375017 0.7113215 0.09374994 0.6974576 0.06250017 0.6974576 0.09374994 0.6974576 0.09375035 0.684821 0.06250023 0.684821 0.09375035 0.684821 0.09375 0.6666666 0.0625 0.6666666 0.09375 0.6666666 0.09375 0.6666666 0.0625 0.6666666 0.09375 0.6666666 0.09375 0.6666666 0.0625 0.6666666 0.09375 0.8333333 0.0625 0.8333334 0.0625 0.8333333 0.09375 0.8333333 0.0625 0.8333333 0.0625 0.8333334 0.09375029 0.815179 0.06250017 0.815179 0.0625 0.8333333 0.09375005 0.8025425 0.06249994 0.8025425 0.06250017 0.815179 0.09375 0.7886785 0.0625 0.7886785 0.06249994 0.8025425 0.1250001 0.7113215 0.1250001 0.6974576 0.09374994 0.6974576 0.1250001 0.6974576 0.1250001 0.684821 0.09375035 0.684821 0.1250001 0.684821 0.125 0.6666666 0.09375 0.6666666 0.125 0.6666666 0.125 0.6666666 0.09375 0.6666666 0.125 0.6666666 0.125 0.6666666 0.09375 0.6666666 0.125 0.8333333 0.09375 0.8333333 0.09375 0.8333333 0.125 0.8333333 0.09375 0.8333333 0.09375 0.8333333 0.1250001 0.8151789 0.09375029 0.815179 0.09375 0.8333333 0.125 0.8025424 0.09375005 0.8025425 0.09375029 0.815179 0.125 0.7886784 0.09375 0.7886785 0.09375005 0.8025425 0.1562501 0.7113215 0.15625 0.6974576 0.1250001 0.6974576 0.15625 0.6974576 0.1562502 0.684821 0.1250001 0.684821 0.1562502 0.684821 0.15625 0.6666666 0.125 0.6666666 0.15625 0.6666666 0.15625 0.6666666 0.125 0.6666666 0.15625 0.6666666 0.15625 0.6666666 0.125 0.6666666 0.15625 0.8333334 0.125 0.8333333 0.125 0.8333333 0.15625 0.8333333 0.125 0.8333333 0.125 0.8333333 0.1562501 0.815179 0.1250001 0.8151789 0.125 0.8333333 0.15625 0.8025425 0.125 0.8025424 0.1250001 0.8151789 0.1562502 0.7886784 0.125 0.7886784 0.125 0.8025424 0.1875001 0.7113215 0.1875001 0.6974576 0.15625 0.6974576 0.1875001 0.6974576 0.1875001 0.684821 0.1562502 0.684821 0.1875001 0.684821 0.1875 0.6666666 0.15625 0.6666666 0.1875 0.6666666 0.1875 0.6666666 0.15625 0.6666666 0.1875 0.6666666 0.1875 0.6666666 0.15625 0.6666666 0.1875 0.8333333 0.15625 0.8333334 0.15625 0.8333333 0.1875 0.8333333 0.15625 0.8333333 0.15625 0.8333334 0.1875001 0.8151789 0.1562501 0.815179 0.15625 0.8333333 0.1875 0.8025424 0.15625 0.8025425 0.1562501 0.815179 0.1874998 0.7886785 0.15625 0.7886784 0.15625 0.8025425 0.21875 0.7113215 0.21875 0.6974576 0.1875001 0.6974576 0.21875 0.684821 0.1875001 0.684821 0.1875001 0.6974576 0.21875 0.6666666 0.1875 0.6666666 0.1875001 0.684821 0.21875 0.6666666 0.1875 0.6666666 0.1875 0.6666666 0.21875 0.6666666 0.1875 0.6666666 0.1875 0.6666666 0.21875 0.8333333 0.21875 0.8333333 0.1875 0.8333333 0.21875 0.8333333 0.21875 0.8333333 0.1875 0.8333333 0.21875 0.8333333 0.21875 0.815179 0.1875001 0.8151789 0.21875 0.815179 0.21875 0.8025425 0.1875 0.8025424 0.21875 0.7886785 0.1874998 0.7886785 0.1875 0.8025424 0.25 0.6974576 0.21875 0.6974576 0.21875 0.7113215 0.25 0.6974576 0.2499999 0.684821 0.21875 0.684821 0.2499999 0.684821 0.25 0.6666666 0.21875 0.6666666 0.25 0.6666666 0.21875 0.6666666 0.21875 0.6666666 0.25 0.6666666 0.21875 0.6666666 0.21875 0.6666666 0.25 0.8333333 0.25 0.8333333 0.21875 0.8333333 0.25 0.8333333 0.25 0.8333333 0.21875 0.8333333 0.2499999 0.815179 0.21875 0.815179 0.21875 0.8333333 0.25 0.8025425 0.21875 0.8025425 0.21875 0.815179 0.25 0.8025425 0.25 0.7886785 0.21875 0.7886785 0.28125 0.6974576 0.25 0.6974576 0.25 0.7113215 0.2812499 0.6848209 0.2499999 0.684821 0.25 0.6974576 0.28125 0.6666666 0.25 0.6666666 0.2499999 0.684821 0.28125 0.6666666 0.25 0.6666666 0.25 0.6666666 0.28125 0.6666666 0.25 0.6666666 0.25 0.6666666 0.28125 0.8333333 0.28125 0.8333333 0.25 0.8333333 0.28125 0.8333333 0.28125 0.8333333 0.25 0.8333333 0.28125 0.8333333 0.2812499 0.815179 0.2499999 0.815179 0.2812499 0.815179 0.28125 0.8025425 0.25 0.8025425 0.28125 0.7886785 0.25 0.7886785 0.25 0.8025425 0.3125 0.6974576 0.28125 0.6974576 0.28125 0.7113215 0.3124998 0.684821 0.2812499 0.6848209 0.28125 0.6974576 0.3125 0.6666666 0.28125 0.6666666 0.2812499 0.6848209 0.3125 0.6666666 0.3125 0.6666666 0.28125 0.6666666 0.3125 0.6666666 0.28125 0.6666666 0.28125 0.6666666 0.3125 0.8333334 0.3125 0.8333333 0.28125 0.8333333 0.3125 0.8333333 0.28125 0.8333333 0.28125 0.8333333 0.3124998 0.815179 0.2812499 0.815179 0.28125 0.8333333 0.3124998 0.815179 0.3125 0.8025425 0.28125 0.8025425 0.3125 0.8025425 0.3125 0.7886785 0.28125 0.7886785 0.34375 0.6974576 0.3125 0.6974576 0.3125 0.7113215 0.3437497 0.684821 0.3124998 0.684821 0.3125 0.6974576 0.34375 0.6666666 0.3125 0.6666666 0.3124998 0.684821 0.34375 0.6666666 0.3125 0.6666666 0.3125 0.6666666 0.34375 0.6666666 0.3125 0.6666666 0.3125 0.6666666 0.34375 0.8333333 0.34375 0.8333333 0.3125 0.8333333 0.34375 0.8333333 0.34375 0.8333333 0.3125 0.8333333 0.34375 0.8333333 0.3437497 0.815179 0.3124998 0.815179 0.3437497 0.815179 0.34375 0.8025424 0.3125 0.8025425 0.34375 0.8025424 0.34375 0.7886785 0.3125 0.7886785 0.375 0.6974576 0.34375 0.6974576 0.34375 0.7113215 0.3749999 0.684821 0.3437497 0.684821 0.34375 0.6974576 0.375 0.6666666 0.34375 0.6666666 0.3437497 0.684821 0.375 0.6666666 0.34375 0.6666666 0.34375 0.6666666 0.375 0.6666666 0.34375 0.6666666 0.34375 0.6666666 0.375 0.8333333 0.375 0.8333333 0.34375 0.8333333 0.375 0.8333333 0.375 0.8333333 0.34375 0.8333333 0.375 0.8333333 0.3749997 0.8151789 0.3437497 0.815179 0.3749997 0.8151789 0.3749998 0.8025425 0.34375 0.8025424 0.3749998 0.8025425 0.375 0.7886785 0.34375 0.7886785 0.4062501 0.6974576 0.375 0.6974576 0.375 0.7113215 0.4062498 0.684821 0.3749999 0.684821 0.375 0.6974576 0.40625 0.6666666 0.375 0.6666666 0.3749999 0.684821 0.40625 0.6666666 0.375 0.6666666 0.375 0.6666666 0.40625 0.6666666 0.375 0.6666666 0.375 0.6666666 0.40625 0.8333333 0.40625 0.8333333 0.375 0.8333333 0.40625 0.8333333 0.40625 0.8333333 0.375 0.8333333 0.40625 0.8333333 0.4062498 0.815179 0.3749997 0.8151789 0.4062498 0.815179 0.40625 0.8025425 0.3749998 0.8025425 0.40625 0.8025425 0.4062501 0.7886785 0.375 0.7886785 0.4374998 0.6974576 0.4062501 0.6974576 0.40625 0.7113215 0.4374996 0.684821 0.4062498 0.684821 0.4062501 0.6974576 0.4375 0.6666666 0.40625 0.6666666 0.4062498 0.684821 0.4375 0.6666666 0.40625 0.6666666 0.40625 0.6666666 0.4375 0.6666666 0.40625 0.6666666 0.40625 0.6666666 0.4375 0.8333333 0.4375 0.8333333 0.40625 0.8333333 0.4375 0.8333333 0.4375 0.8333333 0.40625 0.8333333 0.4375 0.8333333 0.4374997 0.8151789 0.4062498 0.815179 0.4374997 0.8151789 0.4374999 0.8025424 0.40625 0.8025425 0.4374999 0.8025424 0.4374998 0.7886785 0.4062501 0.7886785 0.4687499 0.6974576 0.4374998 0.6974576 0.4374998 0.7113215 0.4687498 0.684821 0.4374996 0.684821 0.4374998 0.6974576 0.46875 0.6666666 0.4375 0.6666666 0.4374996 0.684821 0.4687501 0.6666666 0.4375 0.6666666 0.4375 0.6666666 0.46875 0.6666666 0.4375 0.6666666 0.4375 0.6666666 0.46875 0.8333333 0.46875 0.8333333 0.4375 0.8333333 0.46875 0.8333333 0.46875 0.8333333 0.4375 0.8333333 0.46875 0.8333333 0.4687497 0.8151789 0.4374997 0.8151789 0.4687497 0.8151789 0.4687501 0.8025425 0.4374999 0.8025424 0.4687501 0.8025425 0.46875 0.7886785 0.4374998 0.7886785 0.5 0.6974576 0.4687499 0.6974576 0.46875 0.7113215 0.4999997 0.684821 0.4687498 0.684821 0.4687499 0.6974576 0.5 0.6666666 0.46875 0.6666666 0.4687498 0.684821 0.5 0.6666666 0.4687501 0.6666666 0.46875 0.6666666 0.5 0.6666666 0.46875 0.6666666 0.4687501 0.6666666 0.5 0.8333333 0.5 0.8333334 0.46875 0.8333333 0.5 0.8333334 0.5 0.8333334 0.46875 0.8333333 0.5 0.8333334 0.4999997 0.815179 0.4687497 0.8151789 0.4999997 0.815179 0.5000001 0.8025424 0.4687501 0.8025425 0.5000001 0.8025424 0.4999999 0.7886785 0.46875 0.7886785 0.5312499 0.6974576 0.5 0.6974576 0.5 0.7113215 0.5312498 0.684821 0.4999997 0.684821 0.5 0.6974576 0.53125 0.6666666 0.5 0.6666666 0.4999997 0.684821 0.53125 0.6666666 0.5 0.6666666 0.5 0.6666666 0.53125 0.6666666 0.5 0.6666666 0.5 0.6666666 0.53125 0.8333333 0.53125 0.8333333 0.5 0.8333334 0.53125 0.8333333 0.53125 0.8333333 0.5 0.8333334 0.53125 0.8333333 0.5312497 0.8151789 0.4999997 0.815179 0.5312497 0.8151789 0.5312498 0.8025425 0.5000001 0.8025424 0.5312498 0.8025425 0.5312499 0.7886784 0.4999999 0.7886785 0.5625 0.6974576 0.5312499 0.6974576 0.53125 0.7113215 0.5624998 0.684821 0.5312498 0.684821 0.5312499 0.6974576 0.5625 0.6666666 0.53125 0.6666666 0.5312498 0.684821 0.5625 0.6666666 0.53125 0.6666666 0.53125 0.6666666 0.5625 0.6666666 0.53125 0.6666666 0.53125 0.6666666 0.5625 0.8333333 0.5625 0.8333333 0.53125 0.8333333 0.5625 0.8333333 0.5625 0.8333333 0.53125 0.8333333 0.5625 0.8333333 0.5624997 0.8151789 0.5312497 0.8151789 0.5624997 0.8151789 0.5624998 0.8025425 0.5312498 0.8025425 0.5624998 0.8025425 0.5624999 0.7886784 0.5312499 0.7886784 0.59375 0.6974575 0.5625 0.6974576 0.5625 0.7113215 0.5937498 0.684821 0.5624998 0.684821 0.5625 0.6974576 0.59375 0.6666666 0.5625 0.6666666 0.5624998 0.684821 0.59375 0.6666666 0.5625 0.6666666 0.5625 0.6666666 0.59375 0.6666666 0.5625 0.6666666 0.5625 0.6666666 0.59375 0.8333333 0.59375 0.8333334 0.5625 0.8333333 0.59375 0.8333334 0.59375 0.8333333 0.5625 0.8333333 0.59375 0.8333333 0.5937497 0.8151789 0.5624997 0.8151789 0.5937497 0.8151789 0.5937501 0.8025425 0.5624998 0.8025425 0.5937501 0.8025425 0.5937499 0.7886784 0.5624999 0.7886784 0.625 0.6974576 0.59375 0.6974575 0.59375 0.7113215 0.6249997 0.684821 0.5937498 0.684821 0.59375 0.6974575 0.6249998 0.6666666 0.59375 0.6666666 0.5937498 0.684821 0.625 0.6666666 0.59375 0.6666666 0.59375 0.6666666 0.625 0.6666666 0.59375 0.6666666 0.59375 0.6666666 0.625 0.8333333 0.625 0.8333333 0.59375 0.8333334 0.625 0.8333333 0.625 0.8333334 0.59375 0.8333333 0.625 0.8333334 0.6249999 0.815179 0.5937497 0.8151789 0.6249999 0.815179 0.6249999 0.8025425 0.5937501 0.8025425 0.6249999 0.8025425 0.625 0.7886784 0.5937499 0.7886784 0.65625 0.6974576 0.625 0.6974576 0.625 0.7113215 0.65625 0.684821 0.6249997 0.684821 0.625 0.6974576 0.65625 0.6666666 0.6249998 0.6666666 0.6249997 0.684821 0.65625 0.6666666 0.625 0.6666666 0.6249998 0.6666666 0.65625 0.6666666 0.625 0.6666666 0.625 0.6666666 0.65625 0.8333333 0.65625 0.8333334 0.625 0.8333333 0.65625 0.8333334 0.65625 0.8333333 0.625 0.8333334 0.65625 0.8333333 0.6562501 0.815179 0.6249999 0.815179 0.6562501 0.815179 0.65625 0.8025423 0.6249999 0.8025425 0.65625 0.8025423 0.6562502 0.7886785 0.625 0.7886784 0.6875 0.6974576 0.65625 0.6974576 0.6562501 0.7113215 0.6874999 0.684821 0.65625 0.684821 0.65625 0.6974576 0.6875 0.6666666 0.65625 0.6666666 0.65625 0.684821 0.6875 0.6666666 0.65625 0.6666666 0.65625 0.6666666 0.6875 0.6666666 0.65625 0.6666666 0.65625 0.6666666 0.6875 0.8333333 0.6875 0.8333334 0.65625 0.8333334 0.6875 0.8333334 0.6875 0.8333333 0.65625 0.8333333 0.6875 0.8333333 0.6874999 0.8151789 0.6562501 0.815179 0.6874999 0.8151789 0.6875 0.8025424 0.65625 0.8025423 0.6875 0.8025424 0.6875 0.7886784 0.6562502 0.7886785 0.7187499 0.6974576 0.6875 0.6974576 0.6875 0.7113215 0.7187499 0.6974576 0.71875 0.684821 0.6874999 0.684821 0.71875 0.6666666 0.6875 0.6666666 0.6874999 0.684821 0.71875 0.6666666 0.6875 0.6666666 0.6875 0.6666666 0.71875 0.6666666 0.6875 0.6666666 0.6875 0.6666666 0.71875 0.8333333 0.71875 0.8333333 0.6875 0.8333334 0.71875 0.8333333 0.71875 0.8333333 0.6875 0.8333333 0.71875 0.8333333 0.71875 0.815179 0.6874999 0.8151789 0.71875 0.815179 0.7187499 0.8025424 0.6875 0.8025424 0.7187499 0.8025424 0.71875 0.7886785 0.6875 0.7886784 0.75 0.6974576 0.7187499 0.6974576 0.71875 0.7113215 0.7500001 0.684821 0.71875 0.684821 0.7187499 0.6974576 0.75 0.6666666 0.71875 0.6666666 0.71875 0.684821 0.75 0.6666666 0.71875 0.6666666 0.71875 0.6666666 0.75 0.6666666 0.71875 0.6666666 0.71875 0.6666666 0.75 0.8333334 0.75 0.8333333 0.71875 0.8333333 0.75 0.8333333 0.71875 0.8333333 0.71875 0.8333333 0.75 0.8151789 0.71875 0.815179 0.71875 0.8333333 0.7499999 0.8025423 0.7187499 0.8025424 0.71875 0.815179 0.7499999 0.8025423 0.75 0.7886785 0.71875 0.7886785 0.78125 0.7113215 0.78125 0.6974576 0.75 0.6974576 0.78125 0.6974576 0.7812501 0.684821 0.7500001 0.684821 0.7812501 0.684821 0.78125 0.6666666 0.75 0.6666666 0.78125 0.6666666 0.78125 0.6666666 0.75 0.6666666 0.78125 0.6666666 0.78125 0.6666666 0.75 0.6666666 0.78125 0.8333334 0.75 0.8333333 0.75 0.8333334 0.78125 0.8333333 0.75 0.8333333 0.75 0.8333333 0.7812501 0.815179 0.75 0.8151789 0.75 0.8333333 0.78125 0.8025425 0.7499999 0.8025423 0.75 0.8151789 0.78125 0.7886785 0.75 0.7886785 0.7499999 0.8025423 0.8125 0.7113215 0.8124999 0.6974576 0.78125 0.6974576 0.8125001 0.684821 0.7812501 0.684821 0.78125 0.6974576 0.8125001 0.684821 0.8125 0.6666666 0.78125 0.6666666 0.8125 0.6666666 0.8125 0.6666666 0.78125 0.6666666 0.8125 0.6666666 0.8125 0.6666666 0.78125 0.6666666 0.8125 0.8333333 0.78125 0.8333334 0.78125 0.8333333 0.8125 0.8333333 0.78125 0.8333333 0.78125 0.8333334 0.8125002 0.8151789 0.7812501 0.815179 0.78125 0.8333333 0.8125001 0.8025425 0.78125 0.8025425 0.7812501 0.815179 0.8125001 0.8025425 0.8125 0.7886785 0.78125 0.7886785 0.84375 0.7113215 0.8437501 0.6974576 0.8124999 0.6974576 0.8437501 0.6974576 0.8437502 0.684821 0.8125001 0.684821 0.8437502 0.684821 0.84375 0.6666666 0.8125 0.6666666 0.84375 0.6666666 0.84375 0.6666666 0.8125 0.6666666 0.84375 0.6666666 0.84375 0.6666666 0.8125 0.6666666 0.84375 0.8333333 0.8125 0.8333333 0.8125 0.8333333 0.8437499 0.8333333 0.8125 0.8333333 0.8125 0.8333333 0.8437501 0.815179 0.8125002 0.8151789 0.8125 0.8333333 0.84375 0.8025423 0.8125001 0.8025425 0.8125002 0.8151789 0.84375 0.7886784 0.8125 0.7886785 0.8125001 0.8025425 0.8750001 0.7113215 0.8750001 0.6974576 0.8437501 0.6974576 0.8750001 0.6974576 0.8750001 0.684821 0.8437502 0.684821 0.8750001 0.684821 0.8750001 0.6666666 0.84375 0.6666666 0.8750001 0.6666666 0.8750001 0.6666666 0.84375 0.6666666 0.8750001 0.6666666 0.8750001 0.6666666 0.84375 0.6666666 0.8750001 0.8333334 0.84375 0.8333333 0.8437499 0.8333333 0.8750001 0.8333333 0.8437499 0.8333333 0.84375 0.8333333 0.8750002 0.815179 0.8437501 0.815179 0.8437499 0.8333333 0.8750001 0.8025424 0.84375 0.8025423 0.8437501 0.815179 0.8750001 0.7886785 0.84375 0.7886784 0.84375 0.8025423 0.9062498 0.7113215 0.90625 0.6974576 0.8750001 0.6974576 0.90625 0.6974576 0.9062502 0.684821 0.8750001 0.684821 0.9062502 0.684821 0.90625 0.6666666 0.8750001 0.6666666 0.90625 0.6666666 0.90625 0.6666666 0.8750001 0.6666666 0.90625 0.6666666 0.90625 0.6666666 0.8750001 0.6666666 0.90625 0.8333334 0.8750001 0.8333334 0.8750001 0.8333333 0.90625 0.8333333 0.8750001 0.8333333 0.8750001 0.8333334 0.9062504 0.815179 0.8750002 0.815179 0.8750001 0.8333333 0.9062502 0.8025425 0.8750001 0.8025424 0.8750002 0.815179 0.90625 0.7886785 0.8750001 0.7886785 0.8750001 0.8025424 0.9374997 0.7113215 0.9375 0.6974576 0.90625 0.6974576 0.9375 0.6974576 0.9375001 0.684821 0.9062502 0.684821 0.9375001 0.684821 0.9375 0.6666666 0.90625 0.6666666 0.9375 0.6666666 0.9375 0.6666666 0.90625 0.6666666 0.9375 0.6666666 0.9375 0.6666666 0.90625 0.6666666 0.9375 0.8333334 0.90625 0.8333334 0.90625 0.8333333 0.9375 0.8333334 0.90625 0.8333333 0.90625 0.8333334 0.9375004 0.815179 0.9062504 0.815179 0.90625 0.8333333 0.9375002 0.8025425 0.9062502 0.8025425 0.9062504 0.815179 0.9375 0.7886784 0.90625 0.7886785 0.9062502 0.8025425 0.96875 0.7113215 0.9687501 0.6974576 0.9375 0.6974576 0.9687501 0.6974576 0.9687504 0.684821 0.9375001 0.684821 0.9687504 0.684821 0.96875 0.6666666 0.9375 0.6666666 0.96875 0.6666666 0.9687501 0.6666666 0.9375 0.6666666 0.9687501 0.6666666 0.96875 0.6666666 0.9375 0.6666666 0.96875 0.8333333 0.9375 0.8333334 0.9375 0.8333333 0.96875 0.8333333 0.9375 0.8333334 0.9375 0.8333334 0.9687504 0.815179 0.9375004 0.815179 0.9375 0.8333334 0.9687501 0.8025425 0.9375002 0.8025425 0.9375004 0.815179 0.9687498 0.7886785 0.9375 0.7886784 0.9375002 0.8025425 1 0.7113215 0.999656 0.6974575 0.9687501 0.6974576 0.999656 0.6974575 0.9986537 0.684821 0.9687504 0.684821 0.9986537 0.684821 1 0.6666666 0.96875 0.6666666 1 0.6666666 1 0.6666666 0.9687501 0.6666666 1 0.6666666 1 0.6666666 0.96875 0.6666666 1 0.8333333 0.96875 0.8333333 0.96875 0.8333333 1 0.8333333 0.96875 0.8333333 0.96875 0.8333333 0.9986537 0.815179 0.9687504 0.815179 0.96875 0.8333333 0.999656 0.8025424 0.9687501 0.8025425 0.9687504 0.815179 1 0.7886785 0.9687498 0.7886785 0.9687501 0.8025425 0.96875 0.6666666 0.96875 0.6666666 1 0.6666666</float_array>
          <technique_common>
            <accessor source="#Cylinder-mesh-map-0-array" count="3252" stride="2">
              <param name="S" type="float"/>
              <param name="T" type="float"/>
            </accessor>
          </technique_common>
        </source>
        <vertices id="Cylinder-mesh-vertices">
          <input semantic="POSITION" source="#Cylinder-mesh-positions"/>
        </vertices>
        <triangles material="black_001-material" count="1084">
          <input semantic="VERTEX" source="#Cylinder-mesh-vertices" offset="0"/>
          <input semantic="NORMAL" source="#Cylinder-mesh-normals" offset="1"/>
          <input semantic="TEXCOORD" source="#Cylinder-mesh-map-0" offset="2" set="0"/>
          <p>66 0 0 1 1 1 65 2 2 68 3 3 3 4 4 66 0 5 70 5 6 5 6 7 68 3 8 72 7 9 7 8 10 70 5 11 74 9 12 9 10 13 72 7 14 76 11 15 11 12 16 74 9 17 78 13 18 13 14 19 76 11 20 80 15 21 15 16 22 78 13 23 82 17 24 17 18 25 80 15 26 84 19 27 19 20 28 82 17 29 86 21 30 21 22 31 84 19 32 88 23 33 23 24 34 86 21 35 90 25 36 25 26 37 88 23 38 92 27 39 27 28 40 90 25 41 94 29 42 29 30 43 92 27 44 96 31 45 31 32 46 94 29 47 98 33 48 33 34 49 96 31 50 100 35 51 35 36 52 98 33 53 102 37 54 37 38 55 100 35 56 104 39 57 39 40 58 102 37 59 104 39 60 43 41 61 41 42 62 106 43 63 45 44 64 43 41 65 110 45 66 45 44 67 108 46 68 112 47 69 47 48 70 110 45 71 114 49 72 49 50 73 112 47 74 116 51 75 51 52 76 114 49 77 118 53 78 53 54 79 116 51 80 120 55 81 55 56 82 118 53 83 120 55 84 59 57 85 57 58 86 122 59 87 61 60 88 59 57 89 17 61 90 33 61 91 49 61 92 126 62 93 61 60 94 124 63 95 65 2 96 63 64 97 126 62 98 50 65 99 34 65 100 18 65 101 0 66 102 127 67 103 62 68 104 203 69 105 130 70 106 191 71 107 62 68 108 125 72 109 60 73 110 158 74 111 508 75 112 157 76 113 58 77 114 125 72 115 123 78 116 144 79 117 364 80 118 352 81 119 58 77 120 121 82 121 56 83 122 197 84 123 72 85 124 70 86 125 56 83 126 119 87 127 54 88 128 125 89 129 514 90 130 123 91 131 54 88 132 117 92 133 52 93 134 370 94 135 97 95 136 99 96 137 50 97 138 117 92 139 115 97 140 132 98 141 196 99 142 131 100 143 50 97 144 113 101 145 48 102 146 515 103 147 158 74 148 157 76 149 48 102 150 111 104 151 46 105 152 371 106 153 144 79 154 359 107 155 44 108 156 111 104 157 109 109 158 215 110 159 131 100 160 203 69 161 42 111 162 109 109 163 107 112 164 159 113 165 520 114 166 158 74 167 42 111 168 105 115 169 40 116 170 145 117 171 376 118 172 364 80 173 40 116 174 103 119 175 38 120 176 133 121 177 208 122 178 132 98 179 38 120 180 101 123 181 36 124 182 527 125 183 159 113 184 158 74 185 36 124 186 99 126 187 34 127 188 383 128 189 145 117 190 371 106 191 34 127 192 97 129 193 32 130 194 215 110 195 133 121 196 132 98 197 32 130 198 95 131 199 30 132 200 129 133 201 167 134 202 128 135 203 30 132 204 93 136 205 28 137 206 146 138 207 388 139 208 376 118 209 28 137 210 91 140 211 26 141 212 134 142 213 220 143 214 133 121 215 26 141 216 89 144 217 24 145 218 539 146 219 128 135 220 159 113 221 24 145 222 87 21 223 22 147 224 395 148 225 146 138 226 383 128 227 22 147 228 85 149 229 20 150 230 227 151 231 134 142 232 133 121 233 20 150 234 83 152 235 18 153 236 147 154 237 400 155 238 388 139 239 18 153 240 81 156 241 16 157 242 135 158 243 232 159 244 134 142 245 16 157 246 79 160 247 14 161 248 395 148 249 148 162 250 147 154 251 14 161 252 77 163 253 12 164 254 251 165 255 134 142 256 239 166 257 12 164 258 75 167 259 10 168 260 149 169 261 400 155 262 148 162 263 10 168 264 73 170 265 8 171 266 136 172 267 244 173 268 135 158 269 8 171 270 71 174 271 6 175 272 407 176 273 149 169 274 148 162 275 6 175 276 69 177 277 4 178 278 263 179 279 135 158 280 251 165 281 4 178 282 67 180 283 2 181 284 150 182 285 412 183 286 149 169 287 2 181 288 64 184 289 0 66 290 136 172 291 268 185 292 256 186 293 533 187 294 65 188 295 126 189 296 127 190 297 526 191 298 125 89 299 509 192 300 124 193 301 122 194 302 503 195 303 157 76 304 156 196 305 503 195 306 155 197 307 491 198 308 491 198 309 154 199 310 479 200 311 467 201 312 154 199 313 153 202 314 455 203 315 153 202 316 152 204 317 443 205 318 152 204 319 151 206 320 431 207 321 151 206 322 150 182 323 430 208 324 107 209 325 109 210 326 418 211 327 105 212 328 107 209 329 406 213 330 103 214 331 105 212 332 394 215 333 101 216 334 103 214 335 382 217 336 99 96 337 101 216 338 96 218 339 365 219 340 98 220 341 359 107 342 143 221 343 347 222 344 347 222 345 142 223 346 335 224 347 323 225 348 142 223 349 141 226 350 323 225 351 140 227 352 311 228 353 311 228 354 139 229 355 299 230 356 299 230 357 138 231 358 287 232 359 287 232 360 137 233 361 275 234 362 274 235 363 81 236 364 83 237 365 81 236 366 250 238 367 79 239 368 79 239 369 238 240 370 77 241 371 77 241 372 226 242 373 75 243 374 75 243 375 214 244 376 73 65 377 73 65 378 202 245 379 71 246 380 185 247 381 70 86 382 68 248 383 179 249 384 130 70 385 129 133 386 173 250 387 68 248 388 66 251 389 143 221 390 352 81 391 340 252 392 156 196 393 508 75 394 496 253 395 130 70 396 196 99 397 184 254 398 94 255 399 353 256 400 96 218 401 497 257 402 122 194 403 120 258 404 130 70 405 172 259 406 129 133 407 142 223 408 340 252 409 328 260 410 155 197 411 496 253 412 484 261 413 160 262 414 129 133 415 128 135 416 92 263 417 341 264 418 94 255 419 485 265 420 120 258 421 118 266 422 128 135 423 532 267 424 159 113 425 142 223 426 316 268 427 141 226 428 154 199 429 484 261 430 472 269 431 90 270 432 329 271 433 92 263 434 473 272 435 118 266 436 116 273 437 141 226 438 304 274 439 140 227 440 153 202 441 472 269 442 460 275 443 88 276 444 317 277 445 90 270 446 461 278 447 116 273 448 114 279 449 139 229 450 304 274 451 292 280 452 152 204 453 460 275 454 448 281 455 86 282 456 305 283 457 88 276 458 112 284 459 461 278 460 114 279 461 138 231 462 292 280 463 280 285 464 152 204 465 436 286 466 151 206 467 84 287 468 293 288 469 86 282 470 110 289 471 449 290 472 112 284 473 137 233 474 280 285 475 268 185 476 151 206 477 424 291 478 150 182 479 275 234 480 136 172 481 263 179 482 419 292 483 150 182 484 149 169 485 64 293 486 538 294 487 127 190 488 69 295 489 178 296 490 67 297 491 71 246 492 190 298 493 69 295 494 209 299 495 74 300 496 72 85 497 221 301 498 76 302 499 74 300 500 233 303 501 78 304 502 76 302 503 245 305 504 80 306 505 78 304 506 257 307 507 82 308 508 80 306 509 82 308 510 281 309 511 84 287 512 85 310 513 274 235 514 83 237 515 298 311 516 85 310 517 87 312 518 310 313 519 87 312 520 89 314 521 322 315 522 89 314 523 91 316 524 334 317 525 91 316 526 93 318 527 346 319 528 93 318 529 95 320 530 358 321 531 95 320 532 97 95 533 98 220 534 377 322 535 100 323 536 100 323 537 389 324 538 102 325 539 102 325 540 401 326 541 104 327 542 104 327 543 413 328 544 106 329 545 106 329 546 425 330 547 108 331 548 108 331 549 437 332 550 110 289 551 442 333 552 109 210 553 111 334 554 454 335 555 111 334 556 113 336 557 466 337 558 113 336 559 115 338 560 117 339 561 466 337 562 115 338 563 119 340 564 478 341 565 117 339 566 121 342 567 490 343 568 119 340 569 123 91 570 502 344 571 121 342 572 521 345 573 126 189 574 124 193 575 166 346 576 66 251 577 65 188 578 539 146 579 162 347 580 160 262 581 543 348 582 163 349 583 162 347 584 542 350 585 164 351 586 163 349 587 541 352 588 165 353 589 164 351 590 540 354 591 161 355 592 165 353 593 537 356 594 166 346 595 533 187 596 536 357 597 168 358 598 537 356 599 535 359 600 169 360 601 536 357 602 534 361 603 170 362 604 535 359 605 532 267 606 171 363 607 534 361 608 527 125 609 543 348 610 539 146 611 531 364 612 542 350 613 543 348 614 530 365 615 541 352 616 542 350 617 529 366 618 540 354 619 541 352 620 528 367 621 538 294 622 540 354 623 525 368 624 533 187 625 521 345 626 524 369 627 537 356 628 525 368 629 523 370 630 536 357 631 524 369 632 522 371 633 535 359 634 523 370 635 520 114 636 534 361 637 522 371 638 515 103 639 531 364 640 527 125 641 519 372 642 530 365 643 531 364 644 518 373 645 529 366 646 530 365 647 517 374 648 528 367 649 529 366 650 516 375 651 526 191 652 528 367 653 513 376 654 521 345 655 509 192 656 512 377 657 525 368 658 513 376 659 511 378 660 524 369 661 512 377 662 510 379 663 523 370 664 511 378 665 508 75 666 522 371 667 510 379 668 503 195 669 519 372 670 515 103 671 507 380 672 518 373 673 519 372 674 506 381 675 517 374 676 518 373 677 505 382 678 516 375 679 517 374 680 504 383 681 514 90 682 516 375 683 501 384 684 509 192 685 497 257 686 500 385 687 513 376 688 501 384 689 499 386 690 512 377 691 500 385 692 498 387 693 511 378 694 499 386 695 496 253 696 510 379 697 498 387 698 491 198 699 507 380 700 503 195 701 495 388 702 506 381 703 507 380 704 494 389 705 505 382 706 506 381 707 493 390 708 504 383 709 505 382 710 492 391 711 502 344 712 504 383 713 489 392 714 497 257 715 485 265 716 488 393 717 501 384 718 489 392 719 487 394 720 500 385 721 488 393 722 486 395 723 499 386 724 487 394 725 484 261 726 498 387 727 486 395 728 479 200 729 495 388 730 491 198 731 483 396 732 494 389 733 495 388 734 482 397 735 493 390 736 494 389 737 481 398 738 492 391 739 493 390 740 480 399 741 490 343 742 492 391 743 477 400 744 485 265 745 473 272 746 476 401 747 489 392 748 477 400 749 475 402 750 488 393 751 476 401 752 474 403 753 487 394 754 475 402 755 472 269 756 486 395 757 474 403 758 467 201 759 483 396 760 479 200 761 470 404 762 483 396 763 471 405 764 469 406 765 482 397 766 470 404 767 468 407 768 481 398 769 469 406 770 466 337 771 480 399 772 468 407 773 461 278 774 477 400 775 473 272 776 465 408 777 476 401 778 477 400 779 464 409 780 475 402 781 476 401 782 463 410 783 474 403 784 475 402 785 460 275 786 474 403 787 462 411 788 459 412 789 467 201 790 455 203 791 459 412 792 470 404 793 471 405 794 458 413 795 469 406 796 470 404 797 456 414 798 469 406 799 457 415 800 454 335 801 468 407 802 456 414 803 449 290 804 465 408 805 461 278 806 453 416 807 464 409 808 465 408 809 451 417 810 464 409 811 452 418 812 450 419 813 463 410 814 451 417 815 450 419 816 460 275 817 462 411 818 447 420 819 455 203 820 443 205 821 446 421 822 459 412 823 447 420 824 445 422 825 458 413 826 446 421 827 444 423 828 457 415 829 445 422 830 442 333 831 456 414 832 444 423 833 437 332 834 453 416 835 449 290 836 441 424 837 452 418 838 453 416 839 440 425 840 451 417 841 452 418 842 439 426 843 450 419 844 451 417 845 436 286 846 450 419 847 438 427 848 435 428 849 443 205 850 431 207 851 434 429 852 447 420 853 435 428 854 433 430 855 446 421 856 434 429 857 433 430 858 444 423 859 445 422 860 430 208 861 444 423 862 432 431 863 425 330 864 441 424 865 437 332 866 428 432 867 441 424 868 429 433 869 427 434 870 440 425 871 428 432 872 427 434 873 438 427 874 439 426 875 426 435 876 436 286 877 438 427 878 423 436 879 431 207 880 419 292 881 422 437 882 435 428 883 423 436 884 421 438 885 434 429 886 422 437 887 420 439 888 433 430 889 421 438 890 418 211 891 432 431 892 420 439 893 413 328 894 429 433 895 425 330 896 417 440 897 428 432 898 429 433 899 416 441 900 427 434 901 428 432 902 415 442 903 426 435 904 427 434 905 414 443 906 424 291 907 426 435 908 411 444 909 419 292 910 407 176 911 410 445 912 423 436 913 411 444 914 409 446 915 422 437 916 410 445 917 408 447 918 421 438 919 409 446 920 406 213 921 420 439 922 408 447 923 401 326 924 417 440 925 413 328 926 405 448 927 416 441 928 417 440 929 404 449 930 415 442 931 416 441 932 403 450 933 414 443 934 415 442 935 402 451 936 412 183 937 414 443 938 399 452 939 407 176 940 395 148 941 398 453 942 411 444 943 399 452 944 397 454 945 410 445 946 398 453 947 396 455 948 409 446 949 397 454 950 394 215 951 408 447 952 396 455 953 389 324 954 405 448 955 401 326 956 393 456 957 404 449 958 405 448 959 392 457 960 403 450 961 404 449 962 391 458 963 402 451 964 403 450 965 390 459 966 400 155 967 402 451 968 387 460 969 395 148 970 383 128 971 386 461 972 399 452 973 387 460 974 385 462 975 398 453 976 386 461 977 384 463 978 397 454 979 385 462 980 382 217 981 396 455 982 384 463 983 377 322 984 393 456 985 389 324 986 381 464 987 392 457 988 393 456 989 380 465 990 391 458 991 392 457 992 379 466 993 390 459 994 391 458 995 378 467 996 388 139 997 390 459 998 375 468 999 383 128 1000 371 106 1001 374 469 1002 387 460 1003 375 468 1004 373 470 1005 386 461 1006 374 469 1007 372 471 1008 385 462 1009 373 470 1010 370 94 1011 384 463 1012 372 471 1013 365 219 1014 381 464 1015 377 322 1016 369 472 1017 380 465 1018 381 464 1019 368 473 1020 379 466 1021 380 465 1022 367 474 1023 378 467 1024 379 466 1025 366 475 1026 376 118 1027 378 467 1028 363 476 1029 371 106 1030 359 107 1031 362 477 1032 375 468 1033 363 476 1034 361 478 1035 374 469 1036 362 477 1037 360 479 1038 373 470 1039 361 478 1040 358 321 1041 372 471 1042 360 479 1043 353 256 1044 369 472 1045 365 219 1046 357 480 1047 368 473 1048 369 472 1049 356 481 1050 367 474 1051 368 473 1052 355 482 1053 366 475 1054 367 474 1055 354 483 1056 364 80 1057 366 475 1058 351 484 1059 359 107 1060 347 222 1061 350 485 1062 363 476 1063 351 484 1064 349 486 1065 362 477 1066 350 485 1067 348 487 1068 361 478 1069 349 486 1070 346 319 1071 360 479 1072 348 487 1073 341 264 1074 357 480 1075 353 256 1076 345 488 1077 356 481 1078 357 480 1079 344 489 1080 355 482 1081 356 481 1082 343 490 1083 354 483 1084 355 482 1085 342 491 1086 352 81 1087 354 483 1088 339 492 1089 347 222 1090 335 224 1091 338 493 1092 351 484 1093 339 492 1094 337 494 1095 350 485 1096 338 493 1097 336 495 1098 349 486 1099 337 494 1100 334 317 1101 348 487 1102 336 495 1103 329 271 1104 345 488 1105 341 264 1106 333 496 1107 344 489 1108 345 488 1109 332 497 1110 343 490 1111 344 489 1112 331 498 1113 342 491 1114 343 490 1115 330 499 1116 340 252 1117 342 491 1118 327 500 1119 335 224 1120 323 225 1121 326 501 1122 339 492 1123 327 500 1124 325 502 1125 338 493 1126 326 501 1127 324 503 1128 337 494 1129 325 502 1130 322 315 1131 336 495 1132 324 503 1133 317 277 1134 333 496 1135 329 271 1136 321 504 1137 332 497 1138 333 496 1139 320 505 1140 331 498 1141 332 497 1142 319 506 1143 330 499 1144 331 498 1145 318 507 1146 328 260 1147 330 499 1148 315 508 1149 323 225 1150 311 228 1151 314 509 1152 327 500 1153 315 508 1154 313 510 1155 326 501 1156 314 509 1157 312 511 1158 325 502 1159 313 510 1160 310 313 1161 324 503 1162 312 511 1163 305 283 1164 321 504 1165 317 277 1166 309 512 1167 320 505 1168 321 504 1169 308 513 1170 319 506 1171 320 505 1172 307 514 1173 318 507 1174 319 506 1175 306 515 1176 316 268 1177 318 507 1178 303 516 1179 311 228 1180 299 230 1181 302 517 1182 315 508 1183 303 516 1184 301 518 1185 314 509 1186 302 517 1187 300 519 1188 313 510 1189 301 518 1190 298 311 1191 312 511 1192 300 519 1193 293 288 1194 309 512 1195 305 283 1196 297 520 1197 308 513 1198 309 512 1199 296 521 1200 307 514 1201 308 513 1202 295 522 1203 306 515 1204 307 514 1205 294 523 1206 304 274 1207 306 515 1208 291 524 1209 299 230 1210 287 232 1211 290 525 1212 303 516 1213 291 524 1214 289 526 1215 302 517 1216 290 525 1217 288 527 1218 301 518 1219 289 526 1220 286 528 1221 300 519 1222 288 527 1223 281 309 1224 297 520 1225 293 288 1226 285 529 1227 296 521 1228 297 520 1229 284 530 1230 295 522 1231 296 521 1232 283 531 1233 294 523 1234 295 522 1235 282 532 1236 292 280 1237 294 523 1238 279 533 1239 287 232 1240 275 234 1241 279 533 1242 290 525 1243 291 524 1244 277 534 1245 290 525 1246 278 535 1247 276 536 1248 289 526 1249 277 534 1250 274 235 1251 288 527 1252 276 536 1253 269 537 1254 285 529 1255 281 309 1256 273 538 1257 284 530 1258 285 529 1259 272 539 1260 283 531 1261 284 530 1262 271 540 1263 282 532 1264 283 531 1265 270 541 1266 280 285 1267 282 532 1268 267 542 1269 275 234 1270 263 179 1271 266 543 1272 279 533 1273 267 542 1274 265 544 1275 278 535 1276 266 543 1277 264 545 1278 277 534 1279 265 544 1280 262 546 1281 276 536 1282 264 545 1283 257 307 1284 273 538 1285 269 537 1286 260 547 1287 273 538 1288 261 548 1289 259 549 1290 272 539 1291 260 547 1292 258 550 1293 271 540 1294 259 549 1295 258 550 1296 268 185 1297 270 541 1298 251 165 1299 267 542 1300 263 179 1301 255 551 1302 266 543 1303 267 542 1304 254 552 1305 265 544 1306 266 543 1307 253 553 1308 264 545 1309 265 544 1310 252 554 1311 262 546 1312 264 545 1313 249 555 1314 257 307 1315 245 305 1316 248 556 1317 261 548 1318 249 555 1319 247 557 1320 260 547 1321 248 556 1322 246 558 1323 259 549 1324 247 557 1325 244 173 1326 258 550 1327 246 558 1328 239 166 1329 255 551 1330 251 165 1331 242 559 1332 255 551 1333 243 560 1334 242 559 1335 253 553 1336 254 552 1337 241 561 1338 252 554 1339 253 553 1340 240 562 1341 250 238 1342 252 554 1343 237 563 1344 245 305 1345 233 303 1346 236 564 1347 249 555 1348 237 563 1349 235 565 1350 248 556 1351 236 564 1352 234 566 1353 247 557 1354 235 565 1355 234 566 1356 244 173 1357 246 558 1358 227 151 1359 243 560 1360 239 166 1361 231 567 1362 242 559 1363 243 560 1364 230 568 1365 241 561 1366 242 559 1367 229 569 1368 240 562 1369 241 561 1370 228 570 1371 238 240 1372 240 562 1373 225 571 1374 233 303 1375 221 301 1376 224 572 1377 237 563 1378 225 571 1379 223 573 1380 236 564 1381 224 572 1382 222 574 1383 235 565 1384 223 573 1385 220 143 1386 234 566 1387 222 574 1388 215 110 1389 231 567 1390 227 151 1391 219 575 1392 230 568 1393 231 567 1394 218 576 1395 229 569 1396 230 568 1397 217 577 1398 228 570 1399 229 569 1400 216 578 1401 226 242 1402 228 570 1403 213 579 1404 221 301 1405 209 299 1406 212 580 1407 225 571 1408 213 579 1409 211 581 1410 224 572 1411 212 580 1412 210 582 1413 223 573 1414 211 581 1415 208 122 1416 222 574 1417 210 582 1418 203 69 1419 219 575 1420 215 110 1421 207 583 1422 218 576 1423 219 575 1424 206 584 1425 217 577 1426 218 576 1427 205 585 1428 216 578 1429 217 577 1430 204 586 1431 214 244 1432 216 578 1433 201 587 1434 209 299 1435 197 84 1436 200 588 1437 213 579 1438 201 587 1439 199 589 1440 212 580 1441 200 588 1442 198 590 1443 211 581 1444 199 589 1445 196 99 1446 210 582 1447 198 590 1448 191 71 1449 207 583 1450 203 69 1451 195 591 1452 206 584 1453 207 583 1454 194 592 1455 205 585 1456 206 584 1457 193 593 1458 204 586 1459 205 585 1460 192 594 1461 202 245 1462 204 586 1463 189 595 1464 197 84 1465 185 247 1466 188 596 1467 201 587 1468 189 595 1469 187 597 1470 200 588 1471 188 596 1472 186 598 1473 199 589 1474 187 597 1475 184 254 1476 198 590 1477 186 598 1478 179 249 1479 195 591 1480 191 71 1481 183 599 1482 194 592 1483 195 591 1484 182 600 1485 193 593 1486 194 592 1487 181 601 1488 192 594 1489 193 593 1490 180 602 1491 190 298 1492 192 594 1493 177 603 1494 185 247 1495 173 250 1496 176 604 1497 189 595 1498 177 603 1499 175 605 1500 188 596 1501 176 604 1502 174 606 1503 187 597 1504 175 605 1505 172 259 1506 186 598 1507 174 606 1508 160 262 1509 183 599 1510 179 249 1511 162 347 1512 182 600 1513 183 599 1514 163 349 1515 181 601 1516 182 600 1517 164 351 1518 180 602 1519 181 601 1520 165 353 1521 178 296 1522 180 602 1523 168 358 1524 173 250 1525 166 346 1526 169 360 1527 177 603 1528 168 358 1529 170 362 1530 176 604 1531 169 360 1532 171 363 1533 175 605 1534 170 362 1535 167 134 1536 174 606 1537 171 363 1538 67 297 1539 161 355 1540 64 293 1541 66 0 1542 3 4 1543 1 1 1544 68 3 1545 5 6 1546 3 4 1547 70 5 1548 7 8 1549 5 6 1550 72 7 1551 9 10 1552 7 8 1553 74 9 1554 11 12 1555 9 10 1556 76 11 1557 13 14 1558 11 12 1559 78 13 1560 15 16 1561 13 14 1562 80 15 1563 17 18 1564 15 16 1565 82 17 1566 19 20 1567 17 18 1568 84 19 1569 21 22 1570 19 20 1571 86 21 1572 23 24 1573 21 22 1574 88 23 1575 25 26 1576 23 24 1577 90 25 1578 27 28 1579 25 26 1580 92 27 1581 29 30 1582 27 28 1583 94 29 1584 31 32 1585 29 30 1586 96 31 1587 33 34 1588 31 32 1589 98 33 1590 35 36 1591 33 34 1592 100 35 1593 37 38 1594 35 36 1595 102 37 1596 39 40 1597 37 38 1598 104 39 1599 41 42 1600 39 40 1601 104 39 1602 106 43 1603 43 41 1604 106 43 1605 108 46 1606 45 44 1607 110 45 1608 47 48 1609 45 44 1610 112 47 1611 49 50 1612 47 48 1613 114 49 1614 51 52 1615 49 50 1616 116 51 1617 53 54 1618 51 52 1619 118 53 1620 55 56 1621 53 54 1622 120 55 1623 57 58 1624 55 56 1625 120 55 1626 122 59 1627 59 57 1628 122 59 1629 124 63 1630 61 60 1631 1 607 1632 3 607 1633 5 607 1634 5 607 1635 7 607 1636 1 607 1637 7 608 1638 9 608 1639 1 608 1640 9 607 1641 11 607 1642 13 607 1643 13 607 1644 15 607 1645 9 607 1646 15 609 1647 17 609 1648 9 609 1649 17 610 1650 19 610 1651 25 610 1652 19 607 1653 21 607 1654 25 607 1655 21 607 1656 23 607 1657 25 607 1658 25 611 1659 27 611 1660 33 611 1661 27 612 1662 29 612 1663 33 612 1664 29 607 1665 31 607 1666 33 607 1667 33 607 1668 35 607 1669 37 607 1670 37 607 1671 39 607 1672 33 607 1673 39 607 1674 41 607 1675 33 607 1676 41 607 1677 43 607 1678 45 607 1679 45 607 1680 47 607 1681 41 607 1682 47 607 1683 49 607 1684 41 607 1685 49 613 1686 51 613 1687 57 613 1688 51 607 1689 53 607 1690 57 607 1691 53 607 1692 55 607 1693 57 607 1694 57 614 1695 59 614 1696 1 614 1697 59 615 1698 61 615 1699 1 615 1700 61 607 1701 63 607 1702 1 607 1703 1 607 1704 9 607 1705 17 607 1706 17 607 1707 25 607 1708 33 607 1709 33 616 1710 41 616 1711 49 616 1712 49 617 1713 57 617 1714 1 617 1715 1 607 1716 17 607 1717 49 607 1718 126 62 1719 63 64 1720 61 60 1721 65 2 1722 1 1 1723 63 64 1724 2 618 1725 0 618 1726 58 618 1727 0 65 1728 62 65 1729 58 65 1730 62 619 1731 60 619 1732 58 619 1733 58 65 1734 56 65 1735 50 65 1736 56 65 1737 54 65 1738 50 65 1739 54 65 1740 52 65 1741 50 65 1742 50 65 1743 48 65 1744 42 65 1745 48 65 1746 46 65 1747 42 65 1748 46 65 1749 44 65 1750 42 65 1751 42 65 1752 40 65 1753 34 65 1754 40 65 1755 38 65 1756 34 65 1757 38 620 1758 36 620 1759 34 620 1760 34 65 1761 32 65 1762 26 65 1763 32 621 1764 30 621 1765 26 621 1766 30 622 1767 28 622 1768 26 622 1769 26 65 1770 24 65 1771 18 65 1772 24 65 1773 22 65 1774 18 65 1775 22 65 1776 20 65 1777 18 65 1778 18 65 1779 16 65 1780 10 65 1781 16 65 1782 14 65 1783 10 65 1784 14 65 1785 12 65 1786 10 65 1787 10 623 1788 8 623 1789 6 623 1790 6 624 1791 4 624 1792 2 624 1793 10 625 1794 6 625 1795 18 625 1796 6 626 1797 2 626 1798 18 626 1799 2 627 1800 58 627 1801 50 627 1802 50 65 1803 42 65 1804 34 65 1805 34 628 1806 26 628 1807 18 628 1808 2 629 1809 50 629 1810 18 629 1811 0 66 1812 64 184 1813 127 67 1814 203 69 1815 131 100 1816 130 70 1817 62 68 1818 127 67 1819 125 72 1820 158 74 1821 520 114 1822 508 75 1823 58 77 1824 60 73 1825 125 72 1826 144 79 1827 145 117 1828 364 80 1829 58 77 1830 123 78 1831 121 82 1832 197 84 1833 209 299 1834 72 85 1835 56 83 1836 121 82 1837 119 87 1838 125 89 1839 526 191 1840 514 90 1841 54 88 1842 119 87 1843 117 92 1844 370 94 1845 358 321 1846 97 95 1847 50 97 1848 52 93 1849 117 92 1850 132 98 1851 208 122 1852 196 99 1853 50 97 1854 115 97 1855 113 101 1856 515 103 1857 527 125 1858 158 74 1859 48 102 1860 113 101 1861 111 104 1862 371 106 1863 145 117 1864 144 79 1865 44 108 1866 46 105 1867 111 104 1868 215 110 1869 132 98 1870 131 100 1871 42 111 1872 44 108 1873 109 109 1874 159 113 1875 532 267 1876 520 114 1877 42 111 1878 107 112 1879 105 115 1880 145 117 1881 146 138 1882 376 118 1883 40 116 1884 105 115 1885 103 119 1886 133 121 1887 220 143 1888 208 122 1889 38 120 1890 103 119 1891 101 123 1892 527 125 1893 539 146 1894 159 113 1895 36 124 1896 101 123 1897 99 126 1898 383 128 1899 146 138 1900 145 117 1901 34 127 1902 99 126 1903 97 129 1904 215 110 1905 227 151 1906 133 121 1907 32 130 1908 97 129 1909 95 131 1910 129 133 1911 172 259 1912 167 134 1913 30 132 1914 95 131 1915 93 136 1916 146 138 1917 147 154 1918 388 139 1919 28 137 1920 93 136 1921 91 140 1922 134 142 1923 232 159 1924 220 143 1925 26 141 1926 91 140 1927 89 144 1928 539 146 1929 160 262 1930 128 135 1931 24 145 1932 89 144 1933 87 21 1934 395 148 1935 147 154 1936 146 138 1937 22 147 1938 87 21 1939 85 149 1940 227 151 1941 239 166 1942 134 142 1943 20 150 1944 85 149 1945 83 152 1946 147 154 1947 148 162 1948 400 155 1949 18 153 1950 83 152 1951 81 156 1952 135 158 1953 244 173 1954 232 159 1955 16 157 1956 81 156 1957 79 160 1958 395 148 1959 407 176 1960 148 162 1961 14 161 1962 79 160 1963 77 163 1964 251 165 1965 135 158 1966 134 142 1967 12 164 1968 77 163 1969 75 167 1970 149 169 1971 412 183 1972 400 155 1973 10 168 1974 75 167 1975 73 170 1976 136 172 1977 256 186 1978 244 173 1979 8 171 1980 73 170 1981 71 174 1982 407 176 1983 419 292 1984 149 169 1985 6 175 1986 71 174 1987 69 177 1988 263 179 1989 136 172 1990 135 158 1991 4 178 1992 69 177 1993 67 180 1994 150 182 1995 424 291 1996 412 183 1997 2 181 1998 67 180 1999 64 184 2000 136 172 2001 137 233 2002 268 185 2003 533 187 2004 166 346 2005 65 188 2006 127 190 2007 538 294 2008 526 191 2009 509 192 2010 521 345 2011 124 193 2012 503 195 2013 515 103 2014 157 76 2015 503 195 2016 156 196 2017 155 197 2018 491 198 2019 155 197 2020 154 199 2021 467 201 2022 479 200 2023 154 199 2024 455 203 2025 467 201 2026 153 202 2027 443 205 2028 455 203 2029 152 204 2030 431 207 2031 443 205 2032 151 206 2033 430 208 2034 418 211 2035 107 209 2036 418 211 2037 406 213 2038 105 212 2039 406 213 2040 394 215 2041 103 214 2042 394 215 2043 382 217 2044 101 216 2045 382 217 2046 370 94 2047 99 96 2048 96 218 2049 353 256 2050 365 219 2051 359 107 2052 144 79 2053 143 221 2054 347 222 2055 143 221 2056 142 223 2057 323 225 2058 335 224 2059 142 223 2060 323 225 2061 141 226 2062 140 227 2063 311 228 2064 140 227 2065 139 229 2066 299 230 2067 139 229 2068 138 231 2069 287 232 2070 138 231 2071 137 233 2072 274 235 2073 262 546 2074 81 236 2075 81 236 2076 262 546 2077 250 238 2078 79 239 2079 250 238 2080 238 240 2081 77 241 2082 238 240 2083 226 242 2084 75 243 2085 226 242 2086 214 244 2087 73 65 2088 214 244 2089 202 245 2090 185 247 2091 197 84 2092 70 86 2093 179 249 2094 191 71 2095 130 70 2096 173 250 2097 185 247 2098 68 248 2099 143 221 2100 144 79 2101 352 81 2102 156 196 2103 157 76 2104 508 75 2105 130 70 2106 131 100 2107 196 99 2108 94 255 2109 341 264 2110 353 256 2111 497 257 2112 509 192 2113 122 194 2114 130 70 2115 184 254 2116 172 259 2117 142 223 2118 143 221 2119 340 252 2120 155 197 2121 156 196 2122 496 253 2123 160 262 2124 179 249 2125 129 133 2126 92 263 2127 329 271 2128 341 264 2129 485 265 2130 497 257 2131 120 258 2132 128 135 2133 167 134 2134 532 267 2135 142 223 2136 328 260 2137 316 268 2138 154 199 2139 155 197 2140 484 261 2141 90 270 2142 317 277 2143 329 271 2144 473 272 2145 485 265 2146 118 266 2147 141 226 2148 316 268 2149 304 274 2150 153 202 2151 154 199 2152 472 269 2153 88 276 2154 305 283 2155 317 277 2156 461 278 2157 473 272 2158 116 273 2159 139 229 2160 140 227 2161 304 274 2162 152 204 2163 153 202 2164 460 275 2165 86 282 2166 293 288 2167 305 283 2168 112 284 2169 449 290 2170 461 278 2171 138 231 2172 139 229 2173 292 280 2174 152 204 2175 448 281 2176 436 286 2177 84 287 2178 281 309 2179 293 288 2180 110 289 2181 437 332 2182 449 290 2183 137 233 2184 138 231 2185 280 285 2186 151 206 2187 436 286 2188 424 291 2189 275 234 2190 137 233 2191 136 172 2192 419 292 2193 431 207 2194 150 182 2195 64 293 2196 161 355 2197 538 294 2198 69 295 2199 190 298 2200 178 296 2201 71 246 2202 202 245 2203 190 298 2204 209 299 2205 221 301 2206 74 300 2207 221 301 2208 233 303 2209 76 302 2210 233 303 2211 245 305 2212 78 304 2213 245 305 2214 257 307 2215 80 306 2216 257 307 2217 269 537 2218 82 308 2219 82 308 2220 269 537 2221 281 309 2222 85 310 2223 286 528 2224 274 235 2225 298 311 2226 286 528 2227 85 310 2228 310 313 2229 298 311 2230 87 312 2231 322 315 2232 310 313 2233 89 314 2234 334 317 2235 322 315 2236 91 316 2237 346 319 2238 334 317 2239 93 318 2240 358 321 2241 346 319 2242 95 320 2243 98 220 2244 365 219 2245 377 322 2246 100 323 2247 377 322 2248 389 324 2249 102 325 2250 389 324 2251 401 326 2252 104 327 2253 401 326 2254 413 328 2255 106 329 2256 413 328 2257 425 330 2258 108 331 2259 425 330 2260 437 332 2261 442 333 2262 430 208 2263 109 210 2264 454 335 2265 442 333 2266 111 334 2267 466 337 2268 454 335 2269 113 336 2270 117 339 2271 478 341 2272 466 337 2273 119 340 2274 490 343 2275 478 341 2276 121 342 2277 502 344 2278 490 343 2279 123 91 2280 514 90 2281 502 344 2282 521 345 2283 533 187 2284 126 189 2285 166 346 2286 173 250 2287 66 251 2288 539 146 2289 543 348 2290 162 347 2291 543 348 2292 542 350 2293 163 349 2294 542 350 2295 541 352 2296 164 351 2297 541 352 2298 540 354 2299 165 353 2300 540 354 2301 538 294 2302 161 355 2303 537 356 2304 168 358 2305 166 346 2306 536 357 2307 169 360 2308 168 358 2309 535 359 2310 170 362 2311 169 360 2312 534 361 2313 171 363 2314 170 362 2315 532 267 2316 167 134 2317 171 363 2318 527 125 2319 531 364 2320 543 348 2321 531 364 2322 530 365 2323 542 350 2324 530 365 2325 529 366 2326 541 352 2327 529 366 2328 528 367 2329 540 354 2330 528 367 2331 526 191 2332 538 294 2333 525 368 2334 537 356 2335 533 187 2336 524 369 2337 536 357 2338 537 356 2339 523 370 2340 535 359 2341 536 357 2342 522 371 2343 534 361 2344 535 359 2345 520 114 2346 532 267 2347 534 361 2348 515 103 2349 519 372 2350 531 364 2351 519 372 2352 518 373 2353 530 365 2354 518 373 2355 517 374 2356 529 366 2357 517 374 2358 516 375 2359 528 367 2360 516 375 2361 514 90 2362 526 191 2363 513 376 2364 525 368 2365 521 345 2366 512 377 2367 524 369 2368 525 368 2369 511 378 2370 523 370 2371 524 369 2372 510 379 2373 522 371 2374 523 370 2375 508 75 2376 520 114 2377 522 371 2378 503 195 2379 507 380 2380 519 372 2381 507 380 2382 506 381 2383 518 373 2384 506 381 2385 505 382 2386 517 374 2387 505 382 2388 504 383 2389 516 375 2390 504 383 2391 502 344 2392 514 90 2393 501 384 2394 513 376 2395 509 192 2396 500 385 2397 512 377 2398 513 376 2399 499 386 2400 511 378 2401 512 377 2402 498 387 2403 510 379 2404 511 378 2405 496 253 2406 508 75 2407 510 379 2408 491 198 2409 495 388 2410 507 380 2411 495 388 2412 494 389 2413 506 381 2414 494 389 2415 493 390 2416 505 382 2417 493 390 2418 492 391 2419 504 383 2420 492 391 2421 490 343 2422 502 344 2423 489 392 2424 501 384 2425 497 257 2426 488 393 2427 500 385 2428 501 384 2429 487 394 2430 499 386 2431 500 385 2432 486 395 2433 498 387 2434 499 386 2435 484 261 2436 496 253 2437 498 387 2438 479 200 2439 483 396 2440 495 388 2441 483 396 2442 482 397 2443 494 389 2444 482 397 2445 481 398 2446 493 390 2447 481 398 2448 480 399 2449 492 391 2450 480 399 2451 478 341 2452 490 343 2453 477 400 2454 489 392 2455 485 265 2456 476 401 2457 488 393 2458 489 392 2459 475 402 2460 487 394 2461 488 393 2462 474 403 2463 486 395 2464 487 394 2465 472 269 2466 484 261 2467 486 395 2468 467 201 2469 471 405 2470 483 396 2471 470 404 2472 482 397 2473 483 396 2474 469 406 2475 481 398 2476 482 397 2477 468 407 2478 480 399 2479 481 398 2480 466 337 2481 478 341 2482 480 399 2483 461 278 2484 465 408 2485 477 400 2486 465 408 2487 464 409 2488 476 401 2489 464 409 2490 463 410 2491 475 402 2492 463 410 2493 462 411 2494 474 403 2495 460 275 2496 472 269 2497 474 403 2498 459 412 2499 471 405 2500 467 201 2501 459 412 2502 458 413 2503 470 404 2504 458 413 2505 457 415 2506 469 406 2507 456 414 2508 468 407 2509 469 406 2510 454 335 2511 466 337 2512 468 407 2513 449 290 2514 453 416 2515 465 408 2516 453 416 2517 452 418 2518 464 409 2519 451 417 2520 463 410 2521 464 409 2522 450 419 2523 462 411 2524 463 410 2525 450 419 2526 448 281 2527 460 275 2528 447 420 2529 459 412 2530 455 203 2531 446 421 2532 458 413 2533 459 412 2534 445 422 2535 457 415 2536 458 413 2537 444 423 2538 456 414 2539 457 415 2540 442 333 2541 454 335 2542 456 414 2543 437 332 2544 441 424 2545 453 416 2546 441 424 2547 440 425 2548 452 418 2549 440 425 2550 439 426 2551 451 417 2552 439 426 2553 438 427 2554 450 419 2555 436 286 2556 448 281 2557 450 419 2558 435 428 2559 447 420 2560 443 205 2561 434 429 2562 446 421 2563 447 420 2564 433 430 2565 445 422 2566 446 421 2567 433 430 2568 432 431 2569 444 423 2570 430 208 2571 442 333 2572 444 423 2573 425 330 2574 429 433 2575 441 424 2576 428 432 2577 440 425 2578 441 424 2579 427 434 2580 439 426 2581 440 425 2582 427 434 2583 426 435 2584 438 427 2585 426 435 2586 424 291 2587 436 286 2588 423 436 2589 435 428 2590 431 207 2591 422 437 2592 434 429 2593 435 428 2594 421 438 2595 433 430 2596 434 429 2597 420 439 2598 432 431 2599 433 430 2600 418 211 2601 430 208 2602 432 431 2603 413 328 2604 417 440 2605 429 433 2606 417 440 2607 416 441 2608 428 432 2609 416 441 2610 415 442 2611 427 434 2612 415 442 2613 414 443 2614 426 435 2615 414 443 2616 412 183 2617 424 291 2618 411 444 2619 423 436 2620 419 292 2621 410 445 2622 422 437 2623 423 436 2624 409 446 2625 421 438 2626 422 437 2627 408 447 2628 420 439 2629 421 438 2630 406 213 2631 418 211 2632 420 439 2633 401 326 2634 405 448 2635 417 440 2636 405 448 2637 404 449 2638 416 441 2639 404 449 2640 403 450 2641 415 442 2642 403 450 2643 402 451 2644 414 443 2645 402 451 2646 400 155 2647 412 183 2648 399 452 2649 411 444 2650 407 176 2651 398 453 2652 410 445 2653 411 444 2654 397 454 2655 409 446 2656 410 445 2657 396 455 2658 408 447 2659 409 446 2660 394 215 2661 406 213 2662 408 447 2663 389 324 2664 393 456 2665 405 448 2666 393 456 2667 392 457 2668 404 449 2669 392 457 2670 391 458 2671 403 450 2672 391 458 2673 390 459 2674 402 451 2675 390 459 2676 388 139 2677 400 155 2678 387 460 2679 399 452 2680 395 148 2681 386 461 2682 398 453 2683 399 452 2684 385 462 2685 397 454 2686 398 453 2687 384 463 2688 396 455 2689 397 454 2690 382 217 2691 394 215 2692 396 455 2693 377 322 2694 381 464 2695 393 456 2696 381 464 2697 380 465 2698 392 457 2699 380 465 2700 379 466 2701 391 458 2702 379 466 2703 378 467 2704 390 459 2705 378 467 2706 376 118 2707 388 139 2708 375 468 2709 387 460 2710 383 128 2711 374 469 2712 386 461 2713 387 460 2714 373 470 2715 385 462 2716 386 461 2717 372 471 2718 384 463 2719 385 462 2720 370 94 2721 382 217 2722 384 463 2723 365 219 2724 369 472 2725 381 464 2726 369 472 2727 368 473 2728 380 465 2729 368 473 2730 367 474 2731 379 466 2732 367 474 2733 366 475 2734 378 467 2735 366 475 2736 364 80 2737 376 118 2738 363 476 2739 375 468 2740 371 106 2741 362 477 2742 374 469 2743 375 468 2744 361 478 2745 373 470 2746 374 469 2747 360 479 2748 372 471 2749 373 470 2750 358 321 2751 370 94 2752 372 471 2753 353 256 2754 357 480 2755 369 472 2756 357 480 2757 356 481 2758 368 473 2759 356 481 2760 355 482 2761 367 474 2762 355 482 2763 354 483 2764 366 475 2765 354 483 2766 352 81 2767 364 80 2768 351 484 2769 363 476 2770 359 107 2771 350 485 2772 362 477 2773 363 476 2774 349 486 2775 361 478 2776 362 477 2777 348 487 2778 360 479 2779 361 478 2780 346 319 2781 358 321 2782 360 479 2783 341 264 2784 345 488 2785 357 480 2786 345 488 2787 344 489 2788 356 481 2789 344 489 2790 343 490 2791 355 482 2792 343 490 2793 342 491 2794 354 483 2795 342 491 2796 340 252 2797 352 81 2798 339 492 2799 351 484 2800 347 222 2801 338 493 2802 350 485 2803 351 484 2804 337 494 2805 349 486 2806 350 485 2807 336 495 2808 348 487 2809 349 486 2810 334 317 2811 346 319 2812 348 487 2813 329 271 2814 333 496 2815 345 488 2816 333 496 2817 332 497 2818 344 489 2819 332 497 2820 331 498 2821 343 490 2822 331 498 2823 330 499 2824 342 491 2825 330 499 2826 328 260 2827 340 252 2828 327 500 2829 339 492 2830 335 224 2831 326 501 2832 338 493 2833 339 492 2834 325 502 2835 337 494 2836 338 493 2837 324 503 2838 336 495 2839 337 494 2840 322 315 2841 334 317 2842 336 495 2843 317 277 2844 321 504 2845 333 496 2846 321 504 2847 320 505 2848 332 497 2849 320 505 2850 319 506 2851 331 498 2852 319 506 2853 318 507 2854 330 499 2855 318 507 2856 316 268 2857 328 260 2858 315 508 2859 327 500 2860 323 225 2861 314 509 2862 326 501 2863 327 500 2864 313 510 2865 325 502 2866 326 501 2867 312 511 2868 324 503 2869 325 502 2870 310 313 2871 322 315 2872 324 503 2873 305 283 2874 309 512 2875 321 504 2876 309 512 2877 308 513 2878 320 505 2879 308 513 2880 307 514 2881 319 506 2882 307 514 2883 306 515 2884 318 507 2885 306 515 2886 304 274 2887 316 268 2888 303 516 2889 315 508 2890 311 228 2891 302 517 2892 314 509 2893 315 508 2894 301 518 2895 313 510 2896 314 509 2897 300 519 2898 312 511 2899 313 510 2900 298 311 2901 310 313 2902 312 511 2903 293 288 2904 297 520 2905 309 512 2906 297 520 2907 296 521 2908 308 513 2909 296 521 2910 295 522 2911 307 514 2912 295 522 2913 294 523 2914 306 515 2915 294 523 2916 292 280 2917 304 274 2918 291 524 2919 303 516 2920 299 230 2921 290 525 2922 302 517 2923 303 516 2924 289 526 2925 301 518 2926 302 517 2927 288 527 2928 300 519 2929 301 518 2930 286 528 2931 298 311 2932 300 519 2933 281 309 2934 285 529 2935 297 520 2936 285 529 2937 284 530 2938 296 521 2939 284 530 2940 283 531 2941 295 522 2942 283 531 2943 282 532 2944 294 523 2945 282 532 2946 280 285 2947 292 280 2948 279 533 2949 291 524 2950 287 232 2951 279 533 2952 278 535 2953 290 525 2954 277 534 2955 289 526 2956 290 525 2957 276 536 2958 288 527 2959 289 526 2960 274 235 2961 286 528 2962 288 527 2963 269 537 2964 273 538 2965 285 529 2966 273 538 2967 272 539 2968 284 530 2969 272 539 2970 271 540 2971 283 531 2972 271 540 2973 270 541 2974 282 532 2975 270 541 2976 268 185 2977 280 285 2978 267 542 2979 279 533 2980 275 234 2981 266 543 2982 278 535 2983 279 533 2984 265 544 2985 277 534 2986 278 535 2987 264 545 2988 276 536 2989 277 534 2990 262 546 2991 274 235 2992 276 536 2993 257 307 2994 261 548 2995 273 538 2996 260 547 2997 272 539 2998 273 538 2999 259 549 3000 271 540 3001 272 539 3002 258 550 3003 270 541 3004 271 540 3005 258 550 3006 256 186 3007 268 185 3008 251 165 3009 255 551 3010 267 542 3011 255 551 3012 254 552 3013 266 543 3014 254 552 3015 253 553 3016 265 544 3017 253 553 3018 252 554 3019 264 545 3020 252 554 3021 250 238 3022 262 546 3023 249 555 3024 261 548 3025 257 307 3026 248 556 3027 260 547 3028 261 548 3029 247 557 3030 259 549 3031 260 547 3032 246 558 3033 258 550 3034 259 549 3035 244 173 3036 256 186 3037 258 550 3038 239 166 3039 243 560 3040 255 551 3041 242 559 3042 254 552 3043 255 551 3044 242 559 3045 241 561 3046 253 553 3047 241 561 3048 240 562 3049 252 554 3050 240 562 3051 238 240 3052 250 238 3053 237 563 3054 249 555 3055 245 305 3056 236 564 3057 248 556 3058 249 555 3059 235 565 3060 247 557 3061 248 556 3062 234 566 3063 246 558 3064 247 557 3065 234 566 3066 232 159 3067 244 173 3068 227 151 3069 231 567 3070 243 560 3071 231 567 3072 230 568 3073 242 559 3074 230 568 3075 229 569 3076 241 561 3077 229 569 3078 228 570 3079 240 562 3080 228 570 3081 226 242 3082 238 240 3083 225 571 3084 237 563 3085 233 303 3086 224 572 3087 236 564 3088 237 563 3089 223 573 3090 235 565 3091 236 564 3092 222 574 3093 234 566 3094 235 565 3095 220 143 3096 232 159 3097 234 566 3098 215 110 3099 219 575 3100 231 567 3101 219 575 3102 218 576 3103 230 568 3104 218 576 3105 217 577 3106 229 569 3107 217 577 3108 216 578 3109 228 570 3110 216 578 3111 214 244 3112 226 242 3113 213 579 3114 225 571 3115 221 301 3116 212 580 3117 224 572 3118 225 571 3119 211 581 3120 223 573 3121 224 572 3122 210 582 3123 222 574 3124 223 573 3125 208 122 3126 220 143 3127 222 574 3128 203 69 3129 207 583 3130 219 575 3131 207 583 3132 206 584 3133 218 576 3134 206 584 3135 205 585 3136 217 577 3137 205 585 3138 204 586 3139 216 578 3140 204 586 3141 202 245 3142 214 244 3143 201 587 3144 213 579 3145 209 299 3146 200 588 3147 212 580 3148 213 579 3149 199 589 3150 211 581 3151 212 580 3152 198 590 3153 210 582 3154 211 581 3155 196 99 3156 208 122 3157 210 582 3158 191 71 3159 195 591 3160 207 583 3161 195 591 3162 194 592 3163 206 584 3164 194 592 3165 193 593 3166 205 585 3167 193 593 3168 192 594 3169 204 586 3170 192 594 3171 190 298 3172 202 245 3173 189 595 3174 201 587 3175 197 84 3176 188 596 3177 200 588 3178 201 587 3179 187 597 3180 199 589 3181 200 588 3182 186 598 3183 198 590 3184 199 589 3185 184 254 3186 196 99 3187 198 590 3188 179 249 3189 183 599 3190 195 591 3191 183 599 3192 182 600 3193 194 592 3194 182 600 3195 181 601 3196 193 593 3197 181 601 3198 180 602 3199 192 594 3200 180 602 3201 178 296 3202 190 298 3203 177 603 3204 189 595 3205 185 247 3206 176 604 3207 188 596 3208 189 595 3209 175 605 3210 187 597 3211 188 596 3212 174 606 3213 186 598 3214 187 597 3215 172 259 3216 184 254 3217 186 598 3218 160 262 3219 162 347 3220 183 599 3221 162 347 3222 163 349 3223 182 600 3224 163 349 3225 164 351 3226 181 601 3227 164 351 3228 165 353 3229 180 602 3230 165 353 3231 161 355 3232 178 296 3233 168 358 3234 177 603 3235 173 250 3236 169 360 3237 176 604 3238 177 603 3239 170 362 3240 175 605 3241 176 604 3242 171 363 3243 174 606 3244 175 605 3245 167 134 3246 172 259 3247 174 606 3248 67 297 3249 178 296 3250 161 355 3251</p>
        </triangles>
      </mesh>
    </geometry>
  </library_geometries>
  <library_visual_scenes>
    <visual_scene id="Scene" name="Scene">
      <node id="free_wheel" name="free_wheel" type="NODE">
        <matrix sid="transform">0.2423264 0 0 0 0 0.2423264 3.948e-8 0 0 -3.948e-8 0.2423264 0 0 0 0 1</matrix>
        <instance_geometry url="#Cylinder-mesh" name="free_wheel">
          <bind_material>
            <technique_common>
              <instance_material symbol="black_001-material" target="#black_001-material">
                <bind_vertex_input semantic="Cylinder-mesh-map-0" input_semantic="TEXCOORD" input_set="0"/>
              </instance_material>
            </technique_common>
          </bind_material>
        </instance_geometry>
      </node>
    </visual_scene>
  </library_visual_scenes>
  <scene>
    <instance_visual_scene url="#Scene"/>
  </scene>
</COLLADA>